sample_id,group_id,class,EVI_a0,LSWI_a0,NDMI_a0,NDVI_a0,VH_db_a0,VV_VH_ratio_a0,VV_db_a0,VV_minus_VH_db_a0,EVI_a1,LSWI_a1,NDMI_a1,NDVI_a1,VH_db_a1,VV_VH_ratio_a1,VV_db_a1,VV_minus_VH_db_a1,EVI_a2,LSWI_a2,NDMI_a2,NDVI_a2,VH_db_a2,VV_VH_ratio_a2,VV_db_a2,VV_minus_VH_db_a2,EVI_a3,LSWI_a3,NDMI_a3,NDVI_a3,VH_db_a3,VV_VH_ratio_a3,VV_db_a3,VV_minus_VH_db_a3,EVI_r2,LSWI_r2,NDMI_r2,NDVI_r2,VH_db_r2,VV_VH_ratio_r2,VV_db_r2,VV_minus_VH_db_r2
wildapple_00000,wildapple_00000,1,0.07468912279087911,-0.0329744389887454,-0.08323021279647984,0.14892129163549328,-22.038029096253666,6.361903225940813,-12.326207877964244,8.031006206255913,-0.09038516383361173,-0.07175891965112689,-0.05830230627507031,-0.15190322460636224,0.5807442280088541,0.29659832376173895,-0.0605456925335813,0.18874708713435673,0.11430174606956336,0.11752286602787979,0.08911395382546321,0.14960261812355635,0.4112170944916985,-0.40225927862889155,0.21879198899711946,-0.3204544489811923,-0.014339326952912979,-0.014732200482245592,-0.011211761637780536,-0.018148502889982973,-0.06171557835519854,0.04827028879280175,-0.027265430387913746,0.039252216362717696,0.9403142456194588,0.9588964606038991,0.9549115955037419,0.9282872434975711,0.8164981238214323,0.5321821926126269,0.48305143645612336,0.5262060846967868
wildapple_00001,wildapple_00001,1,0.08901223946413696,-0.03210212890413889,-0.10798329123380529,0.18544705054073604,-19.275801751607762,11.60334438272342,-9.62185609109173,10.37017401234231,0.08835423319780994,0.11756422940876322,0.08992842147274636,0.09458467527908622,2.3846091077832834,-6.6520779155341705,0.2709686554864345,-3.5522425813707508,0.005602708318329581,0.004117170774359721,0.0031964708758654595,0.00913531311168125,-0.5603328053652334,1.7264207287670028,-0.11494529013324874,0.9013625248038549,-0.002261945546738097,-0.0023117147717093382,-0.0018070786038996843,-0.002738963524099148,0.038287704774430956,-0.1301333649747986,0.010095954375502418,-0.06595847623946978,0.8246771993319183,0.9400264200868393,0.9284081599187874,0.7510262516698955,0.7130322912073634,0.6886797490961823,0.050371407526721645,0.595600919887023
wildapple_00002,wildapple_00002,1,0.1770257755538185,-0.019874927082752503,-0.10136889935367621,0.29540975817074683,-18.490583115195598,5.61607339066698,-11.556365260111987,7.452456099880859,0.31085528151972636,0.3899445190430415,0.29602960576475784,0.2923128247832652,1.4344898962824104,-1.7437058152473581,0.3467321643649569,-1.628008831967998,-0.07813609539359553,-0.09489107209694218,-0.07485015647456292,-0.06349964540930196,-0.3870345325133536,0.4821713316963429,-0.10679359729295819,0.4527254689933562,0.005317709307307634,0.006762029215170595,0.005450451263674994,0.003856165698331221,0.028651417308852692,-0.03868625166753201,0.007317791873846415,-0.03652906844878234,0.7249365351707266,0.8161519027995167,0.7343385764626718,0.7770658187550925,0.32251383859792815,0.40658892074530806,0.12818037365525825,0.40032571078308965
wildapple_00003,wildapple_00003,1,0.10705026421385673,0.01736315043876956,-0.06915793706586341,0.14206717102042513,-24.810150919240154,12.501829015748775,-12.752383801170984,10.952908486052396,0.06084492013851161,-0.009658765374068347,-0.04407914887581552,0.12255510338529303,0.1157438879044482,0.8027141754855143,-1.1983006806395697,0.16356981200290016,-0.024455690695352163,-0.009445046230484826,0.0052144953378590875,-0.04794457559079288,-0.15436046071255427,-0.20946297548655451,0.1830241724041154,-0.036254402478975586,0.0022194479358975516,0.001394367135770911,-9.952417022480164e-05,0.004400946452547129,0.017406438028189888,0.019733279019978057,-0.0050890126086059004,0.0037748725504014764,0.8489001753977568,0.9803585871895018,0.9751426744079894,0.7661484828851377,0.07513680123083111,0.06142523933968602,0.14621788392795254,0.06487333876725598
wildapple_00004,wildapple_00004,1,0.10705026421385673,0.01736315043876956,-0.06915793706586341,0.14206717102042513,-24.810150919240154,12.501829015748775,-12.752383801170984,10.952908486052396,0.06084492013851161,-0.009658765374068347,-0.04407914887581552,0.12255510338529303,0.1157438879044482,0.8027141754855143,-1.1983006806395697,0.16356981200290016,-0.024455690695352163,-0.009445046230484826,0.0052144953378590875,-0.04794457559079288,-0.15436046071255427,-0.20946297548655451,0.1830241724041154,-0.036254402478975586,0.0022194479358975516,0.001394367135770911,-9.952417022480164e-05,0.004400946452547129,0.017406438028189888,0.019733279019978057,-0.0050890126086059004,0.0037748725504014764,0.8489001753977568,0.9803585871895018,0.9751426744079894,0.7661484828851377,0.07513680123083111,0.06142523933968602,0.14621788392795254,0.06487333876725598
wildapple_00005,wildapple_00005,1,0.10238981003862106,0.007524007396311426,-0.03326800416195501,0.133126011946135,-16.62800899359649,3.978283916247832,-10.824520338292157,5.982170138955581,0.013503025263471418,-0.16398334720513216,-0.12272114902562278,0.017690098612869916,1.403951368714615,-0.2784232027956049,0.789490579065009,-0.3349500367051758,0.016892410371851418,0.06067311956764238,0.047116534689775266,0.012781504201628819,-0.5329077638687231,0.08051242188601256,-0.3020958045095284,0.09550250400949044,-0.002495270515403308,-0.005418760282409254,-0.004415647288030236,-0.0018403244860194306,0.05097249294252049,-0.0078113320625848226,0.028669101618303088,-0.009399150963369714,0.3068244008107561,0.6182950431266943,0.4717720671259841,0.2679625365485092,0.2840598122115586,0.09422034287531245,0.17990437919927404,0.1110258570037238
wildapple_00006,wildapple_00006,1,0.09525468764035233,-0.03161769507712885,-0.0784760860613349,0.13354949651535972,-21.14129434596217,9.128657552967345,-11.1211705632261,9.474531433847524,-0.006748240960378785,-0.0024350849491050633,-0.0029530802471331684,-0.026653952603048814,-1.7740049334546004,2.8606852811984678,-1.2931064708573798,1.5842494402055136,-0.0031223388610075904,-0.006819066632237795,-0.00044439855980843435,0.0004636473526363397,0.5805210955417669,-1.301094212275458,0.2721357226406084,-0.7298582824856014,0.00044074164610255267,0.00116684149020428,0.00017922251850828615,0.00030127619789620697,-0.02280629948430991,0.12153410668580107,0.006033597504147608,0.06898825974021933,0.6732074501121345,0.3017166236656874,0.04365128695814602,0.7472347491205138,0.9234136960548406,0.6287350862190584,0.8841495561440459,0.6585250720952629
wildapple_00007,wildapple_00007,1,0.07477972738643411,0.03357920437349217,-0.025136891200390588,0.1207448550960934,-14.431092987075889,3.5610105822265608,-8.849383327352102,5.473203222007991,0.09317790427604704,0.058274726293689585,0.045813263098126535,0.12083722838747572,-0.39180422165166723,-0.03960017952172827,-0.27426574312757257,-0.03615697514519854,-0.013426185593596774,-0.008772026380496447,-0.009378679297611768,-0.015000608870638605,0.058269703186247,0.014620580301336356,-0.035977315135807014,0.010364380041533743,0.0004980814685296267,0.0007344052815940733,0.0008807320774710018,0.0006524944358100777,-0.0048303070909627354,-0.0012008688847335912,0.0070188676097858544,-0.0008310149586422514,0.41754280175024483,0.3898552897675237,0.3453443176990306,0.44906389050505935,0.24495959692419622,0.001209354282653452,0.2819428308607721,0.00021598409373202454
wildapple_00008,wildapple_00008,1,0.07160774565903137,0.03164934345907329,-0.026052238437290588,0.113558577288958,-14.288126460573498,3.1806407371801018,-9.046269185733639,5.031318522102019,0.07590740967272665,0.05741949633236431,0.04434176384737426,0.0905802216573014,-0.4203640174549881,0.15000760719642364,-0.04974022939306616,0.1738847768147839,-0.009042923923311397,-0.007046358777349633,-0.00711150329045488,-0.008711473103128916,0.0998504450352995,-0.008572871274419793,-0.04843305907939388,-0.013761779035894038,0.00017639358632260855,0.00045942896284747884,0.0005670750917598654,0.0002241777632423168,-0.009756998842861691,-0.0005858229022307987,0.005528146025633671,-0.0004014429258840857,0.346596763308885,0.32406476395274275,0.2933371768185733,0.40900620807283816,0.19895692789128183,0.05487758709333357,0.14823298134809793,0.03861185576741699
wildapple_00009,wildapple_00009,1,-0.016846864947966195,0.43391476181291466,0.40384681942823347,0.007866651473921356,-20.554513638320326,10.838071558741682,-10.006925354742712,10.288259636478534,0.1745605220280191,-0.5189405261008847,-0.5340075960607599,0.2011354181806234,1.2977435658147047,-0.08837399568296239,-0.17121632312626528,-0.5990366546419149,-0.026847744934276826,0.16584655787276287,0.15958477661014922,-0.031151165613955322,-0.1638919860861421,-0.8471748315576656,-0.10868916915013947,-0.19126899727161878,0.0004729574342569538,-0.014728544376021844,-0.013707348909089647,0.0006100477018792786,-0.002518779031282178,0.1373218568187613,0.022222271340569477,0.04491669149556072,0.9255584046678808,0.7568347786661878,0.7724962742261668,0.9197289667065531,0.20794567947845166,0.6390562869508627,0.1763447117822038,0.6063437918135435
wildapple_00010,wildapple_00010,1,0.026738764063156794,0.06672026375328814,0.016269336655651476,0.044595410664327935,-17.514905113390746,11.77309577716714,-6.764281063342656,10.683082680586331,0.02232347313563804,-0.17958377176011925,-0.17870818307190864,0.019757006223400143,-0.36656928230380537,4.055865513695757,0.9726395354369214,1.2135031920971004,-0.001891218519478937,0.05687044698980585,0.05611239777408241,-0.0005659261227677088,0.1726410482387576,-1.1802662279953517,-0.2154191501752283,-0.34054382884878337,-0.0001745216626749924,-0.00508258541495625,-0.005081032064402675,-0.0002589160771328209,-0.013704326125629647,0.0902066540911659,0.015888343666361777,0.025002749006083638,0.7446937229701364,0.6672515033768575,0.7352503704574205,0.6155859286186547,0.1878615918380354,0.2310574656229707,0.19187820743431172,0.2432077200520425
wildapple_00011,wildapple_00011,1,0.04277565734420325,-0.03785856389440588,-0.06918219746880677,0.0634508365708769,-13.156112039445514,9.658621309381887,-3.667830082051842,9.689249667090557,0.047937144145683674,-0.05798021887599068,-0.05539296482309023,0.05780286710886734,-0.39475689941940495,-1.036015605407656,-0.8632209459627945,-0.5678124728372222,0.00310601807489746,0.032339742457095,0.02790905910330417,0.006872609287532596,0.11928381470028265,0.5281907087430704,0.3944201014055976,0.30939676276001493,-0.0012532389819265254,-0.003435397137784295,-0.0029360607923761078,-0.0018519834417736849,-0.00974348832921876,-0.059662163826333735,-0.04339213310221246,-0.03649302885263725,0.6833758884677088,0.4484492693024241,0.3647849152604864,0.7265802032930396,0.007920327765361668,0.10106881388008904,0.08547569871341565,0.2180123691991931
wildapple_00012,wildapple_00012,1,-0.03928912553335502,0.498244802566302,0.4819156736079041,-0.01927462846718058,-8.473664520906933,8.286089745477465,-0.16872731247740977,8.462966279767727,0.545436772800613,-0.15423560775533152,-0.31903646016005666,0.5991773355170766,0.6468696030433165,2.3044864016619515,2.060820074217505,1.88507936204873,-0.1234600588113706,0.06646958801753954,0.09812209767109398,-0.13174393814202254,-0.19018531329020066,-1.0426546898072862,-0.7726484164552377,-0.7999067869226132,0.007029128859198955,-0.008114499435250538,-0.009579189577977189,0.007503729028257265,0.011981139150037292,0.10219190136788145,0.06840119287823597,0.07796404659129717,0.9288277361038207,0.5864465129969363,0.629173966072859,0.9777953654507239,0.25490767949360604,0.2731854289462643,0.3693268095125265,0.4427817780892537
wildapple_00013,wildapple_00013,1,-0.07284413150755518,0.5521532637114179,0.5365484900245765,-0.01187662590139824,-25.565087303900675,9.228267655093594,-16.165640308610033,9.490302218042899,0.26243200044439446,-0.540847748909737,-0.6197327336582243,0.271743771749753,0.11924054192884426,1.3621753169257755,0.544325562186491,0.5725065332443482,-0.07187595809233961,0.1382300154388141,0.1607069026048512,-0.07691087512972038,-0.12782941645111306,-0.3490078057008311,-0.19806168777213798,-0.12593559710336244,0.00544583500898849,-0.010796552223525019,-0.012566716098210947,0.0060052149778197506,0.013869708994269744,0.027878635033031,0.017473204391649122,0.008590044167677653,0.7785024729736669,0.8424580511410261,0.8593893714385645,0.6938430226773886,0.17970739420262505,0.07514522998535056,0.04490994851945662,0.09856505241738422
wildapple_00014,wildapple_00014,1,0.09373909752913466,-0.10257785884639271,-0.14717450933087434,0.12735750624563255,-28.22677562330191,11.259172717632023,-17.957834640453648,10.291130832802358,0.03952762163602921,0.03705378349652925,0.022290115829666984,0.04820571854592317,1.5287507245313234,-3.9713523323753708,-0.10747910236877518,-1.806058469289574,-0.00689847489414117,-0.007818686997174688,-0.005867202975312057,-0.009219035460171925,-0.47582339720952904,1.185988743400784,-0.03089445449927696,0.5314275707582237,0.00025901802821885983,0.0005376285706709926,0.00048744362143297024,0.000442395830717784,0.04367134007227572,-0.09584619664847152,0.011468067204685876,-0.04160180219052692,0.5412921403157442,0.37874982327959084,0.14940590682941624,0.4478953283292524,0.3546473584095925,0.2144954400941429,0.3132354797185165,0.219194250498431
wildapple_00015,wildapple_00015,1,0.08906307275060035,-0.08350236491932804,-0.13953542133623895,0.1295318802574067,-18.545751882614017,5.8295774894662875,-10.49083506658818,7.843565923422267,0.08346434758483322,0.07946262527232557,0.052443580805427444,0.10682964436808409,-0.38298001714384866,3.8944429448676092,1.2806322061781985,1.3045614687742326,-0.025806970968005973,-0.019497346457965442,-0.0137919270854126,-0.03520585983067012,0.32821490255237895,-1.9963814234864568,-0.5333996704864186,-0.6725015059682748,0.001919593395307322,0.0011386824450345834,0.0009395384201497733,0.0027795410260357412,-0.04467936412915895,0.24284105581238327,0.055871957717460334,0.08097448485202038,0.6036482187787235,0.489058872074408,0.28820316804766033,0.5505946389857423,0.2588361140062734,0.7041201950416518,0.08077385524433356,0.5086210698816652
wildapple_00016,wildapple_00016,1,0.12240035575020568,0.04085095135866661,-0.05347103660107774,0.20831376634011367,-13.92500164574465,3.931667753000775,-8.084438393602138,5.7186545345871345,0.16653104825482148,0.17354698198516058,0.14068221179374216,0.20411350090234015,-0.25477774803306996,1.6474338331738547,0.22370674268872592,1.1966409841942134,-0.0264088937274523,-0.03490973901105056,-0.02998572204275117,-0.03240753269202,0.02972604349147311,-0.5390409404911923,-0.06401715192186529,-0.3587668721226118,0.000857463411728664,0.0023299302917165077,0.0020835798205133616,0.0014130168716714818,-0.002941471412111845,0.05389544355091286,0.009324414737570274,0.03540694506990605,0.7065766269049816,0.7052515588482442,0.6377664944051862,0.6582839698771742,0.09881179086500369,0.1956190387783131,0.0612655793217084,0.2594691753710384
wildapple_00017,wildapple_00017,1,0.012481847269200525,0.3744621912036281,0.2932668080061884,0.049353674209366094,-15.332026570621442,2.538266838111803,-11.29400531306673,4.030562617336849,0.38843219464925466,0.1681878688060251,0.007416034044349932,0.4693311750753314,0.06936891353643476,1.3934111265689402,1.6908824719428879,1.5771240034751608,-0.09086010233385974,-0.0695399968585193,-0.028374798547167762,-0.08465273157205609,-0.14262774513545187,-0.5116625807691619,-0.7421253188567498,-0.564757549005502,0.0055261323409900335,0.006356685212264541,0.003525908514145853,0.003194281357099064,0.01923950760891394,0.049854065341603936,0.07842670301069035,0.055090419371066325,0.7324068558271348,0.3411643333550026,0.3374065772564564,0.836588999802518,0.048118894005461654,0.2950870772552838,0.26953376811178964,0.2670747609381744
wildapple_00018,wildapple_00018,1,0.0784750730765916,0.31619044648104405,0.20434588070523424,0.05333339337469113,-12.350977499777093,3.6819610844533073,-6.765922852877423,5.564794701411639,0.26875419689746943,-0.014944245569965422,-0.09834742604982155,0.3862691270968878,-0.1277686402478227,-1.0086215432509047,-1.0862260486987505,-1.150267035857544,-0.04485207904252588,0.020450729383737435,0.03205469438670507,-0.06516532928682289,-0.20143261576063812,0.4123656302241266,0.1930602625655527,0.46302971842243806,0.0011705564656381872,-0.0031096254560080486,-0.003233085131261091,0.0019171302748405982,0.03340153606160427,-0.039431168233331405,-0.0049062581719167084,-0.044112251516781754,0.8981002795639215,0.4518761219322822,0.372628196409057,0.9431978895240853,0.24681653878944343,0.21387410352906144,0.22416689364551468,0.17990415603415078
wildapple_00019,wildapple_00019,1,0.06920829462399616,0.23760180665559064,0.10179518930436594,0.05910360018089699,-10.656147347431439,3.1276212197945443,-5.714433895726573,4.877267242349757,0.34906317340272397,0.10645462690415425,0.031367500566575245,0.44089564423830696,-2.2593458527079098,1.3299852649800938,-0.4411173627294051,1.5728928472103672,-0.08007023018075125,-0.026993856234297443,-0.013423725700506345,-0.09712557813259799,0.43179060914460526,-0.5234712386893888,-0.2609807169383644,-0.6023218012725918,0.00459205750579497,0.0012555282958077699,0.000761993098190967,0.005355099280610755,-0.020057701314488127,0.053541322359947546,0.047910343560334634,0.05998735485101258,0.8986045582144421,0.5692192747667584,0.48045642983155523,0.9266765791828071,0.3916553446054598,0.3782173123076349,0.31651449055280745,0.3355014536304416
wildapple_00020,wildapple_00020,1,0.08412247595317879,0.1556548398326747,0.01752282469768568,0.10749841647015683,-14.356253334472536,5.018562888368732,-7.282280266961758,7.043120328080311,0.3160315888471402,0.18457981013254313,0.09746578350637289,0.38688592555582824,-0.4976915974939533,-0.8831448166242243,-1.8738308223753661,-1.2541959265488778,-0.06919644396424764,-0.04791318097327856,-0.027302884335480383,-0.07930264270140062,-0.07697916295563471,0.0910716245948177,0.2238578678645455,0.25248401100670503,0.0037019507029037784,0.0029995003840588117,0.0016764094647386933,0.0038518223359629,0.01609617839418811,0.012608216379647447,0.005974441752464312,-0.005631534891875673,0.8851838587646337,0.6636915075315182,0.5417253938297606,0.9025591491177314,0.2059421170236374,0.6386365886798082,0.495145413018657,0.6051988462059821
wildapple_00021,wildapple_00021,1,0.03564417209222318,0.4079562434079969,0.3033588685885523,0.0688340441727741,-14.207267362842332,5.7464210943472205,-6.65373978500731,7.483909236825316,0.28983339628884575,-0.1245762321048429,-0.2186270295801232,0.3923175672901194,-0.8742882044417372,0.25683266677067806,-1.8144688373802935,-0.09713770134339084,-0.0724507260230033,0.01258593569247617,0.03855420405552134,-0.09030743314104975,0.11867310866220364,-0.48134482176469356,0.17292472713512932,-0.27248682507829186,0.004678862631607465,-0.0002704994480191383,-0.002175937149076332,0.005271514995003616,-0.005730260721759467,0.06851589581267788,0.008236316986978442,0.04326114456563539,0.9240086871439128,0.47625275377896714,0.5292547675962871,0.9450373550102691,0.09648758193241558,0.49792682968129864,0.21437053718340193,0.47926129811804985
wildapple_00022,wildapple_00022,1,0.07699143897969234,0.03496585331566914,-0.0973810999174459,0.15386905417942848,-14.955808367656013,5.786273928469274,-7.532610758573956,7.46488712509441,0.2522319020279298,0.2225736060661268,0.13870483644986653,0.2658734492484538,-0.6782608880981206,0.5836805200442026,-0.9839202152118732,0.055239856813928054,-0.04923013224804281,-0.05364778523256195,-0.03411054456288001,-0.04307747917939792,0.05073075620737349,-0.4834721643406747,-0.032007853234749875,-0.238986617808685,0.0020232324007848973,0.003225263924785449,0.002037841173877986,0.0008994426099854975,0.001546372789655653,0.05825956102283764,0.019227888839746896,0.032481488464248864,0.8733586749506179,0.6761702793266856,0.5845341811206257,0.874902751294856,0.09166330736880557,0.14880419186859917,0.391290377558529,0.16853148768036352
wildapple_00023,wildapple_00023,1,0.12055507585331457,0.07525429952092447,-0.05044584532857456,0.17124226023301978,-12.358784359769153,6.081297113956299,-4.3398436576848,7.968523945975615,0.29616369704184314,0.2727521859751066,0.17969027573417348,0.36364534476564936,0.8748544754204308,1.6560133100845194,1.389951858540493,0.36653151202641915,-0.07937564255030614,-0.08367779235520839,-0.05969407454345185,-0.09293794881117019,-0.6544558405603997,-0.9127422626637589,-0.983044537117865,-0.3596744552953179,0.005289432223131069,0.00598928932970121,0.004417364447197697,0.005999141607922729,0.07917443594502523,0.1087079245736498,0.11873566606025436,0.04744384113712333,0.9378146922227003,0.9655263164920524,0.9509381936840029,0.9316170105466577,0.3664601640281182,0.38418997376273034,0.29362832167608044,0.25978945330019676
wildapple_00024,wildapple_00024,1,-0.052057120168800944,0.6107677515326282,0.5657082286409358,0.007087499404213124,-25.178828575455313,6.341884263839725,-17.340615870554807,7.879014041515691,0.3131090934406958,-0.3155902504595508,-0.4267320905235554,0.33189814481588564,2.5428541324892255,-2.064013326427456,0.7382125682472732,-1.7175821751114082,-0.07272972006097407,0.027817564340272743,0.05300308749466757,-0.06300797389474497,-0.7546121092533449,0.40918478989058815,-0.4182414498291621,0.3061512704423013,0.004418297385889234,0.0021800667423718992,0.0008366976046200857,0.0023399607608837977,0.0658036010458214,-0.022042776215514075,0.049641958279226975,-0.013303156265896407,0.9817255855906843,0.6634956709942983,0.714655703395105,0.9638711314282703,0.5597834875056347,0.5241495289506745,0.3989842919626979,0.4379853001008873
wildapple_00025,wildapple_00025,1,0.08146703965665866,0.46156078568010583,0.38631186556974134,0.04083518835744156,-17.43894912891779,3.7553262733815798,-11.854041869228375,5.606604018330496,0.2888781709546611,-0.1060066871936357,-0.21992383385077127,0.36912016906583367,0.9436106406959124,0.36054861930455906,1.5270563445088359,0.3226890512810439,-0.0548192041431406,0.009359526650343042,0.0324014323592202,-0.050204566021921575,-0.5080675467114769,-0.05101333476863021,-0.6865423781733357,-0.07294667816514586,0.002453556092181297,0.0007255814819022936,-0.0003563080702654298,0.0001324639392245261,0.06137401690827165,-0.002463159562563799,0.07207315119349389,0.0012059639111434738,0.8329297765967552,0.2902753025547592,0.4915288619907445,0.9155471790306613,0.31193077996528373,0.1242571193236186,0.17380490713175423,0.10042130056411747
wildapple_00026,wildapple_00026,1,0.10014354165320276,0.4444635488337492,0.3670308640640643,0.042496093586463494,-12.65810210329984,3.790138471403836,-7.410713017234209,5.133889965453297,0.1821981486390071,-0.198267957438326,-0.3089945196026566,0.2674835545513482,0.09894344394249793,0.7378617972829559,1.4763593106964283,1.363845233730085,-0.03221919477844571,0.044301559830092666,0.07231102725038213,-0.04104285200044489,-0.3838488379582689,-0.1929504299829616,-0.7464432731475151,-0.3743000882981587,0.0011501249838242104,-0.0029771054588471663,-0.0049022745009063414,0.0007431762942084774,0.05724028947051566,0.014614290450704214,0.08459450008275624,0.029253658313470925,0.8655599693506489,0.4062903911649297,0.5818050869610979,0.9522907595427228,0.3420531492902189,0.06063940961961556,0.29176446240759857,0.14532383494108758
wildapple_00027,wildapple_00027,1,0.0945096676166148,0.2706665683102296,0.17368978623187908,0.09567206752893669,-13.81931401930958,2.3770235336260215,-10.245855257679038,3.563856376483042,0.30571675466783677,0.024667996989220894,-0.028410983241275303,0.37036820189381126,-0.8010251811782958,0.964177601615723,0.7222613980604701,1.4981675294859023,-0.046233643113262335,0.02380606973510366,0.02142769271515357,-0.04330601662756786,0.1955105756764233,-0.37753330327175405,-0.37545037811455284,-0.5688459179620575,0.00031615204314318845,-0.003954732540623977,-0.0026166053300032788,-0.0011693049238357654,-0.009709291223897795,0.03785141908891138,0.04626812001139248,0.05597316908669167,0.8808663286799068,0.42064231021645526,0.11038252614084176,0.949150138398687,0.3063792158978359,0.19965384058756142,0.5402270542085841,0.20442411908472058
wildapple_00028,wildapple_00028,1,0.07284543317447649,0.4758326527521464,0.40968452624017054,0.02796156772158357,-12.48524111686229,10.062149814881103,-2.7155036513923902,9.823085161406805,0.3120796709348285,-0.1963018568617008,-0.30548824239633027,0.42292698446129007,1.4420826676950207,-2.905867329704537,-0.4601310575452197,-1.513055091082177,-0.07084579932236167,0.047697649899773285,0.07344606754297443,-0.09383401153730096,-0.7840407595250232,0.4182314215367474,-0.44979935894822615,0.1767689721752472,0.004061627445034559,-0.0037830757362899686,-0.0053870633110460345,0.005292158065871755,0.08734071062943698,-0.004234602479925566,0.07673367466316403,0.004096605762868534,0.9254607924345437,0.47054146829211874,0.6085367909921652,0.9394873526069872,0.6044100707166336,0.4642109197292138,0.6681074063831509,0.44812896887946463
wildapple_00029,wildapple_00029,1,0.10947623580134407,0.3364489783585328,0.2673793905051789,0.08216640867647639,-10.551787767612266,5.923349415884708,-3.3222452212927487,7.256406092989905,0.2447186234148567,-0.09822544977153354,-0.19416021803856445,0.3297463784674328,-1.1596269526201035,0.13596802265768967,-0.9530107749807969,0.3062289513023679,-0.0451268297063278,0.031435552285840135,0.051611598400657155,-0.04960236830168026,0.06372534361879943,-0.35918557421615516,-0.27678888280289,-0.33772340283177354,0.0017247893524505982,-0.0029997320947859536,-0.004092617166022983,0.0007703304586429424,0.013421697517835172,0.0501723302788558,0.058749488505632975,0.043550559354956025,0.7436418538639455,0.10989080028550247,0.2755967360448529,0.8237183107174756,0.5226769207526645,0.22030324030627446,0.5834590293347885,0.1889628006909453
wildapple_00030,wildapple_00030,1,-0.024204097791235158,0.5976081438136818,0.5667622913945118,0.008057857588617745,-23.624154713698815,4.390691625881632,-17.45388981037047,6.282559965372598,0.4260023561058378,-0.22677421592589858,-0.41742492447365165,0.5753787688074347,1.4066560519433098,3.0184112392140348,3.8786188852613583,2.444681413034481,-0.09226655325718462,0.062340754183670334,0.11242902055235314,-0.13124524615374933,0.028522715322270284,-1.2367103787833658,-1.0523758751820638,-1.0161257616051773,0.004988358437385567,-0.006286537356091402,-0.009817719956092064,0.007840548730026136,-0.03537063972899819,0.12128170673397032,0.07206127501023538,0.10001968588516194,0.9117893765093994,0.6581230226780558,0.7104500821645986,0.9274308324159957,0.6418778078239515,0.33975112935122276,0.672796033988655,0.41289272860394355
wildapple_00031,wildapple_00031,1,-0.0853962522073926,0.5041958825213537,0.49063383469668553,-0.014549479870398101,-24.374115790190995,12.965989444156175,-13.36716791507351,11.006843902987306,0.6073620276732955,0.019673785240796337,-0.19514980982365784,0.7053033736089075,6.913373452295235,-0.6618196863536898,5.842531031444238,-0.7932820065049472,-0.16921982703289085,-0.03615850237405862,0.022891364045559633,-0.19467779309445143,-2.3680959255799947,-0.42026765945295,-2.198181891502323,0.04485370755153845,0.012467436707877854,0.0030647000713490812,-0.001316589980248246,0.014345161431596027,0.20178014954653625,0.10945686824315594,0.20704452585937502,0.01750984626692525,0.8557493016470437,0.6099548048036589,0.6506275547689704,0.9187304470426766,0.7393551385908258,0.4331992655192515,0.4853314328016678,0.36662863875922114
wildapple_00032,wildapple_00032,1,0.12348916191845219,-0.07929225972333516,-0.18266087624237337,0.2422513417351294,-18.66909395643799,4.564773884087966,-11.96496940246583,6.56295777514906,0.11827322962615937,0.12822976936596753,0.10284086893853588,0.1510509019062904,1.358376438434281,-1.066922922864407,0.27317290658883986,-1.0525495427376241,-0.019828085030083625,-0.019856903899429925,-0.016592948765290303,-0.022235144116330086,-0.1879765096987589,0.4043498740633911,0.20324791838724632,0.3783507357351194,0.0006622068756861876,0.0007951368505879709,0.0006435562288256724,0.0006135960269456048,-0.0025021049405663507,-0.0349434791828299,-0.035944392050634114,-0.03225117251601963,0.7996858888000821,0.7949480079829555,0.8008116150854019,0.680255610394318,0.6947746861407988,0.1822062429889082,0.7614582628555898,0.17514203819768026
wildapple_00033,wildapple_00033,1,-0.026192424521170384,0.2447404301433704,0.16417203275863154,-0.015905142700619258,-24.71483186501466,3.7059613982357966,-18.773373229142283,5.578998374214243,0.44137448991745604,0.1332233796480087,0.0009487146411879016,0.5098763970231941,0.13495701374657032,0.8728948604311124,0.9461176648862174,0.8922363670009706,-0.08852824791483835,-0.017842048801639934,0.008346724837886422,-0.09578324187463645,0.45753180086905787,-0.32923554131211774,0.11088928459566638,-0.32596891671920963,0.003939898671324916,-0.001250012142753093,-0.0024872614603461776,0.0037810677005548844,-0.07006461092784338,0.033024443501609387,-0.03360347559607473,0.031709069918586796,0.8216743854849787,0.6526391234932699,0.5984976256165657,0.8571260984615916,0.7295156865917263,0.13849561948868916,0.6444863932911928,0.10482627696564062
wildapple_00034,wildapple_00034,1,0.07424565020864468,0.02655143327446548,-0.05113324872453277,0.1398275465412872,-16.57521405942083,7.281972372883941,-8.871864882243377,8.408303742328442,0.06528341015667238,-0.08317559132587746,-0.04591977056676373,0.03163141427591231,-1.0320367754978161,-0.16259117978197773,-0.2327465680061151,-0.1236146907963997,0.017093060593394334,0.07388749461405845,0.051610882199486244,0.033639738613048746,0.4704214365217454,-0.2467807258086407,-0.009551532145619901,-0.18366308272063794,-0.003676233264719852,-0.00909509696311361,-0.006625914940122915,-0.0053451137165680005,-0.049280363782149714,0.03675722224939703,0.004320666136674998,0.027979196711796946,0.7461140898852348,0.7976314932523065,0.7789631894113587,0.6839603686638018,0.20823506999110852,0.14956004083328533,0.04802034973938618,0.1821584296452443
wildapple_00035,wildapple_00035,1,-0.015579999705785712,0.44436840181847714,0.38457797440091446,-0.010955294856229716,-21.818050601835818,3.9620154851963263,-16.03179359192297,5.940976395973228,0.488944026199563,-0.1272023509764971,-0.24491165033272386,0.5687384042063146,0.42795856281302785,0.07072471836446423,0.24211777432211898,-0.01578974492244013,-0.11192866917674468,0.06272580993512837,0.07971133871364558,-0.1172004256889353,-0.1553686020693452,-0.08263606841682263,-0.11175021811206977,-0.061211265116341805,0.006513471337117861,-0.007733526439315292,-0.008050767863592672,0.005992862574008945,0.012808608769277455,0.009707402446421117,0.011451787202306591,0.008360722849579451,0.8396065306085265,0.4139663862609252,0.46609416319484,0.9243877540752831,0.05483358983434672,0.09930677329652715,0.012642230747058392,0.08892556749997282
wildapple_00036,wildapple_00036,1,0.024628231062909924,0.11596175652799581,0.03681133283519891,0.08404529768796164,-19.682210588896158,4.10109644023794,-13.74268807075278,6.114703374099817,0.35214349476430723,0.0969050674372705,0.01088144241931466,0.4263355989524427,0.9998789623212339,-0.29532171850300887,0.8095118618247946,-0.35723424181880564,-0.07117785906134556,0.005885404214963725,0.017914535670127112,-0.08114856816067982,-0.3724215344998017,0.14802106141196059,-0.22786804488875353,0.15815368529695367,0.0033913494272727576,-0.00311342233471595,-0.0033690290059222414,0.003806009119938292,0.03324687849686416,-0.016850637454025683,0.014870834898570086,-0.017237501427607185,0.7879112628048697,0.41269240368072957,0.3361029753380548,0.8703583773332861,0.0942267049055282,0.08396616096999898,0.1706141847284437,0.06664433194689845
wildapple_00037,wildapple_00037,1,0.08554589413017935,0.36389603252014624,0.2694322805513036,0.11846755944531046,-23.81656727504674,2.8387512770525234,-18.67513046229159,4.451169966707412,0.26053166272102046,-0.18363616709774738,-0.27029645926363344,0.3924588261334778,1.0901381993635906,0.7443872847241638,1.5199626529080839,1.0323873566981219,-0.07835994499580445,0.03478805825504294,0.05982208713784275,-0.12007439337686904,-0.3386456848161949,-0.23636158431379028,-0.4885938908062877,-0.3222127356777105,0.006153234059773894,-0.0024283141317551354,-0.004308460999957523,0.009756473518644608,0.024479454900650947,0.020730989381239965,0.03881917819961435,0.027992647029150323,0.845951233452164,0.6784276295134306,0.7373930678785137,0.8511798978040346,0.5303904261366204,0.1478150757081177,0.4907790478316515,0.1764386204276328
wildapple_00038,wildapple_00038,1,0.06758917775008547,-0.005536278309623258,-0.12032691707624942,0.15436922116971047,-7.309937985054621,6.461880998889014,0.5486866976493596,8.066221901733018,0.4643252163707187,0.42223263603923883,0.3318613462861257,0.4343989671053798,0.9730049452883264,0.3226707131681615,0.3335298752575906,0.2801032650871236,-0.10808207053232192,-0.0953346552413416,-0.0816821790497287,-0.08630879021300973,-0.4477798951200057,-0.41047899238220265,-0.365151225771263,-0.33000949864152407,0.006250037776419166,0.0051586498098745584,0.0048841003452536605,0.0038503866056773337,0.04422559391787089,0.05437124573603092,0.048260929422862794,0.04287512697423841,0.7871863664725862,0.869060281744608,0.8530637204226101,0.8429315045127572,0.23275997980250895,0.48074048281187753,0.3611434073896842,0.4836623083666727
wildapple_00039,wildapple_00039,1,-0.03049376431374822,0.32852361147449166,0.22656216028094042,0.005083448922833362,-11.093291189751232,10.532245268958095,0.5578099913936606,10.249501699707555,0.3872872073093557,0.015105768069128585,-0.08229362730743564,0.5027502896697119,1.7317972761917846,-1.869425216927029,-0.07028894199974706,-0.8223207711771107,-0.07300717817815251,0.03140038557886428,0.04285052068181337,-0.08120869916973744,-0.3622580164848457,-0.09531875153569663,-0.4097244477040076,-0.216918430274864,0.0028370793610926026,-0.005782314188745488,-0.005552335798842534,0.002129352844386094,0.021186487058620602,0.04137835164780054,0.056191811875573094,0.042462060053781996,0.8455956495277297,0.590760163117142,0.4535646354962215,0.8976735824374231,0.09355225772928466,0.7991105272378536,0.26390277483643376,0.8071079128728169
wildapple_00040,wildapple_00040,1,0.04433688683348235,-0.13221111876166397,-0.20279588239485188,0.13577839329000127,-18.756816044792828,5.656508135668138,-11.061818298389847,7.513555131029189,0.28235478234204325,0.31100988745695396,0.24578681490024962,0.26540401654820595,-0.2408475486192994,1.2336817297411222,0.20347106886600214,0.7653652584025682,-0.05043123526647654,-0.05710679907665068,-0.050512223285835794,-0.03461173645824877,0.22734318442324505,-0.7083878121533057,-0.15563376960599593,-0.470567298506339,0.001445322126917125,0.0017964906946137263,0.0022242093513535474,-0.0005889030772800207,-0.03151763325335788,0.08350802748166879,0.01871993370055284,0.05593498675167014,0.7691614478432987,0.7461038936913578,0.6868533042650824,0.7468185495175721,0.22115496239719534,0.47491456578298197,0.021280994922813767,0.42077206207404827
wildapple_00041,wildapple_00041,1,0.06448169942685232,0.2164985450121746,0.13223247815052533,0.06034190668946148,-8.604794001834678,4.195916577252345,-2.4756426059538015,6.1752488819983435,0.31849433249336834,0.05346831010312449,-0.05097409628506949,0.3730605046292282,-0.38470010954754835,0.5658415134807023,-0.3555583653860406,0.5587658470509786,-0.04467744797337163,0.02147868141559596,0.03713822605787574,-0.04205823535112302,0.059919911835431744,-0.2576678113953287,0.003586275049304156,-0.24995589964366244,0.00030529030074999446,-0.004553979802957355,-0.004850851228423054,-0.0008836417562431677,-0.0051831707568258615,0.03020800904985401,0.006513267927896608,0.02857238429331632,0.8308981019097899,0.668799330160553,0.509803973363726,0.9187673468717485,0.12255396682910369,0.2654565847834909,0.12452265318613376,0.27111029887359983
wildapple_00042,wildapple_00042,1,0.0556310613707439,-0.1968724069858851,-0.24376594276848818,0.1828955379334878,-22.127019283224136,6.524308921160276,-13.678586767434798,8.161554778825401,0.3871172328584788,0.4952107421265033,0.350515834721071,0.4516196196514459,3.0669370460432672,-0.6902480353480636,1.7255790548573298,-0.8620042268011049,-0.10711030445847732,-0.13297193746311994,-0.10113276912840559,-0.12565809497281438,-0.9510670860407788,-0.24847505112624996,-0.9080987452977115,-0.08294489466023339,0.007487243412106168,0.008838900375518616,0.007196443300549091,0.008752043569973894,0.06682908886192147,0.056121179136809266,0.09050456848898356,0.03254624467217129,0.798396299862796,0.7985115380628647,0.7621342695593625,0.8460061514311127,0.797763696406764,0.6106547294870461,0.4348429172344511,0.5784332284624969
wildapple_00043,wildapple_00043,1,-0.14497193433373792,0.6937732952576354,0.6627395544765571,-0.05042966832453884,-22.68373529962635,4.226765198078949,-16.541744848977117,6.162141855616914,0.52121963869232,-0.3939707281413524,-0.5620133217199952,0.5868946631862805,5.001419479229948,1.8547356347429511,6.4783873667573895,1.5932722343900552,-0.11536161022176201,0.12080143067219272,0.16178222298944683,-0.12698471740097836,-1.300695710983364,-0.7902219037347731,-1.929158193843427,-0.669741156016763,0.0067844931725489915,-0.011532865203928816,-0.014354346974624304,0.0074140716058763495,0.09187547715607058,0.08223602556648447,0.15755930638059987,0.06920921771972119,0.923010949812565,0.5558500318920027,0.6436573494387088,0.9597041053282105,0.8094329363773207,0.4279793668566233,0.8980735826387003,0.39706908664262663
wildapple_00044,wildapple_00044,1,0.08951530731608962,-0.111762447141562,-0.17381067689733973,0.1978394824898609,-20.099446575270946,28.881009123972603,-7.593555056525445,14.652265602822048,0.2622444076821918,0.23115493301745618,0.15983960635605265,0.28217923527376443,1.729254074441161,-13.46671165780787,0.16721272245040034,-2.855074916967643,-0.08366409888425978,-0.07306823719018704,-0.054824733722640386,-0.09339242528124139,-1.0789017299799517,4.159836692412562,-0.2552352594860815,0.9012235452356439,0.006706816400738533,0.00573240543687433,0.004563011010318536,0.007589718138780246,0.11231171428989555,-0.29649897730358316,0.03245585528249077,-0.06797317636261717,0.7242580283546056,0.6185628943388153,0.6220955826029078,0.6907461641227814,0.7522737545020697,0.6125362790787957,0.10932902442512071,0.6472249418561219
wildapple_00045,wildapple_00045,1,0.05943997931651976,0.3381913830055807,0.26990732678089924,0.11188570137907086,-21.804019719265074,26.790711532238866,-7.389122239262512,14.26233855625257,0.4077749484557572,-0.03677058085015733,-0.1602474758244442,0.48823379805476574,3.1097367168539334,-4.240722821646882,0.6702518793814147,-1.5329884492102692,-0.12980914226328488,-0.01534661459487901,0.019286201775406856,-0.1524414916104174,-1.1303866653970067,-1.736243596819746,-1.0112183513361053,-0.23310009960368394,0.010598068774606374,0.001703530067878989,-0.0008573223495117368,0.012305667144497255,0.0929931921083202,0.3657062359639961,0.1296098347849176,0.06732461905946195,0.8266205824435454,0.5543126506068039,0.6087207572861408,0.8717858179075809,0.6544400513116999,0.5506505767852837,0.5187941855556435,0.6976648955682263
wildapple_00046,wildapple_00046,1,-0.13492915777646838,0.5524123791228264,0.5158666965281541,-0.052941589078008014,-23.442919195886734,4.424679723196775,-16.77245813909865,6.41645755117282,0.5320280076952674,-0.21837728365301656,-0.3914065250225119,0.6275799192151348,2.135846055943648,0.629325655637716,3.073191991829768,0.6181540336100212,-0.12719200144967557,0.06209144166189214,0.10367986436569826,-0.1491877190948993,-0.37252467609184986,-0.3487578817147822,-0.871412707061422,-0.34521160715628785,0.008047866938665648,-0.006576831253903293,-0.009225578198187888,0.009482266057167123,0.010621028042666347,0.039701130298109906,0.06675016335765638,0.039257815423972074,0.8995075926225168,0.6206487868040965,0.6582370116476948,0.938486604805189,0.695940234432934,0.440088767812544,0.5566691103341508,0.43917298065307353
wildapple_00047,wildapple_00047,1,0.11723886023249651,-0.06061345037653453,-0.12091340624537816,0.2100407885008558,-23.070713270694302,14.551041553045176,-12.00104042730722,11.202023398612647,0.11389799472285782,0.07857751232374437,0.04753927249765507,0.09060316893552975,-0.9670612761209954,-3.0079871325152316,-1.5288033938368784,-0.904751286278978,-0.038921870685263336,-0.027849416336081834,-0.019271471006041246,-0.036833181534937066,0.12327125807069744,0.26433009467791835,-0.004016249943542669,0.006773386722639021,0.003280951136976003,0.00230107731063223,0.001675168830433708,0.0033638549949785795,-0.0014071106013477943,0.010925711556969944,0.024647289753470063,0.013459734353019325,0.6794024214697153,0.5570187712707737,0.5751801247169871,0.5658151792056418,0.37161599441197435,0.24318602302427028,0.46100915088092953,0.2501447312317633
wildapple_00048,wildapple_00048,1,-0.006745533450393395,0.8016016318491003,0.7822180826950696,0.025774045180612857,-21.745675468603775,6.933181677539508,-12.387707809409285,8.290667521654234,-0.08807925497979453,-1.1913704950480666,-1.1577043489013426,-0.10780099685588275,0.45001755550619016,3.517389572231589,0.9196219295588727,2.1140290077195103,0.12024008974942232,0.44382625957346095,0.40474021475050465,0.15340759106095253,0.22272536922576344,-1.6526504502706312,-0.34118568703703533,-1.0555623431832653,-0.014971632206796925,-0.04124477645852646,-0.036853869761942354,-0.01916264876608048,-0.02581385805101626,0.15640802218824595,0.034047511633281936,0.10046063069059226,0.947795818651868,0.9047434432028906,0.8788043538507831,0.9634854692805422,0.713432221072232,0.7773187985899298,0.20575725477549345,0.8193584829369771
wildapple_00049,wildapple_00049,1,-0.06891854178718078,0.5444646637247064,0.4862878979983353,-0.029589574057326377,-12.770631842885603,4.037471930201786,-6.253815794810997,6.1635903300010595,0.5785738088582452,-0.17469827972214588,-0.30871176284309226,0.5999860261676574,-0.3018106230503751,2.935274242565106,1.4877872060166943,2.0388511481615295,-0.11827958130155103,0.08695727605628024,0.11052784587802252,-0.11116009264476168,0.18646011512591337,-1.1271936809756795,-0.5247518222868225,-0.7592152292795,0.005865624274090457,-0.010068282223171781,-0.011116291055305311,0.004900453069328846,-0.02377953499360412,0.11436109900616255,0.04998197733803923,0.07591322041496824,0.8635173911886898,0.386049507376347,0.39752535653366006,0.9344987951456281,0.3232148074414044,0.6013196881267979,0.23631916623222893,0.5949113179448782
wildapple_00050,wildapple_00050,1,0.12364292174675962,-0.05255008241246363,-0.12849331836244354,0.2523215273112961,-21.134466926581613,13.59746385233652,-8.905347406188694,11.437757027052275,0.19352612488864576,0.21372391630355797,0.13991347662660997,0.19555023637792382,0.18043246936079635,-3.3110333177218054,-1.7221538866310713,-1.8230893038478697,-0.06665432141515296,-0.07349293418047184,-0.053228361249873,-0.07322144143089837,-0.46333751984781135,0.3533752914767745,-0.18677661062339646,0.2878540100485423,0.005566548077373604,0.005983984717544198,0.00461821733607035,0.006299962129707288,0.053957225878237765,0.01615592933403703,0.049606872211262226,-0.004591451389457584,0.691306401865982,0.6621007689247456,0.6884692532914629,0.7065697064028922,0.6589986213043781,0.5671915552199607,0.8342761376878769,0.5775976095820403
wildapple_00051,wildapple_00051,1,0.032038504133270154,0.2146023593955868,0.13134698750394752,0.10325896511926749,-8.940794971161894,3.855084926526956,-3.928416396888463,5.847718909838195,0.3049363451022397,0.054130971435058385,-0.0676712212877142,0.45623004946798607,-0.6022674859187999,2.1436047113081873,2.0770998980314115,1.8558130743504921,-0.051608107739653616,0.00926893134122647,0.033927875421376846,-0.08312177403600197,0.026345485497929675,-0.8218082723960703,-0.9362822784336015,-0.7003294970849513,0.0016678077394162868,-0.00243294303919273,-0.0038406134056247236,0.004036987523990454,0.003963019749997263,0.08414472629802688,0.09827889625807738,0.0708943118111207,0.8257701596397649,0.2650578865800015,0.14436257174674882,0.9193080601997361,0.3571813915490567,0.6174125752138506,0.5132333857525322,0.5800804447680035
wildapple_00052,wildapple_00052,1,0.028664665563915535,0.71772673771237,0.674710496482815,0.030923714546422638,-20.24184844655142,8.524403524850094,-10.830623360130458,9.279850946826205,-0.07537937886418238,-1.0753492609592807,-1.0196935097028181,-0.04309483812023908,-1.5616071358633687,2.0001484663370825,-0.574475374145575,0.9111691504733856,0.10243022912373899,0.3924749765684894,0.3536266338593665,0.11905551693027762,0.7852099168905455,-1.184863711546476,0.12766724446071206,-0.6543413858242352,-0.012740749024603452,-0.035911247196924026,-0.03185071653643546,-0.015464779603624662,-0.06894131684859146,0.1167472463919836,-0.005920368991285909,0.06596896448051182,0.924383583513448,0.8610082058064782,0.8404701997759041,0.9420986631501358,0.5635852554417068,0.6520689396885239,0.08958511878609954,0.6596405282876149
wildapple_00053,wildapple_00053,1,0.008760598931805117,0.6189074399215834,0.5530165116347018,0.0024834549451621794,-14.425687419664689,5.355324783332321,-7.268837596157079,7.2929772829129345,0.3149264960102767,-0.20533469662306783,-0.38716854587780153,0.5105183873214182,3.169089871133113,2.388387205611056,5.3077567016343945,1.4610437827183498,-0.06266256859127213,0.03966966489342601,0.09286800924637897,-0.10649824214004326,-0.9270068036730296,-1.1797339459632012,-1.9291311199704635,-0.717321406444394,0.002904947315510935,-0.0027986657879655293,-0.007082299284991779,0.006325447457321108,0.06845231129811319,0.1359028818199754,0.17854451590437662,0.08156471268986248,0.8198671101669229,0.5794438851571883,0.6826357791650662,0.8913760411582458,0.5795651240628541,0.7572282995692112,0.6946646700116538,0.6645459123862175
wildapple_00054,wildapple_00054,1,-0.03360543018335286,0.6696266695792539,0.6313748999914047,-0.05403554776594812,-15.101346919291675,3.4179598918022305,-9.644091756880734,5.358814291128326,0.4453725481266231,-0.025238959697368595,-0.12090816175197659,0.41005414676622315,0.05411590263278593,1.2409130251427103,0.9572669955316404,1.128739429918344,-0.054575318265576,0.009747765820079435,0.014967284092176184,-0.019033137176717976,0.0007343371181725782,-0.37339565282889037,-0.26196747673946774,-0.332151486223067,-0.0010257222434099176,-0.0018987471041569273,-0.001014774697490063,-0.0048614845330279995,0.001703870137102527,0.02687015473996596,0.018803359702641118,0.022629142538104396,0.8617073134342486,0.8820330796137911,0.8604643508871486,0.8750133385784383,0.08848270975715467,0.31110521195557606,0.07307261547268695,0.2849216069523465
wildapple_00055,wildapple_00055,1,-0.044894897397831764,0.36082836373172894,0.2656493042360502,0.0190055613638831,-12.12619993559699,7.612644943143286,-3.5497992974766572,8.826819680908617,0.4313328662846296,0.021390704941940637,-0.11363325992392184,0.5270233301827117,1.1614484495117958,-0.850000229797562,1.03893916501676,-0.6091911537633766,-0.06948567184229362,0.034759332190877894,0.06077223324400351,-0.08708869195210622,-0.40739003740606794,-0.13597971982346643,-0.6982769627720252,-0.130179118500468,0.0014591492268689965,-0.006567874413394446,-0.007795127737806236,0.0025377906233727807,0.03064989532230669,0.03869466165239426,0.07707388234152042,0.03177911471239466,0.8816315923216119,0.7364985992208012,0.6504255615834525,0.9414804482857084,0.2709754249172289,0.41117262169463453,0.3989895828823592,0.4026496893364022
wildapple_00056,wildapple_00056,1,0.08748827557359742,0.003303088321858831,-0.08724609742674838,0.20919721641323796,-18.302399603051565,14.189914708981718,-5.490667443496525,11.504050643564204,0.4714629866214138,0.3498402556916326,0.23845387864445197,0.4824011368805133,1.6225973631020365,3.1957295304512603,0.4673485341635402,0.06066015771766415,-0.1151472430007201,-0.07698897361768128,-0.05583505410882287,-0.11815738438764338,-0.39147079242861693,-2.998169075113395,-0.837129876121563,-0.694625462525911,0.00692085005063248,0.0035168189135605854,0.0026752192789480135,0.007134896850445457,0.02154859127074339,0.3933779378769303,0.11145285440850342,0.10420887349705743,0.8485895027517694,0.8259372949906328,0.7494052261561879,0.9038716512497463,0.28980442182560673,0.6442251623027686,0.3635798852928841,0.6517687181801897
wildapple_00057,wildapple_00057,1,0.07255665952588732,0.20078644140651708,0.11272683408337107,0.16602898136232735,-15.76447271018269,5.977144665854848,-6.515735875104848,7.53877777931838,0.4455661162043205,0.2915209654334285,0.1493139770192406,0.5202525988102912,2.416089620391239,0.7527106128726625,1.2254671420150962,0.33714492606816,-0.1107698904033352,-0.08073517120769858,-0.044797956930610554,-0.12036456168665524,-0.7934916172639856,-0.6044881967505068,-0.7350515045827766,-0.30611327565711816,0.006884564368768223,0.004628758737347044,0.0023450950640394844,0.006875446679616219,0.065125423708805,0.0833534128435269,0.08101444345312453,0.04380041453073599,0.8610788534143559,0.738373808916714,0.6707688274728711,0.8985670044295914,0.10318614219701161,0.4711031491523334,0.06869372837556731,0.41015182532356587
wildapple_00058,wildapple_00058,1,0.11088203470114405,-0.02152647967000199,-0.09005972670262188,0.2055117438881945,-19.711290894681344,16.614163756572903,-7.091022329925491,12.40963722249266,0.17236189534077143,0.13515873776851037,0.07958310561599365,0.17160017579760137,1.3840203212351356,-3.950895053123395,-1.2787154450328118,-2.037630571272915,-0.05328539139918844,-0.04389468055235498,-0.03043918013754119,-0.05705787501100344,-0.8242945782238557,0.04290467357454184,-0.27073202775898036,0.2585165990641326,0.004139798090495341,0.0033362615697514393,0.0025562878981505487,0.004589573978775691,0.0840764976172156,0.08995912763038817,0.0608840960466082,0.007341346418698448,0.7799657200401666,0.6225022103314918,0.5997054492051965,0.6805301494589706,0.6077733061313193,0.7068350967138819,0.6828687223803093,0.7397727416893248
wildapple_00059,wildapple_00059,1,-0.0354211590477125,0.7071866019184437,0.66495060371329,0.000635133829699966,-20.113874362534094,7.925968214326899,-11.590931004651983,8.80105730763098,0.04150018852054882,-1.0481636161380383,-1.002395524855249,0.057931537285628436,-4.183431877834722,6.249739097905721,0.37628777539533426,3.283141129087487,0.07627574181524155,0.40581679802293796,0.3643071000325839,0.08658539249901799,2.0818128960846547,-2.692393489454746,0.13396501744086087,-1.4566070848283923,-0.011478075544946282,-0.038844808240615945,-0.034173475769709076,-0.013118482130729173,-0.20649175512077217,0.25611293308257244,-0.02166286765660864,0.14036847695128735,0.8936456508718293,0.8172480965746993,0.7947465036136274,0.9460876167307815,0.805479742697961,0.8100924256834077,0.33489138683061437,0.8666971274158771
wildapple_00060,wildapple_00060,1,-0.21998758239246102,0.6266479011286384,0.6460823091687736,-0.12530302352300174,-25.689379207214184,11.366510919443186,-14.508359111518123,10.626834698784945,0.6514261383969799,-0.43268487989291543,-0.5362256637111645,0.7272933400408533,3.854409159556309,-1.5945902167398387,1.9285471664271916,-1.4602807159035913,-0.1772515955730155,0.1345066040046086,0.14853969216884325,-0.20241063290569938,-0.9419404434944841,-0.166615420586891,-0.6456065222377599,0.1350295731670099,0.01285413968456693,-0.013632728954971578,-0.013539541333205151,0.01502118298865429,0.06755345916512003,0.058027063664695136,0.0624597101644666,0.011182656445359823,0.795688896326973,0.4926867104371093,0.5526556015379553,0.8012193507994299,0.44483710262958476,0.40030560564917994,0.3098571481615803,0.4575161670854684
wildapple_00061,wildapple_00061,1,0.08914054374052977,-0.15328542717657226,-0.22780903720419218,0.2977219490390837,-19.00610502491337,34.679866289781316,-3.2096017584479193,15.337863763585442,0.1702940081128879,0.21283540663909323,0.14234823900738122,0.14380937325891327,0.9384889594036312,-14.696757140623554,-2.086791998361622,-2.889165547315263,-0.03955576220330332,-0.05353369186488703,-0.036407622080336585,-0.03674899496697146,-0.2644184412774177,2.292476362466784,0.05100791060452532,0.38802517303042633,0.0021922002339168733,0.0032511112929489608,0.0022341556539790413,0.002021731557920315,0.013520227371930916,-0.04021018755847524,0.030510616741041233,0.002726961600448867,0.8967307755244993,0.8479275719343713,0.8189269287715054,0.8410780660080804,0.27954287268295064,0.7005691835012906,0.5785865582319658,0.7352011670616632
wildapple_00062,wildapple_00062,1,0.03348726548462108,0.26422611974095067,0.19710459394775554,0.07374601998563936,-16.052212479151127,9.610360133891355,-6.741114365471758,9.93552813326202,0.33738060783722995,-0.0031543508624761792,-0.1380391738480994,0.4594278111639952,0.6534197855528234,9.256360214624756,3.4784493902073224,2.6437980796495295,-0.0753716723549928,0.014831419285382768,0.04537338501193216,-0.09669445792769464,-0.24755491435372873,-3.85864774616701,-1.5174012633000231,-1.2381041491086515,0.004062600723844474,-0.003094641794332989,-0.004875127434485944,0.004960635120067937,0.020184955617643826,0.38810494265588485,0.1507840048319442,0.13073397738982753,0.8370610622358667,0.4584794453632025,0.4343629079609458,0.8738297843310744,0.07332362404754933,0.2562155651022253,0.3262639684241111,0.33133756383533586
wildapple_00063,wildapple_00063,1,-4.843692990011056e-05,0.7545683343725437,0.723404224961996,-0.0027516375835568412,-22.72984596284845,7.636578718150536,-10.982872227938728,8.840900022345972,-0.04849389983110959,-1.1410148230118873,-1.0943698253009497,0.027430047317582713,0.17313176766276422,0.2905411556443998,-2.1099555021704806,0.0368866085103304,0.11033663668493915,0.4366611906030464,0.39149936281942815,0.10460583066181718,0.4875215528573671,-0.3180218454850105,0.857988756363852,-0.15126702990885932,-0.014615379786068396,-0.041572873756369415,-0.036380783396048645,-0.015091323110009205,-0.05943151768053123,0.030351471501535998,-0.08191909553939056,0.013724372978060928,0.8876973823490729,0.8411041417293417,0.8278967568354305,0.9288218486998363,0.5930381105979876,0.6144187892689821,0.19442412577826895,0.6208393070393657
wildapple_00064,wildapple_00064,1,0.10130986103807318,0.21047275384177752,0.08284760334436644,0.15370377973474628,-17.14863322662447,6.885533226462959,-8.549411751962714,8.365598800264348,0.10634801286041726,-0.24976970301432855,-0.21011531822051596,0.14095681313445008,-0.7701483068980797,-0.00477147554998921,-0.7292553901207162,0.03978673777426741,0.00854585761705552,0.1150301672769772,0.0962344694511068,0.0032275231275573093,0.4699046538580162,-0.37177278856986246,0.15237694840009744,-0.31946168599584396,-0.0030062097852949794,-0.01174593433832416,-0.009955898661574125,-0.0027359351296266316,-0.051367167397764965,0.051198804198943355,-0.008396617581236505,0.04344066042283121,0.5568026065655838,0.474289459383493,0.4755831468173666,0.4638191963879017,0.3686500600274014,0.6327294709307618,0.10192020866823659,0.6517989395612181
wildapple_00065,wildapple_00065,1,-0.08600633170678598,0.47190098399014163,0.43824938905961575,-0.03141571581928161,-15.155629608378145,26.87611291669663,-2.259769421262812,14.354313739045356,0.4869850767689585,-0.27700746796492987,-0.40418425754658754,0.5283776212232338,1.562966719436933,-3.879155042687263,1.5831846262914038,-1.1084779781064351,-0.08828062024313688,0.1250633678016013,0.14534204216811036,-0.09471586166248057,-0.3672457027465057,-2.164886125126098,-1.211262928553469,-0.5550253634334028,0.003040317705637365,-0.014275405251167012,-0.014772896844931308,0.0033971531721151893,0.01866879354926534,0.4192685679635081,0.1455848140444904,0.10512882526855749,0.8515022423218369,0.5042238461037768,0.513306286458925,0.9457335513891751,0.21114208290592162,0.7333273725129172,0.5136386212972078,0.8205864909250367
wildapple_00066,wildapple_00066,1,-0.0698207905569711,0.5485125894874634,0.49558140281023383,-0.03682965439899504,-15.595911813529236,15.306994388264044,-3.2391598816534493,11.84706599589429,0.338332644737489,-0.41872306702234746,-0.5321018758831081,0.47629801472605854,2.3853061040560806,2.8361798880932363,2.1383079534698908,0.5192845077823859,-0.039398811180475925,0.1678006529107873,0.1827506493927553,-0.07096028855506564,-0.6390134601201004,-2.7600738360112604,-1.2031975429216082,-0.7668847017373767,-0.0009219062638084924,-0.017705165610181477,-0.01772428404771871,0.0013200856801294906,0.04193359229161555,0.3665754705316825,0.13312984645313378,0.10541340661480648,0.921429001004736,0.7539266808534901,0.7444981793461294,0.9702639671746146,0.32489691166210444,0.7694595797667522,0.4740308674908231,0.7932276993853572
wildapple_00067,wildapple_00067,1,-0.21029146756139572,0.7646373455422094,0.7503886645415209,-0.04771922403626673,-25.35005692643352,8.241579725635935,-18.345104975630175,8.909497189888578,0.40520944498864103,-0.6869615097536352,-0.7648611894424359,0.2959267983149007,4.897628757080357,3.238709009506044,7.593749832627889,1.6024118775233425,-0.0820883167704777,0.20566044155665208,0.219771321220552,-0.05217470836786698,-0.9206372564190222,-1.956177985126352,-2.170358992888153,-1.0064988449951489,0.004278434757882485,-0.018175083906146784,-0.01870725622325385,0.001889989092030415,0.03512339335882497,0.23635480488126323,0.17488031031457812,0.12108927251566515,0.9531830626518236,0.7677494747565636,0.7960771390183214,0.8617627288862759,0.6371623744899146,0.6689387260811537,0.6318258851841465,0.5569990106381695
wildapple_00068,wildapple_00068,1,0.012824870957607764,0.5581287936150252,0.5050972694908049,0.03563334844054928,-20.440147026039423,3.454150194186609,-15.027030107922076,5.398896271736846,0.5124914370745203,-0.030073987024407774,-0.19890695171578046,0.6427118483954055,1.3018558289733257,1.6311425982867365,2.662155990974885,1.6078813322622219,-0.12729641760737995,-0.00034593711057112115,0.042616905854004614,-0.1562724973777185,-0.258792658983931,-0.6547041018669096,-0.8141887464615304,-0.6529779857525315,0.008422728316284822,-0.0004032133402461508,-0.003474612614982563,0.010668041846415253,0.008540313511996574,0.06599098638314879,0.06645395657389526,0.06619341708499688,0.7614280718239024,0.3332350432104806,0.4459802572798566,0.9151466481023759,0.512687360104495,0.44815103124334765,0.5247195766003298,0.4154013667838983
wildapple_00069,wildapple_00069,1,-0.030349027722364183,0.29013667795242665,0.24256000554287838,0.00533413525501381,-14.190388607440882,14.66510316719971,-2.1845703526760683,11.360900240431972,0.34697089919955365,-0.11777225325090981,-0.23825044009925958,0.47730885928215877,0.9896458914306754,3.0424254636315062,0.640379972905186,0.7403549055213433,-0.04561023161282552,0.08124672401841564,0.10082221601800406,-0.08228756307837967,-0.27145765638550856,-2.6246086125975316,-0.8808480300815414,-0.8995105048326801,-0.00039301404526484554,-0.010756221652557726,-0.011165341910832028,0.0025949886976506104,0.014835476782763429,0.316054274847224,0.11190126993786564,0.11469176414574887,0.7977474639536795,0.5764438864381679,0.5091707342705494,0.8979138443265916,0.2591343837916996,0.429758926960645,0.4291838512693945,0.6243582068530253
wildapple_00070,wildapple_00070,1,-0.022800247849321126,0.5639103788346281,0.5085971350329631,-0.0073697860329175885,-15.74285693717625,9.198578234331274,-4.150955832283634,9.526771397985106,0.30265217844631975,-0.2530627790050065,-0.4315012420801633,0.5347876551742142,2.815796307294358,-0.6075326440873955,-0.11571102306510604,-0.09223507177025465,-0.06959195418774586,0.04970398618474161,0.10407648664934943,-0.1235593270472133,-0.5214045269078033,-0.5472243745166756,-0.16685253064637462,-0.46576864672484347,0.004186322068938686,-0.0035826429926166495,-0.008096531916353577,0.008110737859628948,0.021919729620137992,0.09164162544417215,0.023976877806164455,0.06902867262364847,0.7603724532481225,0.516816970852525,0.6222065519365387,0.8683762171963754,0.572091692717181,0.7426917444558538,0.1715867125825472,0.7854856533118453
wildapple_00071,wildapple_00071,1,0.052053159605019515,-0.004383340901272317,-0.10584883595054825,0.19996198905365783,-10.651543203112537,14.400639407137108,1.291287103035524,11.591666017204352,0.2853767941677553,0.21718503236918466,0.1550517274149167,0.31064195377655035,-0.22279654161271722,0.18103551494090547,-2.0647301785753776,-0.4157508915567808,-0.03324474321078458,-0.013818721792642796,-0.011192001091001248,-0.040051316069502456,0.09867691310635164,-1.1175508415134079,0.4427666871610267,-0.21145853537946055,-0.0010964523368668334,-0.0030186457437171486,-0.002062941746669322,-0.0005815738132075607,-0.016616984595497396,0.1723962935496172,-0.028998481724039352,0.04271689701226462,0.832428150034446,0.8872408721947836,0.8443244472377072,0.948151475096803,0.22782802168558025,0.584526943382746,0.17087409483765248,0.5995047195527812
wildapple_00072,wildapple_00072,1,0.03260053401166478,0.13363160634356885,0.029246766244371687,0.12269124226136592,-10.482915446937929,11.152449590540378,1.2737673715448055,10.324982043261233,0.31669854983758217,0.11626009884778235,0.042680591161525304,0.369008472869321,2.1857129348627664,-0.24002486179432847,-0.1364747492840389,-0.14388970500216552,-0.025394383351779282,0.023439574063235432,0.02964185981878212,-0.042916741251171564,-0.7425868626154596,-0.8444683534442475,-0.3706649165428006,-0.37289150989580827,-0.002718160182257269,-0.006269846115769304,-0.0057436294439766125,-0.0010417430990874034,0.056309101800339316,0.13771048491853238,0.050315142451712015,0.060630742278420365,0.8185500941637234,0.7271749513500768,0.6390039126442514,0.9228833209248136,0.5292980642670612,0.7043627265672092,0.46363163659856654,0.6867923935264983
wildapple_00073,wildapple_00073,1,0.023377813154031025,0.5104187477140145,0.49476318536890695,0.016967892906078235,-19.188983462445385,11.191823514874804,-8.83200247895816,10.490029013417209,0.051667589501409886,-0.4634953773306076,-0.5212355514716654,0.08808020917682105,0.33218620672340426,-0.010513122877918895,0.8431202116646395,0.03719119671675829,-0.012180495100858743,0.12108637984519252,0.13651009114466428,-0.02233207766425259,0.11032696628642417,-0.10789078279397027,-0.15345316547627225,-0.09726821933614237,0.0008561085839366029,-0.00934913018180381,-0.010546409235261785,0.001727754429201455,-0.01574335561908442,0.004934444913973763,0.007163967160582765,0.008125652372715016,0.3255888304941057,0.7631521385071808,0.8055767453152887,0.393511245401313,0.5345624608601345,0.2293741595939971,0.2945842885799983,0.24710735390341654
wildapple_00074,wildapple_00074,1,0.12289779435331526,0.1572390134926093,0.006520791644244431,0.2746307610562351,-9.349035533594652,5.091527704091407,-2.2446187101434982,7.029360259508128,0.18477635286642471,0.18221592555739125,0.12136562065718458,0.19370645686747598,1.1747087600926205,0.41830440064385743,0.7308725810466309,0.2979399058203791,0.0035070893388104807,-0.010688924710407466,-0.0043045559767492985,0.008571818664476314,-0.265992259668763,-0.1914972648895802,-0.12229254103894552,-0.15103973771357396,-0.004045421653020106,-0.0016356882817967933,-0.0015148155951538482,-0.004626492922655252,0.018355758043577888,0.015087393228105959,0.004067399904273528,0.01195745820949689,0.8600506614993159,0.8550234394776677,0.7650404894138414,0.8714366889678578,0.20184230710170048,0.28787467374758857,0.1447191880620199,0.3010840717747503
wildapple_00075,wildapple_00075,1,0.02640677465944674,0.4681162446307913,0.40239959824991595,0.04091379148845278,-17.882011643047093,5.794245845360549,-11.218798889612849,7.531727276676251,0.018053215902136478,-0.4245308205972913,-0.4507888764438119,0.027155000314141964,-1.6869812934901547,1.7335564350393835,0.4129141396500241,1.1932827333317872,0.0003524479356850901,0.10854995004620653,0.11543322520833947,-0.0006389444697955279,0.4226349211385397,-0.6809039291258643,-0.296150154792759,-0.46354172312109015,-0.0002752381337619195,-0.008196464298604794,-0.008706572710356356,-0.00018164780781124005,-0.0282495540769331,0.06482957668451181,0.036279615372313806,0.04405188771925797,0.27394854500814514,0.7397756351786324,0.7336692449563502,0.3171278726408885,0.18338563480932524,0.2552811274282185,0.15197223990135778,0.23111785119301909
wildapple_00076,wildapple_00076,1,0.07049710873012638,0.07314297005945397,-0.015346544705032989,0.12437061086555028,-20.128915472576896,12.616688516741126,-9.442301966524077,11.084847409265397,0.15864193793764328,0.01851438793307277,0.0013980945104879795,0.17603370745385435,0.8134044623212717,-2.974935916906832,0.11606653518881781,-1.4760065731299143,-0.0396308950327734,-0.005400002318088564,-0.0027290156252896595,-0.04433556108395113,-0.25449192669474957,-0.026637143760788094,-0.5782509738390632,-0.06941539312279375,0.0025086994933012,-9.74140322329075e-05,-7.679055142602762e-05,0.002895260272711564,0.016907110289410963,0.06066516417195692,0.07779435003504498,0.038111918143066865,0.720555117865809,0.5116777230606523,0.499005818735896,0.5823062456369951,0.3580699124423603,0.7759897948071152,0.7177165613229322,0.7538428607315037
wildapple_00077,wildapple_00077,1,0.17261114638205016,0.6591324152110457,0.5579348326987258,0.23916593003711625,-14.07305786621772,6.979340828213241,-5.358044317958821,8.206790452977044,0.18097165963165787,-0.07957940867968968,-0.21720900214245512,0.37437435951666753,1.0333614675799134,-0.8076816001917838,0.30591849055329395,-0.4018425250278933,-0.0381861916519461,0.013648740159337262,0.045055270071176524,-0.07085850837611093,-0.0774329587917819,-0.11827513144794327,-0.22299266756758027,-0.16378061815322223,0.0018354915314206495,-0.0010799455952334688,-0.0031088563891780866,0.003892849517978122,-0.008762620238843596,0.03307841996360327,0.029212450196043568,0.031769540486513405,0.6728109772917847,0.42513563534547905,0.6125164512846022,0.8565717611267231,0.4944654177014596,0.4141256007258134,0.09847248487507476,0.4098061992500851
wildapple_00078,wildapple_00078,1,-0.221999500594313,0.8709820737201491,0.9032708568724266,-0.15172889739077403,-26.140981909226777,5.3125159308080026,-18.86108648753567,7.230840893360441,0.5973977720231654,-0.09916689698602853,-0.29713498216698875,0.5804277720809387,5.708196970950978,1.1625152747620506,6.2076725844686615,0.9065474090033107,-0.12555722433688063,-0.005412523387916212,0.03440544212255123,-0.1026839766244691,-1.2582225299634466,-0.5870820942056757,-1.5696613440603238,-0.4618957814730004,0.006660240673785728,3.711221301035214e-05,-0.0021302937776922536,0.0039881797280453945,0.06931645606138653,0.06420619060080496,0.10740064897414218,0.05001265164002341,0.8443626829946682,0.8915716704898783,0.9123327274227979,0.80126669582921,0.8591377481319109,0.34916376266228455,0.8213810754968337,0.36683475235867524
wildapple_00079,wildapple_00079,1,-0.20369684459490786,0.8162651723984509,0.8349013854156835,-0.1311726581418151,-26.222220974046515,7.44214682034755,-19.174909948093166,8.806488586816892,0.7009888586092167,-0.022302793049149658,-0.25074977910234786,0.6797619987633969,4.371185939322874,0.5477008722684871,6.819266829025864,-0.0024054056973985775,-0.16005237114127338,-0.026098636987728123,0.026250621781269114,-0.14664584893442983,-0.5370914142150384,-0.8708480746355158,-1.8244630620335645,-0.4588819606570525,0.009615293701953787,0.0017562111030624554,-0.0016305971213362348,0.008401256590855843,-0.010773676339801046,0.1240760747474652,0.13518871099904467,0.0705165824153356,0.8520880225268188,0.8623940102826246,0.89055016653817,0.8310928383276159,0.8843670726674693,0.8557433372528465,0.7696832695831406,0.8331620009707672
wildapple_00080,wildapple_00080,1,-0.20227504000705385,0.82106068788562,0.848411001566083,-0.15161655623597442,-25.78863408215625,5.920929946599703,-18.667110408634006,7.806859662889374,0.7510237049861735,0.05275478487801587,-0.1568060118862729,0.686104409484113,4.307316334689834,1.5623633931083791,5.734035537925675,0.6122685665975006,-0.1784288042507523,-0.05216881600628936,-0.006570320467573112,-0.14525316753807693,-0.438178729039411,-1.189912978567349,-1.3617447628516801,-0.6873469986499485,0.011112658216220652,0.003774158029786838,0.0009708093567076845,0.008046049421640597,-0.026317622054775735,0.1537509258484706,0.08783957632800583,0.0936510259411867,0.8383245069956596,0.8912060063890259,0.9122273920010094,0.7907679028546991,0.8888441063101274,0.8032969474971736,0.7175464895583963,0.8099130473148283
wildapple_00081,wildapple_00081,1,-0.15861568473937143,0.7944802723429873,0.8300393133240779,-0.14863894656688614,-25.280770986001034,7.1642604966293435,-16.18227024503631,8.43172141532287,0.5842762785344764,0.06815175235729701,-0.13488552331026354,0.620159085905123,5.343019339233948,-0.22849731618736244,5.744767774439624,0.3197450671042299,-0.12674010975739894,-0.0578922764438474,-0.015723227898341453,-0.1168312134714573,-0.9268500258350347,-0.4380097464396535,-1.690769245593807,-0.5716587392935317,0.00679261398094382,0.004503908244930582,0.0019798369885944576,0.005100811666731396,0.03296461043176294,0.0650611371128047,0.13156005998656314,0.0741988722689939,0.790467048524371,0.9130000682733044,0.9319236550526093,0.7815630963693811,0.8435535291673775,0.7890515889043571,0.7847786244641162,0.799047501881991
wildapple_00082,wildapple_00082,1,-0.23156397577000076,0.7383427562389631,0.7472617784232801,-0.1462385781955985,-27.366667505017244,9.270078548189286,-16.890058111149912,9.863017189742417,0.7807842992393823,0.0021897303786810787,-0.22936316105344942,0.7297827868278896,8.273562060731786,-3.653948814450889,5.995684678850106,-3.055182807297037,-0.19177588988032443,-0.026452579766913138,0.03100438635812433,-0.16808458224334047,-1.8809267446144557,0.5649030644822218,-1.7063252636208872,0.6187775600108892,0.012459322668674817,0.001224037805087683,-0.0027612534398683353,0.010308021323924705,0.10678415466216239,0.0013903820279572746,0.13046090972550242,-0.023426542041583585,0.8235993750376935,0.7685084388230448,0.7964745702269935,0.7851754938753013,0.802525987865502,0.8713032197107522,0.6485579153046507,0.8798675784028387
wildapple_00083,wildapple_00083,1,-0.2867919999234351,0.7355836732218967,0.7204373052926981,-0.11414587321324232,-27.029934610921593,6.431150861853078,-18.58205227312189,8.120529710228688,0.8767337278926598,-0.016110356507833646,-0.2744840447786002,0.7809713944317224,4.234877948042759,2.061734160945878,5.060088989708357,0.9628749136432034,-0.22472104068300192,-0.01868179827642261,0.04972433348416155,-0.19090892230651038,-0.5469928722155012,-1.3589510420686441,-1.267332650792581,-0.734874991523901,0.015563571509500282,0.0007023372826940719,-0.004292890802652981,0.012518620636684172,-0.007587800900838067,0.16899177483407563,0.08516819934730603,0.0931645887405798,0.8885931871635272,0.7379810601035307,0.7327002297057297,0.8936534125583135,0.9284599543460361,0.8233929409105617,0.7159982869438646,0.7956923153230817
wildapple_00084,wildapple_00084,1,0.0683825707786296,0.06574082850313259,-0.0044739945878348114,0.19123214176851883,-16.526683168631116,5.036538266499086,-9.05395034838842,7.010855706554951,0.4211027759081562,0.28813952895603623,0.1798593391843307,0.4590203118787196,-0.012589760189406116,-1.2997719876882856,-1.0398459327508314,-1.2826351309933568,-0.07955705688247063,-0.039527685762179784,-0.021045285115944716,-0.0841162365641799,0.051414595041785686,0.47038011627150417,0.35781695032230604,0.4493326056556958,0.0036112610676708704,0.0006944258007910412,-0.0002935051104634319,0.003888770190711338,-0.010012056859122207,-0.03792582049781149,-0.032705098809667106,-0.035940767828943454,0.8299101946849125,0.7231821634832059,0.5611152979208824,0.9124357840323223,0.36038920982209777,0.41061208861783494,0.14173523909865426,0.4216716693698247
wildapple_00085,wildapple_00085,1,0.07043559735407204,0.3365275853059511,0.2636829269332625,0.10175861243271479,-16.533784437661136,3.618127300340127,-11.128689617042252,5.569209092527113,0.2169185908368584,-0.055266816228155866,-0.19279410438159444,0.3579121158266115,0.22510738504650604,1.3226200981037533,1.901278929578238,1.2773878470125473,-0.04220306075818557,0.021470347821207443,0.05500508402992912,-0.05544577394632297,0.01975392647784036,-0.4444912080794037,-0.5693339385903067,-0.42511881785429156,0.0019629193667695176,-0.0020853835769524716,-0.004574810163996379,0.0015428268228365987,-0.00656014807765642,0.037738884321320595,0.044758582570077685,0.035980337539888656,0.7041541102205826,0.018289034952984617,0.2021288886900744,0.902429189745054,0.25516403146517375,0.2784728989155201,0.5737272155112467,0.2614167831815789
wildapple_00086,wildapple_00086,1,-0.013690405089215926,0.3363171690244438,0.29755188537624516,0.008462390693073207,-11.702739599939395,16.585465459567512,-0.5706523880717244,12.11296322035209,0.3819143667003518,-0.059332676965198894,-0.14819442028234722,0.38034982107001086,1.3078127846825347,4.236902144316264,2.6552502321653586,1.1574630028494621,-0.05682717778385279,0.00931196770495156,0.013937856827721072,-0.0396464368703977,-0.3672794562963838,-3.2735744283197556,-1.2812921908332815,-1.0008959811696259,0.0009317504400600964,0.0005902018921159332,0.00168543106565199,-0.00174046599630045,0.023362463015918652,0.40081312794631313,0.12999676559523968,0.12353985739168763,0.880661443926192,0.23472648232399296,0.40314786233650546,0.9575230734318951,0.22432469405356337,0.7383129631798502,0.5093131074187556,0.7248577974645478
wildapple_00087,wildapple_00087,1,0.04754345900422971,0.4099955985491924,0.37032435886000964,0.08471829228625229,-24.99650533591384,7.782963134279053,-15.031473302227976,9.07314685668279,0.4673431421535993,-0.08300734317255445,-0.20028630193514593,0.4718496821504752,6.725245130071944,-3.82570088661,2.186139773462361,-3.4441709990579534,-0.09865646893280981,0.04164229174551786,0.0636833480717887,-0.0848682967340843,-1.9164302110949267,0.9796044948198253,-0.6412570765706134,0.9162998405517582,0.0050565076357940095,-0.004838283408922399,-0.006099247129938848,0.0032670491585517496,0.14297255966267797,-0.06624943360293789,0.04671054398345226,-0.0639377609596197,0.6520575592206844,0.1392582222907699,0.2887761995025787,0.7491421795394129,0.8806534841694293,0.7626544351971071,0.6717252422609576,0.7436672185246054
wildapple_00088,wildapple_00088,1,-0.03335335511679694,0.40305360106678756,0.3721700499068091,0.004635083616117656,-19.559393486694056,3.0381203663324237,-14.621511846780601,4.781812217461798,0.3790339292360133,-0.19117816072590893,-0.3314829612754772,0.38924010059808944,0.07015720019149378,0.2539182085678745,0.1897128797189393,0.18723360398979164,-0.0643842213448072,0.08818163227027287,0.11209284594074019,-0.03227360676438416,-0.1255229023559511,0.02537912632811984,-0.003991072673580821,0.08639969893307282,0.0022470628254928036,-0.00909442810575556,-0.010241739283897763,-0.0024365712898618114,0.0140952144811312,-0.009247275655479842,-0.006064488866447644,-0.01683134756984819,0.8463311851994894,0.19001742142012257,0.25168885016594844,0.9560056975666273,0.1873148351727968,0.23233055234217714,0.29540579269728084,0.23325653602336327
wildapple_00089,wildapple_00089,1,-0.061036289796761414,0.3676423320264521,0.3609497978041565,-0.0188404423946682,-23.796426960806276,4.6182339241342,-18.08551988765973,6.689257666156108,0.42840706324705724,-0.18077816057299798,-0.27500797763082474,0.49070360797147006,3.6058896608399325,-0.3471546377699437,4.372405768707834,-0.5397433458609286,-0.0726234818051072,0.08690735745481587,0.09530670620678428,-0.085624554550106,-0.7429640308277131,-0.08016188293498726,-1.2081663844148784,-0.019108757877590095,0.002395789927556914,-0.009447142496855554,-0.009267303026798684,0.0031609808743903183,0.037789794113254026,0.020997030004909642,0.09450439892247912,0.01514531187596844,0.7769556194016958,0.1769788894084947,0.23716943063056328,0.833451245596543,0.826195843907001,0.4242962880032145,0.8508437012875034,0.4174453966139716
wildapple_00090,wildapple_00090,1,0.05114113253463278,0.35704800102746775,0.33240726977737267,0.05319108843398844,-16.198676950607403,5.27119531546706,-9.52067043246456,7.077611497065735,0.2001243060136951,-0.2645016262435882,-0.3700947305778899,0.27825184200986475,0.680109246516308,-0.41323397464171824,0.836719371273102,-0.30576291597837896,-0.011062488887708595,0.11546093827680635,0.13118166364406875,-0.012977107074904733,-0.24930336162291336,0.18748148434286052,-0.27618303339226163,0.1304237408979679,-0.001824862729173194,-0.011227954439317145,-0.011926219290630397,-0.0026397125529727243,0.0231162046239098,-0.016168619485078892,0.026338999604121602,-0.010631796156586994,0.8219607162563646,0.39548638578470685,0.39073037077624384,0.904775152360287,0.07484654904180821,0.06546099417435991,0.09421212409007329,0.061222504746170525
wildapple_00091,wildapple_00091,1,-0.03615039268960836,0.48999791614936977,0.4488291567346693,-0.009947413681007688,-21.198529605135953,2.6360182577267346,-17.356571720101524,4.207642293313321,0.30838266858709634,-0.4316698944777569,-0.5498506738437787,0.31631993179023765,-0.8953538043863029,1.4668843287740823,1.2148524553320947,1.875046503823983,-0.016876493804195345,0.1860934776693455,0.2024728159493184,-0.0007245900474427,0.4293810050875763,-0.41759613316919114,-0.16187681447178312,-0.5270297781809249,-0.0031303553568824863,-0.018640926760003642,-0.019135584318536118,-0.005472679585368839,-0.04227307040759721,0.03129723689422238,0.0030972907763289464,0.039294282783346214,0.943061050733113,0.4802845512316274,0.5000638698019015,0.9815492086063047,0.5621878650555159,0.6064459797399896,0.7494030187920749,0.6059307878244515
wildapple_00092,wildapple_00092,1,-0.05410473648115572,0.36518745970996946,0.3585034270425128,-0.019250511877930032,-23.689619181482946,4.2882121004140865,-17.536570747557022,6.223229018992652,0.4206298715477365,-0.17309611675048617,-0.2760274243676878,0.48930537567191135,4.258494453161818,-0.21171125934528756,4.042147505712654,-0.3787688528681911,-0.07096756917983857,0.08334166502975156,0.09550371733584818,-0.08552447113171151,-1.0167611602456084,0.005996023101699056,-0.9863500681031401,0.07363944625134354,0.0022335350549411576,-0.009142514252376688,-0.009296106540590928,0.0031502649609606043,0.06250139031453057,0.008313892689142871,0.06769249226379291,0.0016667041925671228,0.7581456133713349,0.16400018074323008,0.24002370845848953,0.8197313532098388,0.7961140234197555,0.33846035285260423,0.8368128187499251,0.3346942250317605
wildapple_00093,wildapple_00093,1,-0.052190461483904396,0.3421852361373227,0.3385567339631077,-0.014569861817613529,-22.894908371301746,4.833859032809977,-16.25127425503573,6.856409299907239,0.47728923655690986,-0.12321594741845915,-0.25380833249165885,0.5115351012604411,3.6527865389560104,-0.39483658132304106,3.412809814707686,-0.8789577919895328,-0.09527810524887628,0.06450411154852297,0.0868260344496457,-0.09535232906752744,-0.8664338228848131,-0.10738496235185063,-0.9859672952933889,0.07644084749980004,0.0045839413099653045,-0.0073421985814065786,-0.008412855649672724,0.004105357024753996,0.05104921163371302,0.027898513944460097,0.07716910830520561,0.010278162011010897,0.717883842607043,0.13841470844738812,0.2289038895169231,0.8159007266144498,0.8257677212784247,0.5152172068530791,0.7233990876367828,0.46378047251945786
wildapple_00094,wildapple_00094,1,-0.04799666540417967,0.33419029530766725,0.3322201995844286,-0.014700995033604343,-22.68686337504582,5.056128072914152,-15.611627019535852,7.1027951432305025,0.4682685020809966,-0.11999763365066272,-0.25213566764448997,0.5126361775254158,3.5067014153431644,-0.6994133614297352,2.9015984489382087,-1.1726530755953202,-0.09027129962657247,0.06539638710007249,0.08844127008362009,-0.09473053331739363,-0.776334455892445,-0.03985004153806268,-0.8307408668844071,0.13727157602364293,0.004038507390856506,-0.007472902402002256,-0.008620198481597985,0.003997676698347351,0.03972741118971206,0.025031926495404866,0.06283316134808965,0.007801960708719266,0.7142800734280375,0.13580798139341588,0.20927226892135187,0.8127475794744883,0.8452827639231513,0.6481834386699672,0.6494089410135777,0.6198544816276017
wildapple_00095,wildapple_00095,1,-0.04799666540417967,0.33419029530766725,0.3322201995844286,-0.014700995033604343,-22.68686337504582,5.056128072914152,-15.611627019535852,7.1027951432305025,0.4682685020809966,-0.11999763365066272,-0.25213566764448997,0.5126361775254158,3.5067014153431644,-0.6994133614297352,2.9015984489382087,-1.1726530755953202,-0.09027129962657247,0.06539638710007249,0.08844127008362009,-0.09473053331739363,-0.776334455892445,-0.03985004153806268,-0.8307408668844071,0.13727157602364293,0.004038507390856506,-0.007472902402002256,-0.008620198481597985,0.003997676698347351,0.03972741118971206,0.025031926495404866,0.06283316134808965,0.007801960708719266,0.7142800734280375,0.13580798139341588,0.20927226892135187,0.8127475794744883,0.8452827639231513,0.6481834386699672,0.6494089410135777,0.6198544816276017
wildapple_00096,wildapple_00096,1,-0.041382807430833494,0.32996732925439815,0.32739353765939155,-0.010972393089145275,-22.215899928392933,5.100767414175926,-15.012681526659971,7.153588593585494,0.46788118722276173,-0.10852128802006794,-0.2415180934005464,0.5057391483752648,2.9066387982297135,-0.6866566666496062,2.282178812606188,-1.0811638936415198,-0.09241106901701565,0.06007608673872247,0.08393248812374424,-0.0935202155011654,-0.5784605264287209,-0.062384102378001904,-0.6449355140765126,0.08026872508156455,0.004338825549491961,-0.006915867199629447,-0.008162768639813635,0.003959934399460719,0.02198888733436141,0.028063560755775388,0.04654863842692804,0.014168598718206405,0.7102362446169823,0.12872592135120242,0.20520373901645972,0.8155541450102697,0.8320990602040161,0.7159224410515084,0.6472769644687038,0.6912747635638503
wildapple_00097,wildapple_00097,1,0.028130004631826994,0.44086548281984034,0.40453791309787734,0.039000210032393325,-18.315406638407232,3.508407671462199,-13.090611867704123,5.478623226009546,0.3755212262685707,-0.1831383828781166,-0.3087314796096908,0.36831861555270834,0.35156286202048803,1.206162574932109,2.0496354692264194,1.1316985981590983,-0.05523691352244883,0.09411665408827642,0.11639958778651599,-0.03190796873512086,0.03878181764655536,-0.3618938249112162,-0.48275536680467185,-0.3266839114907351,0.001024346940000836,-0.009834554205091621,-0.01107670149141893,-0.0018014676056751992,-0.007966826025327953,0.026021784453610725,0.030818857529590998,0.021867725896808573,0.8385167500919295,0.31501287727015925,0.2718500992529834,0.942503559290629,0.33844462787029317,0.4931987484765784,0.3866498056457386,0.47817169410062965
wildapple_00098,wildapple_00098,1,0.034855436865328195,0.4431727807444734,0.40574225886559584,0.044702761399345224,-18.12058259235397,3.4862590323396927,-12.97696323476768,5.460739591990294,0.38272235619213607,-0.17326157323473867,-0.2976910497258309,0.377408434594654,0.20274572073041483,1.3195024228494205,2.0176462422980572,1.241731973793761,-0.05856821575948358,0.09085086878112598,0.11241870777003007,-0.036089907832853846,0.08380578409500475,-0.39644858250463344,-0.4694287289538443,-0.3620309327379515,0.0013840129444354595,-0.009524569709905915,-0.010674517222748713,-0.001338578170651905,-0.01173621291658616,0.028748541213267566,0.02945389852370305,0.02482039978434828,0.8293172989283315,0.3132093064556396,0.2541314754652889,0.934237635454789,0.3358821802793204,0.5061676525997769,0.39869499827311494,0.5031535683161976
wildapple_00099,wildapple_00099,1,0.041401121452517474,0.3305380083136744,0.2605782297976089,0.08369023596375962,-14.746279678256613,3.5759575439136526,-9.81003904649959,5.48544593493637,0.34838840043744024,-0.018125621439327527,-0.14996152740740615,0.4583702245917247,0.966178367058066,0.5978012744418048,1.6130251548924956,0.6477384091601626,-0.06943115797803542,0.035693423789980736,0.05968959624064103,-0.08009342134376708,-0.36111939328116693,-0.2135594417132032,-0.5327803226103417,-0.23090349410295205,0.0035077670205698784,-0.004709234476643184,-0.005981510054873807,0.0034274510249044142,0.030451611408102,0.019684048637050373,0.045232976721950535,0.021412821592688355,0.8154809061963915,0.2159775447054636,0.1335398906517894,0.9169210697753427,0.35975049521559077,0.08196979990577535,0.2888775756215959,0.08273993330335994
wildapple_00100,wildapple_00100,1,-0.2767107011276896,0.6233223432091753,0.6232538315081838,-0.10856563813344616,-24.45230449609779,4.159847163723003,-17.354415072050617,6.068138293780358,0.8350972656632528,-0.15867803894505766,-0.29830404579954883,0.8343443252200443,5.902204146775198,0.4079837364038042,3.9508217234589393,-0.012051138269287444,-0.22708035534580318,0.054081745441360865,0.07937736019981358,-0.23227503345432593,-1.621614863212184,-0.34558265176312986,-1.1137431824069368,-0.16247921795302328,0.016543089084513032,-0.0069894803215997565,-0.007992060670020836,0.017134954966291135,0.11697472300167462,0.050910089520218214,0.08872980448388187,0.03161586192932902,0.8615007868263623,0.4423045700795999,0.5057525033270496,0.8444094513246364,0.8919349159608259,0.552054983334338,0.604263326037147,0.5011186438788415
wildapple_00101,wildapple_00101,1,-0.18094122971828264,0.5329209300213156,0.4909700112172752,-0.0709247027189852,-24.00309282568114,6.515021163705133,-15.879607499792039,8.236787927769454,0.7459396177058257,-0.0831196716198644,-0.20358745397743705,0.7530345194609631,4.564122508873673,-1.1041846983431742,2.465080062430811,-1.578075468017171,-0.1944017318154955,0.03787742415207903,0.05748326956760834,-0.19551931809221373,-1.153638343892707,-0.0457715601866513,-0.7467809403239944,0.18259877842548916,0.013474407710228753,-0.00552911915655073,-0.006194497210911253,0.013540806533746823,0.07451466853070499,0.03203341889782998,0.06114566676894252,0.007413885232223193,0.8916473221798092,0.4062558718810986,0.45773746814566807,0.8694912295619895,0.7436839423310992,0.45748023015312334,0.3006355211092224,0.49635651539186953
wildapple_00102,wildapple_00102,1,-0.15344553879892073,0.5499582002705435,0.5096118829567874,-0.04888020549271968,-22.20567005726686,9.366994504881365,-12.74228025323372,9.731732591198774,0.665025870886233,-0.1459069127851018,-0.29724835359217927,0.6339665284972155,2.5421608394174995,-2.294865643248026,0.5349386578913784,-1.593265762442925,-0.16563809362938578,0.04909254450505224,0.0801003319444928,-0.14639768785256815,-0.49623269609149834,-0.04174993709336708,-0.2553444301421216,0.00624212424940827,0.011069348162512961,-0.005504808240065509,-0.007326015026404705,0.008969285173783797,0.021319429768519717,0.05696043888242558,0.029409634636962778,0.03287899901587301,0.8796033540836147,0.30664556262422593,0.4328454217329789,0.9128499869372788,0.7606959762035395,0.7897337479914794,0.16818860959730297,0.8012366193502044
wildapple_00103,wildapple_00103,1,0.023965239602435465,0.5272694061547893,0.46775040813166624,0.04094703873205497,-16.098376960965886,5.181308386487705,-8.58740426146293,7.12826884465614,0.33146250870132543,-0.23233605133355412,-0.3427405858205427,0.4379153996102372,0.32778556432697015,-0.5758510138511836,-0.09595901369278909,-0.5757394248173028,-0.048225721605985025,0.09395688039664855,0.11041400459572188,-0.06106036272461689,0.0014444069991355114,0.14436745050453453,0.02171227307279898,0.13042067818707756,0.0011415525777929698,-0.008902182128123234,-0.009617071674026641,0.0012262051286934762,-0.0065428891378818315,-0.013625405422120974,-0.007651758461057853,-0.011585736441737169,0.9322470163195458,0.2328599576607776,0.287796422255469,0.9584283699904792,0.1693701929721,0.20945112717666303,0.5396201501616831,0.21769481209830488
wildapple_00104,wildapple_00104,1,-0.10628637899006275,0.6436950729952917,0.6198926790655034,-0.025936777082582737,-19.60261915132412,4.36313036575869,-12.795808348076052,6.175381164742851,0.46093349547286816,-0.306423343387901,-0.45195054184342387,0.502543437627277,4.238542032205613,-0.5462793099227203,3.4605646514834096,-0.2501369636406709,-0.09387348895177762,0.0929291779101488,0.12500037018157298,-0.08876968327436659,-1.3741705701106133,0.43386945233008783,-0.9304521707692437,0.2958140089201132,0.0052041246628202606,-0.007971536868286375,-0.010223705771924817,0.0039025244510008357,0.11932376340896388,-0.05208443102762299,0.06892442645307709,-0.037959294456297796,0.8952835098702553,0.15515732693526318,0.3643041961143638,0.9176097562231916,0.44999983160612456,0.2520926942501378,0.4692200444680905,0.2500075403832256
wildapple_00105,wildapple_00105,1,0.0328484845766211,0.4790613881613344,0.39915901294561346,0.04493809149910985,-16.378902521756505,3.5235950747227536,-11.481122996530125,5.4211081175082105,0.3542382749232236,-0.18461331444260928,-0.25716158785123105,0.44708162424198933,0.1682439501265751,0.5779100042273653,1.0027781088238712,0.5461775964562376,-0.03553704275690903,0.09897359627863718,0.10585017995250369,-0.058812723258539874,0.060791013583349554,-0.159833558650479,-0.14380673319214166,-0.14391353598326267,-0.0012869557459712399,-0.010473545648301472,-0.010480364928843628,0.0007814429182973283,-0.011028384868223466,0.010658495530810712,0.0017626487328304362,0.008877099503665083,0.8744314988861287,0.31736150414217545,0.21281361630080153,0.9422380989992657,0.1670394142208711,0.1256390200233608,0.31240477585855286,0.10842210940882513
wildapple_00106,wildapple_00106,1,-0.05989983422206481,0.5747349150149585,0.5548394750933057,-0.03769779136178593,-19.524643931355616,3.4165402558181945,-14.057087519075344,5.246715987193566,0.49911059388427625,-0.18383863569845932,-0.32126325072407197,0.5779710757045969,1.44364908299925,0.7064713104867292,2.235574841219259,0.7663428304436908,-0.11885392229239017,0.06625075051816362,0.09433944062477685,-0.13486236681581118,-0.34975380876409035,-0.2847279924993732,-0.6910162528605375,-0.2934332726186456,0.007433330897880464,-0.007294795149388538,-0.008875997580751738,0.008541234246038079,0.022821365379913576,0.03139577837664772,0.06126078022847202,0.03161315945708337,0.7582980201569525,0.21279902187757094,0.3205419102386792,0.7810589538953595,0.20570459384124573,0.3150365023159618,0.42089882994311656,0.2978495065820209
wildapple_00107,wildapple_00107,1,-0.07329273635619554,0.4172834272336479,0.3624944711771952,-0.006507642831444545,-13.794393402580608,13.818335152491883,-3.068888704971378,11.328700778540757,0.3939305491797325,-0.1638530960858425,-0.2402336503771415,0.22724355714743374,1.5028836356381428,1.9485623731956832,1.303724286971668,0.9637895790575965,-0.051604576078924554,0.06054841465831444,0.063265837922163,0.023331755624361895,-0.4587114554312845,-2.0859775914135756,-0.8338358688986413,-0.9622819539105061,2.7766028139760045e-05,-0.004900745848375658,-0.0038694400629985313,-0.007487843604180213,0.038999366124164755,0.2647080195001422,0.09974404210628914,0.11919239824382843,0.859200638809707,0.2185572321330449,0.3188173798390894,0.9474335334285839,0.36568305785017585,0.7899791751531096,0.45955100933298676,0.8271037436326023
wildapple_00108,wildapple_00108,1,-0.2004863863514544,0.6834981590509418,0.6787588442475865,-0.0534013479741088,-23.69657447511253,4.783477110110844,-17.727421145949286,6.801546270100514,0.5769760916392824,-0.440980837892288,-0.5810292310667509,0.47803591442831517,4.076483026032559,-0.6356639145967291,3.7736135770059365,-0.7775492861415793,-0.11157213090981091,0.15513875705027408,0.1774811235311595,-0.07460120422322125,-0.9233542927584351,0.03397512792893389,-0.8985792427715642,0.0728915291512836,0.005176786474522847,-0.015121589587242537,-0.016002699883787233,0.001796321857168727,0.05664612585688908,0.009126798699350104,0.062412347017785585,0.006292044651266828,0.9169977751346532,0.3524368963782264,0.48947905561656035,0.9428548534629947,0.860692145450414,0.5290807877526253,0.8845252780359588,0.5066969262803533
wildapple_00109,wildapple_00109,1,-0.09133917148841712,0.5580036141204112,0.5246476774489638,-0.011953732819588055,-20.726297829409475,7.607998792100812,-13.695242660985738,8.929623493656552,0.5090025880811873,-0.22609086537723885,-0.34028438215572726,0.49480214104408704,2.8628635478541886,-2.853779388256285,2.390186315783251,-2.41494891546059,-0.10191371124399108,0.07662566131435107,0.09355870702184353,-0.08705258092300068,-0.7475292561048456,0.7183092334733125,-0.7502406728644222,0.6160276449923603,0.005547611725879429,-0.006606376733041395,-0.0073522807879731105,0.003730000868856746,0.05755997837042696,-0.05543096592028306,0.06559966114105657,-0.04795118956609375,0.8054449322417274,0.10226341729163979,0.23947379956400527,0.8392436717858616,0.48972339794572006,0.6714077345804621,0.4799350156020751,0.5959429173657145
wildapple_00110,wildapple_00110,1,-0.17820109462302716,0.5080097116304161,0.5069767760959534,-0.07287513102743458,-22.903546466487477,8.787500202385528,-14.035027249013364,9.510395816836487,0.6909640099407454,-0.02561874257193646,-0.1980438853421853,0.7388143096034168,4.41441701413181,-2.9117234250492574,2.781845877448188,-2.6135458575998247,-0.19707333007726677,-0.0005608826569278289,0.04190320200992346,-0.216996635008176,-1.1208094981589842,0.4182547368755883,-0.9808964969116569,0.4711252046007219,0.01486621389073598,-0.0017222488957523018,-0.004487697155487648,0.01694974696258967,0.07237651608558288,-0.0015605477579400556,0.08707984226360681,-0.014868502814864825,0.8225724471463045,0.4392998981331473,0.4793884216120431,0.8248363910381653,0.5620402166445781,0.6703834459804154,0.36081638060144716,0.6604738516093052
wildapple_00111,wildapple_00111,1,0.01031193431525208,0.48279317592581095,0.4365637309171941,0.025544832387675333,-18.712060333325,4.9314212184070545,-11.360363235703932,6.841189786439674,0.27354688051517856,-0.2748748803765038,-0.40754203840833997,0.3466703671347302,1.2093884600512121,0.3526157065371583,1.1045796243667065,0.2682666544901484,-0.026397264046353425,0.11640723791557359,0.14125578147312168,-0.02800334589307246,-0.11777619868767164,-0.22559262947789085,-0.26478834637645743,-0.19297788411892142,-0.0012886170688440016,-0.011685478600190487,-0.013125514481467551,-0.0019247006936161752,-0.005883937514513431,0.02737715637426183,0.017726202984789014,0.02427739437403261,0.8958519570506108,0.28998717042418953,0.38402374676593354,0.9556754464382703,0.3044128122097568,0.13889184254854858,0.10284505345806871,0.16979451058855421
wildapple_00112,wildapple_00112,1,-0.0492866509974535,0.5979817557063967,0.5606452833691777,-0.011717734720812023,-19.87402211252413,4.172899571848885,-13.377028395892907,6.224374222701897,0.41651592342914023,-0.25004273524419124,-0.4186820510205701,0.4198743872046987,0.665355073239664,-0.06500434557785284,0.2159686919210224,-0.3064612458780155,-0.08190028842366037,0.07617554644695206,0.11776127016828959,-0.05108973625150315,-0.1717705917318692,0.10499596797504215,0.08807441794772596,0.1978301509517097,0.0039007090412985952,-0.006709281185811209,-0.009852645993985299,-0.00041301989859685555,0.015554739739336717,-0.017695059464191937,-0.017372463507643876,-0.027093752820293318,0.8615796134604312,0.2420073804323405,0.5160135855407026,0.8812290000006052,0.2885751928012542,0.4167263923046973,0.24662434716594706,0.4851603837224292
wildapple_00113,wildapple_00113,1,-0.05182401226367155,0.726207651442499,0.6750771812059811,0.04551333791077668,-25.46597397311279,7.872476310001052,-17.086796517356124,8.47862629347257,0.03967997013683381,-0.954393632536281,-0.9341586068797388,0.0427960567472004,2.510988672306408,8.026593666060032,5.932636367709541,3.6849316673621253,0.07611736757738918,0.34310843925509854,0.3145295288561594,0.08081841118859502,-0.15421922559720883,-3.5222165290536447,-1.6859065410512335,-1.687899869821508,-0.011273289169996363,-0.03176988010892102,-0.028439077522812654,-0.01182701703951213,-0.019078260293164614,0.3460148252324026,0.13395772470783107,0.1702351850645311,0.7973499282903533,0.7399752346187003,0.7589179837991413,0.8670712632097846,0.72559828764088,0.7128241128139997,0.7970312053790105,0.7072313766648772
wildapple_00114,wildapple_00114,1,0.03546345245883125,0.4384484190606707,0.4128252686650462,0.04282426979449182,-17.79599386091779,4.77081833627855,-10.820497050671916,6.6975806181328785,0.20142418780950277,-0.2620788035204722,-0.3722447018242542,0.2773805390267326,2.5889199036132946,0.86847273212498,2.8919168695957227,0.5052909222313322,-0.018423662302785488,0.10116475514333807,0.11780174486177819,-0.013033417329692161,-0.9030046324523682,-0.33339352031058017,-1.0431072703906872,-0.18530907298352206,-0.0008080591408269295,-0.009412663438442086,-0.010208404575935526,-0.0023948445873842993,0.07683596661374067,0.036976128753004454,0.09436834042165156,0.02137374255095836,0.9174445539846929,0.2664325586342332,0.38296587339308874,0.9741446825704899,0.521323381678525,0.28855312315081805,0.3412143469661585,0.27763784005002645
wildapple_00115,wildapple_00115,1,0.007035210077205717,0.5533650074299278,0.4881576230130626,0.06370195563080205,-22.873363838571148,6.197646519876846,-14.822703827763819,7.704743191977235,0.38508687525951485,-0.24786276981454222,-0.3366517171131974,0.48008700318094916,3.205506536401379,-0.19843548122290028,3.1588956909249992,0.13848954044850642,-0.05885565580745699,0.09876698332890006,0.11093179711579029,-0.09166846770505802,-0.557218889093353,-0.3000351911752862,-1.001626625137827,-0.3723202302299938,0.001131156719770246,-0.010338206592716132,-0.010675866342862656,0.004204559599353126,0.01881185002211355,0.04797312271532941,0.08326134409178566,0.050704747852811476,0.6623422259372995,0.30915742497645704,0.4094805083183741,0.7149493764349918,0.7704677567109285,0.4118936371384293,0.6043006662345494,0.4152498843949374
wildapple_00116,wildapple_00116,1,0.08721573595095632,-0.09326634465745022,-0.1652685355352746,0.23457461226769127,-13.76427486347677,26.54518678895944,0.012840584487539454,14.276511929950969,0.14770166088822398,0.14406620869696368,0.08107527416176674,0.12002217119175286,1.9189342973806842,8.656315656671119,4.079303780301649,1.1709028377012596,0.019226443019814226,0.01304734613056643,0.015287171373134307,0.027318395593594655,-0.6871104711312594,-6.452074951240793,-2.152266318717893,-1.1945949467352934,-0.005703892312929176,-0.0038293775377610043,-0.003309322106679393,-0.006411374781769934,0.0588361193431804,0.7831204263944361,0.22834659032721213,0.1508146117973899,0.859243434351181,0.7534246745131705,0.6366787819821155,0.9074013275880298,0.22422096768927524,0.6336445348251762,0.806491816162622,0.681865967574638
wildapple_00117,wildapple_00117,1,0.08801815784705252,0.2833927439856319,0.2142223464204121,0.14787042142573326,-14.024125815689839,3.2225821048155217,-9.623960184354685,4.967678539398687,0.1976639558686787,-0.12503803095224855,-0.19991370317971713,0.22681026179723585,1.829041194069703,-0.371599340559101,2.4316336630699915,-0.4342916746231472,-0.014632815236801665,0.07724416645470686,0.08141708407659322,0.007108133327706703,-0.6811623869802156,0.22989662185358012,-0.797342783882601,0.27580944949774183,-0.001172017421399498,-0.008001323814892238,-0.007625049388662393,-0.004435304076576139,0.058995673470344775,-0.02422004335082023,0.06706154286988987,-0.02904377272563345,0.8187265509334911,0.40178241169177265,0.22144675722249674,0.9590081525503421,0.3786883702764273,0.32115084794216664,0.37228700633546774,0.3257531144157285
wildapple_00118,wildapple_00118,1,-0.23487185021933782,0.6528816931702269,0.6394808611416879,-0.0761144859151862,-19.412204991951914,4.514995282867353,-13.733613244507428,6.39011049053375,0.5657065752349917,-0.3702345091650006,-0.5097281089796408,0.435544981628597,-0.955404685889182,4.066782996275828,2.470094653233444,2.9389107228982203,-0.09773236767595905,0.1192250656003329,0.13849026031344008,-0.05488389865246639,0.6331366683463244,-1.8690989951514747,-0.7779504053080989,-1.321120344750971,0.0034972655116705205,-0.010580838106412738,-0.010858817155344995,-0.0004413899250629579,-0.08026181163954087,0.20094071890242193,0.06373471900563615,0.1392256976882884,0.8651924541002276,0.19085482479326166,0.35823813643836244,0.903008573207125,0.5149570218466966,0.68019597427888,0.22897523605541992,0.728352595362789
wildapple_00119,wildapple_00119,1,-0.0901126988922494,0.6330056467441598,0.5843697297151642,-0.005386664615027348,-21.61863358163931,7.678921268109523,-12.247101731360598,8.509541606428053,0.20344668271878713,-0.5124094857385866,-0.6119625303381808,0.16040020087895895,2.6680958858783734,3.072398603997682,3.75650952595999,2.391429099543896,0.03201831810705565,0.1867445593855706,0.1937261665788242,0.057276655367590856,-0.5868716782872557,-1.4004895299472113,-1.391256697750909,-1.137116381664257,-0.007999969293182477,-0.016994070371468682,-0.016235106223284813,-0.011019364778506666,0.04084372564602364,0.12445185929653217,0.12230645527005429,0.10319461484580987,0.934307189437695,0.5197222174246926,0.5384017271450199,0.9708447296078981,0.5937639863879454,0.5921326444107304,0.49792974114098965,0.6774415603273882
wildapple_00120,wildapple_00120,1,0.05980837214132283,0.010756554672344336,-0.05877908622149856,0.10896549567655475,-26.91162349843485,12.908941438512903,-15.418160277276867,11.284708560565159,0.45238330771479124,0.3232031132583627,0.18745299502246301,0.4894277803432291,4.80017940344671,-5.872240432540064,1.6421292736010824,-2.9893247103486766,-0.10936680804807769,-0.0703926573144298,-0.04307369946641239,-0.10739652405816838,-1.0473916345474872,1.3018515232483538,-0.48386734872662734,0.5797377034530268,0.00689956592579807,0.0036407672723297395,0.00213759507151377,0.0059930640570694,0.0505766160680437,-0.08370305313368231,0.025400754784116044,-0.030615037536295027,0.837191074003234,0.6139085572531144,0.4990492485559417,0.9176187389780871,0.74866753864297,0.778021272736567,0.7303057974660923,0.6499409849809341
wildapple_00121,wildapple_00121,1,0.02495433198661065,0.5135960593217551,0.505272461473001,0.02256844273175682,-19.943746714102552,7.624775781365924,-12.96664768683538,8.61952145854018,0.3054884297036363,-0.29257498794880843,-0.45252569577664115,0.4386016668236896,1.1460589532801828,-0.2195134310030482,2.848111723797864,0.10778815199227237,-0.04902712162050453,0.10173197147875906,0.14104449241586758,-0.08574705487547221,0.011304081712648843,-0.40947558054914646,-0.8796339403475869,-0.47330254777926806,0.001331758125816469,-0.009767055480116964,-0.012700451338061651,0.004330969739372942,-0.02151908739358991,0.05415891021921621,0.06974018941297448,0.05921295110754162,0.829929959048445,0.42087712328566074,0.6268891183289624,0.8733785007508699,0.42336019562604443,0.7196742953495472,0.5236616540534516,0.7464711307417862
wildapple_00122,wildapple_00122,1,-0.016174265823724592,0.47972221674416393,0.47481972603785827,0.0031069843568881095,-26.141549720954163,11.489745737891782,-15.84245476784931,10.315560378729636,0.5134377252560945,-0.12019358499704962,-0.284570369278155,0.5612730454190301,4.956842061251332,-5.661641815691592,2.1064069891439656,-2.8997957445157985,-0.10028895603890475,0.06710367873788137,0.09859088347878049,-0.10457748050222236,-1.028436651538929,1.34751325051756,-0.4272911376910166,0.6584342117291472,0.004598133610425908,-0.008336608769271772,-0.010025047311427638,0.004591135643673481,0.05241020017951525,-0.09403218029424838,0.017533491828755025,-0.043212708514928304,0.7297207986964998,0.35304592072685703,0.4130314621548642,0.864845105681704,0.721686612789938,0.6858155448096219,0.5070899526261768,0.5753998701425116
wildapple_00123,wildapple_00123,1,0.04489226811463656,0.5232538586538846,0.5138781219015292,0.02841841883138923,-20.568815103977883,3.922802935849254,-14.364151296206435,5.956702439793212,0.23421377463019058,-0.32082604610967136,-0.4631957209887089,0.35303424688846985,1.446081543873601,0.7762280039949743,1.4242976969470986,0.37328275444586,-0.022594864462786683,0.12686837552058847,0.15289425764694475,-0.046611212402606364,-0.3216290532338593,-0.29222223703134653,-0.20207154426673812,-0.09299147971359444,-0.0011820798145330707,-0.01296590383380951,-0.014292273992634925,0.00026627739237602917,0.010468375948214417,0.03973672253211084,0.0006031179783259856,0.014674637816476687,0.904751046996338,0.6222885351949716,0.6745663352743776,0.9459004768229867,0.5227041121350903,0.560268683527277,0.5209505880694157,0.5010222973552012
wildapple_00124,wildapple_00124,1,0.04489226811463656,0.5232538586538846,0.5138781219015292,0.02841841883138923,-20.568815103977883,3.922802935849254,-14.364151296206435,5.956702439793212,0.23421377463019058,-0.32082604610967136,-0.4631957209887089,0.35303424688846985,1.446081543873601,0.7762280039949743,1.4242976969470986,0.37328275444586,-0.022594864462786683,0.12686837552058847,0.15289425764694475,-0.046611212402606364,-0.3216290532338593,-0.29222223703134653,-0.20207154426673812,-0.09299147971359444,-0.0011820798145330707,-0.01296590383380951,-0.014292273992634925,0.00026627739237602917,0.010468375948214417,0.03973672253211084,0.0006031179783259856,0.014674637816476687,0.904751046996338,0.6222885351949716,0.6745663352743776,0.9459004768229867,0.5227041121350903,0.560268683527277,0.5209505880694157,0.5010222973552012
wildapple_00125,wildapple_00125,1,0.07668323553160905,0.20697540502382442,0.12420445409990448,0.12152055396146044,-16.035843539820736,3.0614003826225713,-11.496252388485123,4.896436854054748,0.11550166655215299,-0.04255688055407881,-0.1275115171488313,0.20970261505807064,-0.4256784811773889,1.954669653204839,1.5597782047955329,1.8259388976252418,-0.0026494930946831924,0.05323869968639517,0.06516527255787784,-0.00950443104886314,-0.04499338765780058,-0.34657084142591316,-0.36791566061257097,-0.3317089276840556,-0.001621846564832721,-0.0069846340279064185,-0.007326583233589733,-0.0022020590199966646,0.015163154538612725,0.011034532191033892,0.023109698481563475,0.011646354132234698,0.3746713718291783,0.24076568585448,0.16608129043326048,0.5660490145513434,0.15167074043725082,0.41573387377649684,0.20990981319662028,0.45215683324078637
wildapple_00126,wildapple_00126,1,-0.18556786379094894,0.616294087672776,0.6181589437912047,-0.030511072681595898,-23.0056868542095,7.353933599551542,-13.761231671821072,8.432743061307285,0.5271478698350496,-0.42025778597472124,-0.5888884597489978,0.4762145625612149,1.1461527873851174,3.6373480530179907,2.844053747692734,2.1052615263656365,-0.0910930875015464,0.15881402181003873,0.1915058513634946,-0.07382801264554022,0.3187217364700211,-1.9962058380303596,-0.8830764742052115,-1.1952632747549765,0.0034708812642220118,-0.01586618415677377,-0.017680045105955947,0.0021377722474022077,-0.07507719698536462,0.2206974138379952,0.06630032820168837,0.132826139651094,0.8857530660125934,0.4140046533258678,0.5301434480265008,0.9650480369187237,0.8502401230170245,0.6094005739622794,0.5718316945815689,0.6884590882475957
wildapple_00127,wildapple_00127,1,-0.01424161974825762,0.6294948498343496,0.6213796892973444,0.003323745487451093,-23.145355527832837,39.7328899921258,-7.792374936146336,15.759377028636004,0.23527681931200273,-0.4785917318191656,-0.6168627289093205,0.37767549765337455,1.6216496344640778,-18.885748901562206,-0.2165399296129835,-2.0723015736069943,-0.024232419752797264,0.16256454500934756,0.18996676351358438,-0.056654638156494144,-0.2805016772865684,3.466591905703863,-0.3610993586322646,-0.05818179839665584,-0.0008380902369075555,-0.015192817590195404,-0.016816025336432967,0.0012513709630518892,0.011638444669889215,-0.192422431067919,0.04401313938149754,0.036210074309566825,0.8594274167206375,0.6519317676349858,0.7697156496958037,0.8373593854420038,0.29316171952586356,0.8749948235961411,0.7188282416710754,0.8944885395597718
wildapple_00128,wildapple_00128,1,-0.25979052860418683,0.6627585834851772,0.6689367516170899,-0.07007097320941597,-24.61532478052313,10.924312781665938,-14.317645351344035,10.154139758444403,0.6335170617233372,-0.2846411414119213,-0.48294819987587706,0.47561247958542935,3.973078488404351,5.089250880971939,6.570162800344023,2.348689968317252,-0.10841911111174618,0.10577032020420325,0.1496348134912265,-0.06270641666127443,-0.5446986581474402,-3.189484308130121,-2.1743625680404772,-1.579927656045438,0.0038016743836717702,-0.010822898247326252,-0.013772355028924363,0.0002928833968730301,0.0043034937651508145,0.3668841187751879,0.18834896734293083,0.18319301128602566,0.9154268171508086,0.4656168997735216,0.6264138341260671,0.9503677558157656,0.9299665799120812,0.7628852211364732,0.7617701089040588,0.8424906044013698
wildapple_00129,wildapple_00129,1,-0.1793010016164918,0.6490055878054012,0.6674028072056988,-0.0878585746530633,-24.420460388899244,13.792939645409733,-11.891003116233142,11.471126057832988,0.563280442631978,-0.15832383788767385,-0.3446035614336055,0.49998474044715424,2.5940284463814547,1.02472600851596,1.818531881671263,0.3784964746956932,-0.10628603231993386,0.05009923876944578,0.08674290870325757,-0.07063778238115671,-0.22013559052563564,-1.8503865898477199,-0.7124950898644767,-0.860370705784413,0.004495814558285212,-0.005687937817790312,-0.00773516097229513,0.0007603347539801444,-0.01909286827695714,0.2500813183793507,0.06344895557962262,0.1171987109855856,0.8635726063575022,0.5497162959650725,0.7189585942836478,0.8994895046665956,0.7570369195465629,0.8794129539319723,0.39881343044985484,0.8736912258477308
wildapple_00130,wildapple_00130,1,0.004821795362876849,-0.1208722394831703,-0.23822078563160032,0.05282744321257195,-19.93532036588877,2.777037541711745,-15.626116679026424,4.332667502322401,0.466172621695104,0.5229213779977973,0.4239547586268076,0.5061676550617128,-1.3623653369472914,2.1378199664061452,1.5943275690114023,2.9649712195386786,-0.1016104784501121,-0.12021343408677491,-0.10242794999569875,-0.10495748859259026,0.9520180676445225,-0.8173313781675604,-0.34619391289960294,-1.1600796891960314,0.005136424261989224,0.006686867589389889,0.006039135526122541,0.004822704614914622,-0.11337770774067536,0.0746863399559126,0.014266015258244806,0.10728815596304352,0.7490824860205809,0.8122320326834791,0.7727911277129672,0.789740189540723,0.5466751314523426,0.6061706295731848,0.3101475783265423,0.6304003604625079
wildapple_00131,wildapple_00131,1,0.09961018929658776,0.13395737630851334,-0.025633565502975103,0.4331039604364013,-18.748012064760214,3.5827804260560154,-13.245252188579283,5.5240776562754625,0.1792351097059362,0.17373173465094877,0.11184072474180354,0.1450378384027219,0.9839965148691806,-0.18155596779160013,0.5618716479839397,-0.3788808225395475,-0.028660578642809183,-0.026919480639780002,-0.01724012991034494,-0.0065005480146512265,-0.12334520497606784,0.0020883112046341835,-0.026353844447905634,0.052956205106622974,0.0004746295562046906,0.0002514479644220295,2.7933068140737436e-05,-0.0019462498224744802,-0.0053550893478904555,0.005010457192636537,-0.008915062176577313,0.0016145374193423908,0.7329549897612644,0.5486549797267111,0.43696208301600914,0.6165713633906018,0.5496360743759532,0.1794634397708883,0.3069065576204685,0.17498350204138957
wildapple_00132,wildapple_00132,1,0.11638294287187717,-0.031103929823256597,-0.1713155630776394,0.38587544852004896,-8.105990061682116,3.6245005805021107,-2.7976855975834507,5.269217894850389,0.2163656969248491,0.29424737596276146,0.22397656997458787,0.15976108495745786,-2.6166663321989025,2.5644050436891357,-0.24673450296395877,2.7405097336857085,-0.043574795133436046,-0.06226229668786693,-0.05154296872522809,-0.02058447371700625,0.8529860512028745,-1.0251323780216823,0.006591387428622613,-1.0496033627642314,0.001911130531245363,0.003220889169029349,0.0029942227512716364,-0.00030323745841415585,-0.07124984864344008,0.09949896465483138,0.0046570013797458,0.09792908967308556,0.7916109212254097,0.743992031164195,0.6897260097809625,0.7677119166115141,0.6163288772019688,0.5351295477532774,0.05522505617758078,0.48119231317082556
wildapple_00133,wildapple_00133,1,-0.1117857845757968,0.4967524529922575,0.4285471320184536,-0.06713012737137367,-19.07891987313022,3.962513060580182,-12.7760182252812,6.164073366410893,0.563441047076577,-0.004902310215376033,-0.1793509090209459,0.6309393751408582,1.3102232088225285,3.1002784690058163,2.5488127005341834,1.771745452949985,-0.12458829026164704,0.007658621370729051,0.04928798312390422,-0.13509170377244584,-0.12008253025424293,-1.4263399995836972,-0.7634462135499205,-0.8129976178441659,0.006837863021467488,-0.0025561144538519425,-0.005215623162681456,0.007086536813121498,-0.019767690633017164,0.1621363709623096,0.05824675570033225,0.09126383311310024,0.8475947562927015,0.564861447115331,0.5397733212480467,0.90372431516483,0.7000318770747387,0.6545735733776676,0.3735145042344151,0.5669846026165992
wildapple_00134,wildapple_00134,1,-0.1117857845757968,0.4967524529922575,0.4285471320184536,-0.06713012737137367,-19.07891987313022,3.962513060580182,-12.7760182252812,6.164073366410893,0.563441047076577,-0.004902310215376033,-0.1793509090209459,0.6309393751408582,1.3102232088225285,3.1002784690058163,2.5488127005341834,1.771745452949985,-0.12458829026164704,0.007658621370729051,0.04928798312390422,-0.13509170377244584,-0.12008253025424293,-1.4263399995836972,-0.7634462135499205,-0.8129976178441659,0.006837863021467488,-0.0025561144538519425,-0.005215623162681456,0.007086536813121498,-0.019767690633017164,0.1621363709623096,0.05824675570033225,0.09126383311310024,0.8475947562927015,0.564861447115331,0.5397733212480467,0.90372431516483,0.7000318770747387,0.6545735733776676,0.3735145042344151,0.5669846026165992
wildapple_00135,wildapple_00135,1,-0.13789845724257382,0.5726078982121594,0.5244541618305096,-0.08323517638597343,-17.432494606967897,10.956190747693165,-7.384340278584877,10.137208803701215,0.4322696804721563,-0.3325361174690815,-0.4777849906440778,0.4642239476168508,3.0008612553177416,0.07662702258898335,2.766648018187415,0.14250241241513623,-0.04368896798975379,0.15057605478485406,0.17584643304794176,-0.048179660881782216,-0.8945608205124834,-0.5609659443758839,-1.043444679776118,-0.34929236847887457,-0.0020335321229200615,-0.016644489205413383,-0.01766818868402419,-0.001955325620778845,0.06665605611128331,0.07522635226102774,0.09210910000460941,0.046151829042179106,0.9181021121229022,0.6211748512506914,0.6009067599647561,0.9370338208958664,0.6026048192945528,0.3814942207786137,0.6897002599552567,0.4400307322578382
wildapple_00136,wildapple_00136,1,0.0571495710767075,-0.11812371494380242,-0.28110770200087604,0.22740400702965358,-13.861212556130717,2.2945205794849297,-10.184373579592961,3.8030762356332835,0.21788968234915634,0.28509185614222043,0.25729718991609496,0.23704407299085264,-0.8982101452201983,1.8920056243054995,1.6141807067449736,2.197560853269463,-0.013612041956741545,-0.004880379137554953,-0.013953933865907132,0.0024784196324076245,0.2647489978867783,-0.4440495734651027,-0.3716112563433819,-0.5234753366370433,-0.002233819563331141,-0.004239481792280359,-0.002548526044345455,-0.004587686799391346,-0.021230281595975,0.030699622414100337,0.02524880044242418,0.03719434337227792,0.8608872502560609,0.871557978046074,0.8607034310547386,0.8589173571326667,0.14494623057842948,0.415191143473413,0.6711021992654154,0.5272210860022024
wildapple_00137,wildapple_00137,1,0.04909383559571132,-0.10160026401798754,-0.204635363420227,0.22083444705214167,-12.778425659712541,17.61750974263209,0.33223009465493003,12.712750482107392,0.3791774640791514,0.33423385105931014,0.2583758039313747,0.32630440277397266,0.3202525961952577,2.83725294737202,-1.106337485307209,-0.5186403801038353,-0.0808082524326651,-0.05666383617513233,-0.04745062774609675,-0.058706091203515706,-0.4456523925931008,-3.6822594430480677,-0.6867975016229995,-0.5275346909840739,0.003998362543004667,0.0012797388480976241,0.001440259496687663,0.001906709224989111,0.04956321139435857,0.5409614018627231,0.11894831159447965,0.09560434465228823,0.8486773539898211,0.7851814153517613,0.7434770522009444,0.8903659930134936,0.5400271876314933,0.6545920510187868,0.784212928798165,0.791768206451834
wildapple_00138,wildapple_00138,1,-0.04346690412815707,0.5727608991883597,0.5273831991793276,-0.00828370685664999,-19.625141234694038,77.98840926049043,-0.5129849399919485,19.083398454724527,0.4865060104643004,-0.24849523303506568,-0.4069484279505791,0.6228648582761133,2.487323137873925,-19.54333686002494,-2.1926080154331364,-3.1017945806458433,-0.14126917869836592,0.046691198584473376,0.08952786752132824,-0.18005451300220626,-0.9428109773711987,-2.798673578113582,-0.0019981582741882844,0.15228461918845473,0.010829142796201884,-0.003617431060646228,-0.006752609978141054,0.013884476066666485,0.0764115807011484,0.8667658201137812,0.035285804062170995,0.04478384259392913,0.9072601181753697,0.6239376059761018,0.7123185151002972,0.9354534054026351,0.42724603501445146,0.7514396593387963,0.4341641418905746,0.7490713085289326
wildapple_00139,wildapple_00139,1,-0.043586184665488456,0.577596713798215,0.539164577850677,-0.027412468475768663,-18.446408069381608,2.7308412689409054,-13.822647979232098,4.459959478319041,0.5597208707895627,-0.10903636815529123,-0.2698090490028911,0.7052311357079937,2.116196845344822,0.8590897512880943,2.5025954895910054,0.9475267983535929,-0.13906985858630475,0.03248360107987507,0.0688714273261349,-0.17106616867788146,-0.991125970133963,-0.035754134225648326,-0.8332541216417828,-0.043904777204322835,0.00933230079452558,-0.0037290942149632213,-0.006105226267212314,0.011614619778165039,0.0994528960634149,-0.009756234500521087,0.07132630555066592,-0.009672349781611779,0.8293711799625213,0.32383151727202686,0.470512248919739,0.9412282339059852,0.6983487562384354,0.596254228589152,0.5564425712600936,0.6186327315322551
wildapple_00140,wildapple_00140,1,0.07997349069794842,0.08834974004915253,0.02672203719107946,0.14390880205301596,-13.918059238278005,7.574981807296078,-4.996357364534292,8.648082484500009,0.2093980681345475,0.15856901500078407,0.1198854130463644,0.2481989970445515,0.2990870152070751,-1.6933288986970396,-0.27288233962724656,-1.039652251792298,-0.04522733007351268,-0.032228726155862385,-0.0255361826892829,-0.048500699180609765,-0.06441759166614064,0.8684206034963833,0.14840475757757,0.5271238694079683,0.0027484603946893965,0.002073182987820621,0.0017134037005216477,0.002875654586600239,0.00423746669921048,-0.09476397669567709,-0.01642000765881248,-0.05689586759042546,0.7033191183030216,0.6334746318633094,0.6178298917652408,0.6386177119973047,0.014248950248110681,0.33067880655110937,0.015710592637498633,0.3687217841456636
wildapple_00141,wildapple_00141,1,0.07997349069794842,0.08834974004915253,0.02672203719107946,0.14390880205301596,-13.918059238278005,7.574981807296078,-4.996357364534292,8.648082484500009,0.2093980681345475,0.15856901500078407,0.1198854130463644,0.2481989970445515,0.2990870152070751,-1.6933288986970396,-0.27288233962724656,-1.039652251792298,-0.04522733007351268,-0.032228726155862385,-0.0255361826892829,-0.048500699180609765,-0.06441759166614064,0.8684206034963833,0.14840475757757,0.5271238694079683,0.0027484603946893965,0.002073182987820621,0.0017134037005216477,0.002875654586600239,0.00423746669921048,-0.09476397669567709,-0.01642000765881248,-0.05689586759042546,0.7033191183030216,0.6334746318633094,0.6178298917652408,0.6386177119973047,0.014248950248110681,0.33067880655110937,0.015710592637498633,0.3687217841456636
wildapple_00142,wildapple_00142,1,0.07997349069794842,0.08834974004915253,0.02672203719107946,0.14390880205301596,-13.918059238278005,7.574981807296078,-4.996357364534292,8.648082484500009,0.2093980681345475,0.15856901500078407,0.1198854130463644,0.2481989970445515,0.2990870152070751,-1.6933288986970396,-0.27288233962724656,-1.039652251792298,-0.04522733007351268,-0.032228726155862385,-0.0255361826892829,-0.048500699180609765,-0.06441759166614064,0.8684206034963833,0.14840475757757,0.5271238694079683,0.0027484603946893965,0.002073182987820621,0.0017134037005216477,0.002875654586600239,0.00423746669921048,-0.09476397669567709,-0.01642000765881248,-0.05689586759042546,0.7033191183030216,0.6334746318633094,0.6178298917652408,0.6386177119973047,0.014248950248110681,0.33067880655110937,0.015710592637498633,0.3687217841456636
wildapple_00143,wildapple_00143,1,0.07997349069794842,0.08834974004915253,0.02672203719107946,0.14390880205301596,-13.918059238278005,7.574981807296078,-4.996357364534292,8.648082484500009,0.2093980681345475,0.15856901500078407,0.1198854130463644,0.2481989970445515,0.2990870152070751,-1.6933288986970396,-0.27288233962724656,-1.039652251792298,-0.04522733007351268,-0.032228726155862385,-0.0255361826892829,-0.048500699180609765,-0.06441759166614064,0.8684206034963833,0.14840475757757,0.5271238694079683,0.0027484603946893965,0.002073182987820621,0.0017134037005216477,0.002875654586600239,0.00423746669921048,-0.09476397669567709,-0.01642000765881248,-0.05689586759042546,0.7033191183030216,0.6334746318633094,0.6178298917652408,0.6386177119973047,0.014248950248110681,0.33067880655110937,0.015710592637498633,0.3687217841456636
wildapple_00144,wildapple_00144,1,0.19622085041972875,0.13629484233079528,-0.004483476415220104,0.28791836366960494,-18.174126800453415,6.283937007729686,-10.088023642842346,8.014647053437766,0.14065413697908022,0.14865966818280632,0.10775085482635495,0.20876655955281506,-0.029366361040500194,-2.032211619990692,-1.5345565740615406,-2.048605178180329,-0.014863087085593233,-0.018893055762950483,-0.010593210880189058,-0.0340364828899309,0.013015270129683187,0.857578852513336,0.6195733820109528,0.7988864826452929,0.00021912042272909685,0.0009287170350852654,0.0003488456555218877,0.0020806921288521593,-0.0016750367320333874,-0.08701423043646497,-0.0629104674749044,-0.07754097659615089,0.8771625236144415,0.8951748754656375,0.9067022399525031,0.8789612047251698,0.0028034318105203404,0.2587515157646372,0.42250307300234347,0.23278201294930245
wildapple_00145,wildapple_00145,1,0.19622085041972875,0.13629484233079528,-0.004483476415220104,0.28791836366960494,-18.174126800453415,6.283937007729686,-10.088023642842346,8.014647053437766,0.14065413697908022,0.14865966818280632,0.10775085482635495,0.20876655955281506,-0.029366361040500194,-2.032211619990692,-1.5345565740615406,-2.048605178180329,-0.014863087085593233,-0.018893055762950483,-0.010593210880189058,-0.0340364828899309,0.013015270129683187,0.857578852513336,0.6195733820109528,0.7988864826452929,0.00021912042272909685,0.0009287170350852654,0.0003488456555218877,0.0020806921288521593,-0.0016750367320333874,-0.08701423043646497,-0.0629104674749044,-0.07754097659615089,0.8771625236144415,0.8951748754656375,0.9067022399525031,0.8789612047251698,0.0028034318105203404,0.2587515157646372,0.42250307300234347,0.23278201294930245
wildapple_00146,wildapple_00146,1,0.19622085041972875,0.13629484233079528,-0.004483476415220104,0.28791836366960494,-18.174126800453415,6.283937007729686,-10.088023642842346,8.014647053437766,0.14065413697908022,0.14865966818280632,0.10775085482635495,0.20876655955281506,-0.029366361040500194,-2.032211619990692,-1.5345565740615406,-2.048605178180329,-0.014863087085593233,-0.018893055762950483,-0.010593210880189058,-0.0340364828899309,0.013015270129683187,0.857578852513336,0.6195733820109528,0.7988864826452929,0.00021912042272909685,0.0009287170350852654,0.0003488456555218877,0.0020806921288521593,-0.0016750367320333874,-0.08701423043646497,-0.0629104674749044,-0.07754097659615089,0.8771625236144415,0.8951748754656375,0.9067022399525031,0.8789612047251698,0.0028034318105203404,0.2587515157646372,0.42250307300234347,0.23278201294930245
wildapple_00147,wildapple_00147,1,0.19622085041972875,0.13629484233079528,-0.004483476415220104,0.28791836366960494,-18.174126800453415,6.283937007729686,-10.088023642842346,8.014647053437766,0.14065413697908022,0.14865966818280632,0.10775085482635495,0.20876655955281506,-0.029366361040500194,-2.032211619990692,-1.5345565740615406,-2.048605178180329,-0.014863087085593233,-0.018893055762950483,-0.010593210880189058,-0.0340364828899309,0.013015270129683187,0.857578852513336,0.6195733820109528,0.7988864826452929,0.00021912042272909685,0.0009287170350852654,0.0003488456555218877,0.0020806921288521593,-0.0016750367320333874,-0.08701423043646497,-0.0629104674749044,-0.07754097659615089,0.8771625236144415,0.8951748754656375,0.9067022399525031,0.8789612047251698,0.0028034318105203404,0.2587515157646372,0.42250307300234347,0.23278201294930245
wildapple_00148,wildapple_00148,1,0.026130039578482152,-0.09341470423674623,-0.08256350347678511,0.041833534378163235,-12.243211622270872,7.231032211203234,-3.3889074921999054,8.508925276587215,0.014942350633100076,0.036865149525389176,0.007740426968039914,0.018118362836175454,1.0860068877259055,1.7426803336294832,1.018994368408051,0.47330634245799896,-0.0036434467747850515,-0.006347116586365226,-0.00041834828549662485,-0.005260007361776046,-0.17488764033016224,-0.9399562353839751,-0.29725336948058056,-0.32288705204599794,0.0003096600377269907,0.00023965736394842538,-7.369461023176994e-05,0.0005726680616662728,-0.0024623692555738688,0.11569924597769334,0.023949324127876325,0.043537700429717954,0.11412331911561446,0.06318399504107175,0.007911139110686527,0.12107944435384832,0.24233961644829205,0.3383109483695135,0.11427761079481247,0.2559270391057733
wildapple_00149,wildapple_00149,1,0.026130039578482152,-0.09341470423674623,-0.08256350347678511,0.041833534378163235,-12.243211622270872,7.231032211203234,-3.3889074921999054,8.508925276587215,0.014942350633100076,0.036865149525389176,0.007740426968039914,0.018118362836175454,1.0860068877259055,1.7426803336294832,1.018994368408051,0.47330634245799896,-0.0036434467747850515,-0.006347116586365226,-0.00041834828549662485,-0.005260007361776046,-0.17488764033016224,-0.9399562353839751,-0.29725336948058056,-0.32288705204599794,0.0003096600377269907,0.00023965736394842538,-7.369461023176994e-05,0.0005726680616662728,-0.0024623692555738688,0.11569924597769334,0.023949324127876325,0.043537700429717954,0.11412331911561446,0.06318399504107175,0.007911139110686527,0.12107944435384832,0.24233961644829205,0.3383109483695135,0.11427761079481247,0.2559270391057733
wildapple_rect_00000,wildapple_rect_01,1,0.025175967691237706,0.3701020567254582,0.30394177274270434,0.03605957058343173,-17.223818076468547,3.686274729651485,-11.656779268323579,5.692711877931004,0.3592392416922794,-0.06011821790080929,-0.19366245415239058,0.5254960624235006,-0.03649846310126867,0.7193706148003665,0.2584127464552395,0.5514409786521951,-0.06961464343595304,0.041728892775849215,0.06850116232256868,-0.10057034330579603,-0.1276411570287349,-0.3490047485421231,-0.29082838875176037,-0.3145443459972866,0.003556760714989463,-0.004966620104199264,-0.006593302908268844,0.005461290027156006,0.016949847061784398,0.03782841837404322,0.03713558049919479,0.03652506672181767,0.8142710698697022,0.15848098984244152,0.2167317401227159,0.9369951988086992,0.3491703564149441,0.21679384432887727,0.8344997542182522,0.2318727554484472
wildapple_rect_00001,wildapple_rect_01,1,0.0175244821448399,0.39565508112762854,0.3294489390470759,0.03216047686609423,-16.71419367798855,2.917245280075659,-12.156312626184834,4.721555262291876,0.3702872282863933,-0.06441601300759893,-0.19208455369586006,0.520760514699513,-0.9963359539659052,1.256804536798364,0.6854482540864474,1.1958151514741835,-0.07507227367836858,0.03725265393041684,0.06239066677756638,-0.09890450045337387,0.10768274223902473,-0.3732613023173955,-0.42485240035769706,-0.3323917300276561,0.004129573503670667,-0.004208637326203213,-0.005726337319973745,0.005306124442605042,-0.0014755869220598177,0.032573018656170315,0.04802344927344478,0.028603059287167113,0.7933371130051712,0.0974311257465702,0.18709035827166398,0.9284859401678413,0.6811183788049275,0.3303183120559584,0.9099932911842906,0.3425689458422003
wildapple_rect_00002,wildapple_rect_01,1,-0.01623345993138162,0.4803750048758396,0.42043566432866086,-0.0005930273821845527,-16.40830826601694,2.73677505489438,-13.017405669733183,4.5186094926637095,0.3801710038791964,-0.18466698425260164,-0.32598172018807015,0.5435140631974679,-0.2462752867557151,0.6142345388937036,1.9574470753479085,0.5295787303461948,-0.07660156263561725,0.07516293744788424,0.10346203155057633,-0.10318814627664925,-0.17185809210078637,0.11377956510075571,-0.5728228431259286,0.16140045052285557,0.004190057128908526,-0.007676837237956327,-0.009384795129675452,0.005498383457612494,0.02362407224944947,-0.0272543047235548,0.043295178041211996,-0.03191937302181566,0.8565540767063653,0.18037239337556643,0.3608904831645826,0.933882556570451,0.7486958361527921,0.607699969461807,0.7556554172176069,0.662070080714558
wildapple_rect_00005,wildapple_rect_01,1,-0.037700769153766404,0.5307663945537613,0.47426657965688873,-0.015139093735451378,-17.497043504574197,4.835302265999441,-12.045230018367548,6.695168673897448,0.42001351329290815,-0.17286606913521113,-0.3227324757488467,0.5720496745188784,0.06878131156721987,-0.3771740290420376,0.9275269707933572,-0.33816480139832666,-0.0807648197644892,0.0685254582304716,0.10212767378576249,-0.11046991819007812,-0.06270150131154581,0.08173713185840761,-0.30328841585487404,0.07047160858964162,0.004015329495331999,-0.0071039374804857955,-0.009407486305619129,0.006003624947760429,0.007103440590383181,-0.008916966303097174,0.024816154859563167,-0.00813937995482913,0.8973412645741407,0.25125330172274063,0.459234217032202,0.9427741285072962,0.02787055404987515,0.24619132470460414,0.527432436985331,0.20918095970620065
wildapple_rect_00007,wildapple_rect_01,1,-0.048093600620321204,0.5280136095755025,0.4721569601785049,-0.01991754409038544,-16.80880299649211,3.1901472603377314,-11.627081110580399,4.978166383140082,0.5527303602988705,-0.03912158168497539,-0.1912655080890369,0.6496267302168727,0.7421900988678749,-0.18942718773891867,0.21788771895914427,-0.35907067489154176,-0.12915730873043346,0.019770068297912592,0.05335849117149008,-0.14279680976490924,-0.48199595907839465,0.20977436142324324,-0.032652101585808044,0.30848020157770023,0.008140404886112403,-0.0030876095547820647,-0.005175955650029766,0.008759768247002283,0.053198723047223485,-0.025722594028806316,-0.0006623961967064408,-0.03612345360739937,0.877589523996965,0.4494665014252155,0.5001002156622021,0.9600347021485295,0.42457687129106725,0.48117809364352315,0.282767511401263,0.43786372786393657
wildapple_rect_00010,wildapple_rect_01,1,0.008310159718991648,0.4816024113785129,0.43118912929838266,-0.0003515625316073734,-17.752951492955354,3.8099052682406254,-11.993302268907815,5.852542332368118,0.3794408412048353,-0.13649134130941465,-0.3018526999605075,0.5642402734134393,-0.0558739335016247,0.963017061185243,0.8647207875166782,0.8408234248997725,-0.07804353253231221,0.04970099698768291,0.09007835005978476,-0.1145796674380311,-0.02308506073162257,-0.28516141249038474,-0.33846558790858633,-0.24899232381806838,0.004287651969520456,-0.005027098844599245,-0.008006380739236115,0.006701887989736557,0.0012236128857258711,0.02236287177063013,0.031589222019100756,0.019670569930427116,0.8245244009755228,0.13015338446981672,0.37148770445249846,0.9196948868187527,0.20168466850031186,0.19437971303831614,0.7920023911782521,0.16366400231749367
wildapple_rect_00013,wildapple_rect_01,1,-0.020148713653623612,0.5485808298443294,0.4812818246357359,0.0017846599644565837,-16.68208721937636,3.1314124131286607,-12.07026820166109,4.985009421871734,0.4185914800488264,-0.16660870540709663,-0.31379138873446477,0.5671320927721099,0.047287077395835396,1.8429805093064509,2.1533211456613377,1.908008368380851,-0.087381127581278,0.056921040099033406,0.09184822374027514,-0.10954444629474808,-0.032898324785855484,-0.5194844151550335,-0.564137170164678,-0.5343544587322254,0.004971678827150026,-0.005599230189215043,-0.008099955986395018,0.005870603704636881,0.0037431540621004466,0.03874167270670306,0.04101823245997879,0.04001541533907486,0.8585059395306487,0.29951094616696206,0.5160553140882433,0.955030845310478,0.006669168665152214,0.4718958693135791,0.6058363140196441,0.527137950641057
wildapple_rect_00014,wildapple_rect_01,1,-0.025708176204607074,0.5858194236502496,0.5208294340832658,-0.006327474581528445,-17.14343428376839,2.4104535075565434,-12.866370081555354,3.9552397300239943,0.39940945488484464,-0.2067499899911497,-0.36541240309024986,0.5813173023551426,1.044596805702229,1.310215781096253,2.5337847069569936,1.5592767400854024,-0.08096777510764679,0.06942583825358577,0.10741880637879803,-0.12099620003910368,-0.33466966012854343,-0.31243524941171735,-0.7115478549993269,-0.3575790044162756,0.004289486415643708,-0.0067954555229105115,-0.009496275613065612,0.007145127913011508,0.02615183288286079,0.023118579866189547,0.05387229861141157,0.025873033630868812,0.9021396167744995,0.40497419291434533,0.5798671563436482,0.957035915915539,0.2689212741968887,0.579779839423521,0.8189748383115028,0.6107077812092492
wildapple_rect_00015,wildapple_rect_01,1,0.029544281946236057,0.4613130237116952,0.3859926301873085,0.04582746959093902,-15.918977301752975,4.116058541570558,-10.524555863567665,6.111267276832424,0.29735553005322407,-0.1339233244458831,-0.2755145045026893,0.432763016294865,0.891754757180085,0.9812788376072118,1.2928492549660373,0.8876789607920049,-0.04807388229610646,0.05496574981839623,0.08847379793304115,-0.06215893057904713,-0.4585841720594375,-0.29858242491376236,-0.4490563115465795,-0.25680822441215423,0.0017508168692591537,-0.005248665470968595,-0.007712838117672934,0.0013601558678077923,0.050457287829554935,0.02007849285696141,0.0401850816665345,0.015616584519371864,0.8691004048880112,0.12015282678368588,0.30466221962644036,0.9227324707235062,0.8465193755813714,0.6608664232081347,0.4724970477240584,0.7085176689491083
wildapple_rect_00017,wildapple_rect_01,1,-0.018092973595548418,0.4956730836720176,0.4326933329981386,-0.005479013758964573,-14.855634086051527,2.339543550493599,-11.146714426109234,3.7551345204422355,0.3985274759621874,-0.14523645794935627,-0.29622689158552185,0.564852052002346,-0.9031553514554513,1.230950738170285,1.3798793982106556,1.7640363828977956,-0.0852842526947671,0.0553009552332809,0.08887769879362,-0.113482728634771,0.05258779607591349,-0.24796697040800106,-0.5327580582828014,-0.38541299369636023,0.005090968886723423,-0.005553131462121834,-0.007838445931974053,0.006527262859780178,0.007110325132681242,0.011687907811999895,0.047765197255947286,0.02135722966757121,0.8512783993726057,0.14142914532698536,0.37738290798227025,0.9406395783578124,0.6925311377536825,0.6616939503895989,0.5280379617831337,0.7074861626260042
wildapple_rect_00023,wildapple_rect_01,1,-0.01258675313008572,0.5111734343297547,0.446921147518988,0.011176265719714234,-16.6625593287243,3.0767560382547616,-12.075271447656462,4.88443283977794,0.4132014242359262,-0.11384946096038058,-0.2668043726404738,0.553256214359804,1.4886060358784794,0.24029599504324997,1.171247412391658,0.22652041533599437,-0.09060300539670837,0.04040783887237184,0.07579310961446645,-0.11161859729428038,-0.7324634728145817,0.007815975670479149,-0.43442243797300323,0.014297720780586732,0.0053244820604529414,-0.004343703426796984,-0.006721409794996778,0.006340973690678969,0.07443084224962525,-0.0052096060184770275,0.041353685537000265,-0.005596037858493604,0.8254820436723789,0.2696385267260891,0.4351489473110738,0.9235030371276918,0.7603207715155095,0.1704784350311921,0.3157294954676796,0.11404100741904466
wildapple_rect_00024,wildapple_rect_01,1,-0.04743837166502622,0.5134640268304126,0.4539835976267391,-0.03078652809684333,-14.433329232996893,2.523212421068736,-11.288611073669093,3.9982023513135996,0.4063332681184964,-0.150015768550691,-0.32092283836876273,0.5799268130545627,-0.14481817612863593,0.8936955864001099,2.2011936676563577,1.3455154663788949,-0.0918944133405282,0.048605677417733445,0.09035781827791545,-0.12464041624306907,-0.20169512653590516,-0.2169161420147684,-0.8619037282175389,-0.3346194072454137,0.005698488010448659,-0.004866890496376792,-0.007916983964881205,0.007873681606724851,0.027717276441484785,0.012864221578459678,0.08112164636905628,0.02067954214416581,0.8383513709163614,0.25815916889730117,0.47749073456302926,0.9065911849730635,0.8593622408986585,0.6831865807896471,0.6640345461650975,0.6902156506805635
wildapple_rect_00037,wildapple_rect_01,1,-0.0024054001300844556,0.47734529849593355,0.4278322225718787,0.009184165095741203,-16.616709067624416,3.3747320855694816,-11.566801339737099,5.278094399217353,0.3681864973697848,-0.14964400059894628,-0.3110713777354069,0.529710682049866,-0.53574763837105,1.556200440606487,1.2638831551491778,1.6848118036229878,-0.07670260596864358,0.05499064447915116,0.09370584261010959,-0.10504408048473875,0.00935296974361466,-0.5107360979502857,-0.5178360872055737,-0.5500801123100852,0.004251833273660677,-0.00544682741335667,-0.008232871945382933,0.005934229873195997,0.00842332612673355,0.04404673679691339,0.0496148196291273,0.047410386849518135,0.8257901445002187,0.11805645817063626,0.34955564327171684,0.9104028970784119,0.5187274968016247,0.6988842652743956,0.372124811555673,0.7163935503011949
wildapple_rect_00039,wildapple_rect_01,1,-0.06683309255803713,0.5702922082308559,0.5267222528204762,-0.03232867887356414,-18.180495067715075,3.268329958028943,-12.575323162111092,5.25302702704615,0.4559235339765018,-0.16943895881847726,-0.3464285817204243,0.6453339175121577,1.6461390294505023,1.5714418229487241,2.516020371710599,1.59995477706422,-0.11459711215308893,0.03758967452525324,0.08330170968466818,-0.1608816137380121,-0.5790333544045284,-0.5518313070289738,-0.9412580130511912,-0.5916514145763052,0.008066302409410976,-0.003055386264065306,-0.006541502948925647,0.011758505529018495,0.05196929084314632,0.04916872620530288,0.08772657095806982,0.05450473561767049,0.8485893608829226,0.3008982249105453,0.528048147051845,0.8886514526459159,0.34861879277860186,0.2456518441391251,0.6342920324639973,0.28510469692134177
wildapple_rect_00040,wildapple_rect_01,1,-0.15833763364037368,0.6315772973678326,0.5950092533885525,-0.0641898855454068,-17.162786106149895,2.2739550211975454,-13.328978545936726,3.9388846438587577,0.7186122521983513,-0.08705580598186913,-0.25873996383909675,0.7310298130891842,0.3897024162922189,1.9599943937981008,2.789696350762576,1.9697971200652271,-0.20320221388913554,-0.0007651903831854229,0.043091779181661245,-0.201329078194705,-0.1752522107056597,-0.6380866487360664,-0.8500847643419278,-0.6098221076497776,0.015713375495277005,0.00044954991476101194,-0.002719289721977539,0.015594093213704469,0.013932315246172432,0.06259890999542386,0.06931630581786878,0.05856486559650008,0.8418637656463686,0.4611288386032891,0.573249484815352,0.8725567740188955,0.447716537454535,0.6587025848396149,0.7046726033531823,0.7167631120796685
wildapple_rect_00044,wildapple_rect_01,1,-0.052308272863017896,0.5501458495855326,0.5030872111744944,-0.02883477850506591,-18.955499671969115,4.3666489017845995,-12.694422810073865,6.379719971275934,0.42439577893785996,-0.17951962127098953,-0.36441123698438843,0.5917178890520016,0.6593378979873616,0.02294239871778928,0.5989681027768271,-0.007701197987495369,-0.1009732386607399,0.04371304295602303,0.09558106798807639,-0.14097266967984864,-0.27101601709147943,-0.04423044182810827,-0.22824975535788225,-0.034879424376574764,0.006515670295408992,-0.004131751341952224,-0.008198623376136471,0.009589936532494079,0.024228681805609276,0.006175072812124054,0.017299097100792443,0.005495151379137386,0.8926776041946867,0.5098033980381758,0.6456007760196304,0.9048437624015022,0.3670003796426069,0.04587470878179967,0.7232975866357865,0.05055085430623396
wildapple_rect_00047,wildapple_rect_01,1,-0.035371906328115044,0.597233623491995,0.5506722311573947,-0.001970365940712868,-17.48096855127157,2.771061971374103,-13.110867680281707,4.3923715012154,0.5471425652386265,-0.09730735208306988,-0.2630490166807752,0.6686030106777441,1.7201661456120012,0.7397357213066105,2.522412285395207,1.0285143995239907,-0.14902796608623636,0.011730078478783202,0.052510703662894044,-0.17511533768744206,-0.6576592898073591,-0.20172212800400668,-0.814641205566808,-0.28369441713450283,0.011136904547208792,-0.0008783211762254852,-0.003727354071658049,0.013004692561361119,0.0587742410527999,0.01973142554025332,0.07129844411525556,0.026784181747627332,0.8354232079687381,0.4335838525133612,0.5668170431762611,0.921200766662594,0.6282511763099863,0.5425185958684706,0.761494439080757,0.5840026302405836
wildapple_rect_00048,wildapple_rect_01,1,-0.06671619769604964,0.616640596227212,0.5694823751621165,-0.025837267837202797,-18.84438063010724,4.210763644923744,-12.54353600471052,6.241636080735226,0.6533101779671128,-0.08708612786398989,-0.24611081442396524,0.7061964569803649,2.064346609903928,-0.12970221683926858,1.917576315922438,-0.3561879648331759,-0.18360266855313523,0.007061710911782813,0.046371814765608595,-0.18772677822165493,-0.748987514945815,0.057817721026433455,-0.5969802188800709,0.13242356258940455,0.014005968198303345,-0.0006207325166524091,-0.0033820927439426832,0.013972680651785014,0.06687354443762526,-0.0027603513045480295,0.04683062318537979,-0.009030424029735423,0.8295695467153805,0.47342943960685446,0.5756589929276109,0.9212950736869561,0.44241998800256954,0.2181779712204176,0.6998500689383154,0.2836386875547261
wildapple_rect_00057,wildapple_rect_01,1,-0.10596210568232824,0.642906964728326,0.6038102101760371,-0.026555915193800378,-17.957469861057195,2.9873094225947465,-12.94398139016054,4.683809436194334,0.5085954932960273,-0.21515810542872937,-0.40164586570527727,0.5755967099648256,1.777042872991262,0.9979553062510789,3.507032924964632,1.2939523732041418,-0.1267654001434956,0.04644304932421675,0.09580495853372124,-0.13320948153298767,-0.6740953860795321,-0.21204548183144245,-1.2479713560177694,-0.2895422869956855,0.008603484442224767,-0.004016162263173045,-0.00765686501476047,0.008659936464156463,0.058713409138336115,0.016516342084547695,0.11337560548712741,0.022386087371240853,0.8778258743287638,0.6063086839048613,0.6897148472936374,0.8849264713187193,0.9834933969653291,0.7556587942674957,0.8693774259355225,0.7709563147791982
wildapple_rect_00059,wildapple_rect_01,1,0.005900391396151945,0.4422226015365481,0.38486830579737735,0.023601464814309716,-16.519030360275185,3.826691779989935,-11.3710981582261,5.822093640627329,0.3307534157683225,-0.11458368336279216,-0.2681974102225562,0.5213004736495859,0.6671436924295258,0.1028212613754467,1.3501754159559016,0.05579105637847907,-0.07314722892617175,0.03444271204485133,0.07116089166984663,-0.1078412622632658,-0.3308591020384703,-0.05177537533705855,-0.47957100342381154,-0.03675780139555445,0.004423783232128725,-0.0031878406821627824,-0.005879996861848564,0.006429708647457022,0.032137413163049924,0.006143694251102771,0.042351196086394156,0.005009688756949546,0.8219524298903083,0.11677146970558305,0.4012723042949332,0.9212368816964505,0.9300718400866533,0.05885190617089231,0.639505782096542,0.0588880535044336
wildapple_rect_00063,wildapple_rect_01,1,-0.009988178351862997,0.5662604127869462,0.5224681274231633,-0.004483034368603485,-18.37029113173178,4.155286959133614,-12.92865412566084,6.200362952834936,0.4019288992403305,-0.16770465837584572,-0.34053789328096296,0.6113675792871535,1.7162682007668366,-1.1547948876523946,1.5709673197880794,-1.3749646976507406,-0.09908727019569315,0.03522785563118644,0.08061410228291391,-0.14760525336134242,-0.7021568936558306,0.49476541026106513,-0.5249127806357232,0.5804431998060967,0.006803002519418934,-0.00273418139591059,-0.006185210142355157,0.010350438585090906,0.06698444174674119,-0.0494568678853605,0.043711665466092973,-0.058079194195718914,0.871840286152912,0.36731345426366735,0.5618199201581642,0.9376986374763143,0.40236363204118175,0.3661292129701905,0.5267292046995602,0.3819286654830917
worldcover_00000,worldcover_00000,2,0.2171582520966451,0.33648313040083083,0.20885445437196498,0.3060953802231585,-19.71650754757615,3.434581291110704,-12.651114514287801,5.381997910708844,0.07855712113993876,-0.05142377098164847,-0.08998392676077173,0.15230297108018193,2.059620824720575,0.16079626779532646,-0.585106162223344,0.11484002052371192,-0.017736078407151697,0.012611582068911838,0.018200741306721346,-0.017988186087701197,-0.5303800600893498,-0.009502747980019481,0.5116124559708805,0.010665021508614826,0.001029141920595775,-0.0010715040820415537,-0.0010639573776661708,-0.0003731145401193665,0.03625617417589633,-0.0019559495707020496,-0.06377831764324257,-0.003973609041490349,0.8718294024135107,0.76976048297261,0.9086283329100774,0.9246246398779809,0.5412297489815376,0.09956494377392422,0.8771325674860835,0.09294002696507986
worldcover_00001,worldcover_00001,2,0.05250047046558101,0.11854159470760466,-0.028178169307383528,0.39884737585530083,-12.754446818507043,3.3055556106037294,-7.732511296124571,4.960938104051846,0.14402000335620593,0.11400828374520182,0.10655364410449104,-0.022881157577983296,-0.7298984346541914,0.2671121588227897,-0.3064243377855628,0.5581444020067103,-0.012205662274385807,0.009199408128922145,0.0002131199069095898,0.07271945147545295,0.4335630626599393,0.13554528022794374,0.5031748968651006,0.05221837977159875,-0.0012294056611971656,-0.0036026787652511847,-0.002341621593017175,-0.009559248131935033,-0.048175273977401775,-0.024051152371320227,-0.0656322491811666,-0.017030238509864057,0.7641411452575416,0.7722097429296885,0.714497169095017,0.9318763494457194,0.38838458567629464,0.5170931262003985,0.9413661580603586,0.5272419577343717
worldcover_00002,worldcover_00002,2,0.1327964885288011,0.613315908746286,0.57203876949621,0.13208877069480515,-19.68050507455365,3.669947089844899,-14.190276089436308,5.6657402795427245,0.08690975895757326,-0.018811974970121312,-0.10898543912030416,0.22367823803945167,-0.7398256738793093,1.4659281803407722,0.5987841958648579,1.4416573399050658,-0.014600232087780555,-0.03531163072947306,-0.026217993840704307,-0.01363322346822,0.498698651169732,-0.5923513196439546,-0.12247313813653157,-0.5805430530559526,0.0005347553707083575,0.005791172987282888,0.0059699442689166065,-0.0012557841461114298,-0.06121370754963019,0.05968324308504298,0.005848780130544738,0.05796559999309724,0.952138795475408,0.5927692090856308,0.7104636683547161,0.9372230288767319,0.8844776105259994,0.46336078458616003,0.38562830634747836,0.4218757406901169
worldcover_00003,worldcover_00003,2,0.01590473924505029,0.01178603207297462,-0.11102263685880237,0.17526269229975644,-4.417577930535205,5.029757795521362,3.619421351268317,6.98794916278924,0.28807610523114724,0.2496415717113344,0.19396747063313152,0.34828361868858243,-3.142207699304083,1.7247436992008063,-3.7006485383918664,1.5118679924015235,-0.0639764411406895,-0.04745796273635825,-0.04526909514939099,-0.0697607434802239,0.9757127899936613,-0.9045354845698425,0.9014897959119145,-0.8325193381552372,0.0035887969091584256,0.0018098254340013968,0.0025935633616013835,0.0035989785736257247,-0.08283757980767875,0.09846935760871935,-0.060360594664312796,0.09117736489973563,0.8359967631274667,0.9449010109647819,0.8296732542259891,0.8605426329016351,0.6671252627810316,0.469236332910016,0.8253527133424559,0.4912840626967617
worldcover_00004,worldcover_00004,2,0.010772175702081761,0.33712883203318583,0.25910302502752197,0.057078331426689964,-15.719549599852956,5.485515333916084,-8.486408641115025,7.322424220586338,0.2578178911391102,-0.18984294001249535,-0.25752508976600186,0.42767466709668134,1.8171479428096957,0.8676838154787406,1.5253789830486812,0.6872427874899428,-0.05559244914487109,0.057530171376979564,0.07403145143480007,-0.111236268138408,-0.4811219812845808,-0.6967835999952751,-0.6669462716019414,-0.5932452905455108,0.0030003357184197575,-0.005184603850310198,-0.006494466210668436,0.008066112956389627,0.03476413123780277,0.08760403607841871,0.07074484012953022,0.07447621302003678,0.986307712826169,0.415290545362486,0.620010472461642,0.9548178320918813,0.4455450016754292,0.7231351274416749,0.39783832814545605,0.6516407489774214
worldcover_00005,worldcover_00005,2,0.08699826267014399,0.37057472471937974,0.3211181049771378,0.10306547040289007,-20.19506487908963,5.028063863802415,-12.809919755618216,7.00550793323217,-0.023776283749763163,-0.12523840818672416,-0.15840510617468562,-0.07184057511270896,2.15528334013726,-3.215585927311178,-0.36639690799350144,-3.2072865918428444,0.07779940199081613,0.05196144085103302,0.03635916978249821,0.1212126350038365,-0.5603947302344278,1.2519520613923845,0.30791344528702935,1.1845659524314913,-0.010805528309394474,-0.005102991822617828,-0.00238711111285169,-0.016144521402740718,0.03446867102661369,-0.1180610861448625,-0.04379510114147845,-0.10846844520925837,0.8380054790557203,0.0832531505443661,0.15902497256484371,0.9474853158414247,0.3687240959481858,0.4448738656290563,0.7992395711436645,0.5181466276611947
worldcover_00006,worldcover_00006,2,0.11608838622073159,0.6244357350197701,0.5907654705824273,0.13001585977547084,-9.028109095970464,4.782564636642569,-2.3001655405612786,6.7810149205062284,0.1646924337797533,-0.11012841169796268,-0.19857573686611082,0.18085443683796482,0.8351608742866267,3.615702247938152,4.009847237661265,2.3687141248466634,-0.03824269261102046,0.0022146795348170776,0.01816272862997402,0.0036567961756800685,-0.07903607864698282,-1.5861691373183637,-1.399390419607657,-0.985199606565375,0.002380719679374289,0.00138916361211527,0.0006178815030690464,-0.00370319191404063,-0.009283335711629601,0.17342577098920947,0.12672141393711445,0.10383246238330161,0.8171731152906603,0.6107137112978396,0.77570803045741,0.9609643345961538,0.6030427673212785,0.8700186299651185,0.7397937995336537,0.8413712517238517
worldcover_00007,worldcover_00007,2,0.24771464945931881,0.7577501363826517,0.703837104367487,0.18504329996578542,-6.863937521227198,9.750645156017375,3.064821052695254,9.914466168059707,0.037451495154764425,-0.11923554504201526,-0.189046058655968,0.047852779132507045,-0.34362858970936166,0.19694800871055537,-0.6275619138907967,-0.02070011138331641,0.007481916093166335,-0.006200299505547559,-0.006848884077170144,0.060832964828906946,0.24586264543098413,-0.3584334925769847,0.348624015591757,-0.11652469442196492,-0.001861026915269032,0.0032511233831896994,0.004539880318322565,-0.009418382864407803,-0.02969232112476015,0.05637925172554695,-0.03846680113991936,0.020489205784155612,0.4856145144937344,0.6423793195465879,0.7102235531161598,0.9077054439490627,0.28854697122986417,0.7389642068648161,0.2465075384709967,0.7014285988254509
worldcover_00008,worldcover_00008,2,0.1190157068626208,0.2716126983815978,0.1836505211663976,0.17813586703304027,-18.711682693851067,6.8591262745424295,-10.052010807663166,8.161328081399333,-0.034336215242404794,0.0310111867175206,0.03017036364753653,0.04405164356446991,2.1497807326426193,-1.1006157877365592,1.2005224923270554,-0.4798776610069606,0.05160670171686042,-0.014310068769372072,-0.04325386669660076,0.0632132382728803,-0.3848945963966925,0.015849908996996367,-0.3368455379146094,-0.13661189910024849,-0.006864377781440007,0.002378158609975441,0.006659889450259091,-0.010374922027830214,0.013451135810450907,0.017644593341712145,0.02241662523132207,0.027682293695318695,0.7096426657356676,0.33420197552326036,0.42703903016526745,0.9814719592966575,0.4787592843294417,0.46575945610577174,0.8525981076024587,0.418689131613147
worldcover_00009,worldcover_00009,2,0.09226631710733628,0.559625790877775,0.5133088025631316,0.048570124601776135,-17.53197430722364,8.661885270591478,-10.351637788388018,9.397840448695831,0.08368559107663194,-0.2890495100901235,-0.37260130760333776,0.17409261815722962,5.050677807036749,5.294550635821213,7.651137523677076,2.24385428976893,0.0037964005200280732,0.07424052407989244,0.08665550184069244,-0.010281381249685802,-1.0602897787148244,-1.8930887565059193,-1.6445626311154538,-0.8382134602242552,-0.0018399296032989398,-0.005383372081048553,-0.00570395331114831,-0.001088021812264368,0.05271456048287556,0.16609264313607908,0.09164200515815916,0.0754900266111389,0.9256375627272779,0.6035049933361003,0.8118849568364622,0.9743359279455598,0.1924862679283933,0.3980087973596619,0.2916977474193412,0.3965591881589098
worldcover_00010,worldcover_00010,2,0.174928852696353,0.7371481232570887,0.7114410925317897,0.15034804335146296,-16.506597423667788,4.812727398688997,-9.883597446867567,6.7062354009803595,0.108297316496263,-0.03137734145044413,-0.13597663489007814,0.2886195463084034,0.1795829175192616,2.8893365714854395,2.146677065009308,2.064063888286029,-0.02210282428168987,-0.0749478408042743,-0.058715400612586385,-0.055902527008221674,0.1434574617170254,-0.9999913820059109,-0.5417557768855418,-0.7324719399527079,0.000898679171377253,0.010902407024093343,0.010338404996678078,0.003308121679407172,-0.022952053870660793,0.08446100709760065,0.035839383865730295,0.06343779993878672,0.7151438943165523,0.8414368661061774,0.8246935877199346,0.8547783872320887,0.7085621850450448,0.7376206953397899,0.8263327353538489,0.8712199786727463
worldcover_00011,worldcover_00011,2,0.28260933798321164,0.5597917342727834,0.4971679485205445,0.24157933484424218,-17.45683178941287,4.919437571745745,-9.48357587389273,6.899022006391034,0.049780081484726096,-0.01611373195099435,-0.11656603063382766,0.22988011297725527,3.073429781043431,-0.803026749033657,0.7975019338336257,-0.8016905017628387,-0.009381063067636922,-0.006445738789323188,0.007585946712400877,-0.02073976449120109,-0.7132872326817321,0.1718978621552253,-0.02709302894196225,0.16829781460035043,0.000281670019199449,0.0014974641227963113,0.001448784211669319,-0.0010671994902870753,0.04336449124082114,-0.00918949292193462,-0.013089524158252553,-0.008752973297098818,0.5249018528288298,0.2458297575247419,0.6149140952483514,0.8481617848703074,0.9117642037278152,0.25008918309349326,0.7727055145758426,0.222387899590047
worldcover_00012,worldcover_00012,2,0.15052278651943787,0.6036972701549536,0.502536377841325,0.14375668583494192,-15.173705674629884,4.366502096214411,-8.897735745672248,6.332468726537682,0.005934905412269589,-0.009886305956614369,-0.13272897945162665,0.1491229927965579,0.8454485315363923,-0.2379938797005445,0.7515339238462542,-0.48512282333530327,0.0011276983523896902,-0.05740620018470838,-0.03009468885022712,0.02840191849962956,0.15497166840492219,-0.24398103126020879,-0.1611290548125106,-0.14671753156418807,-0.0002650885157367726,0.008384572962919862,0.00657600692339298,-0.006039917356137062,-0.043470204070704524,0.05523741398767714,0.012747034073632181,0.04054241520280896,0.23476773335830659,0.7276896845474989,0.7986020820323279,0.8856016161784138,0.9179147880574342,0.8860178499176522,0.2843041709316183,0.6134391829467094
worldcover_00013,worldcover_00013,2,0.1270656617687421,0.3865880144364906,0.2510079700838437,0.30157135833393417,-19.245824942207598,4.287220738641481,-13.30690380613548,6.006110769771894,0.13410445587261158,0.013670432011759149,-0.02964950654478332,0.13597613194632177,1.467832962484551,-1.9340599720229157,-0.8383040627277989,-2.248737360250467,-0.012586213365237651,0.004140775957148935,0.0036436017941345964,0.009808912679746512,-0.37873033651930194,0.6750423101924694,0.48826948183059493,0.826871030635385,-0.0010972286772829394,-0.0014595439412979252,-0.0006029587803465045,-0.0044579110061279455,0.027771290835021938,-0.06203468610001135,-0.05498122719686018,-0.0786747288428496,0.8613213496172429,0.5445935331280884,0.5357908949402936,0.8806556925652756,0.31135624152628005,0.5165317002509253,0.7753634060293422,0.42785661866599134
worldcover_00014,worldcover_00014,2,0.11573801551448504,0.37549258407318187,0.246717522993232,0.10285148837349668,-20.697469561405658,5.890392724345598,-13.12259428547287,7.507066318445953,0.10663151979513646,-0.018057259893606428,-0.060581031950220125,0.2790363733730614,1.242247469423924,-1.4642049652285871,0.35887190904181065,-1.2415110637917788,0.0061967765433690565,0.0206001648655185,0.022690435081268782,-0.023540759757483536,-0.19419438744186182,0.29139975976035565,-0.06410028801082182,0.2551214600329933,-0.002913251906664515,-0.003042937754982645,-0.002608916543499387,-0.0010583271281887933,-0.0028981835289251783,-0.010807763774687913,-0.0030897256369216797,-0.010425876164800672,0.8172775093874296,0.6714345670729236,0.5679148455354157,0.9088832649203124,0.7958402509162446,0.6207759808891877,0.8720292668922507,0.517407866140438
worldcover_00015,worldcover_00015,2,0.14677903303484177,0.3684020277225607,0.22759396052270225,0.20874602912050272,-16.305060144643235,5.872944557928553,-8.617494538662282,7.694286845320447,0.017916880016536796,-0.03349375411395033,-0.03312013063964177,0.07362962868951638,1.0773158222759782,-0.6740730058106634,0.7208889459377028,-0.656919254598925,0.035948022282681506,0.028077928147790733,0.003395864756140957,0.043689425470250995,-0.14469753721473186,0.08008143650385603,-0.12846606362844548,0.09446621422137898,-0.0057032901916081805,-0.003263063540663382,0.00046161996351196783,-0.00701572858926022,-0.0004222737686702693,-0.0009546409233339119,0.0012384890486959927,-0.002957737075273316,0.7565786064337989,0.19664513044379073,0.17902586593916647,0.9461126419611956,0.8744879700307486,0.2773159508951085,0.635918166352111,0.28741383039693547
worldcover_00016,worldcover_00016,2,0.10528125667333606,0.3712419510790792,0.21375112596786341,0.09695749504096726,-15.035441084363423,4.219166696203796,-9.156908346530043,5.920149747018124,0.2927682483947639,-0.04599882508554121,-0.10752402588961589,0.5202917532906632,-0.2902031482616258,0.46207760394071906,0.31283152258937025,0.68361248312108,-0.03950332378448619,0.050100851610496384,0.054121665721073804,-0.10944906564114897,0.2316387813734002,-0.3144703564281971,-0.07735930293474466,-0.37312675540957657,-0.0003535440320984816,-0.006877053679540904,-0.006291348298992777,0.006071849867249954,-0.032857778712697336,0.03613414017044863,-0.0009771108736507015,0.03945516496736088,0.9059730074089954,0.5988688180776789,0.49887657721991363,0.9374135904780846,0.7115340447158656,0.402566629423766,0.8646113098791208,0.3595670464655687
worldcover_00017,worldcover_00017,2,0.0979279269751688,0.3340903619925176,0.23105788592136245,0.1639339165254077,-14.353733808880701,5.3538019816820785,-6.745763534770178,7.258366069958864,0.12100802650505757,-0.05313935592060988,-0.11701042072049185,0.3052986112851946,1.8940352376995784,0.2630834355939577,1.997036107857353,0.307723554118434,-0.006261181621173742,0.029148700336615235,0.03517076290853609,-0.04046504015659367,-0.3215041475236904,-0.2398622216746665,-0.409185299968955,-0.24260959446726313,-0.0016570640104308248,-0.003374345600605012,-0.003100074432564503,0.00012516621688400784,0.009392873273646959,0.02799116500559644,0.017057055056675388,0.027599696945392483,0.8675122162423043,0.3454342100212705,0.3045641565202458,0.9275064451910604,0.678936468496253,0.5773445598600895,0.9573193594399159,0.5638117174093858
worldcover_00018,worldcover_00018,2,0.13564155749842327,0.5968894037333404,0.5540060233889209,0.31750810913967337,-11.03460891509416,5.635247519579113,-3.4881856558416984,7.486397430313947,0.10191718266516316,0.04245317348885112,-0.05855472208488642,0.1294995862103647,0.4692244592763983,-0.4304347279503333,0.6195987163400785,-0.2906579536695769,-0.027872614752900243,-0.05968790807765278,-0.05334545178459816,0.011924141090669601,0.02660107317968112,0.044840257822145665,-0.12071361601255003,-0.07856482630950896,0.0020629668203882056,0.007911199045301687,0.008875818415121585,-0.0041551212921287035,-0.011942650976769414,0.0014038746203382775,0.005613856553170094,0.016411119025111217,0.760449514955352,0.7268518360217524,0.82565049817186,0.875249036197567,0.35658184177094354,0.025196228723749048,0.09984466448828688,0.08638721657248805
worldcover_00019,worldcover_00019,2,0.003959650124432905,0.3020907622395132,0.2336123188336686,0.026503708665118742,-9.835931788117588,7.698177029942558,-0.42015075288818515,8.985438314951452,0.2841395955954825,-0.03601833625090476,-0.1677917452558634,0.5127579058623968,2.7616330330181538,-2.872923278235526,-0.24128067403074618,-2.563859223818283,-0.04922669982278725,0.04909247640133291,0.07092436615909845,-0.08688961438737887,-1.247128403513468,0.6621523201673106,-0.396999470659501,0.6937304663934143,0.0015524720455050418,-0.006824035602010264,-0.007619267122613061,0.0033824790193877894,0.12207591813507665,-0.027133804767926758,0.06347179429209343,-0.04309615203128231,0.8745721135584339,0.4506510026577699,0.3943876417774087,0.9792139189683177,0.7674402313621063,0.8939469196363669,0.5909007668582575,0.8527793233751277
worldcover_00020,worldcover_00020,2,0.0729902207558101,-0.01750853437591663,-0.09901702240335215,0.1737581520821112,-18.247287863822915,2.2296628633735773,-14.645970392406076,3.5887977371530617,0.20993054130684421,0.12309119343343689,0.05493175590943003,0.2765644255966413,-1.782176149492993,1.6951906077376182,0.4878945643818115,2.296240422091024,-0.042228561323798326,-0.010625354562648112,0.0022930471252779576,-0.05079479718750149,0.3664821634303599,-0.39259119396459957,-0.21503074191127353,-0.5788403165205156,0.0018639455113006803,-0.0011423169588199846,-0.0016568252520466453,0.0018617052095706828,-0.022038298065777444,0.025741033465014947,0.020743983768529626,0.04183207868653721,0.847191059470671,0.6916977936515464,0.5964534224915192,0.8162408902788993,0.531219966372795,0.3499063635621036,0.08849333800811676,0.40082180170017057
worldcover_00021,worldcover_00021,2,0.31011944373329026,0.3922864361242809,0.28309829126704755,0.3460876639142185,-11.95756734759707,6.252056693390435,-4.166602926986234,7.974347437091731,-0.04161754235120533,-0.06136842131141581,-0.10475947441799259,0.20747874074038974,1.8691564144637538,-1.8718360906899083,0.7440788826137722,-1.7340378528380724,0.03448323785279603,0.03955831886692465,0.03627726792063539,-0.03874442877965568,-0.2799966903019182,0.5868983938836709,-0.09326948818378634,0.5125487251777329,-0.004694934644233058,-0.004826217250089441,-0.003473732056039746,0.002187829803336748,0.0040327771662828586,-0.04627202313062376,0.0007199048825693213,-0.03857037606567888,0.9855810955034877,0.7414154734988656,0.6378926408101269,0.8834546504009122,0.7194793541392579,0.11230505346129283,0.29050630984668824,0.18109597841156155
worldcover_00022,worldcover_00022,2,0.09285826536390276,0.3523559067398312,0.23620860363272123,0.1834913198695035,-18.656419167211382,4.960337224993411,-11.864266184813891,6.72146771936654,0.06152687248649094,0.006191956699781135,-0.04679794177516509,0.14608419189850508,-0.3683238755957933,3.785219652906058,2.368741050374315,3.067576903410569,0.0016459940135597677,-0.012797543158133733,-0.009995930779773565,0.003772492306831033,0.4308149635846401,-1.6355347577239812,-0.7669591453394383,-1.3266104734398068,-0.001623282602426303,0.001121472101658576,0.001791414040413609,-0.002966144771286934,-0.05633363748252961,0.16278313046708232,0.06374222845932713,0.13213666227879262,0.7587974908420597,0.4138486213251352,0.518568892018904,0.8592793663074704,0.9147133508419586,0.8955580568410983,0.7449033535130135,0.9160986177802249
worldcover_00023,worldcover_00023,2,0.03784690572580863,0.47662789893872665,0.4351516599682228,0.043217796775879475,-16.641339547148903,2.7208620280564926,-12.166294371469832,4.467390394208942,0.1598542343785234,-0.3948504331388637,-0.4963460431419422,0.34060453630924686,0.17573397264187843,1.878516974259361,2.337549876836709,2.182112662306587,-0.00840161147384661,0.12429099512645297,0.14193999545156813,-0.037850688135017595,-0.08101467207967349,-0.5098818462927067,-0.692499568324937,-0.6119227300872581,-0.0016648992817568302,-0.01011939084326679,-0.01097517795484475,-0.0007397321457363096,0.008585163229651525,0.040543434375401206,0.05851536880805722,0.04956251888482978,0.9852647811147812,0.5229911147348217,0.6507633634385342,0.9802062297487876,0.013741918869051961,0.5030448950082187,0.3741083019174136,0.5930854410678688
worldcover_00024,worldcover_00024,2,-0.036030397528839506,0.7169452616662705,0.7500389818892347,-0.06379181572772324,-23.586435608790584,5.184715019834368,-16.402376557454673,7.088916902295897,0.3519844606138453,0.22905520373393481,0.10350390573933785,0.36385190072709644,1.9624419469478551,-1.0361961543603029,0.809896888959231,-1.0049799643576325,-0.05168251855541682,-0.14487974610163507,-0.1387321759999052,-0.013647224465702578,0.022867066789909785,0.27494266271498397,0.30009969667387976,0.2881053036229912,0.00024171392941810076,0.0159715043023379,0.017523913202111142,-0.005141911144201374,-0.03800600380163582,-0.017236588755352875,-0.054226069255326824,-0.02073281214917787,0.7663133939727731,0.8326325280673289,0.81946064146009,0.8235648959604752,0.6228517017024997,0.5553157325477978,0.5055902473809128,0.4096427834745868
worldcover_00025,worldcover_00025,2,0.14427027187098798,0.4177847920042099,0.35935561087998485,0.16771846693573655,-10.667803654856607,3.746821309293226,-5.38276307117555,5.605978751422065,0.015504291818993604,0.07316753256415519,-0.05260592775921998,0.4172767293122074,1.2764367573693245,0.6123908160290313,1.872604366630183,0.7393707783879676,0.0022082012165822087,-0.019476095093535026,0.0013397115552838742,-0.07459082415738655,-0.14438711383171735,-0.1511420129782776,-0.24370153684362464,-0.18457912526062645,-0.0006986023873427064,0.0014345715142259601,0.0008866823833398122,0.002765766749478347,-0.0018586458097216774,0.010018425916754189,0.002921940261871648,0.012440964206733636,0.43772214191960523,0.13698573409222703,0.4233289201692998,0.958741544552819,0.7163353849161335,0.09125270379021466,0.9264649616473546,0.12703277306927596
worldcover_00027,worldcover_00027,2,0.09365043512819932,0.6470233716747975,0.5743076449090776,0.027402285825123298,-7.481151834504693,6.268767384040528,0.02049750733496838,7.930188396051787,0.40087140535838783,0.001894421520687403,-0.13778798471367484,0.48707521600382603,-0.9095928897726754,2.3369473479371217,0.9745060625950067,1.3834318856723444,-0.08227198080968666,-0.004016361743598832,0.027094797090147307,-0.08730565545298305,0.43865521435722643,-1.0820200339106347,-0.48747308248616933,-0.6969184093248484,0.0043029207069798635,4.2648252212644645e-05,-0.00197501115576184,0.004238108229456513,-0.04672968671907952,0.10589745696885705,0.05077267916193574,0.07058832356821997,0.7589971135273557,0.59810934806693,0.7663068803927175,0.8423081190841912,0.33594876878735147,0.4787476030050175,0.27004889498272155,0.4371493275372309
worldcover_00028,worldcover_00028,2,0.09625909766662225,0.5490911864873128,0.46786351276166466,0.02381725360949812,-15.572777112943953,4.4961117016323815,-8.731333445963852,6.457860477988348,0.06692638396994348,-0.2250921515718335,-0.24624135753228563,0.20575166665135874,2.93313551150473,1.048806636393743,2.7765401213138667,0.9579293225419235,0.02873401619014662,0.0789857488367464,0.056019213808563464,0.034347807012853164,-0.8765661589613335,-0.4445003517772759,-0.8592898173368292,-0.4018806288637354,-0.005301674057137093,-0.006740468845825001,-0.0032957601502086272,-0.007865510467025971,0.06841653503468334,0.04524356345558983,0.06973535401975642,0.04062508258171545,0.8008830970064391,0.2913079247545596,0.3636261022234907,0.9584778458636143,0.6490862198542817,0.6322627110531382,0.7213667097040899,0.617062378328389
worldcover_00029,worldcover_00029,2,-0.042680236028738876,0.4812178250515089,0.44180570813742426,-0.01713399066251087,-17.488807015722784,2.0824007014136114,-14.08296397366331,3.4040967209080395,0.3401626678738605,-0.3056457427640749,-0.41190525123642485,0.3077968830734285,-0.8673314801074828,1.8057956907759725,1.8146953301765818,2.3799764502356653,-0.028038284749460626,0.12631436133378246,0.13581402515952198,0.0077824715385818,0.18165104155063788,-0.5386920148093758,-0.6209006316121662,-0.7023185603342307,-0.0022905213189706544,-0.01235865762062145,-0.011923191203462963,-0.006932917447299745,-0.013798295731429041,0.044263105775949683,0.053173983463998216,0.057699501794251665,0.9313193103145034,0.2944981106612913,0.3292335048202295,0.9813513818368423,0.7110231288680476,0.604820356400628,0.6114134666940916,0.6375008903578372
worldcover_00030,worldcover_00030,2,0.3768449838357818,0.5993493036790322,0.4708421194192127,0.30693169931570674,-20.971368458107385,3.541398874017102,-15.60251798324071,5.537082417934014,0.045170763454096124,-0.14421124921904616,-0.18887122696827274,0.2562956815910718,-0.7864490365485779,1.5604860631798045,0.721478612447493,1.367433755983007,0.017677454225249287,0.05534218612945431,0.05577435994367565,-0.02316991913886301,0.4495094154029129,-0.587879739492721,-0.08310596770034992,-0.509258544335914,-0.004165954045387004,-0.0057753881420751964,-0.005081246484710703,-0.0015907527671919883,-0.05529600935914411,0.058566093892202804,-0.00517194009157506,0.050136274398953365,0.8257798925436756,0.5957590766235179,0.6308495714772426,0.9735723664503109,0.6215291038202041,0.42534431953421326,0.8825793974534416,0.33024566225807095
worldcover_00031,worldcover_00031,2,0.16330179338547232,0.5695254965261978,0.4715461658708976,0.3960324697422256,-16.971926300095518,3.393402895163588,-11.856965363660386,5.343253021468637,0.1208559179440003,-0.00833301293471506,-0.09752401898777681,0.13267345348047843,1.3492864134284137,0.684235948375146,2.070224057424074,0.6949649209140233,-0.020973191188966404,-0.004912315444512796,0.004130235611102289,0.015015221196851673,-0.23200713842343,-0.20373311795643576,-0.4074649411777509,-0.20006863528675126,0.0007089862064612099,0.0013784925744991107,0.0017095494149911288,-0.0047765461483387055,0.004099553312155532,0.018852964105945953,0.017552384796486447,0.01816663828742137,0.8343264648828908,0.6682754923075082,0.7877049096338822,0.9476289930613165,0.9341177492803739,0.38989582120024247,0.9399750574487583,0.37008352307773307
worldcover_00032,worldcover_00032,2,0.17071624737784408,0.633818863919287,0.5072639859987029,0.2814982452175826,-16.615513743528673,4.140301818704891,-10.542033235879469,6.074670148391584,0.03539230561838001,-0.04140543417325101,-0.048771336911216906,0.05711330733602079,0.2911594387860068,0.2661825556845109,0.4409148020166877,0.18591707392010814,-0.002670505048972839,-0.012683013558903859,-0.02797116919771411,0.05155052851030822,0.33967647290041825,-0.08741595023851641,0.2891743009431134,-0.06939506403081806,-0.00021705021205627582,0.002601386621744953,0.004939011853150644,-0.00829872955577541,-0.05878450718598168,0.007953526976618707,-0.053476024283678335,0.007317486734214625,0.5595449891664791,0.7661363933029889,0.8397412398348539,0.9393882407544798,0.7928549452236434,0.007210493930840722,0.8238517256987905,0.010897333037562351
worldcover_00033,worldcover_00033,2,-0.013587440227195295,0.6773376175851534,0.6383185623721659,-0.03180669276326102,-19.58974257047855,3.5437967614837054,-13.914511515662456,5.429803861179057,0.0808556803223463,0.2952998843457948,0.3418593635220827,-0.02362042387193395,1.5683651112763493,-0.47884846911169865,1.0224691292510903,-0.526853505943294,0.05130355969277323,-0.15578603228449273,-0.20479901283334295,0.12056762224024956,-0.18181205072354673,0.33956184830996217,0.08358390611623416,0.3678714868003329,-0.009287950899857582,0.01651785289398346,0.022602640525108606,-0.016679556401813334,-0.003950420293943306,-0.03606039203432256,-0.026820081218624284,-0.038809351068210415,0.7059971471491927,0.8878624697034565,0.9229500833153872,0.8411560922919484,0.9808804296944308,0.6720864302289294,0.8139371993573404,0.6313378083718999
worldcover_00034,worldcover_00034,2,0.33602962432148703,0.7375252273949704,0.5903051978710923,0.48398419582482527,-14.432068133127418,6.434996505139203,-5.652337907451769,8.022910539403817,0.07985053803465245,-0.11668171118649191,-0.14075579931811666,0.15288384684494571,3.098672601816667,1.0543885888717868,2.23539737222281,0.8803881807188562,-0.018372263518349304,0.005820089733445695,0.002491387292678164,-0.028078574445340614,-0.7522884736558105,-0.6669592220613998,-0.6384317186474836,-0.5375096874960623,0.0009902482107904149,0.001365994037401807,0.0023339123587415743,0.0016077233083320477,0.05140412775192706,0.07509285486035404,0.046212057794484035,0.05960394396729031,0.9646722563918391,0.8303612036716171,0.8435521230759717,0.9215990379273301,0.8809575177517498,0.6031479303951517,0.7367050284576775,0.5978023364514253
worldcover_00035,worldcover_00035,2,0.01642274251430777,0.49757200479507413,0.44598087442643686,0.049138652781645344,-17.51777373800057,3.475410185373302,-12.11582109037282,5.378941406380875,0.3793796126464944,-0.027675509925872768,-0.12803425758130987,0.34663486616715566,1.4920780562558837,0.7765854624960976,2.322130904012517,0.6579902266355528,-0.059385641244187534,0.010278305482296813,0.016675730062511673,-0.008388331426041522,-0.29575861744322346,-0.2060482289523052,-0.6032376285103902,-0.15244948972150463,0.0013535726082249306,-0.00029546436336306425,0.0005415169277576389,-0.005365958644284139,0.016318504391957613,0.013915199707607335,0.0411594668236858,0.008539908192099908,0.8777708632818985,0.471663847007873,0.5715572788260348,0.9221784004011121,0.7032750662116918,0.15374309068117664,0.6605485385100103,0.12910597372815824
worldcover_00036,worldcover_00036,2,0.10482627197893593,0.55042322567015,0.44958822113094904,0.2749791393677391,-18.437567174964528,5.770012996549676,-11.251920494719073,7.674195799998333,0.23151976661356324,0.03955973968619349,-0.03401171226823174,0.11134370026134367,0.0567891610723174,-0.14592894236349058,0.35483038194319505,-0.27835253673599375,-0.051922309310700174,-0.018744627441162537,-0.01206023065429735,0.0420749050875503,0.309555446733108,-0.1667393402173132,-0.007893645096327288,-0.11992094065324735,0.0029288484300261796,0.002166958469333058,0.00272566606902112,-0.008293843517700822,-0.04661720961668333,0.02235680222398823,-0.008135628016597314,0.018757132131128677,0.8403119594241311,0.18912985982873154,0.5034310310305667,0.9456582555859729,0.7523175035508418,0.49086504769453077,0.7839190311999145,0.48720263675655273
worldcover_00037,worldcover_00037,2,0.12716109850132978,0.7426926358179614,0.7135657654567201,0.0728175546409499,-15.963879807468789,5.6341788968755075,-8.978220745583592,7.331339923282371,0.12321464039654666,-0.046009482490638444,-0.10277879711181455,0.19304747019140536,2.9432027519745296,0.6508443770363583,3.698218792694428,0.07288943451336828,-0.0039048619004465783,-0.023461788247673938,-0.041678728914751016,0.027807754452352302,-0.337573364719853,-0.4095593606473789,-0.8315199753363843,-0.11604445539514573,-0.0015780639136134542,0.004070568641628876,0.007844623780310754,-0.007565906384226044,-0.010884903184386462,0.05425045803992324,0.05551512132715814,0.02071087374384261,0.7286981132901216,0.5543788913951029,0.72346227816991,0.9263487543786869,0.9537368123177093,0.5543012785386197,0.8556837095431427,0.3774686521366949
worldcover_00038,worldcover_00038,2,0.1636338521273659,0.5910555192015385,0.5431622549552804,0.2984620874578317,-21.24314761853797,4.154494967998458,-15.061363474628491,6.1297599603828985,0.11774657310332012,-0.13288753337803327,-0.2901056727453592,0.35317960878213145,0.18658900440639195,0.4650773249768638,-0.06328785020713398,0.49285303496484717,-0.031060358117995082,-0.005546607399657774,0.03233070931602993,-0.09711321878742842,0.19535939825144297,-0.3351971472078587,0.08580775347974308,-0.389207992705611,0.0022130601276042373,0.003317220644517388,0.0009030946577438229,0.008086874177961627,-0.03447942497435495,0.03819054567416476,-0.013904383928085488,0.045433675214721365,0.8772265831741431,0.8842036650648287,0.8902682632504644,0.9811266453564329,0.6920800712397441,0.5384428052115204,0.21197876847856223,0.4723427808581664
worldcover_00039,worldcover_00039,2,0.31412649901851003,0.7136551177862915,0.6458277607505967,0.16805796550981944,-23.54809575244287,4.273302841454979,-17.61807133894955,6.262016275626086,0.14507745916783776,-0.1714120779245617,-0.28465063958650494,0.30934362988623315,-1.044666920204799,1.0106319054456925,0.8711013069497558,1.1766999556101019,-0.023212188357494556,0.03806128323852238,0.060039826189026535,-0.03811768961675231,0.595175851245944,-0.4722793761428356,-0.24411031523316837,-0.5554708646620937,0.0007956881791932743,-0.0022401323523184246,-0.0034410981743624577,0.00015866545715716732,-0.06328808860767783,0.045826546156165736,0.02120086622061249,0.05430279241610477,0.7566756684951593,0.4885370845241285,0.70744819286289,0.9927522363117528,0.9004892611700601,0.6625385081157303,0.5758822798436445,0.6812391444935866
worldcover_00040,worldcover_00040,2,0.18999273814788423,0.6808153770186688,0.6092676181684847,0.17512010534604294,-18.40551697898804,4.743515559935699,-12.522491840653988,6.783675798642776,0.09412848661874303,0.08024710948978078,0.10650896736317106,-0.051135335886288165,1.6995059100700836,-1.3565838875673444,1.0276927697569034,-1.4080827058498269,-0.0017287213431628906,-0.0642183795893862,-0.10281918462349716,0.10798558841148989,-0.34785328111733677,0.5392517429537645,-0.0801935411191598,0.544349692022819,-0.0014403362056027678,0.00775367405378457,0.012771842116960364,-0.014217161469989338,0.018240258842295513,-0.051574485215745515,-0.006069126790354333,-0.05122341987856105,0.38307152238945164,0.7066773267632023,0.8137608952736622,0.8964080870408203,0.5414565522223549,0.48380195907285495,0.6459512558484422,0.48768746413233643
worldcover_00041,worldcover_00041,2,0.18489067323719988,0.4383651988975924,0.24241438146793445,0.36987389624118727,-9.210790097875893,9.462496584575888,0.09219330701116203,9.460840267817083,0.04524731871596581,-0.10658966655295918,-0.09826304609813344,0.015116579594120681,2.055911802820445,-5.701767500251495,-0.08042113678865886,-3.3303539234510486,0.04185274614189147,0.06593637865085088,0.05539493540148708,0.06117538398220414,-0.34326811303389904,1.8557501873487579,0.22920056654049428,1.0761068036040071,-0.006746995352484144,-0.007096954894186259,-0.00572679003681799,-0.008454984260929948,0.010160377981479361,-0.1600734971214961,-0.03349465049842454,-0.0917778485022996,0.7760289371740831,0.7403480376565854,0.630394518896171,0.927999949461092,0.7815693853186113,0.6777205895128787,0.3328703438623023,0.5283617943711567
worldcover_00042,worldcover_00042,2,0.13075024570289162,0.5353431015303632,0.4281875744010455,0.17332099490996608,-17.519478889288095,2.787670703424317,-13.01802343619192,4.504830648585039,0.15477394196788924,-0.2745065076483614,-0.3177392432495708,0.31356755933827746,-2.03114656204619,0.7518249989641556,-0.7821895766056317,0.9516536947916121,-0.025504186096624016,0.0895709514424397,0.08955938099315014,-0.0553778072262737,0.7500900808186696,-0.09847227204045124,0.506714361084364,-0.1485311275172233,0.0006682098154719934,-0.00824481978861972,-0.0075698580047247315,0.002399441456854927,-0.0712936339224744,0.0015954233272260233,-0.05777432959114343,0.005552074757767821,0.7903439222831736,0.47005558222158184,0.6702339537552264,0.9581489415965309,0.5597836606985538,0.48679932165970985,0.8217858542955849,0.5280747874889986
worldcover_00043,worldcover_00043,2,0.3053443258236454,0.6210971655267654,0.5227492361357715,0.2605125064199623,-18.209376539183136,5.398528345106881,-10.774412201678896,7.3475995722431,0.01932494086670066,-0.05344031041576735,-0.14256215142825293,0.2120450122488867,1.5357940610014027,-0.6566524503357218,1.0159782715366419,-0.6803165229821022,0.008661562771199572,-0.0022153191236191027,0.014698244824812027,-0.029133423001735166,-0.24973724087831495,0.23799429638122435,-0.06671072917508504,0.24333557502857311,-0.001629461763585223,0.0013146513339245013,0.00041697189362362034,0.0008562183139300025,0.005740119916010659,-0.024672501553313412,-0.012875450685048825,-0.02507527648850951,0.8679940030883351,0.7204369248002742,0.8473069404956229,0.937925680860355,0.8288867316430719,0.20283302424138572,0.9337803382637389,0.2553250316171979
worldcover_00044,worldcover_00044,2,0.15834862597125215,0.6278451297319296,0.5264280885457989,0.31744653438076775,-16.341305610298516,3.1129579045797566,-11.629774783777444,4.759637998575443,0.06660761266805239,-0.05501190502019152,-0.11132079516611373,0.0874971671709944,-1.5703850890642115,1.6645873395179944,0.35243304440344403,1.9527249370875917,-0.0016226523338125696,-0.004138719532396932,-0.0019277082312675984,0.03797615345293295,0.7919708332761444,-0.7065567805727474,-0.016672561457777797,-0.7974382575414759,-0.0012644993157438795,0.0013742101463404626,0.0021593156788084363,-0.007318938847142026,-0.08450411133412825,0.07202735537225995,-0.0035308909133868103,0.07937419655002421,0.8865742742758136,0.6708077267191443,0.8055710864883674,0.9027109603713166,0.6760450826045125,0.6446085369152696,0.7383850789495423,0.5415012428400658
worldcover_00045,worldcover_00045,2,0.22953118902873,0.7212011082605877,0.5421428937803614,0.6606609487172322,-16.560669304828036,5.603918899169985,-9.04930806081031,7.515216027351357,0.03392877103994907,-0.07847248656409107,-0.08709457031791168,-0.06464378275568487,1.483371988597222,-1.1413106979921792,-0.21594896317966245,-1.290927457860236,0.001184394887848943,0.012072411256951113,0.006992569475462933,0.04380030923591536,-0.10554253087875352,0.21328708406941502,0.3596525093750968,0.3070993326724797,-0.0007964368060319578,-0.00011016157540407566,0.0007201956227572281,-0.004979442165355478,-0.020561880988994124,-0.0035419877788229882,-0.05216456995375586,-0.016689477301052726,0.5250514569681173,0.6450145538286091,0.6412855910097266,0.878075781832422,0.9712263620708675,0.6036700966018759,0.8561050050528949,0.43631999733018245
worldcover_00046,worldcover_00046,2,0.12230373196340615,-0.09884138653675624,-0.19922592959394897,0.21831620710365698,-16.949922080797688,2.707623806999001,-12.647809231766413,4.479386661828841,0.21012745537609565,0.3967462134739701,0.31224689287473445,0.3394050141057321,-1.6461955022996935,1.2413134512968074,-0.051136417541606125,1.3439921041417018,-0.02849012205686899,-0.09123328425699732,-0.071069503863225,-0.04726836781997179,0.37927559686379225,-0.3012213538864637,0.08777974139540803,-0.30930713672452864,0.00013884878573078567,0.005792409388555403,0.004319684083733431,0.0005721615044155481,-0.025447824187334406,0.025374895238731338,-0.01004603881605369,0.024787298151749956,0.9678848924135425,0.79055641540036,0.7955201952597739,0.9552150160197288,0.8175764798967219,0.665924183077776,0.3260079717001737,0.720875598225792
worldcover_00047,worldcover_00047,2,0.0875700135476085,0.5138487964868538,0.43280973652321214,0.05825729916493124,-20.386913031195515,5.35575832489564,-13.616650605592818,7.166303547693854,0.14867526757165664,-0.17275854791440615,-0.2368865448700645,0.21098160725973897,2.827531460128316,-1.4414232794537667,2.0268944238593702,-1.285661447067609,-0.007680856888447714,0.058489646230425074,0.05941938346018001,0.023081260422865593,-0.5530044376446918,0.33389766723443504,-0.45271091228293925,0.2578148675441809,-0.0017991953634734009,-0.005861779881848225,-0.004817957430137225,-0.007045463969310132,0.025293465054256635,-0.021387711778292805,0.0277365856049345,-0.012913603563018133,0.821923277751039,0.5626350204150283,0.6856532719759156,0.9376776935464607,0.8879570953961377,0.2741789362964977,0.7879049336600977,0.26030027159613367
worldcover_00048,worldcover_00048,2,0.11723458545400751,0.05605650467402989,-0.03356919669066439,0.12642969507159532,-16.080172387102404,3.9664913472878225,-10.534719029818973,6.0593376851746035,-0.0435759065427598,0.12406517494292502,0.08391927082889872,0.00419100468593993,-2.846515989287605,2.7096753600074943,-0.7093422920849783,2.3146129782938996,0.06597437703549547,0.020852292714503402,0.02458297581315133,0.07219357803076883,0.9439983707434724,-0.8751569180332177,0.29486589934255286,-0.7750573436472725,-0.008220946625187985,-0.004646724880193221,-0.004647233107155471,-0.009955343160063327,-0.07672238191882327,0.06970301166311133,-0.024261732587556203,0.06333205261460056,0.9949220598808874,0.9554470325158948,0.9516487135663378,0.9819788316640692,0.8920225237579664,0.5442827610017762,0.4691233376838334,0.5712003599853825
worldcover_00049,worldcover_00049,2,0.2646506270501327,0.5276349539106534,0.4169608282320424,0.4767603856144527,-19.772703839951642,4.236292064503977,-13.443440819534626,6.205421517751737,0.08702199092394482,-0.1466095785772986,-0.1823410143454867,-0.0016231763930545093,0.655733706468114,-0.9118817442741082,0.06338539589920981,-0.9834043142633322,-0.017431619331263297,0.05164669499252775,0.0462875545863465,0.033171502220166106,-0.05625072478259716,0.2543911209244298,0.11658927778106361,0.27180642510545927,0.0009487426765519532,-0.004118860520497714,-0.002904948637341006,-0.003957985477014014,-0.006298261360745583,-0.01934946863045442,-0.021096363020977414,-0.020479659807824818,0.5770744745727887,0.6918871069634733,0.713750783058946,0.934620628183918,0.5899977632358968,0.283392125467704,0.7309742426794794,0.2345343952528849
worldcover_00050,worldcover_00050,2,0.15791763952622118,0.7095082402229309,0.5958404568108644,0.23789873719215374,-11.669194575171343,3.7901897890584726,-5.936862857904281,5.584553025438769,0.10014473880972916,-0.0576057902404239,-0.12169760690321987,0.17353645085342365,-0.04211826208088801,0.19922075300197412,1.656813698433316,0.4896185638802942,-0.01964325606047229,-0.008892433983939128,0.0016199604515388932,0.0005173062284787001,0.3699438536912154,0.08311920176930032,-0.12223862985076793,-0.017292859616527368,0.0011360111429458513,0.0027019083499908564,0.0023559593040533796,-0.0028163699640168073,-0.05690608275834091,-0.008474574125786,-0.014876462102157444,-0.0005468447978056484,0.8121747865076844,0.9443579631816224,0.9492852586883331,0.8641113494530686,0.8149652808887438,0.6784170014084084,0.7391405429282011,0.743811122675839
worldcover_00051,worldcover_00051,2,-0.44857079461064264,0.6744062200640185,0.6723675148730921,-0.07826720914718657,-8.845377832569165,12.165072179645028,1.1683886806238943,10.155085827328861,0.8288821742763207,-0.14299414809497563,-0.28068947347087947,0.5307283118175006,-0.060461728043682446,2.9764635071376917,0.7730830082527856,0.9326087711168666,-0.19157557477932635,0.03399129361881836,0.06002868579708642,-0.10477118859736793,0.43561126237046555,-1.7622397014973044,-0.11855835685359224,-0.5393391906104864,0.01226631856175792,-0.003370256962800265,-0.004734143436030298,0.005325055488319388,-0.06182766096395438,0.18429498562704177,-0.0013452663610183883,0.05585408033717687,0.9769258812797811,0.6860745672973829,0.8129737746042349,0.9283481652813848,0.6024781732231168,0.3041180103794202,0.44275355441507,0.25237305133056487
worldcover_00052,worldcover_00052,2,0.13966815092413729,0.5705702918948549,0.49684833238522186,0.18840651575363052,-18.790390274203766,4.326730874518074,-12.75638153618698,6.289306889427724,0.061820701431032916,-0.03659605920787846,-0.13832356816246386,0.22323014965606094,1.659807769084507,0.4071405597972616,1.6125875472608104,0.28212899535851216,0.008629820145335945,-0.002729606383290644,0.014468622349557403,-0.004308092742513188,-0.4463383980144455,-0.18121794430298255,-0.39019394733053303,-0.12793443455310324,-0.002523117636693249,0.0006975426968902049,-0.0002370551228523234,-0.0027604742784692864,0.03533032051979751,0.014939903471165797,0.023335509764032803,0.009605371274423277,0.8202157277250439,0.5643349141855978,0.7447213344569299,0.826654883486159,0.8103320127258025,0.2649862083348673,0.81807898884134,0.25817929002703954
worldcover_00053,worldcover_00053,2,0.08174740351596121,0.7076018136559101,0.6620924708743878,0.050122785184420426,-16.856235964546627,3.3958626538103593,-12.241874639844353,5.170972626721394,0.278850893013259,-0.22893365354291917,-0.4079345964516191,0.47222840073444483,1.5240520675723503,1.786784068972952,4.2009587697634885,2.1472486292336783,-0.05220277354320509,0.061791455252216874,0.10609264390188287,-0.09123658519480123,-0.42193333918927894,-0.6743692638918045,-1.371715899986831,-0.8053192463581264,0.002153172608803836,-0.0057228885289996485,-0.008868407613287353,0.004439961597925473,0.03145906384035312,0.061924373521000574,0.12033166676807243,0.07357752593168763,0.9018038470293605,0.8302421939356202,0.8294741457711269,0.9779394998387395,0.4983435178471026,0.46857599068292854,0.7547475619761741,0.4683397399792235
worldcover_00054,worldcover_00054,2,-0.004643210733595221,0.745193627747621,0.7019747470815957,-0.012316098870624487,-14.151760272957256,9.175764961842486,-4.363766518297428,9.693245792097924,0.22204875531090454,-0.41753552120829274,-0.5601189860867114,0.3698262188311972,0.30998665257264174,-4.0949089204317035,-1.023489632568388,-2.6893002423892733,-0.02914334509682054,0.1199114575853077,0.15347448452597542,-0.05724078027815731,-0.11454789461579241,1.1073728269026044,0.00686504309041188,0.7376204913762183,0.00020185847081152544,-0.010425626855305936,-0.012758234722746729,0.0019103943345588402,0.009155701424474898,-0.07296594885317538,0.01904393550328492,-0.04976545201928558,0.9752205927650219,0.8588678922750754,0.9092627697533977,0.9622706477512672,0.006546063466435159,0.9340009730993882,0.19372141164300216,0.9197345672986603
worldcover_00055,worldcover_00055,2,0.3510879333468103,0.5597632175142115,0.4363781778198299,0.372832820722551,-12.196747088680208,4.506839208402148,-5.577302212029412,6.476133444360878,0.07552526401127538,0.04409043017833951,-0.0025912802370767142,0.11365078448776202,1.497449253677543,-0.3224643536622552,0.5034024248855714,-0.30226544363230873,-0.019641526248192417,-0.022979250008409755,-0.02133941327854676,0.004285704005848317,-0.23195335368687048,-0.08105481395130384,-0.05622630305687437,-0.1368301703662928,0.0014801821817289444,0.002674194598438775,0.003302738371521544,-0.0020693514232683697,0.002478976468236226,0.021885410693821567,-0.0006347948741842864,0.029407003848087636,0.49778507402536787,0.17779814990924458,0.3763215144399493,0.8842054139157052,0.6651254888143674,0.5829789762748858,0.39881049979791083,0.5173760689939149
worldcover_00056,worldcover_00056,2,0.10184131468200759,0.21219327797492274,0.13225458282977304,0.16783927155263506,-28.521841614790894,5.009835760284474,-21.205709155662383,6.93320302370615,0.05907432059019139,-0.11390936398316913,-0.17139816464900562,0.12010115834455623,0.3880051197908595,-1.6166099683216777,-1.7861267461389994,-1.789884383887288,0.010095020858452727,0.059284710724438944,0.06682962241272125,-0.005215556268052057,0.06335970352106979,0.41009531118699455,0.6317457992773544,0.45742236521404406,-0.0025155915229696695,-0.006529347557160594,-0.006637527840211987,-0.0012555432440054578,-0.01616846824672354,-0.03135405652264376,-0.06040151021987956,-0.034945293530231465,0.8397808626523833,0.6022184155860214,0.5910676881657853,0.9324558352029167,0.6470782606831113,0.7188369363385544,0.7142516273851925,0.6884262351380132
worldcover_00057,worldcover_00057,2,0.16199750477028127,0.185752533601992,0.03839304946560535,0.27983040159398864,-21.700296649013865,3.2340271757484804,-16.537421983438,4.959515444713453,0.160625258316141,0.06620153282133352,0.04312879853190772,0.12622564073119855,-0.11502084906342584,0.052598859823740705,0.43306381952417483,0.3115850322277704,-0.02793249620055373,-0.0031809829401247096,-0.007434533046179452,0.0018282065337354315,0.19388246143749024,0.07416703732989798,0.036147165345599426,-0.0012874292609684282,0.0006611158387438,-0.0009461260127900866,0.00016079425301421062,-0.002932612191547049,-0.0272475838032988,-0.009904842617252736,-0.013823751393683909,-0.003999369115656948,0.7587969181593226,0.6006845914776291,0.2509607880866759,0.9568054548732267,0.1892948810897881,0.14028935109715923,0.984491249487515,0.15124042911785218
worldcover_00058,worldcover_00058,2,0.36796800055425644,0.5079212328701306,0.36993079113237753,0.30103608378858243,-17.66687293846525,3.2343958459330846,-12.651308404221743,5.094373992547422,-0.018259809800049286,0.020674926539262298,-0.048432046104044904,0.21704830359371913,0.1790436132381188,-0.47252267672317155,-0.19196990475472475,-0.6005579707019474,0.007830815091197815,0.004643993169972325,0.016875518348825887,-0.009545736917943793,0.11133574328695982,0.26680723041672133,0.32997666306207035,0.3231444306047868,-0.0008800379069232541,-0.0011583535057125608,-0.0015451987132881564,-0.002678377911297951,-0.024039743439272128,-0.026208848357012527,-0.04245117243649868,-0.03122527177794268,0.23124258581269408,0.6868997010405631,0.2733141030591,0.9015749272636582,0.45151760851147027,0.7383439116114796,0.626853044399784,0.7697989576138139
worldcover_00059,worldcover_00059,2,0.18718665199919635,0.3547256376707182,0.23524620979459862,0.20979583308552222,-21.162890357030978,4.472351325022435,-14.907156389830138,6.518363013730429,0.04730951033682045,-0.25052449219520057,-0.25962100357430684,0.14030565475187612,0.5043029299687305,-0.9248543961368377,0.23608479526705617,-0.9853071301870356,0.01998097882357954,0.10739923487881035,0.09280800607732746,0.02013127125186837,-0.1868551995433923,0.38032901928624446,-0.04738841721839686,0.3928446910393608,-0.0037347981031914017,-0.010945133676733634,-0.008753957980632254,-0.005463545445841974,0.01710607767013698,-0.037549042840176156,0.0009276878770141363,-0.038245030931460665,0.9114654584142423,0.6230511962607113,0.5473062087989355,0.9830562528383854,0.0968485653585699,0.5419150028397084,0.12564785063824147,0.5942714088498572
worldcover_00060,worldcover_00060,2,0.28834688816342785,0.506205630573359,0.4480129028811591,0.23500309749083026,-14.397133589951476,3.528281497546429,-9.12407987064017,5.360501871889893,-0.009197144331368277,-0.13523131076778622,-0.23623253144915085,0.10915364845404617,-1.296925873984609,1.2314324200128144,0.3404506453255459,1.4434946820310337,0.011600209036436092,0.04661314131377564,0.06242950978281683,0.01637993511054402,0.7480939913966141,-0.2533640147827377,0.292851412099893,-0.33373012687748843,-0.0016875335827444531,-0.003967655653303308,-0.004453604909205669,-0.004039354020296909,-0.08478179082663422,0.015483141020956877,-0.047120753558182245,0.023190950066180584,0.8298003530004219,0.7631339358679348,0.9337470513984103,0.8898535954604517,0.9323759018175769,0.4463445455251881,0.8223110660544948,0.5290874976456585
worldcover_00061,worldcover_00061,2,0.147158259459105,0.46364152747573145,0.3575883932185884,0.08717358213933973,-14.50795233709457,3.121666715629998,-9.799511330382487,4.742431414377503,-0.0171383271297025,-0.3627025135571032,-0.34953462285181747,0.05303221411766573,1.0739131845232657,0.3948924525679017,2.2163113360568634,0.8045206519513988,0.08083069121697392,0.15559298612854666,0.12613992504291707,0.07875382984097379,-0.27070827455284113,0.04982790195439817,-0.4599263801360379,-0.06950696016265664,-0.011241092688850042,-0.015445175157351906,-0.011609451600698503,-0.011998644136268685,0.016670352259751695,-0.013295428230274024,0.023680368575446187,-0.0034000986349021337,0.8494113575188943,0.732012410555593,0.571090469056662,0.9713561704269548,0.530392739855344,0.5573481611152333,0.7361122570269802,0.6439878755151935
worldcover_00062,worldcover_00062,2,0.1240090041074661,0.6631209073644696,0.6093405957023301,0.2156374364188221,-19.334372394063692,4.077666142013699,-13.449558589421263,6.088377473003372,0.10979781150871132,-0.10179457813501397,-0.20623343010684367,0.14601717711914194,1.8822175050622172,-0.5613290429733808,1.236524305494301,-0.5967018407824526,-0.018933638407054705,-0.013942491408292226,0.0001962751682316734,0.017895191214430256,-0.5106012676590806,0.3924758335075976,-0.07384703290727213,0.3818493609408108,0.0005969353898827236,0.003911245501402642,0.0038177047131789962,-0.005084812076705867,0.038245408445513975,-0.04427945600105486,-0.010304699650715251,-0.04220555327856404,0.7011856691776539,0.7535378653999849,0.8376941840739481,0.8170119399932338,0.6526667152850252,0.37271959398031507,0.7898844623012735,0.39078848323249593
worldcover_00063,worldcover_00063,2,0.1259222014451881,0.6799346073107273,0.5664638858852954,0.22550871561874028,-15.208548123295778,3.89813983425045,-9.42084308529943,5.906933385149767,0.03346997780483456,-0.34983547717805796,-0.4285292478780884,0.191868458120596,0.9335593192950924,-0.27911785892799174,0.3244232157643121,-0.3727195547881145,0.0196230232354744,0.11109901000281928,0.1204589530503076,0.006371452178789904,-0.2608501556900558,0.12369447296003952,0.028688001715557975,0.15641859867261845,-0.003450821563516038,-0.009238795875900912,-0.009114041397667876,-0.003972277722575448,0.017748798692491324,-0.01220000973906239,-0.01117193072451265,-0.014989080886100379,0.8819263664279904,0.6550836192621045,0.7751606393440582,0.9914175242834634,0.40606530534153085,0.07485193757532282,0.3294268420292077,0.08802451235689024
worldcover_00064,worldcover_00064,2,0.04891952168399721,0.8366015436071337,0.7933399799195201,0.09133393249728441,-23.194601937051665,3.2892667063885477,-17.534550758929424,5.002787144985395,0.23248397413964753,-0.15377696485273448,-0.22052922197395905,0.16301070712506793,1.4765557121808792,2.131601456499916,3.9146058924557177,2.4933879155093717,-0.029994788927103857,-0.0038492498975810936,-0.0098415924099099,0.0352085803824908,-0.32608110588207845,-0.8366230793408136,-1.248846947057062,-0.9645714607762562,-0.0003349445741563867,0.003330121964517263,0.005428508093411262,-0.0075452431302630565,0.022903991937944772,0.07841688077942352,0.10292820223484384,0.08999190474886334,0.774169247137285,0.6199387405125166,0.7500304296533964,0.8437674006489798,0.7329016026684496,0.6417761954426295,0.974007804754995,0.6851902095859008
worldcover_00065,worldcover_00065,2,0.27487070528304897,0.5274322976668674,0.4025042169924933,0.38649060238491406,-16.977428220236177,5.066654033371282,-10.192417409615157,6.705065725680725,0.03729703013367977,-0.09960087447885488,-0.1250244783799323,0.1150469886405124,0.9251902802740537,-0.6160101360556773,0.40676182653229975,-0.027276357603468162,-0.006865736969937741,0.023438772984913446,0.025751098748538308,-0.00859680152558647,0.07538913163829608,-0.0709024018806665,-0.06853004620082064,-0.3286652480994429,0.00030784395376861164,-0.0019377701812320312,-0.001881308420890502,-0.0005570419810035161,-0.030056341739022312,0.02168146441027656,0.0013172941381098381,0.04772086893382958,0.3278059636612928,0.4413463494335774,0.6108783393433568,0.8574529078035065,0.8109180997260302,0.641212377059681,0.2376994724518139,0.5648176342302247
worldcover_00066,worldcover_00066,2,0.3506237207387913,0.6413740393790329,0.5514559752561824,0.36101387350848235,-23.801130628491745,4.433485844425947,-17.140515332161215,6.4450911122350805,0.019437116695484608,-0.0677268269752697,-0.11590225669363155,0.2152505707409648,1.60671332293081,-0.11496972560559061,1.8066102107467612,-0.12057758884103931,0.0026319077744781185,0.004115748844105337,-0.001011134290592122,-0.02401770244945188,-0.24606051280618985,-0.04983068418890134,-0.4679250116255363,-0.051751272296243815,-0.0008896997569977894,0.0009918209127705632,0.0026652499506570025,-0.0005150596150244037,0.0046884561601204895,0.010206641827866927,0.03149036651536328,0.010639004491021932,0.5073137422756011,0.46287016282801274,0.7494818701788205,0.8186763642436764,0.7857133489707833,0.32786755856295113,0.8234904221570435,0.3241343250663532
worldcover_00067,worldcover_00067,2,0.15058394084402776,0.6439966925165871,0.5736702724896146,0.0907884152098144,-13.000447913534277,6.594048981320092,-6.884625517182649,8.15346596694415,0.1082873576306642,-0.09376371373969455,-0.2029803523217287,0.3690496759400474,1.626117451029793,0.49534842591145656,4.6809650266022595,0.38846514586995895,-0.024240328398482162,-0.021190200855721535,0.0015158596452633016,-0.05414898332321266,-0.46545516809940946,-0.22994981924213245,-1.3081506123721647,-0.18243127326578404,0.0014360332522458995,0.004672640614738362,0.003318038472736417,0.0010099346664818713,0.04108672036897624,0.019885206690741796,0.10021985013738408,0.016255975517090248,0.3638087936522888,0.6382445508896484,0.747006020616036,0.9326072232773075,0.21514885643032167,0.29470198194645525,0.4570491952846445,0.3111083987100385
worldcover_00068,worldcover_00068,2,-0.031892786968157956,0.7993908018776863,0.7682297762596252,-0.05025997125741188,-21.512377378436454,3.0463569697193753,-16.671232402136138,4.854780485143234,0.41174855933771526,-0.03475189894910887,-0.11392260260052224,0.37799410510157766,0.4001324940930359,1.081696327251455,2.1401852293355335,1.2604416835010153,-0.08398726069808761,-0.03929182729034701,-0.04127609971668798,-0.024919984128439016,0.21884768716485492,-0.34387366750232434,-0.4104647090974144,-0.3964232989313139,0.004252135201861228,0.0058909148128345684,0.007743633229925168,-0.0034456950320739996,-0.040820438994569816,0.02771139124685705,0.020119350191940395,0.03172055779377298,0.7441647435002721,0.5983772197759981,0.719854343888666,0.8929462520617719,0.8726741937022837,0.5347296220927986,0.8578162824427426,0.5588954572578202
worldcover_00069,worldcover_00069,2,0.25022374786015267,0.7853960999936769,0.7447635025689099,0.09493262523954552,-13.82425755120306,7.725893396648128,-4.682999807831604,8.780894764628242,0.014424701100445848,-0.10952380311394523,-0.1337442519882374,0.11082480150082798,0.6707473931300577,-2.321336240249549,-1.8197225050697883,-1.4356885719983645,0.012603333932749974,-0.014771926422397774,-0.03486921834997274,0.04923528919875354,0.05859249492586612,0.6762891150615992,0.8227704924564889,0.4027324360904182,-0.001757629361067149,0.00422450915129498,0.007480471347919614,-0.008973908168498914,-0.019454130264871437,-0.0552887879845839,-0.08293140655914172,-0.03205615039187769,0.44937686172064617,0.6416995033797557,0.7827626226062451,0.9061524893304542,0.4763221398430739,0.2743894714146228,0.18798333372031284,0.2196796964658959
worldcover_00070,worldcover_00070,2,0.17726538010541562,0.3218585474021504,0.20408582303560124,0.2820571064949032,-15.728657354424248,4.735210733355015,-9.86325106129322,6.666448450624394,0.016147564212978454,-0.005172080818622654,-0.05854059335967844,0.09054613373582361,-0.8131231523861723,0.1673522119803839,0.06701968885197401,0.2010019092274922,0.011573300826599195,0.01934636148797481,0.01809669239244933,0.027788842008227333,0.401600226755169,-0.020047242819670723,0.20170030116378476,-0.03982351003741991,-0.001990418612869589,-0.0021153005837190007,-0.0010563294694881217,-0.005161442690425449,-0.043650301306734786,-0.0013006289596567003,-0.03199763535194749,0.0011223069294988147,0.7313344814973629,0.4748449804641701,0.3166616089287707,0.8982445072195553,0.48843963043049143,0.037642851330729865,0.7986293722014974,0.03563472458229322
worldcover_00071,worldcover_00071,2,0.14362107712450498,0.6469953507184983,0.5324570563706486,0.3047730398900582,-17.708572401514232,5.266238029819146,-11.79295757973375,7.186684796454627,0.1392934842889886,-0.014617152393810635,-0.07446030551005946,0.1944260351241578,2.2106978429902386,-0.5201104586668548,2.0818159561212575,-0.4231898618328451,-0.04449609427322265,-0.018400315017927195,-0.014358865137482075,-0.01242913434773803,-0.33349035069920413,0.11938286661065868,-0.24817286760547216,0.06056338947239622,0.004033950767043894,0.002830685840712648,0.0034052601667365658,-0.0015137166988970134,0.0041169043918468365,-0.006064505152085724,-0.0012794543217548877,3.3883565261454966e-06,0.5424489411904482,0.6010989200934393,0.7054554661504671,0.8970666790276436,0.775478016448024,0.03932337587413548,0.7837419801683808,0.06431538335239606
worldcover_00072,worldcover_00072,2,0.29089488130616303,0.615241474274433,0.48777490222092834,0.3659688595569495,-12.704259494758299,9.231652749279581,-2.335749105003584,9.383866903652992,0.2566643852703736,-0.030482161139685337,-0.09987279666321654,0.23504240645302657,4.026274987771493,-3.5620286129147307,0.8117286794218507,-1.7941327022883478,-0.06974936734368088,-0.006308113244962808,-0.0023465446837535493,-0.022871043065409644,-1.1508404144418798,0.7485641508794686,-0.36079917679925694,0.26410288958625855,0.005624040779286272,0.0019042560397976515,0.0028178093559814116,-0.0013537859976893712,0.09146221774938944,-0.04549734279087931,0.036243013235915805,-0.006901150809561515,0.6457552667702308,0.4301234045951594,0.675446185392838,0.9704842231800375,0.6413754435994949,0.6419105802299709,0.3736209284726181,0.5231700942471615
worldcover_00073,worldcover_00073,2,0.2654267172127679,0.6462998372135736,0.5665281044714376,0.17340674138430406,-20.03636801375882,3.3618165551548373,-14.43110872658863,5.26514873984335,0.0472605740237156,-0.0883365713414686,-0.14169257069154362,0.23591695595828308,0.33912723295602076,1.6444138162636959,1.343302038819954,1.6994952685439697,0.016004083109587636,0.027930710609856975,0.025160971367771897,-0.0039229464608353136,0.05768969848265654,-0.5199884644243805,-0.2552361593332893,-0.5280767220815725,-0.0034518301350481007,-0.002488060431046906,-0.0011825279680767334,-0.0033882340849048028,-0.013646154732501213,0.04335381881907502,0.011556527914097977,0.04375133165376359,0.8799878667161476,0.08460374143082794,0.314746256383174,0.9827417847773099,0.6298129142138775,0.6731646385709958,0.8819772919691805,0.7148771237320699
worldcover_00074,worldcover_00074,2,0.1748181041283724,0.6635626671892226,0.5619646613345002,0.33276502155896415,-13.56769120283651,5.436284208639936,-6.167046462557284,7.375761135148726,0.16134953092298826,0.031731210767276634,-0.07012377123511036,0.2667136997694059,0.5444586459165002,0.2637587280851573,1.1433389694125695,0.15063341456811144,-0.043480966195057,-0.04135779430081841,-0.019198512650413446,-0.0439332488811377,0.22181392796975363,-0.2921124809410366,-0.12991611891111618,-0.24190437576876322,0.0031137714188640224,0.005191097957919354,0.00387931291503136,0.001845528456297786,-0.04223384725687819,0.035676703263809,-0.007428115757605637,0.030925195439328246,0.8234837334388199,0.9251297496855769,0.9474096676450592,0.8567411211272629,0.8945795658746281,0.5605876202635263,0.7437079658269135,0.5943356200476901
worldcover_00075,worldcover_00075,2,0.07366964629497696,0.5853814414956356,0.501955337173334,0.10039928013628202,-15.807338634867776,6.539327790230048,-7.552775346758002,8.1957028800271,0.19941893984212664,0.07048781198405019,-0.03462603446170148,0.3605729235070089,2.165189782336065,0.008320393079752467,1.332123869871398,-0.2734693576246217,-0.04498889559175329,-0.06682052519736857,-0.041453859791486095,-0.05801848509223945,-0.6631886147611242,0.02741354223829072,-0.29402497868165245,0.11392207065373998,0.0023576735032642413,0.007500254972414531,0.005648529656805244,0.0021577095895102525,0.05786819661961352,-0.007996360271879261,0.015442390236366173,-0.013850749449378762,0.8688214305252004,0.9307629485078498,0.9256608998162457,0.7459930611337433,0.6703523731139809,0.26826355878662955,0.7165262592805075,0.2926662082035688
worldcover_00076,worldcover_00076,2,0.2666963963942487,0.6462441267389237,0.5148990167812865,0.3537986197254878,-10.992064614626633,3.3294441120369362,-5.544683457737396,5.2130034073560365,0.03269570381354834,-0.05206634600957206,-0.11210335933026801,0.22130635853797653,-0.027184285120836055,2.166327247920507,0.6875121277498673,2.0589827360653348,-0.0018696515569539972,0.014107377369166379,0.0181169243150459,-0.03028041192076419,0.06285467629624046,-0.645274451255224,-0.01779381043625365,-0.5938851699484052,-0.00045932391030460853,-0.0008392966154849847,-0.0002987134185704304,0.0009081143170896166,-0.011248970162577228,0.05047400140829568,-0.012416140766999286,0.04560660917774869,0.8325072466174519,0.6852229349866239,0.8735870999082576,0.9210551451320341,0.33078654908232774,0.5417117446718493,0.6807051469479328,0.5536788291573735
worldcover_00077,worldcover_00077,2,0.16368144030702106,0.38371418544909697,0.2774574545804748,0.1551001855369763,-21.38317592389863,3.5547892336824707,-15.109099684067926,5.503812495768067,-0.0036114372185439467,-0.15986209584026767,-0.1662942234145861,-0.025392586335775742,0.050274624907015016,0.30018382161190743,0.09797093721792426,0.2882848832859096,0.008235054042444305,0.024313793349325635,0.016398962260550456,0.05857041028219369,0.009510371802440045,0.07338835218970154,0.14148587204822433,0.08146474783801448,-0.000649331914814657,0.00014515959768265268,0.0012163257066423886,-0.007465909526805675,-0.004781011302388181,-0.013940525862840615,-0.02534482051677791,-0.014684483684328871,0.7814015439177743,0.6324675734312797,0.6828916766085781,0.9810487104844622,0.620933514722523,0.676899229663926,0.7109557565516303,0.655369405280671
worldcover_00078,worldcover_00078,2,0.11719844078125735,0.27880328667886356,0.14750882249438405,0.38098988072438694,-11.283499144109932,4.347775927720497,-4.56498535722241,6.324093231911395,0.11077134279881173,0.13845555507947513,0.06128920589588462,0.2523324549907729,0.09708936971622355,-0.4634261269342924,-0.3991086306608327,-0.3740769189271148,-0.017924062759512253,-0.024706680634063026,-0.0078088382150155455,-0.042328992834338934,0.11984872757896475,0.3150252279860524,0.42331741888679025,0.2771357356052395,0.00019142619977422366,0.0005901369332063056,-0.0005436068109114355,0.0016715131474263783,-0.022895095631237417,-0.036479458888053186,-0.05325697804802222,-0.03291289639007313,0.9324352318359818,0.9530480112624137,0.9264725064684206,0.9587141546144681,0.3390457284333628,0.4519622529500815,0.4451946970076438,0.4629343652091311
worldcover_00079,worldcover_00079,2,0.14037715008967602,-0.08046856375806186,-0.19861651370019584,0.29786073439049027,-17.122904673465154,4.599504829675264,-10.908794051226486,6.32378690457478,0.26495655685514735,0.39238851047342704,0.3014164281388122,0.33249196220958016,-0.260318393974289,-0.904453810315528,-0.621571874992593,-0.5082374495734645,-0.047706057699521846,-0.060135171655968656,-0.04269176249864037,-0.05175368358820543,0.02348329197968075,0.4394629932129007,0.3033354984735618,0.26616608036584793,0.0017122401897954635,0.0017716224785103943,0.0007929900717554648,0.0011182663717655191,-0.0009753808188897216,-0.042340955568987364,-0.031236488793059423,-0.025335010074279466,0.9311510416106188,0.9285277691691265,0.8981676503632515,0.945125311888566,0.4801247154920807,0.2545562702002726,0.1483537173228272,0.2069667652231023
worldcover_00080,worldcover_00080,2,0.31034381905705616,0.7403333710901661,0.7251941168850116,0.04890424950104658,-23.01288309048395,5.94143935905664,-14.74317513377378,7.743564825149587,-0.2527441307443558,-0.14917659020376578,-0.20023459701665816,-0.08883667811159938,1.8350167111671936,-0.8263959610349758,1.0938968295859441,-0.6777297253284827,0.14508927951971826,0.006057469488738394,0.0007615313901529356,0.12044831415339965,-0.2553038416793971,0.2150658198628734,-0.08065281037279519,0.17150245242925216,-0.015998217655632994,0.0018945344996572785,0.003465300087224362,-0.015472434762150343,0.0022817349676718885,-0.01451427688891798,-0.01103111557302612,-0.011143326703284814,0.9328843157880121,0.43404623108527896,0.5961469543079858,0.9944636793120062,0.9681622713489925,0.22410497858137646,0.5351222699658456,0.22783143158272667
worldcover_00081,worldcover_00081,2,0.1897030872232368,0.6466946981169963,0.5064544090718935,0.3463415232571683,-19.29801974693449,4.917008858174059,-13.134999157037587,6.885455815056863,0.14508252085633871,0.016288607366500812,-0.02288204880933964,0.06006965348644925,0.8777374731816113,-1.4807529242989048,-0.38759796262816454,-1.5197857151547425,-0.03563400801142376,-0.03139982446705612,-0.035560833717579336,0.04494728383434782,-0.1095022074894869,0.4561535714857967,0.38907737056825886,0.47420260083863897,0.0023623785181696214,0.004506903916898392,0.006048844242938834,-0.007826962781072854,-0.002427119260791711,-0.03643196024083871,-0.04636061204148368,-0.038034539400289676,0.868905685774442,0.6723451178336578,0.8049476615183755,0.9534831452741119,0.637711841949985,0.7153715745045537,0.8752502060295309,0.6980013338694699
worldcover_00082,worldcover_00082,2,-0.20181907205167635,0.6849460339907444,0.6763545922709232,-0.01778254849892657,-16.136834713679438,4.32545412551391,-9.219391013900495,6.138042571482862,0.6313145194651432,-0.062295081005210376,-0.19765037933867197,0.4115566979384136,0.2004147250422796,1.6215067016004363,1.1951190118637738,1.977296414493278,-0.14909213118357006,-0.013169367688816769,0.0010588141198542651,-0.05006102504797311,0.08870667246452939,-0.6941511715716494,-0.42942240680653937,-0.8517378203879405,0.009803180337277687,0.0029088629014564233,0.0034448804917058345,-0.000680231291687849,-0.022208760049982703,0.07394796622567575,0.03362424104965483,0.0883505905352619,0.9910595347251141,0.4071355388991482,0.6526058171246312,0.9547447103884306,0.5605471213991033,0.2879082205396162,0.5478457222786144,0.36870646998681533
worldcover_00083,worldcover_00083,2,0.16657189214683077,0.6292521791024641,0.5194882438941433,0.23814712329344243,-14.588779834223038,2.6863172238800486,-10.292761294559082,4.293938244360148,0.028009697940912404,-0.00674469059421923,-0.08594539430406349,0.08577526869281969,0.9859017757595557,0.1443755535244037,0.8443032129014403,0.20077228920174928,0.007276428483173105,-0.027716948098434484,-0.011472803254277185,0.05507491074212164,-0.314527952127365,0.23162773933661368,0.10006020939108291,0.26690233798529084,-0.0015489497453328343,0.004495543512431057,0.0035869580401916715,-0.009781602581944111,0.0208910117747117,-0.03014343437827804,-0.03080893774662429,-0.03725454018671578,0.8712984082876041,0.9913990586768263,0.9511694855335674,0.9425361580069175,0.42821399840141217,0.7988963159227511,0.9066690111203981,0.7852296923284937
worldcover_00084,worldcover_00084,2,0.04891433837742008,0.5611565977786528,0.5114622288101324,0.010955573144284659,-17.490615434246497,2.5029377480163264,-13.309772764372912,4.194524917362125,0.22081694230319812,0.013488419827014,-0.1649485754166983,0.47313257711865503,-0.15626397459306954,1.571843710009054,1.1275155921749886,1.7386207825654065,-0.04999351121778923,-0.05257288127879544,-0.011111390916025825,-0.08595632518202168,0.1526256203717298,-0.4269450035478814,-0.12026862033356304,-0.4745207913558357,0.0027188863037189716,0.0067166718419152,0.004162621136397272,0.004164916529047348,-0.018537994653446317,0.031892025484371166,-0.0036612295029748443,0.03613885154820835,0.659413819516504,0.6853105180536884,0.7783940274491248,0.8011646735502802,0.22544757797726667,0.32717025364908325,0.8848179418611349,0.3828903358573975
worldcover_00085,worldcover_00085,2,0.20355579298269794,0.5147612799297677,0.3967590155926615,0.3024983220931262,-13.347768877676536,4.88747619010862,-4.897109212777723,6.880317157515429,0.048813574659759745,-0.0658198902531273,-0.12703037019523336,0.2790307529152379,1.1868819437627012,-0.19367171315766027,-1.0459585116962364,-0.18690574490032513,0.016407166100087762,0.026176901284234288,0.0307021209752404,-0.046886726568787514,-0.2292445503091431,-0.03467471031548096,0.5190956527916731,-0.04049684196275906,-0.003423634824353868,-0.0025531515629604565,-0.0022020961223828597,0.0022891348209043865,0.010342414722893553,0.011864709561625109,-0.05468184879140092,0.012187112806948473,0.8097022732517657,0.10042157963218457,0.31155357581713883,0.9960768084306777,0.5126733452161778,0.35922049386624333,0.4603088009623403,0.35471064426182064
worldcover_00086,worldcover_00086,2,0.15954235532575942,0.4631221497600726,0.309327381126808,0.4822850579565221,-20.200901307316403,4.625852013566299,-13.860150407506513,6.548859556813962,0.0332696900254739,-0.08872393376770467,-0.12385375259651066,0.1385646268488869,0.01174831885806618,0.31617480209991106,1.2580325564603128,0.4235283781969871,-0.0025123724062924677,0.02293978463777732,0.016119080946429973,-0.015587436204606899,0.44821645459931414,-0.16526535188457891,-0.05354868665242446,-0.2346709405427739,-0.00037861612404397997,-0.0015175606716762906,0.00031530646362689936,-0.0005291004223052807,-0.06547843874495102,0.018071561120098563,-0.018568798106300466,0.026151453055898954,0.7675498088301687,0.43503961453961537,0.8165671112109656,0.9177498576087578,0.8061167642851981,0.027656250836263108,0.7342438239807744,0.06980133917203823
worldcover_00087,worldcover_00087,2,0.1434014003502824,0.0020885759908145654,-0.08969710236697448,0.25032012142015264,-15.014238310202805,3.359417075536585,-9.864743316977346,5.233221494410517,0.2504738462163914,0.26211529198501765,0.20456627114779405,0.3367347791199645,-0.5473119082821616,0.10421563318280139,0.11535758678241032,0.165342388384827,-0.04123793973961082,-0.02961103248841313,-0.023159616421182413,-0.05428690237529353,0.1895169468905837,0.07095447912024426,0.0438001415629006,0.06235293571695416,0.0011426920044291479,2.374200884139377e-05,-0.00013348744297870683,0.0015388577800206512,-0.019644865865074274,-0.008442668490924756,-0.007479826280810304,-0.008080687859702135,0.9627586142473097,0.9416333684700171,0.9253307040666475,0.9472382722653796,0.26303946603970163,0.5795523873574848,0.5472157758701941,0.5859110350339511
worldcover_00088,worldcover_00088,2,0.25515585513358224,0.4862506588300065,0.32346424550721103,0.4402780862468656,-15.959939975554724,3.1896315965062363,-10.879939204110444,5.141623689308817,0.11846243406179252,-0.02392396129785983,-0.04896180739714952,0.06351799352301515,0.448932653090056,1.0165501198169338,0.7304784541050654,0.8669669782887341,-0.006819092434322216,0.028727101428168048,0.028156780609578703,0.02746223584140011,0.0383164718094267,-0.18678119957730308,0.09028548890795024,-0.10961143258751233,-0.0012783831910905012,-0.003479092485374865,-0.003011434705871518,-0.00491683629125055,-0.012092488661392098,0.003870805839869275,-0.027494594429417357,-0.005207965418708276,0.8621468199300483,0.7596900780790126,0.5457585905692273,0.9362408456365205,0.5893386537268357,0.6188829372722022,0.6557985790515065,0.6885716380966881
worldcover_00089,worldcover_00089,2,0.2559289117026411,0.5736279108307577,0.4292498644102699,0.5252122264919854,-11.317685414018465,3.580915224683399,-6.253723325471474,5.29938180211232,0.08007117712914676,-0.03589427660381998,-0.10992152261592077,0.055904777513610365,0.5744984921033452,1.0021352927999863,1.40828521095526,1.2099768759091778,-0.01716947499821164,-0.0053739430326403895,0.010321612852863383,0.016209164868185414,-0.26949935234026945,-0.24567003329767964,-0.3291418145924684,-0.3028314218798752,0.0010145022501048268,0.001566645472940774,0.0007843034285487584,-0.003411367836624676,0.024640984109735763,0.01882749353150441,0.019801893362571654,0.02232566150221026,0.6894528527020121,0.689150417489689,0.872424354810791,0.7881981762380121,0.44547198525668164,0.11589128654575198,0.4498694624273454,0.14612952153455494
worldcover_00090,worldcover_00090,2,0.09809443160411263,0.4713733548467801,0.3764107055736305,0.0967407086581891,-15.070018792277239,8.744326720289191,-2.9777411409245573,9.330126602141698,0.319353110464102,-0.013767610466669118,-0.08783209696412059,0.16694655363994976,2.9972468505172833,1.1001700706594009,0.9356170952098254,0.919728612534752,-0.03801073669451113,0.030790098817833518,0.03829513095899831,0.043020879777220834,-0.6938487907312261,-0.9144451856344068,-0.6152833094968421,-0.6882950622003349,-0.0012231057105029743,-0.004841065165972467,-0.004605641137018344,-0.009220369009658537,0.04569076240608372,0.1059161021011514,0.06576379346833613,0.07835021057429016,0.9208206454472968,0.8521759290085122,0.8255538172127823,0.9727744417935245,0.6662145973898234,0.5467191773292609,0.19805894340796004,0.6328902480335583
worldcover_00091,worldcover_00091,2,0.12081752692531077,0.7555180607420036,0.7682685754967465,0.05781484180779038,-20.592643682950317,5.422201701115595,-13.149611001451019,7.370611509526929,0.03205243830968272,0.13642155863935862,0.08110302402859526,-0.09510996789922664,0.5634599478465603,0.3108983334356981,0.4895077570485309,0.09353671665129684,0.014214141944931922,-0.11351550899413733,-0.12910699679866988,0.1258003343445008,0.20250234328954997,-0.3139422442087268,0.1112395880432763,-0.1738146511455924,-0.0025124964604018294,0.013558893869019505,0.01672708784992043,-0.015789178867984283,-0.04168360154695579,0.04048337409380563,-0.02741022488745014,0.022077426216955885,0.6390038473951193,0.9436468583194496,0.9506919674353512,0.9103211522353479,0.9504837301765269,0.6229049565949502,0.9403845980695861,0.5505154964436592
worldcover_00092,worldcover_00092,2,0.013949738707941594,0.6583784434831499,0.6185339164327487,-0.03200935109546669,-19.47580736127246,3.679122264246379,-13.958368793372733,5.659316750995372,0.40909999899888605,-0.17333028536467307,-0.27311519277651614,0.3920386647953396,2.10078875532136,-0.06470742231652708,2.0925169456760786,-0.09485560568127761,-0.08066378893955935,0.02711477549948214,0.036121918126392386,-0.03267694591217985,-0.6259419609656987,-0.047549165393176655,-0.6457683612429043,-0.05868431009237694,0.003500809925342516,-0.001217317852106958,-0.0005138370048518107,-0.0031293293818681093,0.052017099733471274,0.007684402812551809,0.05446009037793563,0.009813240860565483,0.8816047942622522,0.6369037829145653,0.7939013207247979,0.9585150195600859,0.6366189289754609,0.4305064645629293,0.8548593753047,0.424156524180206
worldcover_00093,worldcover_00093,2,0.1015377945328054,0.027451541726336764,-0.0955681099810381,0.271326861598275,-14.987763635,3.2007039384866585,-9.952461990087519,5.067495082052982,0.3039659831566009,0.34108610105301596,0.2545636200183438,0.2530259594084724,0.3743587871976838,-0.3002308490723698,0.11857862441697536,-0.3761334706701629,-0.029730533050071825,-0.044706655658168566,-0.02865280305313594,-0.005100701858987004,-0.21900218807512334,0.3636439805903154,0.14341121359000553,0.42523537613218276,-0.0015110772235730108,0.0005129702727902895,-0.00037203409304522906,-0.0036844459145960236,0.021681628686215235,-0.04704099200796611,-0.027093326553381675,-0.0548009824632477,0.8936226956036081,0.9328347885592214,0.9296740123456543,0.9079381383553311,0.41144619522180537,0.9056946920080836,0.5287821778594006,0.9090646070607802
worldcover_00094,worldcover_00094,2,0.27907852857392956,0.45513088910868627,0.39866468378088654,0.3600751983396929,-12.32233348217859,7.384279682748631,-4.192174212760132,8.488526209119284,0.007122530098775548,-0.024210850634271714,-0.13286542466708537,0.0775379938265639,-1.1097737546565043,1.7637710151818458,-0.9507912002540837,1.2016139303192244,0.008847559624018947,0.011512753670607659,0.030674190716051788,0.027067587360158952,0.9385623237770496,-1.0389277217504846,0.6919043800196745,-0.7557622772663755,-0.0014453515390400486,-0.0010995841538063054,-0.001752400037014109,-0.005389160128554895,-0.11711232721976908,0.11199042330884453,-0.08429413587754424,0.0836008302371532,0.43373326902173936,0.05081058586010467,0.47007009998152083,0.8793082149853408,0.9430252726025152,0.5007478061893241,0.6879291134390839,0.4948739881913403
worldcover_00095,worldcover_00095,2,0.16963133100266273,0.6394634788686578,0.5345527258786288,0.2327707782387737,-15.769155755673568,3.3680206582958476,-11.022492493807693,5.294570220346482,0.06980898578858302,0.0038095314114810373,-0.11421917296118218,0.34660641050764446,0.6873381479451597,0.4678566942703167,1.3638677887382222,0.5046566972975451,-0.01851182660776328,-0.03156468991464348,-0.0037761030323577513,-0.06290601087468004,0.04909010465014224,-0.2384818653955525,-0.16129092495147102,-0.2683447053184156,0.0013645814889867124,0.0042338792723838736,0.0024540147396049125,0.0030976273119449568,-0.022593234249665434,0.027239793317989605,-0.00197544586791645,0.031005889721395914,0.6707084154282683,0.9237115272080494,0.9305076586780032,0.9325147372526349,0.7289398824024814,0.6342707530745392,0.6866327968723739,0.5706670366389006
worldcover_00096,worldcover_00096,2,0.37213600355029974,0.6651783422990276,0.55968645937515,0.2671223711786844,-14.68122692719455,7.775672002884802,-5.891469976171868,8.899382507175073,0.11079122081793828,-0.0971587279013226,-0.14934850945359196,0.21669976590644768,1.4877204366150805,-2.127206597583331,0.6498585891805106,-1.4346825405634331,-0.030324619407658855,0.008043712867802909,0.002163981349566327,-0.007561722359099993,-0.15351673292171178,0.43654358456561854,-0.09253617966238221,0.2662199416588407,0.0030608560599659942,0.0011259240634513598,0.003002569869612199,-0.0027622492475943114,-0.00522136514656269,-0.026601983685893938,-0.0015744796830120158,-0.014067440106036553,0.7487160496929324,0.582578048224135,0.7838356181557556,0.9456312319707528,0.895880511609262,0.5924645599551219,0.49597030756042415,0.4894554274110009
worldcover_00097,worldcover_00097,2,0.19481519862130883,0.6619749367237091,0.5721140755340457,0.353812857107682,-20.118610272393802,4.227614149906012,-14.106257688390542,6.15097488039691,0.03267007181630421,-0.07126907342010116,-0.14645727686510107,0.06965920565620339,0.4163231178497919,0.04483566446106312,0.4758945326956009,0.006743751238715383,-0.004140802894664415,-0.037197818713528716,-0.024561927986464296,0.01781950045973698,0.21442103470750545,-0.16089138035027087,0.05537125303840037,-0.13650139105963274,-0.00010940644188611962,0.006331280701690252,0.005933850563855636,-0.003699242466627943,-0.041008660152561494,0.025753628361268606,-0.015873458288967468,0.022977469773830677,0.4363092832576497,0.8363807165728991,0.8280388254633358,0.8434396522346991,0.7639876195111891,0.7189737888337298,0.6978467665318939,0.6461453117314682
worldcover_00098,worldcover_00098,2,0.19410837458103206,0.5982136979247583,0.43076854537833803,0.48103780186537476,-11.663357353616574,4.399647906797324,-3.2269928056506942,6.447959207557306,0.0768428171513473,-0.03381040290234595,-0.08081876539758283,0.03653741876284342,0.7907670697317079,1.7927405820173847,-0.1913355522906844,1.5601912562985387,-0.016146740315277356,-0.005980738474951142,0.00029093649609268575,0.028447059583870168,0.05133721371323485,-0.7462153773237552,0.04992457604913663,-0.6804347747861063,0.0009332676245838104,0.0019897074259892854,0.002124213246685082,-0.0048578503456982525,-0.02193070385226802,0.06999673573368817,-0.005746196361105769,0.0652537837372715,0.9408069258740359,0.9040674607277848,0.8961443650747538,0.7868756202840023,0.7919967757617736,0.5813058847885586,0.33120751303192086,0.6083907533972586
worldcover_00099,worldcover_00099,2,0.22112390594816736,0.6679041087627406,0.6166196013941903,0.2655583938414403,-18.584854881755035,4.2048753877282135,-12.013972264253336,6.283851556830433,0.15701794631022978,-0.06417491204208763,-0.1920386355311146,0.31940316757749004,0.6776442932234888,-0.5857849700788856,0.318526506108695,-0.7895363843558874,-0.03419383863279459,0.010431921907833494,0.03459062311169376,-0.05458422653473825,0.0711050901821092,0.13477305047921495,0.10138771396752093,0.18696571914016627,0.00192581974093564,-1.1944108539142629e-05,-0.0012924448408261615,0.0026106978531437747,-0.022585049533361608,-0.007690434810287788,-0.021118712120367072,-0.011089245920378585,0.8979024635150827,0.5874731462651728,0.9024847085295826,0.9292015615737848,0.8811233484496385,0.26987892024363125,0.704906058009203,0.27302231253191067
worldcover_00100,worldcover_00100,2,0.16474058120010177,0.5292544459754761,0.4400644288821643,0.07552300664511533,-17.205049714116733,4.858023750754576,-10.285143409598273,6.895743528930294,-0.04942703264373869,-0.3384945697727646,-0.3343484998931951,0.024209026661184827,1.970465087693073,-1.0736727070850545,0.7522628616619833,-1.0086908571915523,0.07791220751047202,0.1337112680529101,0.10311550156765666,0.08788659286511916,-0.24778498811317767,0.34276895417604974,0.09358081573188794,0.27012694606017873,-0.010287643674780987,-0.012926812876354549,-0.008727083001473922,-0.012754519742847694,-0.0027644183809776676,-0.03057546088087741,-0.030267425049480188,-0.021482794877623487,0.8269758788685013,0.47046530787679885,0.3709636218013401,0.9707696216638897,0.9201467890752347,0.10917655866531217,0.698034399381304,0.10793763173945181
worldcover_00101,worldcover_00101,2,0.10786816584648473,-0.01692344080374548,-0.11955948004668374,0.18869665536013505,-17.00311632440452,5.1479007674684985,-9.570581395606682,7.1024463961987925,0.06105025030002544,0.1471840347909914,0.1359164805580224,0.09334367135214441,1.238944744457032,-2.313635496830639,-0.589103394584576,-2.0384002120042757,0.002506057596990513,-0.016496476412899922,-0.018097187517396248,-0.00853949656218168,-0.37219058620342554,1.0249317872085664,0.376536530801757,0.8765979131387774,-0.0012828086678827097,0.00040531957362110283,0.0006509777911082619,0.00025440466524375224,0.028571670141645116,-0.1012125721337278,-0.04522939760907036,-0.08542711698386418,0.8962491551336048,0.9795621967726322,0.988534986810871,0.8175689705672864,0.6096905950879168,0.7906477319499763,0.6134935072175046,0.7670820478486123
worldcover_00102,worldcover_00102,2,0.18692524198891455,0.6122803895762472,0.5211881566228288,0.28882523558356593,-14.27580868401828,4.022106185219929,-8.433500652424478,5.961225271969841,0.0877322329535369,0.0009424594186601242,-0.08618407743790794,0.3714070149830404,1.022601170609806,1.1088752316103254,2.0649714922075675,1.0933446862634546,-0.01754280379128652,-0.01344215708635594,-0.003988336207288698,-0.0861485348248378,0.021362613734196366,-0.6065323831161716,-0.4733179234566472,-0.5855218901833504,0.0010504098295266318,0.002232344764651685,0.0024678229984611,0.0060488965475197975,-0.02636008318308604,0.07077934355479384,0.028781905392893607,0.06714812921546869,0.9539595473385507,0.5954745352269408,0.8417821340515043,0.9679278019737568,0.965741378104692,0.7788323346777245,0.7634835522363798,0.746883975117795
worldcover_00103,worldcover_00103,2,0.08684517328896547,-0.08585606312209837,-0.17648603072897867,0.28011206876147887,-9.17353056412973,3.2611975868415173,-3.8709381588694334,5.30068774026407,0.14561554811956787,0.36651005993582353,0.2676203201214467,0.2104946394997928,-1.743253988833734,1.867842854129874,-0.24591270228045967,1.6174324598056067,-0.028696780074763426,-0.09555936299538575,-0.07178628275944998,-0.041061990124322614,0.6700360228736977,-0.6712692928375088,0.15246054367459652,-0.5542997380623119,0.0011640564329018087,0.006302831205304216,0.004827974124275368,0.0017925427869112795,-0.06675523315821438,0.06658009949640888,-0.01710547068982414,0.05273484546806888,0.9300569070692212,0.963655854272896,0.9603110883446686,0.8209448129211775,0.4597227608932649,0.568538361500795,0.5367257163063476,0.4892080595767727
worldcover_00104,worldcover_00104,2,0.2896892256698184,0.7610268177408159,0.6458655941215428,0.24543022206335297,-20.96659912123142,4.73936426277744,-13.043176026146842,6.763387824293632,-0.03261439532048433,-0.14648269235141692,-0.1550251373814212,0.06699608408269478,1.7420770624335564,-0.7243880770624679,-0.44959604964735833,-0.7660448467831757,0.02342477100303167,-0.0028419736208338195,-0.021765472859273265,0.04179215734397168,-0.2209856189500847,0.18026288029237025,0.439669358368459,0.19094448480003604,-0.0029742584932108095,0.003050920562912726,0.006198527874669651,-0.007140684308427749,-0.0016890151529666605,-0.011873658834197744,-0.05602674035321798,-0.012534597858305706,0.9033015493867211,0.7756520454693819,0.8129918768776392,0.892356035217035,0.8670772403632923,0.3183312790170071,0.8870521495243275,0.2982990638063897
worldcover_00105,worldcover_00105,2,0.11296927955676012,0.7067591584090036,0.6886779151179581,0.021507814752332485,-22.139763297695616,4.88585630828608,-15.163856263324382,6.858864486265661,0.0021565894200519576,-0.025753669440747015,-0.09040984428591262,0.08645915115873071,0.6438271927005967,1.8784298457498658,2.358184144364264,1.7356888941145254,0.03271652374311801,-0.04708547564424978,-0.0540525271391971,0.06174917311056856,0.2010769602300059,-0.8480984524469306,-0.573463045824459,-0.8112341945857964,-0.00441885439968672,0.0075605931607159605,0.009697792957527469,-0.010181135977759503,-0.03969819574559186,0.08422809970279004,0.03601095175252478,0.08179763447139521,0.8175282140025182,0.6668667797834666,0.7430276058681536,0.9374100282678967,0.9104111863696104,0.6010138010886836,0.5376492279892495,0.6249942718646573
worldcover_00106,worldcover_00106,2,0.23452906952769287,0.8024239056941233,0.7509539130736477,0.19872216790011493,-17.483745575389303,13.248587720132607,-6.044701195647545,11.08268065063548,0.13334811728285842,-0.11922836753111042,-0.22389315696994888,0.32670861305225374,3.816032452651368,-7.2651674050580155,-1.2054556040434612,-3.403179515442389,-0.025920793340570805,-0.012173142880846406,0.005727315660227241,-0.060764458401378375,-1.08855016698046,1.984010447067012,0.47585020272611767,0.9492182569282791,0.0012076649643810707,0.0029844809511695262,0.0021596500800565217,0.0030904220360697936,0.08450130406059629,-0.15203854773746348,-0.04497110106051426,-0.07290837661161666,0.844077691492767,0.9151066689951172,0.8593505137526527,0.8750158200073785,0.8407056861317017,0.8234740474330983,0.11028851233366588,0.7951971169119696
worldcover_00107,worldcover_00107,2,0.25548228901731823,0.7918343273076144,0.705127767992742,0.2178995166764109,-14.310204883857866,7.498554634768982,-5.712879663838697,8.714231955904609,0.05095813313161166,-0.09972041620621629,-0.1157804457914265,0.06486881583456068,2.540705720163721,-1.5558618712024248,1.8683683003831115,-0.9467583403147974,0.0019789693481963664,-0.019177734626061968,-0.03751048273144853,0.05541208821844733,-0.4990444218350262,0.39078946140177334,-0.4197332553454164,0.22348022023636654,-0.0014312476755776336,0.004707060378007217,0.007624718840375086,-0.00896707500773246,0.023577514895912564,-0.02618530647724374,0.026033096847264986,-0.013783319407814092,0.5728968316499954,0.7058020838675165,0.7426225997373261,0.8391288228818189,0.7416480791726974,0.3698434652885967,0.5642260649604458,0.3371419917284245
worldcover_00108,worldcover_00108,2,0.11307544389078822,0.011154507202181271,-0.08537196367979,0.15744982050223816,-14.036332715267577,3.2040046513053544,-8.898328052916513,5.081813627939159,0.20241776000063105,0.19973085922676856,0.1834415982492145,0.22227720271736817,-0.8510435225345657,0.5774512444816721,-0.6614000726265136,0.30555665267230087,-0.030598077349941976,-0.014986454771259015,-0.022097922484612054,-0.020088597841851,0.1731671968989783,-0.017920057580419414,0.2947176869800422,0.07460303029352308,0.0007115585370118833,-0.0008773665705865196,0.00019850990631513045,-0.0009610199491785138,-0.013661856197572802,-0.006671943049444463,-0.03197213922253494,-0.014115823559498041,0.8853609634922911,0.9213028772286105,0.8847245141627759,0.8792018504259224,0.5375133405821113,0.1848813726046259,0.2090625419170501,0.1732830696460098
worldcover_00109,worldcover_00109,2,0.2986704901924488,0.6355598496668264,0.5822284454197587,0.10359252560319401,-25.115394446293394,5.571262944866682,-18.125558544691398,7.172529413644079,0.1373072590921036,-0.16613758769300266,-0.29629049668945945,0.4530351513789751,0.08289194347245907,1.6519628286851307,1.3745035714345073,1.3155475247032924,-0.033008233441428364,0.030229934850038467,0.0626556719149346,-0.10666335554737015,0.2946298067785264,-0.8689408433959798,-0.38196277749020285,-0.6981965315527503,0.002305146796944301,-0.001251901565778142,-0.0035077286413823746,0.007391269949048444,-0.04430107186679164,0.08751074771200679,0.024447092319938094,0.07088940225445542,0.5195976319366435,0.4575321769076858,0.6554884265376029,0.9903036975834479,0.7147648058025069,0.513625464746459,0.7895642994495738,0.57003282994042
worldcover_00110,worldcover_00110,2,-0.04549627615245374,0.5664828835111672,0.505095670169049,-0.037789800821689354,-14.700512221115954,2.930238784928435,-9.13169093250871,4.655074925273235,0.5088984747986085,-0.16776359152226192,-0.3104051152569428,0.5961517010832059,0.5878916725060404,1.2398030113027858,0.8079161604278492,1.497816336117563,-0.09764179918303906,0.0626232335223006,0.08897423029381342,-0.1200263316353006,-0.1569445078088021,-0.4966115946891995,-0.39382761627115703,-0.6089154017886056,0.004018759447188007,-0.006425912294423948,-0.0076806236604096915,0.005919745955686769,0.012733690400211389,0.04783902403603099,0.04230185457184751,0.058996441738340163,0.9346968772821452,0.22797675583801547,0.42151916997697625,0.9699703243737071,0.06554071371196746,0.2950256562131006,0.5280201317696769,0.2698769991512363
worldcover_00111,worldcover_00111,2,0.1824287169912908,0.3210143717852498,0.161207251109634,0.5269389053185778,-23.97610336430162,5.600710682669078,-16.52137849603832,7.376786514303299,-0.011338731828661618,-0.1441092713484684,-0.11585562919185188,-0.0024535672532185206,1.2346681125310166,-1.0337559044207445,0.5317868322315986,-0.77322307947611,0.01634556681761915,0.053918001858831915,0.03178342455369111,0.021427411408651422,-0.05214238721716029,0.1849603862146759,0.010199115927613077,0.10697950770646532,-0.0021718138814814324,-0.004600403247156523,-0.0020394886742731645,-0.0025472624434365178,-0.016134922697023737,-0.010482292945318427,-0.015371016844888886,-0.004081209852775561,0.9089272373113877,0.8182601634326145,0.8983557225603647,0.8574820182842792,0.986995950988657,0.8958010907618277,0.8555745754646369,0.8288777891256541
worldcover_00112,worldcover_00112,2,0.07314610455260473,0.6379511844028132,0.6175987205722123,0.017080691389061983,-16.78403685252299,4.119037489748341,-10.478924818576642,6.105724396741451,0.3096651170892558,0.1803355578865315,0.13989325305299005,0.1513377768948443,-0.1859128430100642,1.3827514918567374,0.8542688823051887,1.24612853962775,-0.07130862218898318,-0.09521881900566465,-0.11613525435715492,0.052537928170068866,0.43168170919777593,-0.46064983807206766,0.04412126949802446,-0.4022514900482481,0.004984312811107309,0.010060864867586066,0.013803588132364559,-0.010129893913564053,-0.06317562941378213,0.04433650519280134,-0.024162845206989244,0.03766458363873614,0.49932554843236865,0.46583925825186834,0.7019676910352299,0.8886542701781118,0.8715186343602771,0.8813904495257967,0.8510212494766778,0.8459184711322238
worldcover_00113,worldcover_00113,2,0.12691148245268502,0.11650113671114945,0.02880732976182375,0.21379284763878054,-22.987981613442123,3.813632735974496,-17.063600755420296,5.9620311163069,0.11448649274845699,0.05989987574635995,-0.01658589452216838,0.1649149324567543,-0.04695305007326457,0.5136741015053592,0.2656597307524939,0.02219116695833059,-0.01574293373346813,0.002484620133519676,0.01564771147017484,-0.018855002761145136,0.06058882928779333,-0.03430057794036536,0.08220144866993985,0.11568255534485514,-4.252920376361239e-05,-0.0016449194664906969,-0.0022050980654912027,-0.00039095149347276624,-0.00730157904828018,-0.007276869578421345,-0.019254645620714866,-0.019606575464989017,0.9168557591504173,0.7565683182747422,0.5470743694161074,0.9604951545848069,0.028204759050510786,0.16861117186811636,0.5428270568560559,0.18603674492705402
worldcover_00114,worldcover_00114,2,0.2262307072365364,0.7023527071331486,0.5081079773830641,0.45414051097450825,-13.709913074642898,4.922047977393177,-7.604069157398172,6.900693745758277,0.05931575191932933,-0.058307291969420375,-0.08646377554488537,0.13455688137383723,0.20074521255378322,-0.3752454787480664,1.3751327874660226,-0.2893472294893266,-0.012548212437872935,-0.0005981749270385704,-0.00024666198533343167,-0.0037115914868070844,0.20137525659223268,0.09161681505081742,-0.24545287032344823,0.05263773262995141,0.0005618274132131758,0.0014227950813794398,0.0020377846679302254,-0.0018391448891524052,-0.033376168935159475,-0.005124425234426735,0.008679267532342796,-0.0012905130904819068,0.591674746057682,0.9190496821806355,0.930909114635738,0.8078537478217901,0.5485957418172077,0.10936654408174673,0.7610424623024745,0.11548317775311967
worldcover_00115,worldcover_00115,2,0.3220283430170185,0.7424014093297897,0.5972045976104153,0.6306461032592886,-20.07243078249742,3.7012788046193554,-14.48950712441635,5.602753326747143,0.14365800919477445,-0.022908655660492928,-0.07975066015644666,0.13427051499722487,0.29621575324677457,0.5667489865986878,1.3433598701205989,0.6503028096564105,-0.03477533983563525,-0.002771541153713807,0.009117891778161495,-0.029464433526063864,0.17527663008839725,-0.2179298459061554,-0.19382490373563543,-0.24345599658561393,0.0023590053985297708,0.0010493113235993908,0.0003309501240951861,0.002069444066346292,-0.0299445684887406,0.020660964916727562,0.00488715465600014,0.022951519035130288,0.8211742293972428,0.8424261619987381,0.8906881477915845,0.912316725247124,0.5927853722146458,0.11418312791362517,0.7747510164953045,0.12543246108306016
worldcover_00116,worldcover_00116,2,0.20807192422717935,0.6292076490142127,0.568452695553953,0.24326588168288732,-9.06587766928738,7.82498978926481,0.3733350364962739,8.899309692991654,0.06289345146181015,-0.13364601005164398,-0.2026411239944755,0.2349764051891508,2.661553519662809,-0.6265671685554899,2.095792239732543,-0.6983186102638189,-0.011148223443514032,0.017222361518191055,0.012018236279229638,-0.015395023380265112,-0.5138025284198231,-0.5689013608922726,-0.7855520828407513,-0.2445884794369584,0.00047220148312305307,0.0002269915709591864,0.002310440282930023,-0.0021429493120222348,0.019867802527244866,0.10939655671425173,0.0731364885658078,0.05530425195203267,0.4389960970820601,0.4365439745077949,0.7141606743441973,0.8729043587129404,0.8667188876154615,0.877609938078312,0.48471923945120365,0.8576076267856731
worldcover_00117,worldcover_00117,2,0.20120516395339838,0.6995463226780747,0.5621372650970112,0.40004295652562893,-13.450269341408417,4.300863090369587,-7.617588611133099,6.305772256321237,0.05569009177615491,-0.07447791927390628,-0.12083972156757405,0.0953983960170597,0.9725794464919912,-0.019633326803640966,1.2502180634204014,-0.08374462069079666,-0.013031357343998337,-0.0022401925805327723,-0.006195461304930901,0.02140931936698554,-0.19086028664372817,-0.02826664424072002,-0.24762727722991365,-0.003978975934916492,0.0006976145710978438,0.0017946056946359576,0.0032873992441278532,-0.004678274119141123,0.00883190255302527,0.004932467890991956,0.010834968775412136,0.00282734543537375,0.6220008105581984,0.7485414959819077,0.786990529644161,0.8353225403307956,0.6727141198389539,0.05677107925563407,0.8013399295456483,0.06702465788461698
worldcover_00118,worldcover_00118,2,0.1447702823862319,0.5994585364153886,0.46300276504321514,0.337679988507068,-24.96485816851232,3.671760637809948,-19.131354361461053,5.7152765306379,0.11978632342480357,-0.1800632269846066,-0.1954713640143241,0.09956642819775523,1.8590330169673623,-0.0914486251812898,1.1306489947468625,-0.3214678050128198,-0.01555232703214354,0.035574962888961184,0.010216626761989318,0.03973785071790981,-0.30501308725233045,-0.03536619784812512,-0.14905745840453105,-0.006013183937294489,6.691255996894843e-05,-0.0012219389430200179,0.002982700365887131,-0.007686896230837307,0.010624280866348175,0.007114965340561835,-0.0008708972578936151,0.00756832742902616,0.6292020935665947,0.4652557943871698,0.661381231305429,0.9468721302764302,0.7521556583101768,0.19470891835276938,0.5797839689461965,0.32425690923405726
worldcover_00119,worldcover_00119,2,0.3292888589191921,0.6884603166218963,0.5930679165052645,0.3662428169539478,-12.071728342050553,4.110785055637881,-5.991379861288002,6.239231262786762,0.12295233501470502,0.07609126752331091,-0.0004427600947641921,0.14802988062775355,-0.09776781813058885,5.3448908634362775,2.920242020638088,3.17411666805799,-0.01066315197315857,-0.04031198726587985,-0.03274047752092404,0.0022337264764359837,0.5906366386480635,-2.4333614043268628,-0.6842286038431885,-1.4245375118997583,-0.0009135505158034737,0.004468140728545905,0.004768222946711261,-0.0025630682857349647,-0.08541964436814889,0.26715917154336494,0.04979586040289584,0.1535907152047404,0.8229501070249897,0.40402350740549875,0.5827120694520838,0.882193660391787,0.7796891052127656,0.836908465694185,0.8840077857369547,0.6753365948292476
worldcover_00120,worldcover_00120,2,0.2520055197768785,0.6086084291790467,0.5785981326392198,0.22942994512391765,-12.736779525593095,7.288968829873073,-5.228651463225078,8.513279577543143,0.019319299586647753,-0.13280964477194665,-0.23160355301603433,0.036254330819088965,0.7880196604098345,0.6542424619064315,2.130655992343692,0.4365213651135705,0.013467117633016265,0.03013950683079753,0.03939766544864809,0.05347149370810671,0.1647761226062395,-0.5351214445493788,-0.358672835769597,-0.3683425358904763,-0.002356095968308494,-0.0016768674808319143,-0.0013825432444461688,-0.007481858999741187,-0.04073585332796158,0.05770689016579399,0.007078307023860098,0.04005446626112745,0.5014558062883254,0.23964607078071232,0.5965474863888731,0.9399828961909664,0.5259957287343544,0.4657171396273121,0.3557206937829124,0.48635474760114616
worldcover_00121,worldcover_00121,2,0.2989858361818638,0.637346475413351,0.5445958981008236,0.32150462044007827,-18.35883942557075,3.9636691308220295,-12.25740978192123,5.93741482765908,0.10892057366253105,-0.05589967114584764,-0.12704476690481561,0.17563281846897982,0.6751467239420721,0.5216630915295009,1.2809118083993443,0.5875642681314457,-0.022288737608902088,0.017697878343202227,0.024123460602708664,-0.0006975880561970217,0.06042645968953315,-0.18544147798194577,-0.19833867713804249,-0.2084368619956971,0.0011570719377083515,-0.0012393313826936558,-0.0009507013842312929,-0.0025694241577928615,-0.02256074924064247,0.019995068941269484,0.005286576989287204,0.02193008329758952,0.9186315077492667,0.4249350389802785,0.6817360339545178,0.9756474507325672,0.9433898303008049,0.4134100315256465,0.9194738790495619,0.4130124634600627
worldcover_00122,worldcover_00122,2,0.14360887717165358,0.025539073585109724,-0.0672558236189862,0.2565799576766564,-16.704975424677652,4.807653433130295,-10.246355621487991,6.831865047650155,0.3250994248145385,0.2938629359982548,0.2093572668760775,0.25328673694341897,0.7005635342863592,0.052225846745849736,0.9555785803924683,0.009128426254963216,-0.05005713122325464,-0.04210521916967695,-0.02820886357876895,-0.022807546895303774,-0.06569780806773996,-0.09615372992318105,-0.22527527049575488,-0.08274885028949519,0.0008996507014526131,0.0007873015252478078,0.00021250669214158856,-0.0012692209295552181,-0.007013172739942628,0.01154019313814986,0.012065081250287255,0.010508545533332277,0.9686774632501121,0.9613598395055556,0.9662114929453637,0.9883810720962581,0.7565012237746704,0.26923347158841426,0.728928319179847,0.27085338500419254
worldcover_00123,worldcover_00123,2,0.23601380837245742,0.6419719511812386,0.5894063277678055,0.0666086403935247,-19.168928514527426,5.621017381551814,-11.163768102787683,7.523827164695535,0.049918866863088183,-0.030325354209968573,-0.11920837981123801,0.29911830030854697,2.4563201295284744,-1.0660953642915203,1.0937521111472122,-1.1398154505721363,0.0003138246161999894,-0.034062080698095736,-0.02379064392540356,-0.020657222556732344,-0.6142054527609064,0.20173070795910886,-0.3451184752921049,0.2423525977191567,-0.0011189587544076073,0.005590601175120371,0.0058218201603552275,-0.0029922259614022177,0.04250876950219046,-0.009341153749417562,0.026374211994628596,-0.013602930228267775,0.8933425654612518,0.7094447710115609,0.8083957867364833,0.9861104488199984,0.8078323625141368,0.3316011347395974,0.8764102943022225,0.290256752178632
worldcover_00124,worldcover_00124,2,0.10026935956292926,0.5525735129009588,0.4732729986761554,0.07247929105704456,-18.368600222334045,4.208014625343931,-12.196939314590209,6.132237423760592,0.12717819381093734,-0.1054909841881856,-0.16747047477180052,0.28370461840596506,3.3827980171484295,-2.10167622677737,0.6311220254891113,-2.508826975260734,-0.006125249609682676,0.03366940381465016,0.02659294247885289,0.0017701345636988025,-0.9997966500688119,0.6948546661455735,-0.10877240778016727,0.8132107969137045,-0.0016490303507837973,-0.0029319142452394107,-0.0008521666468092898,-0.005318538050609399,0.07566809655429145,-0.056531897921128206,0.0037036644312392025,-0.06543432226769727,0.8948515029234898,0.1688537125009294,0.5815995173750301,0.9295945092688273,0.8263679560416192,0.763256000155545,0.5720514905918649,0.8622475477065498
worldcover_00125,worldcover_00125,2,0.11588611948179756,0.6133023215965784,0.6075343241294214,0.08624406802383476,-14.865860241665354,7.0487973151079455,-6.91348208420313,7.969471117273951,0.0881893250781698,-0.2684071296382515,-0.3894332164588066,0.34051317109593215,1.6465442057592798,-2.437771323996815,0.19938342862445987,-1.5314660222710563,-0.018813827514663987,0.052687215598630634,0.07947380072437209,-0.08466971412430052,-0.5511442075168409,0.8244866393404036,-0.04247296954214962,0.548432779569459,0.000982858253492872,-0.0032657717890811626,-0.005020926473662246,0.006482916404352026,0.050252823602765895,-0.07564573925865686,0.0027911747415728977,-0.05135280959098558,0.9251168867897568,0.8758397839307182,0.9421678462016905,0.9767988141938594,0.6272023167205805,0.2643702000101482,0.01683207040231116,0.17996696701363968
worldcover_00126,worldcover_00126,2,0.17129565671589334,0.589646233753724,0.539475992999293,0.1459739208221438,-19.597561781500826,3.691587593266875,-15.618703644941323,5.651346623142267,0.23438458148103,-0.08756410117660253,-0.22285329955556066,0.37978270578952,0.49621120652603273,0.5615091867438365,2.5000699945731775,0.5828786591707058,-0.05040795166652847,0.025382281833396896,0.049159175018856534,-0.06129068916752209,0.09232260137680351,-0.30682133759441366,-0.615193906326564,-0.3339048100547424,0.0027514162125684095,-0.0027127168846852907,-0.003589004372255972,0.002065862218538906,-0.026279272206154176,0.03442119836433096,0.041002811368015604,0.038164511065116556,0.7680097870641323,0.48459291732750187,0.6400839886898306,0.9856619807542514,0.8272262507194805,0.5637276049796482,0.946540549439279,0.5534707709500112
worldcover_00127,worldcover_00127,2,0.1207805215038654,0.7770529949303835,0.7466149509630426,0.0058477850574435155,-17.698341098779665,7.621866444801218,-9.150129910031128,8.781376254168615,0.1907734857578213,0.021628692213977077,-0.057335330395117644,0.27670866493431356,1.71166822969559,-1.1212870984119307,0.6816715439505863,-0.6759355004047705,-0.030623102861285896,-0.0649483914112113,-0.07129840265749832,0.001442264289760473,0.008927595360837634,0.5194762299194502,0.3154675070135455,0.3019581214308401,0.000606992393559358,0.008382597543073403,0.010997495501104616,-0.005500086987710964,-0.03026980357311048,-0.05764911780396447,-0.055692216628755904,-0.03322741894904055,0.5833362929008788,0.7478481423761416,0.8058001180064055,0.9003526001793352,0.8383826552134238,0.305571282033386,0.636666252769484,0.2906658453423294
worldcover_00128,worldcover_00128,2,0.03533178094009252,0.21474936186815755,0.11593201519413426,0.1094967661933481,-21.062789902391057,3.756729780846155,-15.375979051035872,5.699971995027453,0.2862616217052656,0.04566620752984086,-0.015098969452083093,0.48388854136306025,-0.797586409413247,1.5062864588638667,0.6572267240218876,1.551312399309667,-0.07477696827002991,-0.021929759451579208,-0.009542003183250698,-0.1301152085909594,0.2547901702110822,-0.5234113149194646,-0.20877019135486877,-0.5397445130037143,0.005098812483928639,0.0014394921429380018,0.0008945198814299987,0.009104164749985986,-0.021027436733192437,0.04414614719601218,0.015399461781735157,0.045633183800974024,0.87475412271189,0.8187699055944901,0.8146283080151483,0.9856125821214674,0.2129626155107841,0.7143700069608032,0.5703285463986193,0.7116952616443976
worldcover_00129,worldcover_00129,2,0.15383441347046214,0.7637236569866992,0.6966775163556594,0.2281203735055341,-21.278586177179392,4.352097850434516,-14.067112942391972,6.3520663007400335,0.12875114787576622,-0.05407235996117704,-0.07885291740771405,-0.0007185289074494597,2.4855480316383254,-0.9219490107351767,-0.15212606074373522,-1.01669014885252,-0.015719739946871248,-0.038199550597182566,-0.05536249447694572,0.07756106239376627,-0.644193634038621,0.4170823911356774,0.31966009365720593,0.4401617792451691,-0.00013895051413511647,0.006492301069124784,0.00941915610673451,-0.010811688698301403,0.04494478062149979,-0.040742189337460086,-0.04259558262056537,-0.04208519747382249,0.6594228901061769,0.7315444345902333,0.7870511119509711,0.8605898466304986,0.6905326540811405,0.6253974661215178,0.700789960076863,0.6492919112413384
worldcover_00130,worldcover_00130,2,0.3690763712124069,0.6416925688584645,0.5669114657423711,0.3673000543406518,-13.046551646356443,5.727185203177034,-5.127257975497222,7.598637342145938,0.08590627383449503,-0.056812853212394376,-0.1318817601080923,0.22579347070247371,1.5027427225166414,1.94013757090966,2.315155276758604,1.2915103169685953,-0.017608762861323762,0.006163724121593272,0.012328943358613202,-0.03456318713885874,0.013775511571325769,-0.6601755258078804,-0.27015561724871395,-0.45595669000267575,0.0009741623448691667,0.0008283795581923607,0.001258906691965442,0.001243167603858787,-0.024980514539573114,0.053332415673309534,-0.006815496416052184,0.03758580176229673,0.8623566123482347,0.8260714697986956,0.9067231825725888,0.9924791719864348,0.7619233380590211,0.4295696248218741,0.9205087839400409,0.40753896056504846
worldcover_00131,worldcover_00131,2,0.21729469331643067,0.39644867091467834,0.20530341926849238,0.5267644470388237,-21.69864259356105,5.768520436485807,-13.991144467530894,7.574092298097182,0.05117439530822103,-0.03999436469305094,-0.007315689904822287,0.06081617469825465,0.873857235372909,-0.43640407601841813,-0.6679095145438676,-0.3000068291419545,-0.0008943512384205949,0.027617530615040634,0.006402254878700566,0.014009927258346952,-0.1962166053646352,0.10429758201671747,0.29326186679508914,0.05577428055028331,-0.0006919308042279502,-0.0028166366797504902,-0.00030663921827017823,-0.0027835692721183817,0.01208333632630816,-0.008272013360983207,-0.02911402164240853,-0.003686674792273626,0.8153521337932375,0.9296989695542722,0.8131223393108676,0.9599152762824152,0.4042632565047265,0.20687583027244139,0.35512998017360065,0.2245693893629418
worldcover_00132,worldcover_00132,2,0.11181294775486449,0.585453008611997,0.5477596087889238,0.021956960868203045,-21.750621148789786,4.567874306187976,-15.652209176897422,6.68131265096443,0.14121457045803934,-0.048473079348841125,-0.15004362384714842,0.19733989754662198,1.0304087525410117,-0.5081265692794705,0.8007442719504819,-1.1295625184052067,-0.018645718900740644,-0.031820882289182395,-0.017055063439911883,0.020013871800267206,0.017106751957717,0.1593064169821763,0.11767025557588445,0.3574627885932697,7.378210516691705e-05,0.005670239941941355,0.005311330799201505,-0.0063737441663338605,-0.024347649005298233,-0.008338824321088815,-0.029300529661396707,-0.025082452305083276,0.8659594608961687,0.5959795883999239,0.683284975727315,0.8896462921019369,0.8050776452162363,0.37230732505639896,0.8905220062070405,0.5029136817597013
worldcover_00133,worldcover_00133,2,0.15432221650150507,0.5943099156473625,0.5866094412225664,0.11559142736774611,-20.481885813314538,4.64082169956141,-14.445893888116883,6.650453228150094,0.13711234284240317,0.0195594263218694,-0.17409278251348995,0.49404534715272036,1.7641160038766242,-0.8977002940874123,1.6480249998133571,-0.9076716059716455,-0.03631862071594264,-0.042744419855988806,0.004351678848653673,-0.11328028571425043,-0.4628201568195278,0.1961666987457021,-0.45080039193567545,0.18514659167876132,0.002926569699170945,0.006032766492077793,0.0027636845379766795,0.008054129892226407,0.03409328108218824,-0.013540523581707648,0.03291586239325751,-0.012084991809280738,0.9573634705988202,0.8347731926552979,0.9189360131840273,0.9823418541557384,0.8280409674399096,0.767528261397792,0.7790880515426796,0.7167033834654623
worldcover_00134,worldcover_00134,2,-0.22645452481231307,0.5024026929203306,0.46639095529010777,-0.09679523291009721,-24.72076191631217,3.759089715869309,-18.56174211141813,5.599478545983851,0.6298501137196475,-0.09964548388407388,-0.24009650805225938,0.5875974004822108,3.1336043617214884,-0.6991424819301724,2.6026284797359724,-0.702552401548238,-0.14506790052215676,0.021655681141898298,0.049993599371912174,-0.10904093435864659,-0.6397017223680925,0.30998676988492607,-0.43558257554846946,0.327520458008922,0.008669903912882141,-0.0021655755823083195,-0.003667953729892936,0.004036824642257235,0.03191842039911707,-0.02562880024459664,0.017142883498162655,-0.02830287519644631,0.9411925497700083,0.22736216029220546,0.3762037437459699,0.9495262502816966,0.5466332212195713,0.6275609406397273,0.7222842704570247,0.6073604009650113
worldcover_00135,worldcover_00135,2,0.055657873375627887,0.5480227064002626,0.5125878674514351,0.033827615788941036,-16.66746124346158,3.6482229156486943,-11.453388322351433,5.679043752069041,0.2654050897270814,-0.3692397793074915,-0.4707550788741724,0.42917154979197203,-0.3050249240272805,0.5052880124671808,0.8698034682899353,0.36582941797565555,-0.04076061359757952,0.1266065163021802,0.14142280865412235,-0.06626309758431194,-0.03863278351831906,-0.13442763455359488,-0.333522084516621,-0.08136229338894452,0.0010375677202837674,-0.011336460756608336,-0.011810466477816748,0.002051261855722065,0.0053937728235944876,0.013789841214060301,0.029468311284020342,0.00862357976848489,0.8830403998435817,0.302078621569704,0.484757814043808,0.9855677108136556,0.6471251763944054,0.36265992773667144,0.19705690097378414,0.3472688689726997
worldcover_00136,worldcover_00136,2,0.1809955020878836,0.5103133849122301,0.41823069028782084,0.36895474249666343,-19.323750409391973,5.972155082722352,-11.404518919641614,7.72913637827211,0.019153939222158817,-0.13830915530995658,-0.17147429163257255,0.0498277090844659,1.7929182566419306,-1.4941326456359905,0.3850280841776179,-1.1961858132200283,0.009053401080447403,0.041295163301162244,0.0332851541668047,0.037327206108993136,-0.11284244993425581,0.14501231754985103,-0.056577776100411356,0.025893838712225222,-0.001710252381860315,-0.003173850777775339,-0.001635781969084878,-0.005804509827584923,-0.019017745436827216,0.006791993250580089,-0.00044605241920173225,0.018003990165240458,0.7938829600095954,0.3682501272426979,0.5662931403343624,0.9179798501681584,0.8969331653766944,0.8887521794388256,0.4784936651803249,0.847751592974101
worldcover_00137,worldcover_00137,2,0.22014463506339482,0.5472559517983231,0.49651786278594556,0.484055463111762,-9.13123071354433,7.371796640058507,-0.8033957512007989,8.727483570448568,0.08100384375519447,-0.07178201029698043,-0.20828387886285737,0.1347000237022126,-0.005874340145280555,2.281024760600948,0.7276049736108413,0.7817074635412768,-0.017225781800065097,0.011225565622895289,0.04351976550954233,-0.026175041219372763,0.23720442365698355,-1.3004179680334778,-0.15565092176474252,-0.5057995578628618,0.0009837249132978666,-0.00014310104377341802,-0.0024104112702788625,0.001616251739588651,-0.03307787939681361,0.1536256495877136,0.012219188537587421,0.05983114069584491,0.8666232353777039,0.7779711165492869,0.9295711618895912,0.9943515276323656,0.6921614575630614,0.7645761667647447,0.7219234158553396,0.5150483497065806
worldcover_00138,worldcover_00138,2,0.09992680679479793,0.7057324259570152,0.6684848535241503,0.02124154505630291,-22.96596703210228,4.371077093696095,-16.06474031296839,6.3830369485704574,-0.0005116229361212341,0.014035112564525668,0.008299955595579625,-0.05930292805183612,2.7941089168530078,-0.6779709102501631,1.7619526925734832,-0.6958031275163769,0.05662780937685486,-0.05244923824871776,-0.08085249006361139,0.12338637843328899,-0.6055989354373933,0.24504500372668317,-0.2606162824065676,0.24746444879595952,-0.007749629938513209,0.007032745564826818,0.011203918907076414,-0.016276770866372508,0.0364981902085258,-0.023048005196756313,0.006190680236211206,-0.023113742993953763,0.7680461061940163,0.8089437125122285,0.8532277832611624,0.90810872321767,0.921234944158171,0.18096186309530382,0.8546513401714634,0.15543372975575132
worldcover_00139,worldcover_00139,2,0.2186266966249623,0.7672435975436007,0.6651475659825582,0.23019417307593582,-20.177742854738995,3.84675070051967,-13.561955180300544,5.900380816443935,0.049244991356620915,-0.09798675834659551,-0.16712711633197833,0.1749087531888297,0.6408877835258677,0.6450930933019805,0.5479172134846164,0.5795621331848518,-0.003334245545993364,-0.022676660126937965,-0.012806370177052325,-0.0007898377907740698,-0.001505920033530987,-0.2872838781971731,-0.08866310495717615,-0.30698368794856223,-0.0003896721195687311,0.0050534471267401635,0.004962896834118209,-0.0028234800003995833,-0.013189816462287035,0.03167555952555573,0.0018314072370054233,0.03587696331558245,0.667348156026855,0.8379407692042353,0.8197325039864566,0.8736067534051285,0.6300571079227679,0.23105010049172214,0.6547326361166947,0.29743815175423705
worldcover_00140,worldcover_00140,2,0.1464137334934016,0.30581740267348945,0.15843630850202178,0.20743243599479855,-16.720680543747456,4.151720461285131,-10.97523821136158,5.809534450294548,0.06044487030736333,-0.18345238362985897,-0.1871999310410858,0.1649623142466656,0.5119191470283276,3.4180875118729794,2.0108734414151255,1.7354679115789933,0.0076313780082285535,0.08414431248521387,0.07838797895036212,-0.01769665319037121,-0.0824781654126672,-1.6006342673610494,-0.6160203606719331,-0.6542783523966667,-0.002222449715599432,-0.009008621213713078,-0.008173557198277176,-0.0005008699090191865,0.002273023208125062,0.18779236526495016,0.05932289273345973,0.06928789891193575,0.8537869391597759,0.634483247427269,0.6240686328776996,0.8796776697829207,0.07815462455820943,0.8103099855257603,0.813358807503896,0.4011960573885641
worldcover_00141,worldcover_00141,2,0.26495345647021346,0.7084438809842771,0.6436286699591253,0.16781743006272723,-20.712810380470344,6.2684450326735695,-13.902089663277394,8.04258357765565,0.010592011512626077,-0.11833806844457731,-0.20277095408666632,0.13523525638239725,1.1117093639766908,-1.7508354934983663,1.2419288528945234,-1.5447210574529868,0.007373227221771752,0.015185155167982101,0.024239957655146825,0.014419368625461343,0.047449684128411815,0.4325092349951757,-0.12074008023602104,0.36973498111457076,-0.0010568150699426593,0.0003760508214584603,0.00047586000326909955,-0.0035356777635487746,-0.02694799450331135,-0.031621164922842455,-0.006022857908994233,-0.026068833127722308,0.6292105054521536,0.48510068844555065,0.6573721097182679,0.9356871750264982,0.962578723397975,0.5513776583674911,0.746469999925593,0.49189336460822497
worldcover_00142,worldcover_00142,2,0.1136979186290602,0.17363559477256954,0.03870726817033494,0.10988671310020269,-23.206477155131097,4.993302876768397,-16.10467653338698,6.935191899578786,0.13493314612704563,0.026323709932584843,-0.02053737633728541,0.3218971020172509,0.5180375040751014,0.04050970562783627,-0.05615963479678417,-0.03375433934482369,0.0051822843163217515,0.03248361618262087,0.032706993688462374,-0.04198564221332592,0.03194826075100078,-0.11162312998368074,0.13117634519882135,-0.10049029458358465,-0.003422339224396924,-0.00551914523421514,-0.004762578487509131,0.0006104074042252718,-0.016033172296738597,0.013967852162704672,-0.01902674483209636,0.013993480814474551,0.837307350360274,0.7575671713028966,0.633693299902782,0.8965657078738615,0.5601322834584801,0.11468492016746423,0.5057109581694049,0.15557708515622204
worldcover_00143,worldcover_00143,2,0.1765590336870754,0.3052078377116811,0.13247990845279298,0.6355653224569361,-17.764352156338283,5.978463775183356,-9.885199405708326,7.735683756020955,0.03367997446881143,0.007502765291266526,0.028306050810016064,-0.2206999406455042,1.8252576269079315,-1.5139957977125786,0.14135932800244336,-1.5382005213531083,0.009516367302151689,-0.010849090752663432,-0.03089832765296145,0.10897853015821188,-0.36413728052211064,0.6086744621180079,0.2205670901979828,0.611765273288687,-0.0019784193267440926,0.0022159440800396993,0.004789127380295518,-0.011867209967940726,0.017477762090419402,-0.0629616562497636,-0.03639555442900967,-0.062018021152377124,0.7815464962904463,0.5507875632647673,0.6851748560219181,0.893485673006367,0.8859249448368324,0.29104538046068895,0.5470631400768828,0.33280627034183163
worldcover_00144,worldcover_00144,2,0.09962824602761271,-0.007651976648379202,-0.1172381661493667,0.27607343458768113,-16.217470632416166,4.351526178982232,-9.915656789875552,6.298209714244385,0.15643987888159097,0.1996509888771149,0.15690014217906262,0.1531481877678915,-0.7694681964422756,0.2608338825942266,-0.2274595708498335,0.43895538753196534,-0.024741916209340537,-0.03119994986608808,-0.030614633939644136,-0.017222315008506055,0.582174798440877,-0.3559432456691383,0.030664417675415723,-0.4692001930478475,0.00045196785359394976,0.0005480822956546918,0.0012265363040220184,-0.0004178759726611125,-0.06877555361338122,0.04683448003654417,7.371890909467129e-05,0.05916586220250567,0.8517601372927578,0.9109312630070112,0.8595258341494875,0.892979174374916,0.5972559494463099,0.660068849617127,0.08682610152901316,0.6352314295175236
worldcover_00145,worldcover_00145,2,0.16870129200841766,0.5340075813459625,0.47374355928464373,0.09684662836970744,-22.806194318728632,4.228694443931784,-16.065537598669373,6.236821770188514,0.08396064857928397,-0.009084012181985821,-0.08816291110974452,0.25674209613648624,0.24993501145875024,-0.21939074015222185,0.39895300360736174,-0.16630860377776402,-0.0011640188124323206,-0.0123453866287228,-0.00478641021174275,-0.027529246073006414,0.2265633474471353,0.06021943440295066,0.1268041338866305,0.026090554378096927,-0.0015849926366112077,0.0016197160337910583,0.0018347468829215243,-5.56754042405081e-06,-0.03499055382576314,-0.004772412414597563,-0.027290918456696657,-0.0009825025014274821,0.7556917485338035,0.26822039857968183,0.5980465283861938,0.8766160312764167,0.7172253427973613,0.013665815646167756,0.6208468363358328,0.02039002723023775
worldcover_00146,worldcover_00146,2,0.1429793379628493,0.6028509898619219,0.5022197645722015,0.3168437571236578,-15.927386325764148,4.357071624860367,-9.611873887911102,6.368954477443944,0.25091973981142734,0.030611962671317598,-0.007505504739663412,0.117436282218449,0.6891151265832499,2.062700130151629,1.870733288632941,1.732676664417419,-0.04960104411094302,-0.027421521708304742,-0.03755948358735471,0.02859841658052422,0.022607412462593086,-0.8115283175477971,-0.4301415788191826,-0.6944810795816664,0.001875005323997848,0.003440093060936593,0.00564130820860766,-0.006150246644862973,-0.012755142603971054,0.07365111732837502,0.02603656521235781,0.06354256650206906,0.8359197079044345,0.5347878820758205,0.7746927793966063,0.8501631272849163,0.7111466708133352,0.641463054543495,0.7651843380735356,0.6168658635088364
worldcover_00147,worldcover_00147,2,0.22292232022990285,0.6466027213768528,0.5548880416335481,0.3145273047866243,-20.06703626923632,3.4252943589894156,-14.845619189647545,5.37833020625704,0.03881276874436728,-0.09784996592336244,-0.16763074356057342,0.23538844547574464,-0.7978748963188432,1.5041197864902642,0.9672078415433618,1.412844781857074,-0.008019295696758353,-0.01617592792490348,-0.007349019305724129,-0.047872578781662546,0.5998227019935692,-0.5157054144919129,-0.02413242011082291,-0.4836715848925029,0.0003604621690302619,0.004359998862550724,0.00444492727819116,0.0030734070172213535,-0.07454590691893562,0.04893227383375341,-0.016202470260617476,0.04585602666349173,0.6809974208378211,0.8480336190739078,0.8865894744291687,0.9442739169613186,0.7467027279749815,0.8526869308666818,0.8484465141515272,0.8762905940290742
worldcover_00148,worldcover_00148,2,0.10803286558630897,0.5991173377542784,0.5612823838988936,0.11274813905809841,-17.958034501949605,5.491064778501087,-10.686793151310347,7.207028386629338,0.11334018642726178,-0.13092564874225202,-0.2052031493937922,0.21871037810804356,1.5339153024110401,-0.5412154473870877,1.2857001778661001,0.15208987879478214,-0.00024761771944523656,0.022539549446725263,0.014038446581079847,0.019981051936294097,-0.4319072639956579,0.26167858108111897,-0.30647137728334944,-0.035024621410321026,-0.0020934100820831675,-0.00043484914784480027,0.0021021031878060777,-0.006459386323136515,0.03314921859417636,-0.02417160910970854,0.020396314542626682,0.002939537382381771,0.8122470252509816,0.39344128319823013,0.6784229943304798,0.9276274237731507,0.7338205762289853,0.24017094908490855,0.6375987474140936,0.07643768719735444
worldcover_00149,worldcover_00149,2,0.15298133664345884,0.4279196144956522,0.3921083857615775,0.06877918868805451,-15.5556341219689,3.5105244513995575,-10.507649795086257,5.397812588048829,0.22763791129470523,-0.10478885767478732,-0.29056522214696434,0.4120497958113747,1.11320482025227,-0.2394764994971939,0.8569998756709356,-0.2317160092882615,-0.010269954903531399,0.08087105637827466,0.12133495154834917,-0.04295682899041084,-0.4430894075250354,0.3606693772403792,0.008298880349489607,0.3709620620393992,-0.002908451226421524,-0.00939840729338954,-0.012071408331394194,-0.0011735077044277569,0.04230461404445816,-0.04704107202553891,-0.016763820725742496,-0.04877214049742733,0.8801331468444082,0.4415101399679703,0.34375576903288274,0.9442020940198744,0.4314302629759025,0.7374968637262072,0.9397288482409005,0.7420067953967968
worldcover_00150,worldcover_00150,3,0.07640916968387645,-0.0011993070559894068,-0.060151333948880115,0.10259205972154867,-20.20817769109695,13.030562605305343,-9.427984579634318,11.203575591374518,-0.09327826386542407,-0.1659059837790353,-0.12341949858126114,-0.09483260563796407,-1.481392156520397,-3.5464945783328536,-2.7130642751784,-1.5033756600603185,0.07602687823025381,0.11303476870359301,0.08667813668841907,0.07743096014573449,0.8970230015633407,0.5301496639720487,0.933585373125285,0.16967830572291373,-0.008576103790578613,-0.012158988344405455,-0.009620336872158618,-0.008545342211922003,-0.09009546189412349,-0.026939891934687835,-0.07981457858178204,-0.006065202183645056,0.9657274583160866,0.9653673527984737,0.9679508079434043,0.9674591504042229,0.6955838085500315,0.9312973188981717,0.34418333173061266,0.9194321273314635
worldcover_00151,worldcover_00151,3,0.06164516339003851,-0.017249831061980126,-0.09930010650758547,0.09778541473276635,-20.395025898251575,7.1131616817346375,-12.924616366180349,8.568399584973534,0.025142079199652004,-0.06156338565236265,-0.015978929289202328,-0.007347409894304851,-0.4755386293858538,-0.038892737861159536,0.8370708307051462,-0.06849161555533746,0.051679875173312004,0.09564430065134535,0.05970144047083336,0.08377520869046566,0.4174331070310826,-0.30145936403372486,-0.21447858351756013,-0.23332842736424714,-0.007720239777553645,-0.012148212057049147,-0.008187892650385773,-0.011461585515526807,-0.04483079667975149,0.03961598446747584,0.01774799661173112,0.03170362148718139,0.959033279296292,0.9518606807676486,0.9698007813704358,0.9715010969436852,0.5256121428324425,0.5794980373148431,0.2899827903992471,0.5823455721328235
worldcover_00152,worldcover_00152,3,0.044920441898646364,0.004221863593116076,-0.0846410611305722,0.07427543988733633,-23.42666295922595,26.495662228472764,-8.401735275773756,14.551634344497225,0.22971783279588467,0.15792006199499423,0.13389433319458624,0.28881638290153544,3.496332560188845,-16.20449811912083,-1.7661008413604442,-4.870284797190591,-0.05600134223941351,-0.01888464398690175,-0.016976133771079368,-0.07642770007059158,-0.7109425697354943,3.870746203084477,0.44306578286944376,1.0646136580417995,0.003441561902498304,-0.0004105639568708816,-0.0002734539042593929,0.005277756752088806,0.04302850872082613,-0.27061505536880903,-0.027599104158877428,-0.06504369940508029,0.5910518343702199,0.6782147470420624,0.6388449557453486,0.5981537743596902,0.9036282796263437,0.9195886974458536,0.6230473423334516,0.78755001962915
worldcover_00153,worldcover_00153,3,-0.021327689366718243,0.584287555831849,0.5905848624128256,0.004159889282714007,-20.271635419020466,8.52092734187244,-14.330772393598357,9.28343627998753,-0.1153798103919718,-0.9128760585472664,-0.9283480057640656,-0.07189382715815837,-5.811245803705136,4.122277104286974,-0.11859716071751741,2.0794742729613627,0.15075900305110884,0.37467409886451974,0.3606993397818752,0.13375006559470176,3.0467384434202436,-2.1850461242749475,0.6761018910362248,-1.3232403284563707,-0.018940359558107394,-0.03609501954280966,-0.03415830753216837,-0.017223193811139823,-0.3014750034144575,0.21727496446995645,-0.07701734811802916,0.1380238859355287,0.9575852588376236,0.8453345897215974,0.8477402711096835,0.9678935868410503,0.9722897416311334,0.7681177161421452,0.921593537059709,0.8494919436196692
worldcover_00154,worldcover_00154,3,-0.13745022544060137,0.6050403123213473,0.6285878348192465,-0.05180619490530354,-26.717159197118175,4.670710180474733,-20.99226357486335,6.683787522399523,0.4630405694891854,-0.34437677466000033,-0.5290615532754183,0.531716380852259,5.284882993893502,1.1701958991826398,6.3230844725751325,0.6959325137057869,-0.11947076566225155,0.08969075035190924,0.13512655127454862,-0.12533214681447183,-1.1995877446508054,-0.788759711408492,-1.8178140205646212,-0.5778189007348088,0.008386432897139352,-0.00824115370315583,-0.011250031030163005,0.00794460952300765,0.07022425940862914,0.09861990322030058,0.14724676144616694,0.07538711365711166,0.9061797460624552,0.5840893718881413,0.6847734843931983,0.9213131344806104,0.7608782777328882,0.8262546297331523,0.8010723691048199,0.7897414820266919
worldcover_00155,worldcover_00155,3,0.0829616071943565,0.013149164814614393,-0.08184056841965902,0.11751200687704529,-19.661464925784333,11.360555784519526,-9.519985773366292,10.607285741490571,-0.045753578093384775,-0.02145481848856371,0.0228444046178275,-0.09751483839419064,-2.781426783385126,0.5337136283133007,-2.48746253730207,-0.014670221892840628,0.07834247266136779,0.06963401793306218,0.04053015470528943,0.11261113860454887,1.3167606764376318,-1.3746756979306658,0.6499947541536266,-0.6916858704637272,-0.010135519306254748,-0.008996314080749544,-0.005975621164484757,-0.013925676243473769,-0.13391604165934926,0.18814409064089146,-0.04433191953616029,0.10042462680407936,0.9668296048124162,0.9156135680326889,0.9125126716498416,0.9405716920115474,0.5233919191121985,0.7849549453460832,0.7483026856563221,0.8781159471638916
worldcover_00156,worldcover_00156,3,0.022486219119202563,0.045408008902362094,-0.008291935604629826,0.018178810788828274,-26.629551659667182,11.2039388380598,-15.769189570498245,10.782551719876555,0.43684363420952727,0.19871892386840406,0.18122812134346733,0.5593964231924866,6.129042728274241,-4.880739805523005,1.961773689801331,-3.6555460918889415,-0.08844047054456501,-0.007441997112810962,-0.020291526769630388,-0.12466095518562674,-1.3165036864837867,0.9332920590525249,-0.43243085216483323,0.7323334685670524,0.004290317092594317,-0.003001967604940003,-0.0010544969276948583,0.007381859357760389,0.07126157415863364,-0.04870631335962204,0.020981676186179767,-0.03885532631277848,0.8729948724328727,0.6675697795012518,0.6187101745420042,0.8666692728615482,0.7766646394681265,0.7758365656457696,0.3959135221593898,0.6616747361935332
worldcover_00157,worldcover_00157,3,0.030014120892790694,0.41725138766747455,0.38347256431976795,0.02057258254199388,-24.89381158169248,13.099994413585138,-13.694828060568652,11.386086021468667,0.20789288501635675,-0.40543239205218184,-0.4372844569503305,0.32023360453072924,-0.5067065006304333,-2.9100704869449276,-2.128664497010009,-1.6635016146216377,-0.042702482320650666,0.13591189430905615,0.1302935649153021,-0.06348859534893182,0.9938789694360082,-0.13547501567264614,0.824678591667219,-0.07102557149092002,0.0020437748819043815,-0.012850270131508811,-0.011499292631116171,0.002977009392296412,-0.1405521984060526,0.07840221036058286,-0.0777887021196834,0.044245729614661555,0.9269131259686813,0.5713544271693963,0.67289899168366,0.951179871197259,0.5921359157460806,0.7777200155080362,0.09809455897695307,0.7781981588775286
worldcover_00158,worldcover_00158,3,-0.023992285545193934,0.624230329652851,0.625317512588065,0.0036744619437460812,-22.297141055247984,5.020861526185195,-15.696608096629616,7.261074725217622,0.002548393748665313,-0.7870196998156292,-0.798174507590748,-0.045162961947628234,-1.2103794363470288,6.74630324528499,2.0081145335595876,3.6047349023726025,0.06308977815057266,0.2901428487067194,0.271891876986629,0.09862897540059648,1.0541173084215494,-2.8743798585747626,-0.24791738575578168,-1.6251265554853738,-0.008898263143936951,-0.0276037564411797,-0.02493125295285322,-0.012955016073196993,-0.12279487316073415,0.2934949284692537,0.008295077907106225,0.16972787627699484,0.7156662810893223,0.665224925981472,0.7376852449022719,0.6853154917289979,0.6140380000917101,0.7065705379605896,0.8240491286936269,0.6963511392255038
worldcover_00159,worldcover_00159,3,0.10884297937355711,0.04734060935901755,-0.0640700724201686,0.15532458099451854,-24.05930349270797,11.914404056689573,-12.80472388834796,10.914517171120378,-0.1692662041965816,-0.2337694473948966,-0.1361423415826653,-0.2569346135807399,-0.5072129932988886,-0.9317853075692465,-1.75811978777132,-1.103576130985229,0.14065356007220295,0.17736945953623276,0.12224299283657863,0.1896450759528516,0.7994671188573204,-0.6655162571929534,0.5563426985520733,-0.2614697109300374,-0.016500310980084937,-0.020343487734219633,-0.014664485392094853,-0.021388635415621457,-0.07469406651600365,0.09169696220820048,-0.030209103638348406,0.04455692480548632,0.9407244090935383,0.9621521384404222,0.9617484234561271,0.9654185064688977,0.7259408252523245,0.6518664502410334,0.7753608790512202,0.7212987202783211
worldcover_00160,worldcover_00160,3,0.1003825202712075,0.030358296395701357,-0.018248749840441298,0.1378836578717718,-27.21868964245189,15.819767336355014,-15.00918032179921,12.45722497426704,-0.2639564009858866,-0.36419681742018456,-0.29381431449973244,-0.33377907998741424,5.471681306504201,-8.461534310245717,0.32418114559588496,-4.59502534420541,0.17410349372914888,0.21919483019369598,0.16995876363490675,0.2201490473340854,-0.9498187933559725,1.8899139337970938,0.33842500059125186,1.0537358055248662,-0.019413532444784526,-0.023584508666335914,-0.018432886433797042,-0.024377433225663,0.0649021845535562,-0.13773748361334887,-0.04158217346584655,-0.08435838451235204,0.9367547670165671,0.923630308670103,0.9117359228183478,0.9466216501513781,0.9529519916955447,0.9925464101793069,0.9089785348387215,0.9365651616621762
worldcover_00161,worldcover_00161,3,0.08460842584198659,-0.127692568031226,-0.15507571263746875,0.12886602950818526,-26.795498121471027,22.94001429245228,-13.120318219481554,13.303870236377762,-0.172977073928814,-0.2737343733509365,-0.21565531483954725,-0.20854703313301362,0.3884744317619944,-10.5986587475916,-0.4859341907006225,-1.8652978474660955,0.12780416675794098,0.1923457240822895,0.14804874717769917,0.1579974546980159,0.9647036790596538,1.768093280569315,0.17759868815222227,-0.3010648814871937,-0.014701406518051583,-0.02138373238796536,-0.016726234288077152,-0.018206716167053782,-0.1200401831409521,-0.09195020749257282,-0.010558410736184201,0.060123281314778135,0.8895517573108026,0.9096053099203315,0.9162609885189106,0.8248075579653387,0.9109988911009133,0.9737157996037327,0.5753423392485528,0.9598952457158567
worldcover_00162,worldcover_00162,3,0.09406841715456152,-0.08633007334940461,-0.1296494244174535,0.12057195310339726,-21.544830297596015,12.143969676654969,-11.32354307926196,11.007369776544014,-0.0895337690291843,-0.15054610662812662,-0.11545382747574369,-0.10075217106985607,1.292089574560376,-4.90633674140327,-0.588783303033357,-2.7220841784250878,0.09997297570617045,0.148656279961397,0.11175371730675927,0.12799331731287944,-0.011886976143595716,1.0232506519150146,0.24342918519921117,0.5450499918977566,-0.012502036578041106,-0.017954305708032067,-0.013625378221875485,-0.016100596711792137,-0.00786932667380323,-0.07157580677875545,-0.01900524458179784,-0.03916545152575416,0.8781679624062927,0.9239797544511684,0.9380573159606279,0.8754073411613996,0.7442839509773345,0.8306008383226597,0.447959723713084,0.7614678865076072
worldcover_00163,worldcover_00163,3,-0.18691665046761152,0.5244106091558918,0.5273334417830796,-0.11297373981638302,-24.897531986353478,8.474220171593654,-16.119468993090052,9.162772244052164,0.4262107928436376,-0.5607921849152738,-0.6062170913709046,0.4213920817784364,-0.010838526775573242,3.168351241421629,2.515363603995256,2.3039708051707017,-0.07444169784188297,0.2319292512145779,0.22478020432288234,-0.05930750367122784,0.7143714354535345,-1.9430426517977477,-0.7148775928700701,-1.430641674088563,0.0025100617749569576,-0.023647994165205296,-0.0220926534948927,0.00033556750853251953,-0.09122750799953598,0.21533719367146573,0.06347267085875356,0.1587679414738316,0.7168133449697609,0.4374386435959313,0.49574412388518907,0.7272206864845385,0.7058563504539105,0.9039074833409977,0.4469136071064479,0.910791172086779
worldcover_00164,worldcover_00164,3,0.02125581210727139,-0.0530640085256025,-0.09057078668565502,0.05451107533140504,-25.67123682237754,18.91135297876227,-12.866020400092365,12.957008867051194,-0.0492912180936476,-0.1390582369196968,-0.10424725986307477,-0.09828306660647268,-0.5539674029516894,-3.2997088784933313,-1.2259586463941259,-1.5240006634238208,0.12928049116114765,0.1630491086874493,0.12040515427449418,0.15643131974842608,1.1389793924159757,-0.3146275210524655,0.8317571348479161,-0.05761130807721714,-0.01731343835017462,-0.020053244449875555,-0.015054748450039004,-0.020194758952717568,-0.13073792266431075,0.07410124158155296,-0.0876064971681744,0.02220803721670585,0.8861453614173296,0.9122136451577685,0.9212122120762634,0.9115497852840666,0.8137629113998145,0.7448257047541129,0.8231863570001617,0.8314587856094625
worldcover_00165,worldcover_00165,3,0.06428588691662371,-0.08477325991473449,-0.13399975769447606,0.09987215528433857,-24.642152296342474,15.915737713276167,-12.401253775325594,12.219925230416507,-0.06822520787995154,-0.11230650663907948,-0.04345465043470937,-0.15198487365647798,1.6957062305967536,-4.427434823719215,-0.16557499956487334,-1.8075004109043522,0.09849695305106795,0.14077904158437143,0.08934431057020183,0.14863919270793322,0.092638160797354,0.3246668428183975,0.09326822399956307,-0.04959416423566459,-0.012811600047828638,-0.018073507697519035,-0.012332015191063743,-0.018093506570416258,-0.02808353795782477,0.01333902904743019,-0.004240733287892651,0.029679523874196485,0.7856999871352927,0.8404325148096901,0.8123390329630403,0.8766939986060168,0.7071795428307317,0.9006490616815002,0.5512934997375445,0.7976405472586264
worldcover_00166,worldcover_00166,3,0.06687186257743202,-0.04288116746553927,-0.08463248226678827,0.0890588469125997,-22.071506225983935,10.339990464927228,-11.751182773333216,10.25734116195382,-0.1377730708629248,-0.19357644085077408,-0.1517118211126032,-0.1694159986717345,1.3411503689563915,-2.131800587331758,-0.37616334266944446,-1.1913310794953547,0.13205925687480197,0.1732223579676182,0.12894560203956038,0.17309466923599093,0.019109957920473805,0.07382241863963565,0.07085891478267294,-0.08600835515754389,-0.015978837479016166,-0.020618549388165413,-0.015450200461076955,-0.021094037727876127,-0.00999204741473224,0.019987654367482625,0.010494922990816967,0.02944862553760532,0.9636172318062686,0.9752729636857808,0.976430622196708,0.9593361438360829,0.6206673177569874,0.9186174484913062,0.5450268367928792,0.8218129587088601
worldcover_00167,worldcover_00167,3,0.053900054801119576,-0.05037399773683615,-0.1289920355898869,0.11596460640430377,-23.458288002356774,11.061415735555627,-12.757591100409366,10.660865693968102,-0.02508807774526622,-0.15434049960550975,-0.04927896676466785,-0.09536290839905712,-2.9436569137964717,2.9027702257068055,-2.3973438201807653,0.5280355003493303,0.06253862903829414,0.1152660134268593,0.06321750665123846,0.09755749024805563,1.8684385081023998,-2.706137849419662,0.7645729257246799,-1.1159996674972357,-0.008498785548178468,-0.013593523899526004,-0.008197499321529064,-0.012166490364405843,-0.21593150873172454,0.3541039556239122,-0.0613872233920457,0.1560641254523829,0.8117884593580904,0.8862352205942788,0.8498434459857873,0.7884914574637669,0.6082687440638151,0.940011973212892,0.3030312870554004,0.929261341741766
worldcover_00168,worldcover_00168,3,-0.09877139428121576,0.7169347656044043,0.7035671781861396,0.030279842177122547,-23.949971122392917,10.2086179123206,-15.72796815522339,9.993223495559024,-0.12429073708565384,-1.141863587445443,-1.0951623441503606,-0.1904053099394307,-1.0792314320647867,5.090662342546792,3.353275516366427,2.769908753095921,0.14626367275310814,0.4232713050648435,0.38228620435574806,0.16163305567327502,1.3287954511122682,-2.7132073406071533,-0.6920832250020494,-1.54864434515511,-0.018037878548108875,-0.03981301795239699,-0.035103090126255516,-0.01899256604262675,-0.15904237325303996,0.2860105027925134,0.04817218877466458,0.16594135658385098,0.7516009427472498,0.7999698224463933,0.830075943804776,0.8152056076601755,0.7720659301072528,0.8628445767290296,0.6467289611795366,0.9071389188603192
worldcover_00169,worldcover_00169,3,-0.1163810789585524,0.6962152814323219,0.7054729790172762,-0.03379040863364952,-25.219649944287053,8.004570761452003,-16.13154641225379,9.064794528859682,0.19789893588668556,-1.0279108187154136,-1.0590625789519073,0.16427257057604586,1.1836488561027665,3.8708358634253295,3.1915749320919606,2.1254815928620885,0.011211035530491274,0.4008641250883081,0.38398432770332674,0.03415268912379235,1.080760735228162,-2.160175710222154,-0.4418059930820763,-1.4525287718351865,-0.00523203245944472,-0.03930053287985346,-0.03648348650283582,-0.007701409308032868,-0.16916759109947732,0.22793477484287256,0.010033952503487775,0.1631786690872833,0.8251830987021993,0.72105965405977,0.7323822784121661,0.8755476434329226,0.7611533375675662,0.5742000971259742,0.5535260239660249,0.7567863156885369
worldcover_00170,worldcover_00170,3,0.14501621017850222,-0.030267878463773986,-0.09316851977597575,0.23140604139277407,-26.153265534194354,13.334686950826153,-16.281985484121282,11.260024014616816,0.07860973523394855,0.13761383472454006,0.12159677214979656,0.0726577519542646,1.6231263479171762,-6.324593615112099,1.7255013229467928,-2.739217149991997,0.021077383521852257,0.013312219702578143,-0.0004007261351267207,0.033532657987111414,0.4054076621355522,1.227873782776196,-0.24144427342798347,0.33538704686826026,-0.004674915553568583,-0.004809924147345798,-0.002586550860091892,-0.006272374191368456,-0.08639976862457151,-0.06417971405987842,0.0033855209529757816,0.0009034246515097355,0.6400960330816909,0.8127775480125186,0.7587698914319214,0.7780401206343435,0.8903016120398719,0.9433330916658064,0.45405631341097685,0.9228241092270115
worldcover_00171,worldcover_00171,3,0.025019812382450015,0.4193395572912028,0.375879790746802,0.04042792207363862,-19.664180071585676,4.643900048433399,-14.217369395438151,6.543328934215504,0.07260923731785186,-0.6128731199192778,-0.5913551685710733,0.11074520653438963,-1.0883376832345732,3.068179760914655,2.9452295519527327,2.467777169672674,0.02965805761103926,0.2516822748161341,0.22600798967629004,0.026884576329937206,0.6827260639745769,-1.056638739929247,-0.5764870253474722,-0.8494149718019959,-0.005535093426994242,-0.024925769766501016,-0.0218340398348642,-0.005628702729338349,-0.07000976503305543,0.09211213040691053,0.03447547779126723,0.07442539804570672,0.8787716434892403,0.7293125258550834,0.748894809703258,0.9349621530141137,0.8355703040084695,0.5143688675179761,0.9788468532788497,0.5086457885720008
worldcover_00172,worldcover_00172,3,0.041208389317011075,-0.23192045239336656,-0.24984704432162425,0.14495130650924803,-20.82385707308611,7.980966655914894,-11.622699039170596,8.998250166725862,0.0010307282509044377,-0.004053889781176852,-0.008748989463561428,0.01073577160400143,-3.885478429967155,4.274617620401786,-1.8191389944079024,2.122491486120972,0.0860531062590118,0.12247968673125482,0.09492265819309845,0.09824344236806855,1.8615138542436285,-2.031793947507267,0.861027794019977,-1.0705929975563868,-0.012204653069050992,-0.01664755098766299,-0.013029897754842583,-0.014161104091791185,-0.17587492662543516,0.20660257892198103,-0.07527866366367479,0.11141061417285686,0.8999207585704565,0.9153899616148099,0.8980466618640066,0.9263653241594214,0.8001072429201478,0.754184577056851,0.84435614267469,0.7899520359483941
worldcover_00173,worldcover_00173,3,0.10700444097680517,0.004866582355602538,-0.04585231885765627,0.17363448531338552,-22.402402906172576,11.414657762548034,-12.528068691608176,9.97488190666047,-0.04109908856669556,-0.05626044875114233,-0.06461440668337791,-0.1357445540054433,3.0456456279918167,-3.8337503294751163,1.7044036395547892,-0.9277180445425824,0.08491339690405517,0.09398900137940056,0.08258880090847334,0.14264759582616512,-0.5059238935599931,0.4748675454370325,-0.5855117924139831,-0.23537964019175078,-0.011313064910006257,-0.011881658598084485,-0.010255784337230088,-0.01760673549289653,0.02524913763319578,-0.005519386481694624,0.05746983745190057,0.04601348740222095,0.9064820506284782,0.96108274796715,0.9601687164443354,0.9403167876385141,0.8729785798225588,0.920935184704457,0.4074821392744148,0.9238934328390385
worldcover_00174,worldcover_00174,3,0.08849181311486998,0.18125372312285568,0.10081595955698704,0.1255370033058251,-20.415205682747395,14.820956425375707,-9.969628049467376,11.742170178321416,0.07824438043687294,-0.1870925275993246,-0.18657581866644843,0.08955944808466108,1.6656173719860672,-2.4727491159130843,0.8768029216858418,-0.8734217132934883,0.016822478310318568,0.09173422598267907,0.08071439058491667,0.025839562797959244,-0.28050293721692876,0.33642447050651564,-0.2858439263909085,0.09561457681908496,-0.003985702857087899,-0.010020186099214382,-0.00844052010168782,-0.005395736093773991,0.011886453206910634,-0.012230599700080473,0.030535828058851328,-0.0011020419677805007,0.9452439878811331,0.7015643328648684,0.677500814195805,0.95061577474379,0.6498746141520134,0.6005888010187819,0.6162261988762099,0.5298957722725206
worldcover_00175,worldcover_00175,3,-0.05120275615224924,0.6505005052595413,0.6633567375441356,-0.020678006994509605,-22.750827193222158,5.215476254697917,-15.113110440533964,7.300584578104982,0.11968555046203727,-0.8837792077471315,-0.8951897060439443,0.1975990551254073,-0.6285539143056573,5.7877406243114295,1.775065721077849,3.2474447238175808,0.014762163495550155,0.31694767870879753,0.2959285668274828,0.010812293964909996,1.269579833664771,-2.3104687414256215,0.09860510135871665,-1.3559183210893577,-0.004395563830825013,-0.030478024384891132,-0.02733104919186895,-0.005149922868697872,-0.17046255056743187,0.21905437550348872,-0.045833083392670455,0.13174541936402945,0.7769581007065616,0.5636540888174101,0.6081380879373148,0.7987692268704187,0.754706139721105,0.5589641481606799,0.7612972268577434,0.68158967113914
worldcover_00176,worldcover_00176,3,0.07589970978354312,-0.013527714802573311,-0.07720966072696656,0.1523661841497273,-17.84451792540881,4.458502791140881,-11.402218608493405,6.430987866567319,0.06905664255133546,0.002547734309845676,0.0067029461737666525,0.0417025443462155,-2.285340428111809,1.5575056770843563,-0.009933987995521695,1.5167496000515088,0.016247168382846722,0.05532775706212427,0.03796994554290132,0.029128848006585936,0.9306621582907522,-0.6262923872136593,0.03679060135464609,-0.6178916665712082,-0.0035908068543237803,-0.007817522338074112,-0.005745027618802556,-0.0044383207204365975,-0.08698631104898172,0.05864465929625875,-0.0010679356945612515,0.058422187247982524,0.9968385137446399,0.945847221280879,0.9839426101638138,0.9925217596605806,0.8866671599371644,0.574548938836059,0.4309588992025166,0.5432064193160648
worldcover_00177,worldcover_00177,3,0.04681416357046695,-0.038623228274061554,-0.06739622693170313,0.07913227921182335,-26.288484267844677,23.38562794434526,-12.129873816968395,14.013018568978302,-0.09836101402580254,-0.19491298781293812,-0.14537544322333043,-0.17725198970190914,1.075390957592328,-8.905614619540668,-1.0796428002071798,-2.48883981683386,0.12627489642615788,0.17240290702582664,0.12577743533982585,0.17247520813726477,0.5475811922660366,1.1589295750896687,0.4043830752889802,0.0015287776741522267,-0.015834004482058666,-0.02030541756745389,-0.01504399901199521,-0.02073676193678619,-0.07687690172045968,-0.03557401466419471,-0.03272071532029589,0.030487605702758318,0.9197425029027229,0.9651505482997269,0.9495552972385415,0.9530611547537936,0.8425362347121573,0.9490798415297405,0.5538464090704311,0.910897767005394
worldcover_00178,worldcover_00178,3,0.06442241756154982,-0.11727197919831223,-0.2305742023569171,0.12193140477845116,-22.508898171097552,9.899879903844113,-12.5719930226938,9.95185819496379,-0.04429841016511785,-0.13204414601482017,-0.06428689196232705,-0.10213977944046666,-3.4735863276350716,1.992811877512895,-1.8733835360069784,1.0514341758851946,0.09086662198100076,0.13239852774452843,0.09765940227291794,0.11026035658853903,2.335159010207225,-1.4057790378129214,1.255903839111308,-0.8328666490178415,-0.010036448462557605,-0.013910319373914695,-0.010554960091607744,-0.011691499350949973,-0.24585586675808382,0.1537875678615807,-0.1280662863820826,0.09323234777071147,0.9454401527438744,0.9549912450925866,0.9665433230127377,0.9455401996520805,0.7362026910321051,0.7645923796504291,0.6416946363888769,0.8141938983827288
worldcover_00179,worldcover_00179,3,0.06105495595599591,0.018353271044111857,-0.0016958626325847888,0.07134496307734174,-23.654565885755684,12.034393389523661,-11.260672498862803,10.969304574954055,-0.1855588723728463,-0.23039940723203117,-0.21654135629623286,-0.16446007406782373,2.5428186749545194,1.4269579032592188,0.8546311515665976,0.0532463597563329,0.15715495596653367,0.174898530191286,0.14489327373942615,0.17042589411784534,-0.21879159294783732,-1.3856034033610765,-0.14850466847724844,-0.5270690532060703,-0.018404299733954122,-0.019630551173568062,-0.01616523176375211,-0.020660700050718846,4.608524910324581e-06,0.15175397569285837,0.005666392132250064,0.06442100352957132,0.9594645043485199,0.9471168546639162,0.9514464670115852,0.9340104679722743,0.7183532960767745,0.6862724308992262,0.24349801925741177,0.6326908171465813
worldcover_00180,worldcover_00180,3,0.10237825639385643,0.031956110939834824,-0.07116033134022462,0.12469704787839601,-14.931338931396095,3.5216459096492105,-9.716531173254829,5.223354352574294,0.2262807639123881,0.10791530018110626,0.07551268639693437,0.37104806735638535,0.09853506506633407,1.0290104606370682,0.4476053342179222,1.447165944393573,-0.03168174890387598,0.02046519528179388,0.013248263576039735,-0.05152276671164984,-0.0968162458241315,-0.3946371477342166,-0.21941268726320326,-0.5414419763750653,0.00018059613940024898,-0.005155577865250484,-0.003621252559388827,0.00045199086419258776,0.008544182489173498,0.03750608568203705,0.021666544742062113,0.05063836692130179,0.8448249965185952,0.7039056215205601,0.6527083051812321,0.892524320856671,0.36696572114533266,0.3011227909088744,0.1253029069037077,0.3907730740289336
worldcover_00181,worldcover_00181,3,0.10534571404532585,-0.11197216458844463,-0.17995280708948333,0.24698652801188448,-21.095000441009127,11.181707360731057,-9.968202734138128,10.534203162825763,-0.04104060921448281,-0.07748779998944332,-0.06195886340361811,-0.16058916639950432,2.1828738067261915,-1.2393253573428857,0.9423918646910037,-0.6633771238739697,0.05237214025296946,0.07295755207845003,0.05694283573037544,0.10233547178891288,-0.3790217575025937,-0.10549690528242434,-0.31014803999062723,-0.10217389441707549,-0.006605677253003404,-0.008369284616124746,-0.0065233031678192215,-0.01142681766339021,0.016094461172653736,0.020452965546657258,0.016377411486240223,0.01550597363391384,0.9406907950593126,0.9605280204626987,0.9426509904156571,0.9416121727079916,0.8381416785111611,0.8053293600790468,0.6235226798250574,0.7756477552511091
worldcover_00182,worldcover_00182,3,-0.06277203264064576,0.1814516805902581,0.17594175593871061,-0.038851170320852946,-21.385801130655693,8.98795726955742,-11.186684087091992,9.76872329003962,0.4948471327868063,0.1963743821584744,0.03267044624284104,0.6721638316465967,-0.6048105896315696,0.5038879766916243,-2.0968386368303458,-1.3616193093620532,-0.15151994564247107,-0.07896120889813849,-0.03361452633748826,-0.20850703670961737,0.17689608048684338,-1.12002382594813,0.3611960343437348,0.05565461889171737,0.011983952726355569,0.006134811139693751,0.002882370198465347,0.016648946979054877,-0.030467733179286412,0.18503784153546357,-0.016625462632482314,0.02918622099918664,0.6845388311388948,0.4711716475628771,0.48060674529351244,0.6759213065232987,0.3254432397717619,0.7666439586857635,0.4379135725423464,0.5700185126033444
worldcover_00183,worldcover_00183,3,-0.12590825150535193,0.6317202746868117,0.6248274364254665,-0.07282676011549653,-23.499089573043683,8.00365411865597,-16.327619116301964,8.993963208653437,0.33886441287177915,-0.6168606881466159,-0.6787675963123385,0.36525989949170956,2.3612435010561983,-1.2944878342488035,3.2645372571089943,-0.4878603409582742,-0.06245328966016436,0.20774710222723916,0.20887073607171874,-0.07005894836441501,-0.11084698585250419,-0.10466708963096895,-0.6499897234896423,-0.30884103358171516,0.0028987471228618393,-0.018998626826537975,-0.018194374844732897,0.003670268861407569,-0.025991247536771695,0.03222041340134027,0.031781556661114665,0.04759595255015193,0.8820983280961364,0.4935260217609443,0.6109807103726149,0.8576599043473506,0.6176835577266166,0.9452990191641033,0.5920465088153717,0.9219137712695011
worldcover_00184,worldcover_00184,3,0.06219318185780166,0.7492867859475499,0.7169485661116465,0.05867781072226877,-23.079440227022047,8.589106263474505,-15.146198207370086,9.376333305402577,-0.29644179008439986,-1.2392262710287878,-1.1807589564649783,-0.22466882262314086,-0.5169526666330804,0.18770781385175198,1.1730868235940017,0.0788418359729959,0.20804207622805132,0.48995703042311356,0.4429187728051748,0.19070772290178345,1.0651783216182806,-0.5771087938879069,0.3126219695222142,-0.36351191887627493,-0.023370438837286758,-0.047073615366837546,-0.041749413266326384,-0.022017008849276164,-0.1259556669469358,0.07692131482743193,-0.04987875303385667,0.04934398647894762,0.9553496003123522,0.9761522115117609,0.9659383432694234,0.9514464975022804,0.6913580700633861,0.8327681112442185,0.6222013124852739,0.8123356319159255
worldcover_00185,worldcover_00185,3,0.03038181456832821,-0.08710372114949244,-0.11275889047167599,0.08413824043942088,-25.834632587040087,23.512558296926148,-12.436090801968852,13.43801289381133,-0.009967711002938827,-0.12356209740530408,-0.09947660352502452,-0.1138636460675594,0.6577978774052181,-10.42118294239918,-0.9747274316050967,-1.5777153864025821,0.0895400372980046,0.15509081029159796,0.11779606700330568,0.1554685930814189,0.5724540071140636,1.5249065997796591,0.1527854922608868,-0.47405696319495727,-0.012439751709839506,-0.019245541435807492,-0.014868346466259513,-0.019606233922520064,-0.06950492026359763,-0.05379262225459266,0.009526551205467266,0.08489973432830618,0.8884525227860675,0.9525195900383194,0.9535033917747027,0.9430151386666179,0.857089534040459,0.9632733488249264,0.7076977211155377,0.9531681803931625
worldcover_00186,worldcover_00186,3,0.11542995589961476,-0.09075308805613858,-0.1413346102291889,0.1337714127518896,-16.758875543940537,10.382609005777702,-6.7855609910043935,10.08744837783945,-0.2875215006599983,0.21766453777395567,0.225995836838607,-0.20700709001412293,-10.316261322710066,4.016738840329936,-8.059999087976369,2.3073811029531273,0.19457417662752519,0.036327445952149144,0.009794871863058364,0.1855744978179143,3.728399093948241,-2.401746277109095,2.286115328502782,-1.503302495742966,-0.021962986337489925,-0.00903026257274729,-0.0056739112437524004,-0.02227187683485973,-0.3353103610893376,0.25554564222696263,-0.1766155019520579,0.16571252179099383,0.943465834317396,0.8255592761596944,0.7717931095449974,0.9644764627713481,0.8648456747890866,0.864691021734609,0.7652215576490957,0.8515678403837292
worldcover_00187,worldcover_00187,3,-0.04894090584929334,0.3914302550820678,0.37059775389956645,-0.046737665423388135,-24.210589160703456,10.616034349219534,-14.111734658886675,10.433952932663956,0.42410200500415085,-0.2326565499506176,-0.29676967811962857,0.5616162072364521,2.351317588977991,-3.212206610201978,-1.3573236141459248,-2.28168625851496,-0.11584925053504007,0.0690720387012798,0.07754618218128287,-0.15646339316743502,-0.17142061128184263,0.3079934431194996,0.6884100212074746,0.3035762246037769,0.008310834981605288,-0.006651143896195922,-0.006641393282798801,0.011439217753106275,-0.02768278768391001,0.026305428288956014,-0.07413688623007134,0.004653064358110907,0.7933122146220049,0.44072417414317233,0.5290291625450363,0.814836866673661,0.6381149590989448,0.9047803436671321,0.15319843724714277,0.8502899173359204
worldcover_00188,worldcover_00188,3,0.1359801532877993,-0.08406708999113519,-0.16679673890272653,0.3477359946930051,-20.670843016687336,9.997730842142296,-10.360392633712433,10.024151922053239,0.28744933770917586,0.4597498939209978,0.3907281412107359,0.2775107085231747,-0.15306609979621955,-3.4196195577574446,-2.2227239233790015,-2.7869975053801377,-0.09113466580794313,-0.15472334341520988,-0.1314606712465838,-0.09016070402029787,0.20335248928833888,0.2833806986005521,0.40115899429689045,0.5038969119272393,0.0072219175442493205,0.012771847469713346,0.010822910763737223,0.0070795124829417565,-0.029320870560350508,0.0417047024897058,-0.01642678948154386,-0.011556896114844877,0.44954972284104755,0.5059737994410227,0.5271159497663975,0.3833368737728583,0.16033348083828391,0.8029345007569375,0.8990880955862728,0.7958839197987811
worldcover_00189,worldcover_00189,3,-0.006814004417908507,0.5562009572079664,0.5381006390759407,-0.026139360146992228,-23.615054090377765,6.861432210059472,-15.402722334092886,8.230555109411831,0.05323266289250527,-0.7558723292239573,-0.7504496529461822,0.08821699694390348,2.14084841622463,2.6768180506997097,4.400085072130291,2.036049955360612,0.07131949341049258,0.3175267247378306,0.29092404244717535,0.0819144259122286,-0.16050833319241803,-1.4542035073959472,-1.470998715205072,-1.1514022031516393,-0.011165102922949253,-0.03143653237834721,-0.028240665530014492,-0.013082287208449978,0.0013418760435422636,0.1496541637394505,0.14073756284930491,0.12056734068583712,0.810058276304699,0.6878839362149041,0.7053432379849802,0.8357017867620693,0.7364281962772043,0.8411683096703959,0.671539358745425,0.8897658288612259
worldcover_00190,worldcover_00190,3,0.10061511100226471,-0.03313173624602346,-0.10858878831971833,0.15624700035109507,-22.248113302152497,18.491835045764603,-10.201309777489884,12.408751253612227,-0.13642980615814546,-0.2127833472239584,-0.12223788797263987,-0.24307430461640306,-2.7535260405514177,-5.979519174892619,-3.802742549061383,-0.9562480590969393,0.11084332485790692,0.1543628138760144,0.10280305189907028,0.1652559886456696,1.4930023632532858,0.5833025220293199,1.1749760816817403,-0.4223200889715169,-0.013142742761914988,-0.01772879616291535,-0.012312749758212255,-0.018690598432463828,-0.14879751754921086,0.001738533349696843,-0.09519670009460832,0.06595186930286999,0.8497717073929311,0.8428360163008886,0.8572636709765974,0.8255128905194171,0.6705449174707633,0.9893769494565066,0.33509992412773526,0.9356816232733867
worldcover_00191,worldcover_00191,3,-0.25007072847239586,0.6196138596613732,0.638381506231696,-0.12525665596353205,-22.345603563294237,7.961733933249814,-15.29494696281768,9.192092801689332,0.6296871694013634,-0.4917673385177268,-0.6027045047561079,0.6016769652949661,1.0168083259385596,-0.37864851790965454,2.2154131734813114,-0.7921154750373374,-0.15564481516156403,0.17091763763813472,0.18415346409464284,-0.1395047947006434,-0.04258894238914235,-0.6272696873669839,-0.7460229466769224,-0.28761358555063365,0.010301615931885624,-0.016745569958172817,-0.0167510611560158,0.008308058877409683,-0.023946350722437157,0.10641481168698089,0.061800741398441536,0.06180732980562564,0.769120224553781,0.3417524168167134,0.4523325830110786,0.7967449760623251,0.9106776420839576,0.8869665165252418,0.5202052946489772,0.8600031820262165
worldcover_00192,worldcover_00192,3,0.06108065396478068,-0.030658785098544177,-0.08429605807318882,0.0853710831566277,-23.18760283865337,17.926304554589418,-9.610391364029457,12.720486721004583,-0.09755210566635433,-0.15800206575705203,-0.09302527995573084,-0.1288461914019914,1.535524510371117,-7.176529560544331,-2.445698347459669,-2.504852534040892,0.12733145885533506,0.1552125724431658,0.10458766056216634,0.15195469245379087,0.051104659894272896,1.3589230744969925,0.9307326202605224,0.3630087675734831,-0.016192929234483663,-0.01861908584315743,-0.013029166055147094,-0.019098971264831944,-0.022311067881379917,-0.0814426745597979,-0.08745550480324626,-0.01419084843809197,0.8892447544803028,0.9231789942020718,0.9124614637909595,0.905382406882232,0.7634308529166663,0.9416551663318805,0.7547264785116669,0.8475938322121188
worldcover_00193,worldcover_00193,3,0.022409916635934647,-0.0020376131164306145,-0.06348345095466332,0.05341255551937863,-21.363211669858664,14.515753341050086,-11.406881303436634,11.506251335976307,0.14834242008295112,0.0869311575023898,0.10963354359063496,0.2041731993002547,-1.6853225955425688,-8.480799152638472,-4.1049206034124675,-3.912916391293493,0.028716558867336813,0.04195173617323384,0.015934249988363625,0.004076762326481183,1.222341825605203,2.229626850546193,1.8353720382468828,1.0214186472249307,-0.0060390928941170775,-0.006576358510011996,-0.003578779348269277,-0.0034280069398157685,-0.13165400508638692,-0.1714286084995714,-0.17540320914721133,-0.07722309088512785,0.8883796335486726,0.8356126076575138,0.8151667549918189,0.9075213991399933,0.7288034865121692,0.8186027384094147,0.6939750521588443,0.7492702305826013
worldcover_00194,worldcover_00194,3,0.10391159252903795,-0.08124968172474482,-0.1509828684907984,0.18374542395273663,-21.116964787995855,6.635268249465602,-13.061025438358268,8.035573410296788,-0.11560271268775306,-0.18969369512642545,-0.11508810641391785,-0.25368165325314124,0.8718051073340886,1.0609732833802414,2.054236819718327,1.0331171556906484,0.11118098251908022,0.1688376819428651,0.11752314170524136,0.1849699004420209,0.11935071998755578,-0.7686671334369951,-0.6309703878221515,-0.7033209167920166,-0.013607003289725571,-0.02015898745939737,-0.014604734971818292,-0.021180576748318126,-0.01732167943632171,0.08315620569067522,0.06192506636890162,0.0758890061257505,0.9137476965792415,0.9673639282277343,0.9778825278644413,0.9428810441410306,0.8072671303219067,0.771310821256253,0.7675111768054392,0.8747577612521972
worldcover_00195,worldcover_00195,3,0.14457343645074303,0.10304820713954076,0.02027925606252671,0.18223133321964458,-23.803621488190807,25.249618587887248,-9.112795377054239,14.40386597811499,0.28443957949778265,0.28925737647509575,0.23245371459791014,0.3653654040443507,4.143000102863524,-23.181093908156843,-3.330476986453235,-6.821521233859569,-0.11190075371698655,-0.11273335030068536,-0.09654891520770832,-0.1430279326693705,-1.3107682544545642,8.952071764321472,1.336260054621832,2.4470616046716445,0.010509568529198998,0.010520434520922283,0.009286803720199086,0.013372402657011529,0.10689581959249297,-0.8158888289658303,-0.11941215280393998,-0.21337380018855137,0.8826584451780186,0.7742041165413696,0.8270124626321519,0.8716936254333529,0.7398620144054089,0.7253026898650372,0.7294962660714925,0.7034134520939652
worldcover_00196,worldcover_00196,3,0.10065654526088745,-0.05994177197642635,-0.12238831118200866,0.16304679508461928,-22.390839662661655,6.360260478363003,-14.31347486417411,8.082952999123119,-0.21460862879100795,-0.28301331534656293,-0.19536034212935385,-0.30996518644193605,0.3317028249367383,3.4048260714640124,1.3893401198728155,1.9003272813299317,0.15669871680197817,0.21035936488810222,0.15205072202756004,0.2144632709426277,0.39032273531308115,-1.4550175826321872,-0.21940640730740726,-0.8872951263568575,-0.017962522377240508,-0.024066791260577335,-0.01769654977728019,-0.024247930413394243,-0.04156422059672932,0.13387451827352514,0.01900000798989296,0.08381403716152178,0.9539207761946683,0.9716306376894099,0.9704193229764739,0.9607910248171906,0.8229075631457277,0.7636691181490214,0.645897535886578,0.750693191882838
worldcover_00197,worldcover_00197,3,0.11177316715154043,0.027445283915959736,-0.057076513428580174,0.17916509283311347,-20.07813387107937,15.298366503546278,-8.649013796632875,11.489134661607642,0.001053530396611366,-0.0462125808532739,-0.012969041952774025,-0.06262195181278835,-2.3926603672440203,2.7067133697509655,-1.74566151608921,0.7436925882394244,0.05081259541553535,0.08389323166857787,0.055567812601918655,0.08196814221156593,1.4039198078062192,-2.3308202583349127,0.5758044924702813,-0.873707561715373,-0.0067644291405967154,-0.010186414149674491,-0.007182206281206817,-0.009695962861631833,-0.14129718104149175,0.2518969701639015,-0.04787616263868071,0.09715488671140793,0.5675933622667577,0.8718114327053017,0.8549723530595259,0.5364364775720374,0.8030945293627281,0.5416784149248102,0.5992581507568187,0.7505354356955343
worldcover_00198,worldcover_00198,3,0.08641783537373812,0.010850080204280146,-0.08910959620367556,0.1433447197531198,-18.98066669636482,10.186475684235214,-8.402518785176367,10.094749714092426,-0.1592318723955386,-0.2988340258450477,-0.21171377599239205,-0.1945131851567148,-2.6936278855838265,1.5229480431846496,-3.42069590505884,0.7802384716183531,0.14722311085009995,0.20644608082741586,0.1580874472130812,0.17829688256243573,1.048221862254919,-1.2163253779562624,0.9002924570460699,-0.72494031681747,-0.017552655496919436,-0.022962648694337597,-0.018132458186962366,-0.021082631077128215,-0.08463146735217253,0.12518585131543492,-0.06688008870212431,0.0751608367932726,0.9425023121694316,0.9465782252694757,0.95715755809216,0.9502584607094423,0.514479002668222,0.8687647983354332,0.355408635407387,0.8705937792643944
worldcover_00199,worldcover_00199,3,0.2088224372219862,0.019344845264585842,-0.02885917342747702,0.2537367707400611,-20.03484427453102,7.217986704639058,-11.3367551710166,8.65222077827789,0.09889408184554632,0.22579987540412413,0.15857791792719636,0.22663734362475477,0.04941181851727429,-2.9086954667129215,-2.093573063541683,-2.4463613084414284,0.013936350033885788,-0.020784680854561467,-0.011545922998258405,-0.02725764028566751,0.2984895553638509,0.6640395875447881,0.7273406537063748,0.5431814550516291,-0.003920378046486167,-0.0010223365224182857,-0.0014226473115309234,-0.0003969170002624137,-0.029287510691742926,-0.043785082961403925,-0.054566081710823965,-0.03419115446957756,0.4924524149348686,0.7034097277517513,0.6269359570390268,0.5380145441350666,0.6778642846476208,0.900942210498001,0.6473141328634235,0.8456270149268061
worldcover_00200,worldcover_00200,3,0.11414641256344876,-0.10125146636908716,-0.18595575597701658,0.2329889131766374,-19.58107846810914,5.309078650371044,-11.212784873560658,7.241344296889774,0.07033846456753932,0.09653756205761273,0.1271587241411445,0.016752637863632833,0.5928594896483625,-0.9859838949055164,-1.0303327293772302,-0.8490835933743838,0.05255315964990424,0.060631876331612926,0.028337622095641342,0.07728429106406833,0.3138792066804556,0.15700183589579655,0.5656008065736531,0.09304672873981308,-0.008849016694759062,-0.009882658541277808,-0.006172080359638051,-0.011122721877664032,-0.047730822904760946,-0.007113578663004073,-0.0605157485087619,-0.0007288789460532389,0.8444249875587908,0.915911626667779,0.9025870998325294,0.8656565346528677,0.8442105895073326,0.6089089263975063,0.7723931016930812,0.5327557526296622
worldcover_00201,worldcover_00201,3,0.06102429873998752,-0.0010674421915403715,-0.0690094693140558,0.11952953593748901,-20.615645496704985,11.530592551548477,-12.159249696778357,10.488024679689362,-0.10972416444280285,-0.23591572346418824,-0.14952527093035747,-0.16701408862949235,-5.2217292073924515,-3.2670669231809955,-4.677517643046904,-1.1187643384776547,0.12617030193388082,0.16473780282081624,0.11346962717381893,0.15533337390526014,2.4613370668429577,0.2619960570753021,1.8842741030324226,-0.17444666254785177,-0.015556299009769063,-0.01815667339909887,-0.012966649211717373,-0.01852423853871196,-0.24337645086633392,0.01878655139648366,-0.17091917893468014,0.04367102781387032,0.9350633026633262,0.921010728168244,0.9050665791983205,0.9483877835446088,0.7724884488068032,0.8535622485619716,0.7117567635785358,0.8494240345948254
worldcover_00202,worldcover_00202,3,0.07001966053148725,0.018882436790700785,-0.06379563395272622,0.12822136700604878,-22.750679209498305,9.484000191973573,-13.653286684189748,9.743953770029636,-0.023542466944914835,-0.12165935902250148,-0.0596617470894539,-0.06172794065186869,-2.6128872501078204,-0.9073367459660201,-2.075987687592328,-0.3854845941401034,0.014750476644026123,0.04371288155096684,0.024305984172244315,0.023457556971030243,1.3024336844567057,-0.08561531166472224,0.8124647720186489,-0.10765983541166087,-0.0014883630588273446,-0.0037503993571406614,-0.002190088599242946,-0.002010401263080457,-0.13637158482463313,0.029130101976114247,-0.07276646606092309,0.02268318271753016,0.8927600836738611,0.9901615703571628,0.9592841731097135,0.9052554976929017,0.7973071207983867,0.5421537824732435,0.8010768788778232,0.4938272223968132
worldcover_00203,worldcover_00203,3,0.21784102408871026,0.13896099139343795,0.044856069064489135,0.32859116724946286,-20.385765426922703,6.692777536155792,-12.739763429022462,8.327975566115063,0.4496920578622335,0.5169852420332874,0.3932682663190267,0.5320767804625478,0.05699817653784567,-3.7309643812598674,-2.743869810672832,-3.06122467092814,-0.15998431120152187,-0.18216179135493366,-0.1386248185982205,-0.1944915439078817,0.19710263806051062,1.4519472308609587,1.2500079750980528,1.1694414442394474,0.013871516369163834,0.015865339022694207,0.011959372081551609,0.01727181165055796,-0.019249074591049194,-0.13996699877550273,-0.11565298654818686,-0.11210395442179047,0.5002347234298191,0.5567069041772669,0.5172069275154592,0.5314907939250272,0.8262996813821984,0.6390310858971482,0.8135760982911105,0.6297374539435101
worldcover_00204,worldcover_00204,3,-0.1671010482440821,0.6738585489378695,0.6768371032720234,-0.07806520838516097,-26.845675195746693,10.131433454385139,-15.512697250296537,10.1186812729563,0.39711126581044975,-0.8607008927649541,-0.8707575663953763,0.45781856234968776,3.185322895220306,5.257859536870988,4.290627620443614,1.8679678172750225,-0.08179554164115485,0.3135836045721388,0.2853942227275692,-0.09328974198420945,-0.49532641855866155,-2.647671893353559,-1.392675858678448,-1.12674418402429,0.004138270371794525,-0.030343907400777522,-0.02626581798128857,0.0045797257928760745,0.01986190647727508,0.2826980014899355,0.125147635763787,0.12797175426801022,0.7977997284200926,0.6679849619931211,0.6882504634171338,0.7836183703796575,0.5338289606875688,0.43909743855942696,0.5814050540629716,0.5191073551312781
worldcover_00205,worldcover_00205,3,-0.053866630922083,0.4944832428838252,0.4559243483412426,-0.07758519489134637,-21.533805963413755,12.977690415563517,-10.341403243199947,11.151208475235988,0.23866151160027674,-0.6214352191263229,-0.6024841333236826,0.3597617651685133,-2.8630571784701604,4.463090441891428,-0.38279013097179065,1.5389419838071379,-0.021619248381048773,0.2557432785533463,0.22739953659797366,-0.03827979622934861,1.3944764444943276,-2.5260475055960896,-0.14494229628294555,-1.0376046995060109,-0.001553026823090923,-0.025505145936451767,-0.022181441221912995,-0.0014427626755963662,-0.14650920746007814,0.2621379511805565,0.023349699771997478,0.11369853549989342,0.6625276572281058,0.5417534236502235,0.5276168543199444,0.7234205123744177,0.34491484140439665,0.6061056296303418,0.5221861605888809,0.6586849167350284
worldcover_00206,worldcover_00206,3,0.037091231874836726,-0.10998180869853974,-0.15258431457208946,0.12713663573517836,-20.63258378430374,16.833691647039682,-8.224051676898117,12.173636413906426,-0.04437417015603721,-0.12291194521452294,-0.07329247513460621,-0.10156757272188477,-3.2739594655200164,5.279516732606321,-3.6203891342913668,1.436313413302937,0.11858775459779018,0.16932714688571468,0.11903913997242692,0.15074870328205206,1.7258782113233193,-3.688229280591224,0.9771115099132781,-1.3473164945585228,-0.01598065391962843,-0.021506673068447828,-0.01548210307579449,-0.019444853199100245,-0.1735551321997562,0.40515174059877124,-0.062614244210534,0.1589466725192985,0.9348200989261748,0.9431273490943801,0.9440141104162726,0.9261239967109611,0.6598608148507157,0.680798207138397,0.7384468960318975,0.797700514250586
worldcover_00207,worldcover_00207,3,0.08577899810942957,-0.043452695209644156,-0.1226857491966432,0.16217172326463827,-22.131500584245746,11.002892138200721,-10.837947594104556,10.289718167070909,0.5298012210126596,0.5748630841780021,0.4972928546014272,0.6186466694824262,4.029274082164962,-8.909452446715779,-2.3389193061962557,-4.849026351718748,-0.18240417560294814,-0.1930414064146285,-0.17578454397909027,-0.2113903180506577,-1.5232522114991043,3.0848184665833314,0.584111249759564,1.6598161505661397,0.015333226945575278,0.015810941985686004,0.01497729969295587,0.017590386887090352,0.13481073130475663,-0.2613728480631492,-0.03669192300559487,-0.139082564787432,0.8351150033083251,0.8232296346956591,0.8304114838065522,0.855048668180693,0.6991516006367775,0.840884741974011,0.505361373395139,0.8512015050439768
worldcover_00208,worldcover_00208,3,0.0015715943265588188,-0.02984167124624555,-0.06729833397901457,0.03603620544978978,-24.57790150198892,13.21513845512227,-11.916369199975037,11.382031649113959,0.03624545895818347,0.0415225574037155,0.05799456764130866,0.00476325637409713,0.7783842581300325,-2.2569279124152555,-1.402056127321169,-1.4790123792445184,0.0815510940163409,0.09066019896558956,0.05356643464440454,0.11576903302593393,0.5016345495695619,-0.37846163960707235,0.4827157677862849,-0.10740159184469013,-0.012461778526805675,-0.013869064189775878,-0.008936093635668963,-0.01672684262045706,-0.07534474820570503,0.09439354580475333,-0.036206927842269074,0.04316499853429952,0.8900346133678452,0.9143536286389305,0.8740049952987445,0.9017580847065233,0.7544333467271965,0.7592331016743133,0.5184580357419302,0.8102988673751711
worldcover_00209,worldcover_00209,3,0.0884494510086908,-0.010332016105002761,-0.1236350957417138,0.15048316279143917,-24.14051974243368,14.975690961586134,-12.429536918123441,11.72218983776043,-0.12939674163446058,-0.2508556622908336,-0.1472257928301882,-0.18454794100825656,0.6611706906238438,-1.5351762175403159,-0.18063777128703365,-0.8441647612600229,0.12328127721218525,0.18048592286841578,0.1250588671501838,0.15826502919713126,0.49917981530138694,-0.6460504779256049,0.14837580015220636,-0.2870841995311586,-0.015173132158513476,-0.02087838140391566,-0.015251779703028276,-0.018828129753319905,-0.051226478412638,0.09158094949767343,-0.002921210787118398,0.03890947893665319,0.7968553122704953,0.884590301393891,0.8658573207139157,0.8545517717329312,0.966773442220523,0.6980391766063924,0.7839655153271101,0.8228097965088937
worldcover_00210,worldcover_00210,3,0.12093618319462099,0.06972905005695162,-0.06832829027464957,0.20371747016906563,-20.62483697855844,12.453685611113473,-10.03932379011987,10.954287461011413,-0.20049841602850696,-0.3268909298238281,-0.20402223137872416,-0.3546215054534715,-3.960207520858897,1.0705456872179193,-4.006966058364579,-0.1907027992621895,0.14381983918404045,0.19792263454947084,0.14127618315512713,0.2154696622774711,1.7704569169195645,-1.4854514394832619,1.270226487462539,-0.570724356682757,-0.016280377854009837,-0.021299311778310556,-0.01583301902494646,-0.023358620703220347,-0.15713970682919476,0.16878975516578115,-0.09836784022693144,0.07125886151382782,0.9515638619651207,0.9587789077890462,0.9709744396891737,0.9478507186060512,0.8610232354819803,0.5924831266189206,0.9502211369433119,0.7361950178203686
worldcover_00211,worldcover_00211,3,0.10012652982482505,-0.044708718630399734,-0.10236976786064989,0.13216260493253298,-19.485547764653457,9.380045966619917,-11.674002594751467,10.014767377941464,0.31155884849857507,0.461521410279803,0.33522158258549234,0.4991097200425363,1.2695878371257336,-4.98519846511811,-0.666544842844057,-3.9380339872945274,-0.10287402377563444,-0.16025397185542611,-0.11324423040431292,-0.1717234742525335,-0.5638831671144593,1.4569560399215473,0.1142334221838849,1.1866320407097044,0.009168329760667657,0.014775548374863586,0.010208663016553576,0.015539436986801602,0.06507249542659649,-0.12365038617327878,0.0017254316134197331,-0.10222678191345862,0.27185189343811267,0.3546249431227215,0.32190658219915536,0.37633814804036125,0.6374602289920436,0.8049817183035499,0.6147440236310294,0.6882107867826053
worldcover_00212,worldcover_00212,3,-0.13836627969716242,0.6844162245591462,0.6853386278856868,-0.020298156153522758,-25.311431109947982,10.10483734523441,-14.088020222996963,10.186016931861081,0.5815066579664584,-0.4144020755257855,-0.580430634940662,0.5570175374399806,4.9818281433713505,-0.8393648198387382,2.3176609591015036,-1.0576010246311087,-0.10421459562767382,0.15880135987840918,0.19137486188523276,-0.0992137801901989,-0.9146695207713065,-0.6502140897618354,-0.6305628152639828,-0.24848656480359518,0.004015777890622877,-0.015921590435836033,-0.017841596410355764,0.003959662920673081,0.04082008747921007,0.11004536993283183,0.05073848553231841,0.05640792292929957,0.9089152660861626,0.4262800200554612,0.5687466070467979,0.9446253114801884,0.9398256279604522,0.6923498035710729,0.6555448950786129,0.6844315239861614
worldcover_00213,worldcover_00213,3,0.05390747306257336,-0.04570754036081689,-0.06096256393092659,0.11092355045856657,-26.418958168286693,12.585981687421855,-15.337897083959792,11.123063175359837,-0.13258832138499174,-0.14232792616599935,-0.0735804723207977,-0.20135661323983342,2.343017174727382,-1.3042204866981328,2.144643228698924,-0.5841127969213091,0.13788792989769955,0.16260728114022485,0.10500136706716005,0.18255772881887142,0.2703219350796699,-0.7078328978077918,-0.4777929844702077,-0.5696033564417152,-0.016985490483083482,-0.020175673392121524,-0.01358565421142342,-0.021918726144264426,-0.06697351364581337,0.11398806643903762,0.036222099159433474,0.0860578829718541,0.9506361926965292,0.9653353588417578,0.9369079829238486,0.967055679417204,0.834716783257255,0.8649239420550143,0.6977780428011346,0.7763981984104509
worldcover_00214,worldcover_00214,3,0.0975432933241942,0.07268380531758888,-0.011605899392937888,0.1894902115066837,-19.64302526957119,7.963572221138522,-10.481711603936485,9.063817110238737,-0.040654968671900694,-0.11074308217281299,-0.059695045192104564,-0.14263885556941838,-3.1829971745117853,0.41963732966104544,-2.4726557387385775,0.2021314636488591,0.06307160013496858,0.08546222824587175,0.05498524004637831,0.11287868626060915,1.5540565241934068,-0.6798929372629982,0.8289503645200896,-0.4549960555737895,-0.008029598017296136,-0.009775859557769506,-0.006702136985647178,-0.012962131450573587,-0.14976139469233923,0.08826657127912615,-0.059097291446178576,0.0606044774500945,0.9916171762235584,0.9896819065770076,0.989791393971834,0.9658111114861423,0.7762912735988061,0.8282786340828815,0.8285033182961146,0.798196236805137
worldcover_00215,worldcover_00215,3,-0.002853802156465174,0.34260926926226226,0.3135621572534236,-0.03658822540080818,-25.523220006905746,12.324872926293068,-14.383242957155172,11.265094864295293,0.286581544842802,-0.2005898484014089,-0.22923208818963078,0.39278975667224886,5.971625570499748,-4.207186733589874,3.2108016658306973,-2.852881535223901,-0.06468682442113746,0.08675253584787443,0.07677777306664554,-0.09403108350642292,-1.3043151595984643,0.47405667363568543,-0.9211762475334473,0.39101521782248405,0.0034794641590015344,-0.009948433734326054,-0.007973220095866259,0.005861051192488312,0.0766152920503796,0.025984458626041103,0.07852693093706158,0.005092953310394016,0.5167343249754535,0.4108062952013041,0.4406226080536608,0.5630088101813187,0.6362447490413149,0.6841213580670779,0.548820626597391,0.7117480126610594
worldcover_00216,worldcover_00216,3,0.11145586454274653,0.1255395379707663,-0.02091901523597328,0.16193536465818228,-23.075636860908144,13.504713648683932,-10.769247135199123,11.445974027151745,0.0996455857432199,-0.04107840971222873,0.010923569896332717,0.1288367033241288,2.9686229640712094,-4.947540745545924,0.42755811671438115,-2.4666241582679693,0.01080704937972502,0.057850489046150304,0.03149824035837754,0.007038177930431451,-0.3098214186876581,0.6979061540387791,-0.15905038891781814,0.2173619419739894,-0.00342135586491588,-0.007485606735854428,-0.004863354337467534,-0.00336268371102786,-0.010103019652325981,-0.02395931148139954,0.006127355101884502,0.005723367268337054,0.9905523933356951,0.9610937410241739,0.9625429978594536,0.9952406242981046,0.931354222947291,0.8550787976228883,0.8618991390820889,0.8161450088984434
worldcover_00217,worldcover_00217,3,0.06541513836808491,-0.06297871318053164,-0.17721939086914085,0.15973413600162953,-23.042374506379637,20.244020873912046,-9.666450414232196,13.217165589889515,0.10364912580910016,0.050079538704946365,0.06233130540284885,0.07296729968890375,-0.7552380902597428,-7.543910780073389,-2.5242345791897325,-2.3915836331619884,0.03702350604093446,0.06677055107157473,0.04791675241930141,0.05824078537233449,0.9867755226925633,1.025924438255359,0.8625850611476955,0.12072642818340638,-0.007160174028249467,-0.010387183546860029,-0.008069207477900723,-0.009342346152271882,-0.11744453977889936,-0.03150671020346097,-0.07808267377016777,0.017453638526666836,0.9181619804605453,0.9575967304775287,0.9465691967496831,0.948764169583223,0.9120632356496418,0.8966844041417934,0.3566509997596151,0.8697911464396367
worldcover_00218,worldcover_00218,3,-0.09221899153472475,0.27174477685581583,0.3080677408160583,-0.11108892597257915,-27.606889967179164,12.141820969019296,-14.989181314051729,11.08851776240207,0.7148759159105459,0.19635823064498414,0.01139175146818136,0.7921382504411848,5.396788480253804,-2.1311330374358284,2.9118551760673554,-1.4899815295255296,-0.19742049806949333,-0.04311871162143984,-0.0010020403489791713,-0.20664493198550835,-1.097376418111398,-0.3377820473626078,-0.976050406553072,-0.10420325944874292,0.013966466407147542,0.0010095334451908804,-0.0016679411020242938,0.013865769633816319,0.05855387792814396,0.10676543363273225,0.0926960064208402,0.050189546718601014,0.7125390370276037,0.2829546482841513,0.30238821900285495,0.7500232918941753,0.8972060286342779,0.7738233728040648,0.8487635832198938,0.7398281800077253
worldcover_00219,worldcover_00219,3,-0.2002262426345276,0.6211760847857483,0.6300401534094932,-0.0844614548382878,-25.64897832521687,9.426081506815846,-15.40295284231176,9.873174796534892,0.4358487409262416,-0.6660172040500323,-0.7289753982590288,0.41979368052460037,2.0005122364802763,0.48989892254694567,1.9317750603032493,-0.30319204581687925,-0.09877932061727886,0.2253430062800128,0.22398814921835772,-0.08132164304858266,-0.29828322609607744,-0.9450952893861768,-0.6996127016502907,-0.29845492076886576,0.0059319642072792386,-0.021392993271501376,-0.020109672588531406,0.003589178967016795,0.00625237077447412,0.15373541118977466,0.07501032451235713,0.05900375214588559,0.6812990323004309,0.4217083509921715,0.5063790565784805,0.6539769215296473,0.36048889953497376,0.8117050570656258,0.6141599303184364,0.6864147754003613
worldcover_00220,worldcover_00220,3,-0.2051570306236886,0.38851688802242235,0.4007415039972811,-0.11856375945111007,-23.33366503205049,7.202918678695644,-15.147100804168645,8.489486824148498,0.6010478298864366,-0.14160649673569833,-0.28659176081418986,0.6503729633543449,0.6803041846991946,0.048793375325922345,0.45096558960142774,0.3682916053262574,-0.13568326360219524,0.08260854067547019,0.11306912995455605,-0.13405009687301625,0.40515720212929285,-0.5488220243978503,0.14650089422161774,-0.5670704098924294,0.007691803846790825,-0.010046434899171234,-0.011857739113497034,0.006227447030444917,-0.06001926799067279,0.0796949667367833,-0.018348776499814524,0.07526699769545263,0.84277998002167,0.19347760733596286,0.2397268780128745,0.8877895701273969,0.9653496019690689,0.7908680971870022,0.7520183741964901,0.7817545600646215
worldcover_00221,worldcover_00221,3,0.1068135931959958,-0.016939035927257186,-0.0993474352766182,0.17428963247573545,-20.97753721202553,11.957682599478177,-10.88149518314842,10.767325516985265,-0.1881570310350052,-0.27683548060142155,-0.18017244939174806,-0.2726666461380683,-2.3809448772420128,6.840163182606267,1.633731029371094,2.5148835519110353,0.14087179812210207,0.19049881318850145,0.13793618885550252,0.18789122224628113,1.1082521864524186,-3.413818620092198,-0.8456937912422906,-1.441907984316194,-0.016173499048540818,-0.02117456444021727,-0.015907804124207798,-0.02109639948666696,-0.10215636685934373,0.3370884301888051,0.09111447173947435,0.14917715345421492,0.9526265521888403,0.9510163866074806,0.9612982784009722,0.9423538423246555,0.7945418935523443,0.7413216514078942,0.7941829646204961,0.8344182808299697
worldcover_00222,worldcover_00222,3,0.11276717421746513,0.2556261093440389,0.21712208725512058,0.16264455562288233,-24.66971003508819,13.215835616090711,-13.614854658464802,11.25684343537459,0.4110660729065107,0.1766527015568002,0.035456466407234016,0.48821390491156236,4.203467437518833,-8.211809872849068,-1.3145062253940005,-4.736284626277611,-0.13154094560549998,-0.080741082358444,-0.037274729515913665,-0.1557944008024222,-1.2829843746786416,1.9917818434791832,0.22103933372084447,1.1315709805012635,0.010802729759970877,0.007390459623150145,0.0037499601280109743,0.013110049972028437,0.0994916690182568,-0.1376040489300052,-0.012470450148251702,-0.07477489277359778,0.49089439108355726,0.45283901282977,0.485702439303885,0.477854592086567,0.5561195789389599,0.8925158812236146,0.8740911001578713,0.854243113691725
worldcover_00223,worldcover_00223,3,0.013122850020417172,-0.08463790840610468,-0.10529927375980443,0.026796299625526227,-25.02260025148408,16.917693506647005,-13.372173639736017,12.285607276655055,0.06298210365569232,0.03473752864917406,0.02665513237598311,0.03694063608372093,3.9425390862632677,-1.8381960426047468,4.882047559477108,-0.1385119693493071,0.07058989605580297,0.09423209650611333,0.06783229132128468,0.10503613817388609,-0.8269316586574393,-0.9931560329131179,-1.941507850511785,-0.802688688214345,-0.011186995626211019,-0.01358447309037803,-0.010078211965255744,-0.015565003428344774,0.05748177578981716,0.1568270912318469,0.1904387681554462,0.10934274789810665,0.8581713510203328,0.8593164506697846,0.8224205185993279,0.8944386281321031,0.7200441555260519,0.8246957334859598,0.7164465691124835,0.9057522478010933
worldcover_00224,worldcover_00224,3,0.091844050883506,0.05884566042346363,-0.051464379962647,0.17163348288246902,-19.14119668495446,9.29070230567865,-9.167494994772872,9.636436040487917,-0.133404310528003,-0.2997429498770654,-0.16782585064333458,-0.30894110011794057,-6.35267855187574,2.360787769304072,-4.003943134184098,0.6370825466627893,0.12079713679261174,0.19982915606301282,0.13179536299271993,0.2054127093920585,2.970490740830432,-1.8303078762864522,1.2009058517785625,-0.9001212013408536,-0.014558618289840567,-0.022666923027965358,-0.01567167807558569,-0.02312107410545299,-0.3062565334304626,0.2159035680295722,-0.09320813330917038,0.1170829956037107,0.920680708936763,0.9668187187138965,0.9662730266717556,0.9458964552914287,0.7880485980715721,0.6125891155012868,0.6590898657710129,0.6950300649564363
worldcover_00225,worldcover_00225,3,0.05866045557788789,-0.035191509967925264,-0.0954256010326482,0.09055452274553596,-22.83447468530284,12.67018717348179,-12.201060873618811,11.071754097049643,-0.11512720385079368,-0.14530504938299893,-0.08363585664875828,-0.153356842578402,-1.8725982509295798,2.2302238063302733,-1.7055611840787313,1.072761888857254,0.1431267011095961,0.1562018166230667,0.11011732697438481,0.17080797871082867,1.3622706035225027,-1.9205002654300485,0.6265470400380386,-1.0805773388582411,-0.01784216032442744,-0.018664076849653592,-0.013685365452083065,-0.021092557696380992,-0.14416036516855285,0.21260737272977945,-0.04955775862146253,0.12468212663286987,0.9237395026634044,0.9206231683954902,0.9253122307535814,0.9221325568628687,0.8194149072704207,0.8252515344746287,0.753789198113107,0.8560640716503832
worldcover_00226,worldcover_00226,3,0.20325014040199332,0.14626928226965877,0.010460302671135789,0.2844774436318511,-20.559298962982385,9.076843150968797,-11.244818003867088,9.350615746644841,0.16904146723881516,0.2676697603116432,0.2518741138434654,0.24277411099700716,-0.7222126480848525,-4.218417684196413,-2.776612659224195,-2.65061299893804,-0.016967427184268743,-0.06394070543316542,-0.07169363470909332,-0.03053746153136878,0.6003093002632465,1.1354201561217383,1.135365682682354,0.7273922094715342,-0.0009621631759933932,0.004133639744285392,0.005526062587953426,-0.00035127895799549007,-0.06160163715012559,-0.08551504858785358,-0.09981501231818429,-0.05489602324140443,0.5389912847006431,0.30997607608243194,0.33741805995912566,0.582387178902193,0.7074930122535055,0.5335001748341418,0.9861117251318674,0.446182822125035
worldcover_00227,worldcover_00227,3,0.11045462517505415,0.13133950260552338,-0.010265684503160372,0.1572442041202013,-23.046064986593873,11.382037382087542,-13.58934590114676,9.119324099427676,-0.15999707667757987,-0.3952004947655237,-0.29810818281423646,-0.10184535727141288,1.1059918418860366,14.01044431945232,5.15886269191173,4.850231116169097,0.1507797657046136,0.2309093364873229,0.18610890454197365,0.12952712645907397,0.5934860021184751,-6.302184387619343,-1.26182805296903,-2.139027958672377,-0.01768686742002924,-0.024797994474118394,-0.020367740985062513,-0.015495574534541418,-0.09531466989846824,0.6251994222550569,0.09054414990127435,0.21039327130225813,0.9727831912166668,0.960581225563384,0.9663412553149924,0.9794519404326043,0.7400630213774149,0.4760149949904551,0.8253731260963898,0.6354751867267923
worldcover_00228,worldcover_00228,3,0.04858172909455743,-0.03084214884438702,-0.07474581722283026,0.0692319766138522,-24.17764935374205,18.83397934965162,-11.745618935657186,12.90868804234952,-0.09785623993521021,-0.1872851466374283,-0.11446469871415871,-0.12129535115072519,-1.16567360562428,-3.3680941169635723,-2.6415944747574143,-0.9148036829209037,0.1338496539323966,0.17467021981359526,0.11736153371962679,0.15702414662613468,1.6327347864883113,-1.101347448053251,1.2255656254456673,-0.6820969777399757,-0.017078714417966236,-0.020919010749720548,-0.014406025169812363,-0.019922180590454964,-0.2086165920873947,0.23154473909193138,-0.11970221648611083,0.11748435868049087,0.9063052752181766,0.9161199856969802,0.9117907259800612,0.9214980851346751,0.8721189340940443,0.9595522471716055,0.7306909767744828,0.9656324837944397
worldcover_00229,worldcover_00229,3,0.03439706842600456,0.6896372885640782,0.6321328444914356,0.021956912862757427,-20.242207406188772,13.107296810149867,-8.949850778719805,11.080006035262805,-0.054361070801797876,-0.9845144423390036,-0.9384296731875497,0.040573698076760444,-1.819769360044362,2.636766218588822,-1.014765465286322,0.7340836880072159,0.11670283040503572,0.38583332706178225,0.34567837375195964,0.09972512584534414,1.1333037461234465,-2.2917349549404866,0.11405705807178497,-0.9474122935074907,-0.015409473269754378,-0.037344975015995145,-0.0326769509061117,-0.014689984162234595,-0.12188823162680043,0.27213324999942057,0.007138833811560473,0.12048181796914753,0.9829038504008835,0.8851462854077237,0.8500066733511413,0.9867775758720515,0.5659446141234786,0.6167670272716093,0.5920864611741579,0.7746227916670703
worldcover_00230,worldcover_00230,3,-0.04575129920285028,0.7676689385464652,0.7657036338791674,0.03348972177076389,-26.732048393126785,11.682007009602536,-14.142458519789797,10.543851288152851,-0.22873843862344434,-1.306868361043074,-1.2602932297639382,-0.17955946345029883,-0.36545794337859855,6.487939359361701,1.1039463031296597,2.7700199165868584,0.19561181406896128,0.49382401623025246,0.4534525158230479,0.17701124372081664,1.311945164565745,-3.078092117190045,0.21069802789949918,-1.3860677950428795,-0.022601065672423985,-0.045909933802304785,-0.041639739572249215,-0.020862886536339588,-0.14838160205930784,0.29194046187810674,-0.035952220565179466,0.1329472073207006,0.9370666825209004,0.971982069903451,0.9625377089525595,0.9626105965992707,0.9242623576591328,0.853169198683528,0.7963298283288067,0.9487982904160599
worldcover_00231,worldcover_00231,3,0.1288928475535847,-0.04881386266964972,-0.12648475508798326,0.19427852919607314,-21.88262314807865,7.454330949500013,-13.156103060527334,8.590489843195133,-0.15813034882631852,-0.0751602476876633,-0.04796075269520676,-0.194244771841025,1.588232323772273,-2.2779640110096193,0.38369877132781377,-1.4353056772674755,0.1281343455965096,0.11815534876982037,0.08878114915481106,0.156292021468088,0.2004009473348249,0.44216967281015024,0.2718472869918234,0.21113828543735957,-0.014857272802865333,-0.014359548626787427,-0.011130876265315693,-0.017953262410380613,-0.04609088503040327,-0.024677297484486358,-0.037615251525847083,-0.006507483526749954,0.9589262075388658,0.9898345207725727,0.9875189843913526,0.9761021385916571,0.851892583744785,0.7541215557106886,0.69694444597623,0.6591258702093216
worldcover_00232,worldcover_00232,3,0.05736463082206293,0.00912501317251187,-0.048755196910916745,0.10808548398993163,-23.594812118725812,16.108304941836998,-11.420801466099425,12.121085886590834,-0.13269969369822848,-0.25657398505357903,-0.15855896650325552,-0.2689737951944728,-3.4083677985136034,-7.411062259460703,-6.090237470624477,-2.9525817966555157,0.12440180895012437,0.19023293957670556,0.12774435247725974,0.19405215860090444,2.3342642249207497,1.3996169849055995,2.59623357351034,0.3598945400515001,-0.014987830039805255,-0.02211739527146245,-0.01530852738880749,-0.02212339607678879,-0.26010866243625524,-0.07734983831372774,-0.254771354444986,-0.003041243664553594,0.9321004234810086,0.9641600598653844,0.9521659660435902,0.9552929484053293,0.8428765789958877,0.8157628970893276,0.7651484859441384,0.7555399383208818
worldcover_00233,worldcover_00233,3,-0.1702854896809095,0.5858496545926848,0.622351967249854,-0.1018445280408755,-27.469323609587807,7.31894911700039,-17.664948292009413,8.92655009211016,0.5023955009214972,-0.5111440354348371,-0.6174030930749941,0.5820663470907923,3.4709389604589154,-1.2063927485638188,1.5049740508419764,-1.6734883005438304,-0.12310601359357348,0.1807292654779759,0.19063132762650886,-0.13220923231487258,-0.3512785971289669,-0.0085662583652604,-0.0904988739596552,0.22081943171607804,0.008128144251648857,-0.017702619188860288,-0.017383858486257408,0.007845825727351673,-0.013583372108525718,0.029133847813046954,-0.011268521697067645,0.003984704512176269,0.7325789733883941,0.318494042661692,0.44215788149683577,0.7846982853662282,0.8505023389165307,0.5561736007585485,0.6035734412537064,0.45210185685612136
worldcover_00234,worldcover_00234,3,0.1918450341207678,0.16835010130748737,0.07011382056005114,0.24619961236462592,-21.966756292884973,26.664233015043695,-7.705574662651057,14.03960925904657,0.5159890995675508,0.5858140780871334,0.49455298345890625,0.6127394074130608,-2.2452598806147694,-17.627775258382552,-7.655660151328438,-5.115311083782374,-0.1902907094826717,-0.2120305269848738,-0.18503140821827144,-0.22591473517770086,1.6738822016810528,3.92820212921601,2.7884587111689347,1.034179966372429,0.01639953551492249,0.01787477083894601,0.01604910954042816,0.01947398703883993,-0.1898451577741322,-0.24071152912689725,-0.24466235480059434,-0.05190978306166038,0.9144305182259509,0.8778322782527539,0.82227898394906,0.9040090759667444,0.8993641314041845,0.8592976450646123,0.991051555598418,0.8685731046636139
worldcover_00235,worldcover_00235,3,-0.054181610991466025,0.6755619485947204,0.6552636259884514,-0.025258361333698694,-24.688828762518888,7.520823290431767,-16.02902953827533,8.515028766744626,0.271780079135088,-0.7632034754691003,-0.8354423891693803,0.3518134392945771,-0.7228714889475516,4.840781632688637,2.9595814446149435,3.287536299619722,-0.04414297110308339,0.2653960882327254,0.26899030424847964,-0.052983119301659075,1.1814592192997386,-2.432289599250183,-0.6181600840580318,-1.6559647434334928,0.0011711231167768827,-0.02507971570065074,-0.024307574305419948,0.0010339406159038382,-0.144519304966878,0.2550613754413576,0.03672636949262018,0.1729400110936366,0.9764191204171453,0.7685221375239681,0.7698753206734996,0.994219191767817,0.8354271646083409,0.9264638367932841,0.4791598173191882,0.9582793494715255
worldcover_00236,worldcover_00236,3,0.10160483608875495,-0.027665298940106497,-0.09024788856957938,0.17054856094446905,-24.55539281773966,16.03906613349265,-12.16471806422693,12.30232766135337,-0.10293434030640386,-0.04671396638843191,0.010290785042185153,-0.23358270916200674,0.6142853078346978,-5.49405916660446,-0.8508539263697267,-2.4653397588029864,0.10507075550644229,0.09807468997516142,0.05803958587429086,0.16355654424725644,0.6005963016422423,0.5515466895437108,0.36191119209798284,0.11401480048660087,-0.012932494802407971,-0.012949445680009587,-0.008651039948818657,-0.018399899994785123,-0.081072565793706,0.012536624748834059,-0.024865407341743306,0.026130064224369493,0.9031353278420555,0.9562380149620716,0.972891052418506,0.927179631434543,0.7832516667431646,0.9147788753130617,0.7389080427844363,0.8302885420010431
worldcover_00237,worldcover_00237,3,0.09611270314242905,0.03518602359249767,-0.020985705806224306,0.14294347381501502,-24.13224775547378,11.947910151390513,-13.830162162355425,10.45627304264879,0.15956496760405453,0.14070862544227414,0.08833108243665498,0.1874999623627412,1.3865220868702115,-6.019382408552749,-0.2192996183067309,-2.972672122777411,-0.055565143783731834,-0.04475445350535304,-0.032286324888040376,-0.0680585067025768,-0.40870122334676934,2.031476126799765,0.1487208437059734,1.044757473718739,0.0046698016731704615,0.003405618660076696,0.0026181899222799294,0.005840895847991257,0.03617715829013283,-0.18244837946428072,-0.01611614902486031,-0.09474015607918845,0.6390013117214859,0.7566503566042077,0.8059186470143866,0.6488628253314819,0.29891359012405616,0.4972102210927595,0.09080285837531188,0.5425941752051302
worldcover_00238,worldcover_00238,3,0.058561165324942474,-0.08819331748016021,-0.13834044365494574,0.06603527159401819,-22.817410136527776,11.774561425113333,-11.989508571399508,10.759528385225485,0.04050511379370509,0.00968176201872939,0.03213102035298383,0.10773146590070126,1.1617271789837722,-3.4514181085683298,-1.1325391608703568,-1.4395847957198216,0.06385631333761461,0.09224716735423188,0.06051432858604246,0.062137966725604454,0.33126794235480456,0.26881070491609993,0.6035132498657368,-0.13512021067328736,-0.010043252330827923,-0.013416952129001875,-0.009400837661961873,-0.011157080794524682,-0.057133893234159454,0.01740735313750867,-0.057647962908531684,0.041772697939186,0.8681837130486918,0.8918661032612643,0.9092978512351234,0.8165021006008523,0.9390420585785721,0.9847864353288237,0.7449997293647359,0.9796098755816017
worldcover_00239,worldcover_00239,3,0.15343417285052127,0.05284807952403111,-0.05825971665255949,0.17499561698147756,-15.987733806078127,6.625180266976548,-7.660972540481511,8.162958200378515,0.13300667800354435,0.08131961890363297,0.09007450391257575,0.18453622703987443,0.1691685119124953,-0.7466741617580586,-0.6620499322078649,-0.5378602663087557,-0.003438448574962699,0.014333148236946805,0.0018877742320169862,-0.013395258874604181,0.07318358217604647,-0.037140737159546154,0.11833438497785755,-0.05123793880587,-0.0019308206567147262,-0.0032537746186735,-0.0016561843492466975,-0.0012248728160906318,-0.013173832767091938,0.01895146613213496,-0.006118393140490484,0.01716114999730103,0.8606799664771265,0.9189865081352568,0.9490605562360289,0.8116505731040512,0.21631942502615897,0.5078540767694577,0.5773705740596644,0.47150921479542496
worldcover_00240,worldcover_00240,3,0.07116238902945339,-0.13509331982244127,-0.16245829901008865,0.11330219606558438,-23.278641541881548,10.292564704221435,-14.217362379487668,10.391205513840147,0.10014875130775246,0.18443617419827552,0.14096521932099537,0.05129489610119508,4.714063671403259,-4.370594390157864,2.8787564882136407,-3.096844791083078,0.008509622862900388,-0.0028486484379479276,-0.00898321590978989,0.040607174769753424,-1.0650310931933464,0.8681669180304858,-0.6573176006477562,0.597092714273331,-0.0029765415991905835,-0.0027211748740889833,-0.0012628593848961797,-0.006336197670963071,0.0730407890704856,-0.049761384613701005,0.04132252633737918,-0.031420979065660215,0.8796112016702244,0.8907005999456296,0.8646746911865655,0.9573780408324186,0.8412123326475478,0.9161556624805924,0.7923731480876921,0.8427536144739831
worldcover_00241,worldcover_00241,3,0.08788912706700663,-0.06346346720150074,-0.10692072400089514,0.09970761395313427,-23.009901369908093,13.783328111091144,-10.551475320463156,11.54694750432515,-0.156208257751167,-0.16708805053568707,-0.0792861285486387,-0.18214389732077868,-0.9037784646741561,-2.1879328416320507,-2.9544993887983275,-0.7779309136414301,0.12239146218623229,0.14303793502544165,0.08930937713213681,0.15038977513388113,0.9240355005932175,-0.4581544168261258,0.9692246041784965,-0.45995088103226234,-0.014378813652135855,-0.016754123697414854,-0.01113941653095412,-0.017927049668599867,-0.10085944217214203,0.1064212095808515,-0.07364442178035492,0.08122497772371685,0.8082300559707635,0.8409743980064519,0.8231786642688345,0.7825148966944486,0.6620312626358306,0.7484278469427299,0.6038912318214084,0.7273445253905912
worldcover_00242,worldcover_00242,3,-0.2690890824555853,0.5686667528793653,0.585002367469396,-0.12269389239901735,-25.764923199353582,8.269122282330958,-16.12875308281386,9.232071853629371,0.5454613220861239,-0.5756747139588222,-0.6348492049774702,0.4365044105650163,3.5103437461595512,-0.690147904356588,2.046447542248933,-1.023563806250007,-0.09349580395028567,0.25255288583633684,0.24413401185176065,-0.053308454660690355,-0.544830165523765,-0.45540008811188615,-0.6801372070343532,-0.21623164568245667,0.0028491062708538703,-0.02702858415667457,-0.024819969444187604,-0.000821591223204406,0.022174232213581745,0.08173542363547844,0.07235482372274876,0.05378979517788225,0.7390484148203305,0.5322066618915265,0.547115103160162,0.7520142403114449,0.7933446400545574,0.4481658271798725,0.8690906466501617,0.5572533655202998
worldcover_00243,worldcover_00243,3,0.0444942259215846,-0.1037714174017303,-0.19591238547229298,0.07948774415435275,-22.006107690502965,12.63083382485751,-11.935705125631992,11.229327705800925,0.3724575455755109,0.4359847598723943,0.3869010895815866,0.4716109892442105,-0.4091113967633338,-6.598262250497531,-2.4680324838838787,-3.8086393479094096,-0.10487740678911421,-0.11227597904923758,-0.10848844630313119,-0.1245177587195907,0.733913192928379,1.505036104015832,1.027875048635785,0.8262412543438311,0.00793633845022723,0.0077068356848839226,0.00803399860219221,0.008948064211643098,-0.08919700305639389,-0.10064073423369102,-0.09420070420993475,-0.05089024454791216,0.49600934564280996,0.4192622654168272,0.4381162888547111,0.4351615880361114,0.5755201743454439,0.9225022123377905,0.4719363897637181,0.7974667898740921
worldcover_00244,worldcover_00244,3,0.12763454394165397,-0.02384139066844384,-0.10416092644586794,0.1717135757207855,-19.61919296206528,11.549397427464827,-9.179551311849105,10.34665638378845,-0.18057004816994665,-0.23046652650430902,-0.18254964677469027,-0.1766714031497624,-1.2753019372792913,-1.4931397456413238,-0.9448083351761464,-0.4027380171862487,0.1335547559535848,0.16340085818105682,0.127387738379436,0.14952568088968565,0.7551600959232748,-0.19687101146367164,0.1941855476359194,-0.2626968835715808,-0.015230185512589756,-0.017942997467036193,-0.014051117699104118,-0.017189998179674135,-0.07077588348341805,0.037148314014056445,-0.010354475196730705,0.03305080658513523,0.9649577810564278,0.9739851303062705,0.9731415443274476,0.9530828107525506,0.5898200884897717,0.8807815570394838,0.24359146722391312,0.8159416338533285
worldcover_00245,worldcover_00245,3,0.09797520462289794,-0.021202167665417576,-0.12542370548754075,0.18792214831619422,-17.5229968349265,7.659687691037225,-8.792681586218281,8.834772296682848,-0.09048046257802438,-0.07231497244229293,-0.029305986372664513,-0.20805570855736585,-0.6368162367868774,-0.6710657574717646,-1.3493128764307638,-0.5929428773849394,0.10914827097160508,0.11915422245069868,0.08409784612894948,0.16875515542763117,0.2809351062150722,-0.1295967354360379,0.2731966543176294,-0.05622193606779864,-0.013800154657928164,-0.015197581122394154,-0.01118442208760164,-0.019826148382642045,-0.02436207331655348,0.02581729230131367,-0.01304955951367768,0.015537650981133015,0.9315802524799132,0.9836379672422408,0.9776048818204605,0.9549888531094688,0.6172564175012738,0.5545016375942351,0.5568926007087233,0.546612281531021
worldcover_00246,worldcover_00246,3,0.0857917865368391,0.002427545009236155,-0.10753527340112375,0.13831457811774542,-22.293894393980676,21.953411443678245,-8.835518653867094,13.580343020880003,-0.02763287507431235,-0.1254391446118303,-0.03463767066834383,-0.10379127679126475,0.366469612609722,-13.140787764195816,-3.194766009072706,-4.2414899265130614,0.08362407490232068,0.14053519259638317,0.08646514653772489,0.13038472100705276,0.7373351561348157,2.850007395463009,1.0629763921356012,0.5861079199446826,-0.011197419856858959,-0.017474072580837226,-0.011762805998024305,-0.01608760271108511,-0.09916553798304845,-0.18971689295587546,-0.0917619527535113,-0.016227469069244695,0.9547594194156864,0.947224196916544,0.9546464972778889,0.9541534367512234,0.8638975475413511,0.9743158313644836,0.7351172340524336,0.8982680390497169
worldcover_00247,worldcover_00247,3,0.09314022045708494,-0.014590281682711924,-0.09283826398578665,0.12226538811669091,-20.364409736856324,12.61464023549578,-10.441917459764401,10.968278295469224,-0.15658087552726985,-0.21405255576477247,-0.1110569535503304,-0.18377784272980907,-2.0734183799637926,0.06361444354709889,-0.527145340562849,0.6156214776426355,0.14901831803692658,0.17920351879937277,0.11900680347696516,0.1769328384269106,1.0976321643802098,-0.9488822911949656,0.0735751347834511,-0.7664659262036038,-0.017979330064409608,-0.02060668517111075,-0.014364370492973705,-0.021429037543559303,-0.10538396934518533,0.11141838559806926,-0.00040133515429497426,0.08404866265442032,0.9324829934068185,0.9348891171191782,0.9503736566259244,0.9403421332331581,0.6426176765621273,0.9420778349735403,0.054030782111210374,0.9503941880425406
worldcover_00248,worldcover_00248,3,-0.0666843631773792,0.7491734520052357,0.7304012847669159,0.0464496408222288,-23.369293031083796,7.885825757525187,-12.407594020970492,9.70863815327319,-0.16058457902313225,-1.3585531954313508,-1.2676435143701574,-0.20631688256703506,-5.554397958401835,26.453176171936118,0.8374621038831769,6.429201622215577,0.15550547524799224,0.5095145895198236,0.4515802398549781,0.17746373298235238,3.183112372182027,-9.429419388643657,0.5640345610520087,-2.415572787693173,-0.018419683374655847,-0.0478331442226213,-0.04150060319689785,-0.020607664447390657,-0.33833285894671794,0.8245526675958492,-0.08836628934038714,0.21803207354667722,0.9219403936821661,0.9701633885992041,0.9560764405996547,0.9300144456734758,0.9456061200493402,0.6579687972443096,0.6606040735062799,0.7465084278693
worldcover_00249,worldcover_00249,3,0.11803259653105463,-0.007710776813893497,-0.05317670231064237,0.15725302312410155,-21.627260867841372,12.700613944575476,-10.88118351168337,10.867321032254617,-0.13631790896490042,-0.1587355134228885,-0.11151400235082351,-0.17481335205218027,-0.9971513941827838,-3.8746856541887085,-2.704766830218404,-1.1779590635637742,0.08671394239423497,0.10886531614686354,0.07701652874017033,0.1077535454651491,0.7189216202765272,0.5992568886575783,0.9137331500570482,-0.019184907887828142,-0.009560926753466701,-0.0120765369919345,-0.008746421895921225,-0.01163538402379159,-0.071091002549444,-0.026702461077800995,-0.07373333090794378,0.01705733719413183,0.9483749253121391,0.9748488022278239,0.962551502653366,0.9213386413856506,0.8960281590394019,0.848346048727103,0.4868792491761539,0.7940137778443983
worldcover_00250,worldcover_00250,3,0.10226634805815324,-0.04711034137642845,-0.10543553486014942,0.14877337781768737,-23.420573220272647,11.028921384539828,-10.782253515477626,10.659126826445265,-0.08915375907857638,-0.08786047828043618,-0.04487254514935385,-0.1383018870320571,3.0641997240595935,-5.169839729119344,-1.4380302284333493,-3.240532565216286,0.09895868515251556,0.12869438112338427,0.08688652010642586,0.14824850446024465,-0.49031651928945286,1.1358646823820742,0.4592074492640378,0.6724917021605842,-0.012307206466490576,-0.016507900456399317,-0.011554800933509154,-0.01822932508557732,0.02737427549075709,-0.07196715712410345,-0.032444772055641814,-0.038381482987953255,0.981843845310162,0.9916719207457604,0.9897627353424223,0.9934452680597552,0.8873843621662266,0.9855807620799546,0.8044287182530588,0.9222462010513228
worldcover_00251,worldcover_00251,3,0.1313562419801487,0.05205410592624684,-0.0988515986863421,0.22976542648040713,-18.22046246453958,6.896542904425275,-9.798913536377261,8.365658669338478,-0.2507417034145468,-0.4055055636775819,-0.2849867857312618,-0.39318203725038764,-6.621603565075174,10.848999784973888,-0.9392960125127751,5.335071812015256,0.1492680156313094,0.2185760331793695,0.1590454139367742,0.22375920851960787,2.845316076097012,-5.012683728776299,0.1616237372964555,-2.5467986231115116,-0.016178743665456106,-0.02313969038883127,-0.01695306602432719,-0.02400439251402409,-0.28484047873004387,0.5271670976928654,-0.006077834617804216,0.2669004101281388,0.882571883837797,0.906020405098654,0.881662310487165,0.9208417135928674,0.7936305465911122,0.9303653359586432,0.1171671405316781,0.9679116996812941
worldcover_00252,worldcover_00252,3,0.08279192653066651,0.08768533881414889,0.0273038202219376,0.1022738918210501,-19.129345967321964,21.42855121408044,-6.2430462963036994,13.236857440528507,-0.1985116225067124,-0.2612769696639749,-0.20943935619046178,-0.25765909006198073,-4.25576108514496,23.141629028132723,-0.7127355915156868,3.8317258642999295,0.15402325312254508,0.16221316887702752,0.12695919546133363,0.1931674330620277,1.7641587180257052,-10.54864951921926,-0.15565832794506715,-2.1941728818608,-0.017667355345222752,-0.01741834223326858,-0.013815849596126504,-0.02195868178298977,-0.1610301005496436,1.0044714066006206,0.028295117431165414,0.22277913485360681,0.945651023376958,0.937769224553315,0.9359798141869315,0.9566532221659451,0.570010845523863,0.6795094868584306,0.5494587996754463,0.7831817611764115
worldcover_00253,worldcover_00253,3,0.09739146154135468,0.042907767675139576,-0.10372230071913106,0.13567207889123367,-24.25486630214922,17.68913573097093,-12.306962566025124,11.977720804884564,0.14078543367970667,0.037513836449574234,0.08403680068514643,0.09909334932527845,2.759913040644662,-12.649266027039715,-2.128573188065135,-5.281036997656665,-0.0043825125246089785,0.03991633322235046,0.012611067204764438,0.030472223892872484,-0.1851380020046815,3.1924362128696995,0.8016541182956702,1.2270607711276322,-0.0019433682262470333,-0.006296222502685555,-0.003415422777485372,-0.0058429470718509065,-0.010897193916519717,-0.24119893729791694,-0.07180599638331525,-0.08718155876619439,0.9541599563046099,0.9158677503078456,0.9291625897265751,0.961336713974786,0.952519977972886,0.9507641022891512,0.4837001149817707,0.9261912032441761
worldcover_00254,worldcover_00254,3,0.060157621011457975,-0.1993571267689053,-0.23237296238993274,0.15588432189189882,-24.977225277073764,22.261188571059666,-11.34231974364242,13.646096103145632,-0.09642963910235686,-0.08496604628753632,-0.04170137268328363,-0.2011454964559213,0.4269446318336334,-3.4825077576477197,0.06270932078844058,-0.4243459115795316,0.12893507399948106,0.15750327639108364,0.11355945529230727,0.18411300732911376,0.5379784646130346,-0.9225948369777017,-0.2965364654693565,-0.8250132437199431,-0.016320601828636202,-0.020082080123518028,-0.014978837090158695,-0.022155116603832035,-0.06244434189531973,0.16431160143586068,0.04998302686865512,0.11452683783429435,0.9668891499202501,0.9721755019192695,0.9700672817548949,0.9645429423388935,0.7116050460057146,0.920070426526023,0.5165677943629836,0.9351917632208544
worldcover_00255,worldcover_00255,3,0.12325857383209866,-0.05131865766915457,-0.11423595159342909,0.17542568300709416,-24.516341124061604,16.701676736409894,-12.544126000671863,11.942466540330422,-0.2425060521176758,-0.27706305602831294,-0.18621225300289163,-0.30237009574378115,0.3727704182198023,-6.13941816341742,-1.9550866378521188,-2.2592959507768486,0.16078041830113007,0.19658217127172808,0.14218654556127305,0.20025333309005822,0.5562028459091523,1.0467333982977864,0.9285790797007057,0.3392917235449579,-0.01798481849788025,-0.022001557531907683,-0.01645225478392657,-0.02224683458681658,-0.061116142266549926,-0.06708372510808108,-0.09228874968669856,-0.028061415101273784,0.9118673973655215,0.9380665723651239,0.9225529398961912,0.9294561049450712,0.8251526210835656,0.7323978119325776,0.6598998066475088,0.8044547021380276
worldcover_00256,worldcover_00256,3,0.11204328005986688,0.031759067960646696,-0.043081351866326154,0.17979660923733723,-24.212525434982766,18.352255172005545,-11.554544479748083,12.330290311789904,-0.28338630585391683,-0.36218893846186273,-0.25749731928642167,-0.4436419339525295,-1.3674307772210235,1.388229794180478,0.607545194917595,1.650062412430511,0.17430934568161022,0.21677512514860486,0.15817386778958464,0.2502862870596441,1.439065588678729,-2.348458356811912,-0.14172334791797173,-1.4849212422614437,-0.01907558886298279,-0.02335392913047334,-0.01737879325325289,-0.026509904123917946,-0.16559939807132448,0.2831223219861379,0.011850044158976268,0.17153073314278636,0.8930227228237273,0.9317151463526514,0.9253631269052472,0.9223477507284239,0.7591759609867005,0.8868499082262427,0.09900624523611745,0.9206197753076589
worldcover_00257,worldcover_00257,3,0.07268245746638984,-0.13598297276731833,-0.16551205199776364,0.15295024261329998,-19.498994471203993,9.960791162431258,-9.749480445659563,10.001570560219763,-0.10019324061684293,-0.13149864744720127,-0.09278635444149051,-0.10528599175195713,-2.990812086553364,1.1815360100116417,-1.7588010387749384,0.6001386856741271,0.11408570882365701,0.15565505612931835,0.11131748979612849,0.13547446020753848,1.5117065090744624,-0.9695885967793791,0.7454948210177158,-0.5558315033181721,-0.014123779016612844,-0.019168238602390485,-0.013807975056797562,-0.017082614128035717,-0.15350087709456728,0.10724239444661549,-0.0700806367460891,0.06359861641406807,0.9577021576363847,0.9747709653802591,0.9559237783923965,0.9900274314436572,0.8102352533378969,0.8033698585838842,0.3672898971501297,0.707565131240645
worldcover_00258,worldcover_00258,3,0.09472518151190228,0.0014695321830600222,-0.09220791845159156,0.1592767665331996,-19.010885944008976,6.538179544349895,-10.668601441991333,8.071952375022697,-0.15404231520488926,-0.22434793958543742,-0.1248714105403485,-0.2683197949968622,-3.6309667132060666,2.08570644023848,-2.725828874733031,1.103494699103093,0.13032229298199344,0.17343453819020846,0.11589155863019028,0.18912561611147385,1.6144970798114877,-1.027954607322704,1.04474292948363,-0.6026363633289913,-0.015560151232166398,-0.0202464678376499,-0.014221778689798988,-0.02138461020182478,-0.15095163321027352,0.09863141626451774,-0.09274974084168328,0.05851598201346408,0.903082490457765,0.9560420366533477,0.9452270415333522,0.9297194234399347,0.6023362509306333,0.5623349097797198,0.6967958917580721,0.5547480569841884
worldcover_00259,worldcover_00259,3,0.09102101132697654,0.0141130608196043,-0.08897248497515144,0.19539555974981912,-21.18543628883521,12.877172034743012,-11.259805528757207,10.98160842324258,-0.19701872827131706,-0.4394246145772418,-0.3036748360295486,-0.24074443329184636,-0.8473017350703534,1.7553722517253272,1.3614801587857674,1.3352272066240136,0.14086970890787268,0.24312500110162125,0.17325705291554147,0.17973292385151346,1.114914771838629,-2.081135979290793,-0.38110042286993473,-1.2550299722971023,-0.016086559421004,-0.025601118958244705,-0.018487481680237727,-0.02087667531738376,-0.14893810830836146,0.267060787753905,0.02338561879682269,0.15352180037963536,0.9177523364396418,0.9231007424048802,0.906757339484365,0.9661597351723975,0.6983951610952779,0.8580382234508236,0.3704869051383143,0.8771107039255521
worldcover_00260,worldcover_00260,3,0.10976904493979554,0.12523446226435697,-0.02220741004655089,0.1660657749708844,-23.089438597202733,11.296098808890852,-12.75719497827772,10.471124232639749,-0.30533467049150737,-0.7527563444353492,-0.5564906705939553,-0.32115599113915483,-2.98044083765195,-3.3624457486887267,-4.6893106942321685,-1.4436038008100336,0.1794804019493456,0.3379622688396016,0.2559590468997558,0.18966375958996895,1.7288967924597722,0.803449731191995,2.403289821427759,0.3207934188816087,-0.019445136944883364,-0.03366191251523262,-0.02581590677451603,-0.02027689705066607,-0.16222651423397294,-0.06601953772483635,-0.24412006016850418,-0.027429964057274422,0.888977920461435,0.9175813292112346,0.9198138706168284,0.8749006566084282,0.9025060833506029,0.8233441634272003,0.8756470869417401,0.7852470353539976
worldcover_00261,worldcover_00261,3,-0.09405794647442475,0.6643390200580584,0.6713489592075316,-0.05086308511707766,-24.901725296662764,13.183067717446976,-14.659002754040296,11.037651087766681,0.24421186281809185,-0.8134379502060605,-0.8494699358467046,0.2817960591203274,-1.402527225809303,16.8020782554054,2.5063465429217424,4.270760382594975,-0.03742236006887587,0.28537013054345556,0.2730721056106541,-0.03510509455955498,1.341720259728934,-7.068205402795905,-0.4939161549450474,-1.9812027508854932,0.0007481119307524943,-0.026869819631254416,-0.024637532316976102,-0.0002740350119167682,-0.15199871493772837,0.6680836533209807,0.032799752874892694,0.19626737237187386,0.8962021813988298,0.6816703712632928,0.7362228247734832,0.8669540874682725,0.6962491841313614,0.6347420603095876,0.6169650331069129,0.6785020351338722
worldcover_00262,worldcover_00262,3,0.18030057584123926,0.07392087386864574,-0.01466707854221286,0.27144515243443523,-16.114427536813697,5.954196935058242,-8.366514214801263,7.775749909977847,0.06683421851608859,0.05291567491515337,0.04515236443913924,0.09314621511905977,-1.289845700979274,-0.4987752010224862,-1.6423514203858218,-0.5121753543154308,0.03861118467444443,0.04963155785873842,0.03842861431517761,0.04224893889385886,0.40602803663307363,0.1452453748945143,0.5521587321173427,0.16517397002871168,-0.006433789217026022,-0.007236875499589268,-0.005831308093749809,-0.007313000282855941,-0.029729415140963333,-0.017919696089490407,-0.050487035798327556,-0.020354120851570127,0.9972510429913648,0.986641546924122,0.9817236133548383,0.9931896818501218,0.47173966755968944,0.5797946714061013,0.20605181291596952,0.6290658054241562
worldcover_00263,worldcover_00263,3,0.08076686497273222,-0.1555574649211143,-0.18872618765542123,0.1281070029645241,-27.14647375820529,27.349679772917266,-11.93813984871304,14.945179969875506,-0.0777342585517279,-0.14230451787570514,-0.1268065771058428,-0.08392629470853474,4.311917498962299,-15.893005327981177,-1.3231293348979423,-5.081176296046814,0.11829211273278625,0.17011438077114083,0.13780371124706983,0.13549261680477606,-0.48654514244521196,3.443642855050223,0.6175991360520868,0.9644912478214224,-0.015263927780559884,-0.02076200904757386,-0.016920646803096084,-0.017328321256420823,0.010265517293034184,-0.2372946477231207,-0.05997282714289428,-0.060976885133401985,0.9486552693644312,0.9576473986896494,0.9611185626419791,0.9477893208186057,0.7980418903219432,0.9945683345189619,0.37521020217435097,0.9253423123711992
worldcover_00264,worldcover_00264,3,0.11873819784304016,-0.0662084750153819,-0.09960667382234438,0.1523567576977323,-26.395982291529528,23.943200652690358,-11.889572344680147,13.882135960339438,-0.2938886533394283,-0.3048519225465851,-0.22435321296807126,-0.365729018099722,0.9671040464579496,-0.45275627796037915,0.05309830770936966,0.540767180168891,0.1870945523232896,0.21256415309682766,0.15849240695548888,0.22996871763622556,0.3820104952419857,-2.185290083551344,-0.31283187391302514,-1.20082767034666,-0.020641465864498137,-0.02345810821185807,-0.01776456672123824,-0.02528590208502728,-0.047206685602213444,0.2763274438003755,0.04818858203052887,0.1462088100034549,0.9607903378739144,0.9617895925971836,0.9473416416425818,0.9515850455321279,0.667198364909,0.8444678409745884,0.6492406583757507,0.8655009585534946
worldcover_00265,worldcover_00265,3,0.0018170622127042248,0.49614314362406553,0.5096553223151125,-0.016552539542317182,-23.13136721439407,8.556595943243586,-13.014015000350579,9.387478730739618,0.14291035986365458,-0.5245056604626497,-0.5756103225821053,0.20223879268659006,2.4628445091994835,1.978926949723306,2.2253480037374995,0.7630150626176064,0.0031161698292671894,0.19234166702344277,0.1868415323783564,-0.0060711447149514805,-0.06247129605499295,-1.4913590189575008,-0.47907791713189574,-0.6933213266038739,-0.0030315924242031193,-0.01847728998917671,-0.01693249254891967,-0.002657999284565455,-0.03665497234678258,0.19047840974854566,0.03294972380959144,0.09008198597194501,0.689820126736981,0.5091564688286858,0.6336557697474222,0.715157455889898,0.8926961855647106,0.8392332474414264,0.821286725961003,0.7679923940112657
worldcover_00266,worldcover_00266,3,-0.013305047127817335,0.6681189758307962,0.6569087229894837,-0.0009598623622555696,-26.143638988146336,9.370807412339477,-15.51654009341429,9.695839815516504,-0.04154372587061953,-1.0508802401286232,-1.0556809387746275,-0.01647974432460787,-1.7439274293541838,2.933835516340293,-0.1368366931671207,1.4759886959667605,0.115161834873472,0.4240768688823618,0.40141044552256466,0.11159349447398467,2.433093984328165,-2.0369454831678975,0.8820174258869632,-1.362622949089895,-0.01556302129192764,-0.04163053656241504,-0.03855229835167072,-0.015316245719940976,-0.2955614954190956,0.22418237074594746,-0.10991726613572636,0.16119318520969952,0.8864769324411166,0.8983582626344243,0.8788715989774356,0.9328041081924681,0.966316850816379,0.7034917205289462,0.8605721236655485,0.7839787708379422
worldcover_00267,worldcover_00267,3,-0.14409023541640736,0.5985621992837263,0.592027428023741,-0.022590332128333144,-23.83632918778786,8.346830690314055,-14.083443889233276,9.39137999883464,0.4353352429942137,-0.5310206499009829,-0.5712343330184595,0.42370055073369617,2.412204222159438,-0.20574827408283114,1.3295510894993527,-0.6391554331487943,-0.036833753698355114,0.23867778703409046,0.21953655011726092,-0.029361293114947666,0.017049312339579323,-0.6435029637343918,-0.08359281418644161,-0.2528635328224915,-0.002543775296743342,-0.025097636148484034,-0.02183243925824306,-0.0034294805837550477,-0.050615984312558544,0.10400382031234519,-0.009044149621908108,0.05245320130065169,0.913311373768046,0.6768543381894119,0.6281606057573681,0.9320418733925512,0.8044212148000708,0.8611893438167553,0.6733448109175468,0.7885318858111356
worldcover_00268,worldcover_00268,3,-0.12318692094830405,0.20486586111964533,0.1963206622749544,0.05060277224490121,-22.460140480737234,8.23315665587914,-10.570144045659998,9.138288921071974,0.20613068232996087,-0.4835097295424279,-0.5109718958699381,0.1335798818322405,2.622949373368217,-0.13450068201907403,0.004416650991404842,-0.42373378937012673,0.006852345380332851,0.23028357146364248,0.2140949873497618,0.05455963652242308,-0.18315169542985554,-0.675537813497914,-0.10449040839240117,-0.4131152831145432,-0.004488196203671463,-0.02346594330638346,-0.02100461661919122,-0.010023667016113647,-0.01902085260956445,0.0974834833043803,0.01451644636458537,0.06608795338134604,0.9393797257505475,0.7420085004304084,0.6962682339321828,0.9796150589425686,0.7868441528856006,0.7181347519750059,0.11714502487438283,0.6638794131978825
worldcover_00269,worldcover_00269,3,0.0795278468633989,-0.08401379339171286,-0.1412673229069431,0.09326120149908589,-21.51767857496377,7.509437264917241,-12.912107728843173,8.802025619898039,-0.07471578128798521,-0.056762638945308995,-0.034811289345342396,-0.029802668248376428,2.4192697902657914,-0.39182061061961043,1.082806121316986,-0.7583513128536645,0.11203168306602643,0.1270468821789407,0.09415488528869877,0.11692034598294782,-0.47903858980311625,-0.44409545595303257,-0.46375786982569067,-0.25811852716338235,-0.014484013534296347,-0.016610128663931828,-0.012629033423809692,-0.01591099230478509,0.036673888012496304,0.0652512530681541,0.05692526433345557,0.047509319877383306,0.929416006755318,0.9395784352432291,0.9468452187765548,0.9075813727970684,0.6219514629924388,0.6253585794895544,0.7833249906547053,0.6074101338467881
worldcover_00270,worldcover_00270,3,0.07755998398182025,-0.09966291274141659,-0.146639312024821,0.1152639510956676,-16.477338812942033,19.658095429763392,-4.769182712723172,12.973984053910183,0.08495387816968111,0.035575944991294656,0.05232937203069764,0.09987939444799276,3.286647824839988,-3.342608930707304,2.430648960204243,-0.9783786987195046,0.02786705733702621,0.05797097371216841,0.03511031328406175,0.041627097294315206,-0.6162593323801052,1.248891509643219,-0.17460605414524394,0.3430810660077567,-0.005668247306634374,-0.008916419957214124,-0.006121986860766865,-0.007865938085197213,0.027105219061490455,-0.1155990584009529,-0.018382156029058214,-0.0303424322380812,0.8141059079758772,0.8250082383505132,0.8178822840266433,0.7848459065386909,0.19975356486971785,0.10911378454226317,0.16865488496645364,0.16534702684165703
worldcover_00271,worldcover_00271,3,0.056135250143733696,0.021945731883697774,-0.05534749986095929,0.07916918013131796,-21.939611737476877,8.186389228142092,-12.948957297558211,8.961473957742829,-0.0704942450432,-0.1745574206025101,-0.07627842666595977,-0.20114014637730257,-3.5406912711823924,2.6947401950992953,-1.144108781811286,2.0907565474432728,0.10936568571195032,0.1625161591082711,0.09845704130538087,0.1903238982784668,1.7737512094756704,-1.7040447671520293,0.35181152348984857,-1.2900275099754939,-0.014261366963881422,-0.01975564826562095,-0.012593582472434698,-0.023090555661856513,-0.16912297107074234,0.18556090698491276,-0.020000901663231922,0.13632674998773733,0.8909357575028671,0.9570662118419224,0.909122826783294,0.9603900738782272,0.7702842405526491,0.8630786873036245,0.3474104279289182,0.9067267841469943
worldcover_00272,worldcover_00272,3,-0.3416305755022497,0.6305784594380474,0.6379210544806526,-0.13271188092502614,-25.359800188723426,9.718904185466188,-14.678210892531983,9.997756967196368,0.6043141721785037,-0.6452738638405509,-0.6755827945612705,0.4278443832068679,1.780360170734484,-0.14202725484515588,0.06195780994810917,-0.29038325005235627,-0.11639466714452043,0.2694803257009165,0.2483996687158617,-0.050405939903867956,0.04196241729518565,-0.779595398208872,0.02145537909699594,-0.47101370105839846,0.00523003003212544,-0.02810616679301466,-0.024632806692159528,-0.0010760473745941128,-0.0271460408206101,0.11568716263735897,0.009492085616313789,0.07436309675385254,0.8025081864358338,0.5833809282252292,0.5742024724275552,0.7777561662572818,0.9765895967896562,0.7323130634229178,0.8949572475212434,0.7523812281399622
worldcover_00273,worldcover_00273,3,0.06103233219610454,0.01729427515105609,-0.08308046915088704,0.12439860200340043,-20.988577138254442,5.548484592268256,-13.102588296911183,7.22188625918001,0.015199704162559592,-0.16165329941681308,-0.12011166639064177,-0.007279036477916681,-1.7753730521805018,3.4803155741119562,-0.41994599212895545,2.251117290445715,0.08351198617759596,0.15164498685258396,0.11611078935977685,0.10627569072754846,1.3195824556515827,-1.468138199170657,0.4948847460826207,-0.9875435809323517,-0.012198374751376608,-0.01843080226557723,-0.014208716984762986,-0.01476282784433075,-0.14763926147967232,0.1381548690847155,-0.05918153562541922,0.09478098019450741,0.953820825195021,0.9381095661044935,0.9399808612191307,0.9671598198467672,0.6443456019342606,0.47328912077090823,0.7203625217608867,0.41649655349782166
worldcover_00274,worldcover_00274,3,0.11506199830973662,-0.0367694835771228,-0.07902501658959982,0.1499825467665963,-25.25171055005579,19.49690845574422,-11.989607326699907,12.971674728439712,-0.2809005497001303,-0.29489878588725466,-0.23828899242456808,-0.322408342733977,0.010160397689872643,4.570601039692623,0.6406594986659588,1.1410317165360981,0.19463662208363697,0.21068315670797277,0.16648252328123975,0.22105180809185568,0.5676940197657016,-3.3646061039813873,-0.4393172763354947,-1.1109638513023332,-0.02195270753592084,-0.023422658706855268,-0.018653756957689296,-0.024872801577051448,-0.05724248709234441,0.3542901531557403,0.060091348935495045,0.12241658009663844,0.9673545624505167,0.9696506286874382,0.9624202858475911,0.9642307143555088,0.7418471193296501,0.7915525439305164,0.6603498549346897,0.8328398909063883
worldcover_00275,worldcover_00275,3,0.1026069159700134,-0.05689955101997714,-0.09996494041247918,0.13368588415058955,-21.178001698098292,10.932206575029586,-11.023650040647166,10.446861157178487,-0.20537463341495946,-0.19899407618989395,-0.14704038114065102,-0.2355713111067556,-0.20207984909308316,-0.8666902796851349,-0.7984946056522236,-0.23302196811522408,0.15574129866906525,0.17721314383952882,0.12785029169413928,0.18943737850431722,0.6096883623743466,-0.5964913733785756,0.2296293590967748,-0.565119175456609,-0.018023749703867314,-0.020889197532651994,-0.015207884438110112,-0.022028192501477507,-0.06814544822613293,0.08664368876109903,-0.011706871532916009,0.07567315833109887,0.9677340485664553,0.9578975077364038,0.9722417985652353,0.9709100244855293,0.6640692734056317,0.875938506100314,0.2155058374864779,0.8984082497792143
worldcover_00276,worldcover_00276,3,0.07107581991507367,0.01302313251477288,-0.0850753228561105,0.11282831069194924,-23.237789734702,12.804413391660503,-12.594236196506563,10.639883831711169,0.2389410703706797,0.20482533522659854,0.20109922207807865,0.2641791644550507,2.7900851241652873,-7.897206255122492,-1.654963930106253,-3.917124198733487,-0.0392659609128108,-0.012023744072555569,-0.02959149659082002,-0.031550853089852844,-0.17068948513639867,1.939630067950695,0.9696053899387044,0.9076605366658612,0.0012020922799065553,-0.002160649633768825,0.0002822958336728003,-0.00023438758922344986,-0.0231076327569818,-0.14078885522189433,-0.10806006724881495,-0.0632521285952515,0.6805145961942625,0.7213042759060898,0.6557009821378419,0.6986312528921992,0.9520524349298672,0.8487532629893438,0.8772726828538477,0.7826600352354686
worldcover_00277,worldcover_00277,3,0.007799624896223992,-0.16288261668700188,-0.1813659538148029,0.022860808805986222,-26.511276662565127,13.535625376653256,-15.778304427675998,11.380836606661083,0.13733528744154994,0.11053280369748229,0.09971188062742835,0.15786950231071484,2.473791296886557,0.38744752379124303,2.5583538497439164,-0.13501945709080931,0.02643109811099043,0.06613199196723636,0.0393828448408094,0.04149323282561792,0.22124194978253314,-1.5858806387036872,-0.5968296829614885,-0.8203276989553887,-0.00662063152839034,-0.011675849237074766,-0.007794601696947918,-0.009186456412679036,-0.06707161692520876,0.20982455952971116,0.047939916458315975,0.11703817386041683,0.839799262690031,0.9230874185753973,0.8773062004222207,0.788478018250756,0.9166627940020777,0.6672520646954503,0.7091302467774895,0.8280518645643883
worldcover_00278,worldcover_00278,3,0.09330584071355454,0.1450086655941861,0.020945459604262664,0.1836654794487078,-18.582331816772903,8.823965146618415,-9.111010696473938,9.378517282511545,-0.009888901421502637,-0.19321061582082644,-0.1162123610487288,-0.1489925486227811,-1.5133192648753298,0.10424854795775604,-0.7481980574750157,0.5588660088979703,0.07530140931333688,0.14161198998265165,0.09860692075675426,0.1438561073500354,0.7221750018406827,-0.6288717778046429,-0.09565704913669107,-0.6738314615942987,-0.010575020847059207,-0.01654842975690508,-0.01212614929924408,-0.017354513584363327,-0.06427877832053305,0.0733679668723402,0.026644662686288595,0.07431582053380398,0.8450903181581736,0.9085860167808656,0.8848080876789796,0.9039795403472385,0.7660369779699155,0.9071864399724532,0.7882806572924785,0.8776417779583668
worldcover_00279,worldcover_00279,3,-0.1216241747426127,0.6425595250770884,0.6638350337179301,-0.07986488562980283,-26.072854202917572,12.218851285574205,-14.616684456467324,11.170097371255597,0.37344811433673086,-0.5576169390733976,-0.6553972608831118,0.41317343458326233,2.491069647478703,-4.872461000514929,-0.06718033632935377,-2.9641709353430175,-0.08530699575546505,0.1915310380972307,0.20362818089124293,-0.09089809954892102,-0.3150025216883916,0.9395525999612228,0.02261533253292386,0.5329837126848733,0.005029290723341279,-0.018407958484433513,-0.018473621648312958,0.0050368645378962166,0.009692044868895045,-0.044998518139153794,0.008853393126701383,-0.02073861829686839,0.8055481599653084,0.47591593289607426,0.5893958596991472,0.7907261913765027,0.6867812169655941,0.4901893152227915,0.6791563506547666,0.5479495258934219
worldcover_00280,worldcover_00280,3,0.0559070650216645,-0.0793608259974121,-0.09893077036196667,0.08602929724888232,-28.299636785084033,21.191311234958352,-14.82951875802784,13.647945503434205,-0.09673482668563409,-0.17222865631005438,-0.14814571258685744,-0.14454507484795442,5.009029786880105,-9.66322179290735,2.264184113589398,-3.4644050713115773,0.12262037543989188,0.16792977968174364,0.13290853496011942,0.15847698578941594,-0.7481122731656497,1.6409719531392366,-0.6942968462139374,0.3175493861730139,-0.015419814698982823,-0.02011123217755193,-0.016061452603099307,-0.0192905490785235,0.041457568077806393,-0.08628887266067355,0.06931802687325221,0.003701237451775057,0.9385631725525828,0.9629521922616436,0.9616061908608922,0.9583664090304155,0.7131313128047413,0.9502695741663334,0.5922099848012352,0.7881298348488011
worldcover_00281,worldcover_00281,3,-0.11125705684783686,0.31151358331694584,0.2409035409941802,0.06029755814057338,-26.302810966602408,10.312463279761156,-17.69928912113474,9.975725445929559,0.21163726072667532,-0.45948807765093896,-0.46470005591473734,0.015933136115708606,2.44297203697377,0.045320238429044514,4.031141447355556,0.9717601205384939,-0.008467034416883358,0.2032774511273158,0.19180341906748785,0.07169360735199658,0.4145586574154829,-0.7831800428708887,-0.5135879916196023,-0.8979311857920144,-0.0024387286598117498,-0.020496341221109774,-0.019076924846328863,-0.010106057850549917,-0.09109281156604412,0.0937654598645618,0.00014332045343037666,0.09753176815523368,0.7935698244763509,0.5874866484946574,0.5891296224039417,0.8893142945070998,0.8788501247019224,0.9923141740139313,0.8844684584444285,0.9867697741679021
worldcover_00282,worldcover_00282,3,0.001684174946237658,0.47479865112990915,0.4410733780682523,-0.024867063388227712,-22.80918837263562,12.092789321777632,-12.188169450246836,11.136024172181788,0.24739930242410646,-0.4200603804654536,-0.46295551140607777,0.33512076677843144,1.381741172809993,-3.9665520167306596,-2.113145105269639,-2.8160486084709024,-0.009762990912507454,0.1792733984438952,0.16924354374948963,-0.02212118206634385,0.0955380858506044,0.47477653403575704,0.8524878790091112,0.4266449158195218,-0.0034547307772134833,-0.018880483224009634,-0.016753790941268134,-0.003165349674721581,-0.05081047855081454,0.011668072382153038,-0.08772693648285396,-0.004420381349822968,0.6369183615120895,0.44231992656124997,0.47022783581562944,0.7438352904507679,0.9052788692026921,0.7209691114643112,0.5158852088731692,0.7319144121087684
worldcover_00283,worldcover_00283,3,0.13603089668084323,0.06288021993752818,-0.02025815172854694,0.19559614337755005,-23.90089047097121,24.271548444411522,-9.025958050420265,14.039053488949264,0.20564388690286076,0.23297633050612,0.16609630315372378,0.29279481826557013,3.918377011888944,-17.416337061527027,-3.619620352564094,-6.234191491949152,-0.055105115046774726,-0.06955540395146281,-0.04808127749469374,-0.0859376362875684,-1.1604441931487433,4.609371364342564,0.9783027297520694,1.6819784695218354,0.0038356446544724385,0.005419516633147136,0.003556652493172828,0.006519875141105265,0.09948246562816751,-0.3618816912053894,-0.07425232769697741,-0.13414289737095447,0.37223602625525254,0.26973930521983025,0.3245431466618065,0.3676810319530166,0.5190477472666287,0.9517321452309745,0.7183250149383766,0.92100670058528
worldcover_00284,worldcover_00284,3,0.28302587283999264,0.18816577078718136,0.06776799845763225,0.39484043961221515,-21.43223954025712,10.315321641745774,-10.140836204657226,10.09317776766444,0.11391517935588448,0.1527483485757363,0.139109523722991,0.18638269307594507,-1.3615194223397318,-4.921199357786009,-5.642410466188337,-2.9804874806359636,-0.009016409566316271,-0.02127102191572085,-0.025106553532570377,-0.039226044050027005,1.0242290341659486,1.2758905674294867,2.1789672363368426,0.7699513149623222,-0.0010392859429871751,8.77460144988811e-06,0.0006674745853877587,0.0018501646741472348,-0.1049303683703057,-0.0922547564577978,-0.19579108251770927,-0.054495007772460705,0.18440778196247098,0.1907769516302137,0.1991073719312243,0.18535217581382435,0.8589867648063786,0.5795585132270559,0.9422428188295271,0.5101480138412939
worldcover_00285,worldcover_00285,3,-0.1945554165302431,0.530182890819778,0.5359804621248507,-0.09517378096158191,-23.368606836317234,7.270138385929335,-10.867341189135537,8.678151293382706,0.4586810166075921,-0.7380666943148698,-0.7441857404977299,0.5057026205458738,-1.447649684697276,4.709564654432941,-2.4942826468838564,1.7502072051931,-0.06139377932176701,0.33840407861711097,0.3080704431996972,-0.09316522745592924,2.2180548563042795,-2.602679017050984,1.6867307932737052,-1.281980739839971,-0.00022740844250792843,-0.03668769766021557,-0.03215935624044651,0.0036344849763230804,-0.3037873910800025,0.29864250333060777,-0.20700504174007614,0.15868842502189845,0.7081375673399353,0.6675357105863684,0.6237602055265015,0.7886331618877334,0.8777414245331525,0.7725548046729104,0.6588486113162285,0.6839786489478963
worldcover_00286,worldcover_00286,3,0.05181858558382791,-0.07789143372440005,-0.12472845612545368,0.0873878267452571,-24.140947350529633,52.408535952725316,-8.156001358380228,16.372832093755516,0.06565052606304961,0.006428700169578234,0.012522657619907777,0.07419309886320243,1.2497269182831763,12.395633293260161,4.597409406124918,2.9843161889169676,0.023975428144387856,0.05355922387533889,0.03834937194975099,0.02448091843040479,0.4289150825765806,-9.083679136845102,-1.293674749176482,-1.8255765243970057,-0.004672063282067909,-0.007792111142830119,-0.005766534968514488,-0.0048900272772468755,-0.07453124447473351,0.9437821498448451,0.0894523107014773,0.18469237576525319,0.48234823320234865,0.5996364452300094,0.5526267730465202,0.4972251618141075,0.9249500633649786,0.615235467687028,0.6312350522838408,0.7568115050348548
worldcover_00287,worldcover_00287,3,0.06202919962212119,-0.015527696264061794,-0.08195801756598801,0.11544587079322642,-21.573399869533727,11.594236788143453,-11.508114794163287,10.518674128363847,0.08164590637241771,-0.07348784847214479,-0.037919088355486685,0.060572427653131575,1.2703233051600273,-3.0853619331140867,1.107529912559472,-0.5740631339744677,0.02474585703315149,0.10150072497045563,0.06736913417744159,0.05368945558930363,0.1358870000241922,0.11202995036488966,-0.5783755104282576,-0.5465081569076272,-0.005019271543910672,-0.012786370325795925,-0.008848079367343218,-0.008624281960003302,-0.04255761467400479,0.02778048691064537,0.05809059212107701,0.078916189614233,0.9207886808196237,0.947980804776198,0.9221402882890205,0.9677472841690204,0.6741912724849407,0.9637028433636539,0.5736461237460435,0.8948205857930467
worldcover_00288,worldcover_00288,3,0.09150000591072507,0.1562226845911038,-0.011626605847569462,0.1548909924247043,-21.096822096946443,7.282967693403791,-12.423381347769295,8.41013267535622,-0.10773290217455968,-0.48846028142031983,-0.35075542256827247,-0.10194676369428571,-6.395841928932774,5.255977364499681,-2.4982136115748257,3.6008735824464257,0.11778111430170426,0.26034578256857316,0.20122772737434397,0.11846111374564493,3.4057146377034244,-2.6944248736399734,1.3381863470611768,-1.9261041516316821,-0.014910942445213472,-0.028417032889344468,-0.022389276103690414,-0.015025926020109291,-0.36146065877295686,0.28457709153426325,-0.14238894951917935,0.20599261394949908,0.8503898062103746,0.8910888353876333,0.8578445593859378,0.8617272775621094,0.9462197474823695,0.932656293740836,0.7074660847699612,0.9827659039926797
worldcover_00289,worldcover_00289,3,-0.09683053927056538,0.3781415948531388,0.358827751037703,-0.0892864677659927,-24.864937146195828,8.831424816870204,-15.323009765372397,9.52522710047635,0.4107974869951206,-0.1637269144042554,-0.2270212142176447,0.5030582785266365,5.253879334569967,-2.6750583846244766,2.9128713663919137,-1.9487410019789542,-0.11446037269783926,0.046394373458564175,0.053746747456551926,-0.14075846464103017,-1.478093769433497,0.36207920671008564,-1.0854109940487893,0.22086932381015056,0.008505880493624302,-0.00468616656526321,-0.004599366559381854,0.010414254423607158,0.10124101290039428,0.0010196360543500006,0.09291792417686352,0.007657165822270928,0.7273467534513156,0.35355114126967857,0.5038573296840669,0.6966303356136407,0.6435788696357173,0.7332706267553275,0.7712688959407784,0.6471991292901188
worldcover_00290,worldcover_00290,3,0.03552458504129296,-0.08407423882321982,-0.11863347459020106,0.08043146505951779,-20.031224002272186,17.019851134719964,-8.930347459068859,11.59715665359812,-0.07876902243115742,-0.1280643233866789,-0.11153509841847434,-0.07139417094488858,-5.633766685998267,13.7823494547637,-1.9303089638959416,3.491425945245883,0.12346688901666492,0.14778203005172716,0.11404053149422322,0.13127124566762208,2.5507954137511946,-6.953646497188698,0.6481987719661402,-1.9631849060474924,-0.01587010458618537,-0.017900617929608228,-0.013805210134108561,-0.017022260775168736,-0.24876771883961557,0.712368479993302,-0.047665426942132286,0.2108206349325184,0.9003165237753488,0.9298583821409145,0.9107381136380432,0.9043934081462406,0.5335955087856563,0.5771886861148852,0.372948425235336,0.6884573948633751
worldcover_00291,worldcover_00291,3,0.12893728820811623,0.06995711955382845,-0.12698903341185097,0.2776143731492924,-17.335001347981994,4.645853626687389,-10.490378464488424,6.528163820164999,-0.16271252564821748,-0.22261018802722168,-0.19220616233845467,-0.20126464572690617,3.928449479905147,-1.002026159004087,2.523988148852394,-1.0856243458169348,0.10962358630853031,0.1505305583314621,0.1272492949524288,0.14331127008124822,-1.5023628953190826,0.31400196610814096,-1.0707205805284405,0.3575047029259675,-0.012395500768289942,-0.017021653736292396,-0.014352761575895722,-0.016300986097617563,0.14245976308440317,-0.023651187644514824,0.1074063688401002,-0.02792633653430397,0.931890424983422,0.9554042066475197,0.9388484616060754,0.9585334015803242,0.7708145935355015,0.25931649111987254,0.8148479169842984,0.25601242606930574
worldcover_00292,worldcover_00292,3,0.08599894058926004,-0.042806695469401024,-0.098652821824406,0.14414289209878814,-23.39422237130451,9.849445662305916,-13.465833842246496,10.134471381043618,0.06557505185663338,0.013074948023708977,0.03210014255628689,0.04371605514888721,-0.8726631827152042,2.659315873395432,0.4668788641364342,0.3690894872641495,-0.01945289858646116,-0.006189994169278176,-0.013181832389204508,-0.014795614696748845,0.3445204421116418,-1.6554533456101108,-0.5146264684904913,-0.5313278043033606,0.0013965867073012647,0.0005354619058168889,0.0011925805698741552,0.0010983796809056797,-0.039196605842148756,0.19412967976719425,0.06086572427328731,0.07221069589267665,0.8759408859662026,0.31297099573207365,0.6388993100987819,0.7642339264716045,0.1301598203992934,0.5152222965480613,0.3761325720849926,0.35097727192465356
worldcover_00293,worldcover_00293,3,-0.09104582091053841,0.7474126930941217,0.7481303920362584,-0.02491135838808276,-23.822513761890228,11.629615239720696,-12.375096427532874,10.51289160875096,0.42198583354430547,-0.5814167343316559,-0.6813701363224964,0.47601340507112666,3.989071500633357,-3.3976950287634002,2.7291540194489863,-1.5840894211715828,-0.11349192037416504,0.15670873365038385,0.18072361709425014,-0.1282467141070146,-0.658334802550886,0.33398934883122905,-0.7764808553149958,0.12188810233321803,0.008113565341026342,-0.013524644227340957,-0.015037303935087301,0.009151912491881464,0.013016533545907922,0.022675437285516586,0.054106342793433355,0.015583596976702419,0.9916866622701853,0.784534010120479,0.8246745872947854,0.9972121684067352,0.8011096032642626,0.7793557892792333,0.5189265634469487,0.7719653193589028
worldcover_00294,worldcover_00294,3,0.06085563654985431,-0.1289358863776386,-0.1594053746172881,0.093275716133189,-19.125547473008318,4.769167578436578,-12.584604168803988,6.821809367117488,-0.02581230835174053,-0.022968616602675816,-0.020843123795375708,-0.024591501979600403,-0.9815485069272089,1.0343545694247265,-1.987285641951698,0.4869925809539639,0.07971545679032989,0.10128528925537801,0.07384080246284412,0.09678177682287767,0.7932496243259125,-0.7408756590461217,0.9351016109078901,-0.5036743207519284,-0.011028626581711881,-0.014225838988116298,-0.010415766134180814,-0.013470816905751382,-0.09305357337438364,0.09265305767259958,-0.08808175442073789,0.0659760519374432,0.8535953115690726,0.8923964997821454,0.8553102302035845,0.8349290797612117,0.8364820077895991,0.6524392068411411,0.5371955788982279,0.5463478892406451
worldcover_00295,worldcover_00295,3,0.08154752683712818,0.02299956232309308,-0.021412485067478955,0.12301866190903094,-22.002552751003577,8.061939065799097,-11.919809403716831,8.89357079693009,-0.041833848792231634,-0.10703612543228568,-0.09885041685848812,-0.04493258107039647,0.2763646304727179,2.1388736976974387,0.0696870795246473,1.5664243594180571,0.025567110099925974,0.03968835245108315,0.03494531564914427,0.01907957695198777,0.21315027622936641,-1.20263900822312,-0.06516350373479073,-0.8661896020714853,-0.002343584835032185,-0.002942897172437771,-0.002622661093776723,-0.0008827990504226277,-0.024333442519580653,0.1172954847087528,0.00632246768058949,0.08367275788541444,0.974198405263145,0.9735998198071362,0.9824442761013248,0.992351049295984,0.8740689224570481,0.9074040784004265,0.4037841961097651,0.9438704806168043
worldcover_00296,worldcover_00296,3,0.038959858084421026,0.4970508347632269,0.40657613900574635,0.027881350848033185,-23.759015797298147,11.164562846685508,-13.912522477959932,10.407154701878168,-0.033728545778603035,-0.7464356635002366,-0.7008289823988576,0.11145414306323957,-2.176032616377085,-0.6217174105281285,-1.11246425359028,0.10184030555807902,0.10358407924547942,0.3207966435269259,0.28225692764763155,0.061626903305547764,1.876737260274141,-0.7287189424554894,0.9104484965880658,-0.6411047552789014,-0.013912511272274662,-0.03232999752285051,-0.0279591686158168,-0.010258744804734234,-0.21865859190472042,0.10685550806013343,-0.10273780859156652,0.08475714844582476,0.904811025588746,0.8892835245923703,0.8541989044603229,0.9755870842196716,0.9792938105740692,0.8377216811953733,0.6913065327574315,0.8899967886885692
worldcover_00297,worldcover_00297,3,0.12812492584686117,0.06328474470611714,-0.06596475711205278,0.25310301283995273,-22.28994957219867,8.604721270929863,-13.74243323527289,9.341827259591085,-0.050179127313916556,-0.11864472937489245,-0.1027877226375806,-0.07367684236831108,-2.9314859787561405,5.980874598873671,0.42820839016253176,2.7092083625353998,0.038787966210668365,0.05868161289884141,0.05311431469460251,0.03823519427151903,1.5899645034699623,-2.5613567668684625,0.2200712054154564,-1.2273664299000797,-0.004681882952299511,-0.006464321185091519,-0.005920368757080092,-0.004152789298031063,-0.16658158049205898,0.24834700161268125,-0.03597091737456728,0.1221314984818666,0.6694016746067475,0.47204947327702207,0.6418116243727621,0.3726036931501222,0.8562262003024316,0.9303016300531445,0.8795053475740351,0.9088156355021072
worldcover_00298,worldcover_00298,3,0.032016233520959995,-0.042059440984193425,-0.08475167744539064,0.033122269606048,-22.637169194884546,10.778596966302473,-11.822394539413,10.401364609104862,0.031051388375152054,-0.09332673120430572,-0.042667066146219915,0.06260389595159471,1.8924271339478984,-2.3076679089159535,0.5290851251865732,-1.1423765705934599,0.058691416564551874,0.1285947467043221,0.07947106919860164,0.06545424096899119,-0.0242283906025444,0.134455580022276,0.1165354386056665,0.0028572336297495475,-0.00906705821099834,-0.016387155390052935,-0.010560094181335335,-0.010667383953025857,-0.02801573864900414,0.02508221167240949,-0.029542198387004597,0.02191332424846442,0.8082796891937979,0.863023496058943,0.8442474254790178,0.8030774717774098,0.9659195003310833,0.9411381853606625,0.9944403251038213,0.8750005809766875
worldcover_00299,worldcover_00299,3,0.09552702119584511,-0.008261428969546937,-0.08387079840582509,0.14008434568390568,-23.47403724942193,26.065206193773278,-10.209186524325927,14.319939937094961,-0.156438176168558,-0.23797052364522747,-0.1634636215850818,-0.2281391585748334,-0.53184870069401,-8.844475105804683,-0.79954117404984,-1.513948900710219,0.13318916260812236,0.17863955636895776,0.13182816514644544,0.17951149927266716,0.6800909507125374,0.7061108632823302,-0.050115022167780986,-0.479214721409932,-0.01583467074151189,-0.02030967537788767,-0.015346557972011987,-0.021029722434703736,-0.06509867599293943,0.027062770876412515,0.029141441946092538,0.08429159768305393,0.9409315426815386,0.9500973903497498,0.9638004793248808,0.938163638863897,0.7937556330811402,0.9748984041806754,0.6002890535364875,0.9768679709111574
worldcover_00300,worldcover_00300,4,0.14890540817300493,-0.006912397799278794,-0.10536314434174232,0.2711923443006753,-19.789820130711085,2.477724159473689,-15.599081606486015,4.163428289725742,0.22547873486818318,0.30672307669865034,0.22080621421189237,0.2865931875412419,-1.2372809859640022,1.8434590996299016,0.7279631661493959,1.9380002865201924,-0.0702592950930402,-0.10029817931555615,-0.07663439410674126,-0.09001049954137749,0.4592070741358354,-0.5400360285218616,-0.14762143164723843,-0.5720823154732924,0.005472447581844597,0.008211538564846516,0.006460533587901725,0.0072027034681252725,-0.04280222307492489,0.04501538995521851,0.009426549766425393,0.04848716638356776,0.9021132083860428,0.9227064057969332,0.8953215399774547,0.8973189829050113,0.35635919405522876,0.265584771097621,0.2169295210621326,0.22381587956516347
worldcover_00301,worldcover_00301,4,0.1093353400897404,-0.08372875957778,-0.1631283608801436,0.14111458781090672,-24.35140332185944,9.593980976403717,-15.939819384926485,9.669642039215777,0.11830279327732544,0.0771571654116822,0.039925947401022024,0.1767706850336654,-1.109285981827522,-2.9437690756002803,-1.0392314994995466,-1.469123002172885,-0.02745403314812251,-0.021803319604373886,-0.012720750507725238,-0.040752466364856334,0.6070241962834982,0.41381306553305236,0.19352127517023687,0.12308581588616858,0.001574586582298437,0.001351655792501386,0.0008292304107336063,0.002455319005130513,-0.06873698349019378,-0.004211200302179979,-0.012480147150791869,0.010000037116461859,0.865300584271252,0.8141132746177782,0.8159590705340563,0.8826067159199587,0.5137526796909052,0.7599291754243442,0.3972662260117594,0.7398951757938934
worldcover_00302,worldcover_00302,4,-0.1182813901870427,0.6021242182363167,0.5923828034464161,-0.09815875336414935,-14.631521480586152,11.020240936936235,-4.346208420941055,10.268382120845613,0.3526330515366307,-0.020778917012707666,-0.12808935525309806,0.32920656327365166,3.7567278307390275,3.6176250330543938,5.366491588563654,1.5532711804984143,-0.03914441018922986,-0.028129250359483302,-0.025415776898173,0.0018476235611743638,-1.0407604271087607,-2.2965786526802936,-2.084849716854268,-1.057481726696188,-0.0008860768256030281,0.004274313498024964,0.006060620802783883,-0.0065492433307673655,0.0732892556327699,0.2603453840552041,0.19066924165881677,0.12231817650923124,0.8308047245600134,0.19188803128097942,0.4747714054659329,0.9187870842801726,0.8883022619710756,0.7819263989687208,0.9452101671006847,0.8851096727003842
worldcover_00303,worldcover_00303,4,0.09822418441949386,0.039011047870823885,-0.01809651277620683,0.14589496859998408,-24.268350386974415,4.334052605107132,-17.89165196106174,6.420826424387479,0.02892561841849987,0.01038269849405396,-0.01283949488655678,0.030404607041014563,0.35478551703554057,0.19733003031440663,1.0694659203709374,0.005491207436927567,-0.006672285660294749,-0.007083301382034491,0.0014381267501291219,-0.00825904923374262,-0.045808503442494486,-0.06407545838846414,-0.3409731955885575,0.007539065483342482,0.0002963317332190418,0.000838094913033825,2.5937338406690815e-05,0.00046335083592419896,-0.0009746176814089404,0.012105802552673302,0.03331004991657134,0.004038858357927394,0.954051629807414,0.5895489039316417,0.9536516298950787,0.9383282881818799,0.32853303706277226,0.4559681535686584,0.4639219002437075,0.4565016148833959
worldcover_00304,worldcover_00304,4,0.11680301718351785,-0.0056071322213744525,-0.0891510864550417,0.18336793622284236,-22.845537460156823,9.18258149833336,-11.23006794879465,9.562780470966507,0.08613841763857742,0.04226837434717224,0.02648818203144603,0.0780209099489545,-1.4106132814472339,-1.793768944857442,-4.8663495652606645,-1.0810604843262124,-0.0258124636480099,-0.014778515965036746,-0.008188546139311484,-0.02719690453954593,0.34149250289844546,0.36729101439977707,1.3867726540148195,0.24071312788267776,0.0019475217239618065,0.0011404445324318879,0.0005099538224514088,0.002278397631163554,-0.029907103130337707,-0.015760171220812528,-0.11688199582447875,-0.012045936182084306,0.7583502696901798,0.6650322196558438,0.6999606190857595,0.7129064332058723,0.7014636613823417,0.4440874528884807,0.7702381244298373,0.44424072528248504
worldcover_00305,worldcover_00305,4,0.0695787131794729,0.4937604188523955,0.42156903835182796,0.06415774887710032,-25.763405399988095,5.347643177183457,-17.941303867060146,7.292670034287522,0.2775017977734132,-0.17027831369168347,-0.27494402189872075,0.4474124661572858,1.829462918174285,1.1973644053308221,1.9196579039384836,0.8385710389900727,-0.07245253341662328,0.02175856296989055,0.05008605884557421,-0.11417179553088153,-0.49347416810762335,-0.5028961076219959,-0.6085778639567089,-0.34744105382475554,0.005011847125266789,-0.0008219878513817569,-0.002825374376367442,0.007808116104717196,0.03295511538531374,0.053864121729273316,0.04677080284395178,0.03668548010762836,0.9860133751318649,0.6650660053058941,0.7183113342149571,0.9698130305511374,0.8192602553706652,0.4728261745555934,0.4963031459147972,0.410637920016503
worldcover_00306,worldcover_00306,4,0.12491004254294856,0.08021454558227879,-0.10208641669967036,0.1453510656049748,-20.56089024847413,4.500080102399215,-12.65422360823068,6.411638514482582,-0.06316175030711907,-0.10435680883921727,-0.07680236190439182,-0.06093714735101063,-0.16818142974667255,1.5465329637168226,0.6999355613075077,1.4503948575391115,0.10807720974726065,0.11640010896900832,0.09463171693153712,0.11343159120191217,0.47763968700354065,-0.736721732367936,-0.1693979216398275,-0.6932173883847775,-0.014289886811288953,-0.014664213770454883,-0.012171032622155523,-0.01486276944327836,-0.06472394966701696,0.07562164880705495,0.009641853434759994,0.07158834647342131,0.8621214824911907,0.878207318449662,0.8365263678990513,0.9297146598317874,0.7595142630484559,0.6166721949420566,0.21682327285433933,0.6747143208842082
worldcover_00307,worldcover_00307,4,0.0706759587594246,0.01820102458198895,-0.11343346062031633,0.12055412725065709,-19.948321147221495,12.157171671007218,-10.804559270213119,10.876092421072238,0.2268705302925503,0.1563726121204946,0.10036230173021057,0.2749732816148369,-2.6981995702073522,0.3317810525522514,-2.3257426899129547,-0.3943277391100608,-0.03895176064282785,-0.026239970765475608,-0.018806244871575,-0.03131334669081673,0.7048490730396615,-1.202427372149702,0.3957883509703165,-0.33100037757576195,0.0010946849329250025,0.0005919164977967643,0.0004984411138175644,-0.0007695025115302177,-0.06123671444731192,0.18072873155483699,-0.014924051050652856,0.06041525002482196,0.8523061975538101,0.5908481577962932,0.5565314960708778,0.8973686354521883,0.4862418269603862,0.7314294767170388,0.4006795824473792,0.707262714253033
worldcover_00308,worldcover_00308,4,0.036402031609899986,0.604595806110988,0.570132529983917,-0.026973690244962083,-25.73399789306456,4.0947387184774655,-20.648695564100777,6.0871838564324126,-0.008868049789315905,-0.2945742990289409,-0.3361873953706681,0.10408801193689077,-0.20777377376544065,0.18392946800448295,0.8076978970771548,0.2782232427293743,0.055441487696215076,0.07802539621983758,0.07260149440151575,0.03807879341826719,0.3351275274827069,-0.13987875870531208,0.02861113867003691,-0.18656803791492715,-0.007563635522751906,-0.006735097052472996,-0.005324772610846478,-0.007108466885513587,-0.04235405086229549,0.014769087777994518,-0.02001980056273671,0.01939048586743935,0.8422477795710003,0.5111004733021198,0.5980564968883761,0.906519806581729,0.5318985696885343,0.4854375361311367,0.5237840350774345,0.49986474898638844
worldcover_00309,worldcover_00309,4,-0.3384825285593501,0.8009583593317964,0.8246787836154307,-0.14924261874208805,-27.15208380363411,7.657833571771877,-18.61755164337921,8.61938609563478,0.6368376436956522,0.06450183056886126,-0.04893928695292806,0.4895691915030866,3.474430020525886,3.411843740980515,4.658446598835151,1.7564573257412006,-0.10101169207706293,-0.07296529786411274,-0.06946595181666644,-0.05226956088361975,-0.26708163374312544,-1.6257179663433285,-0.8395639947126496,-0.8138971205679287,0.0024520170760931794,0.008444537982495127,0.009940377747019119,-0.0020314018345541614,-0.03491438282978216,0.1743307531533684,0.027749862866858994,0.0856210612001123,0.8200421353164481,0.47187237242298774,0.6509208305661898,0.8487477553865836,0.9512547387087813,0.5215613136203912,0.9901864720847825,0.5329332890201646
worldcover_00310,worldcover_00310,4,-0.029776250666078752,0.7353884180386853,0.7214924726973876,-0.04129011334958832,-17.165588198265866,13.06289990563909,-5.547167482510115,11.276706155099474,0.12013824077229467,-0.25120086678200276,-0.32650774587241427,0.10152947856490185,4.349018962541001,-7.15592227905478,0.9892673484130521,-3.344392408665763,0.06010793015381787,0.07496785407974603,0.06286725314793652,0.09347563275387613,-1.0149503073510695,1.658658399845572,-0.36058731902414637,0.5940640351354343,-0.010522690110563533,-0.006002026713556715,-0.002811573295280193,-0.015168983526068172,0.06740947994216556,-0.09975926073035074,0.03717464137991972,-0.019793765660922686,0.933414664215311,0.15799545909423807,0.3976699961874093,0.9812980870097241,0.7306198393754662,0.7167486251634112,0.39579525435670937,0.6873879572820576
worldcover_00311,worldcover_00311,4,-0.374409580105958,0.7298949404873643,0.7449188223390875,-0.08081092312931962,-28.238401609652385,2.16801655309572,-25.683488332101906,2.61222878290944,0.7178457852857822,0.11861151612053183,-0.03238463549623553,0.4385823377348953,5.953423379796734,3.999083617416879,10.743262804330328,5.1575315116692,-0.16950476424469335,-0.13753621804515812,-0.11177234051676503,-0.06619554759180614,-1.3367998842463096,-1.3655933239609448,-2.8175720746328077,-1.614738497833457,0.0108701725825002,0.01701663088787232,0.016338024137899105,0.0009252058290359043,0.07446287435815103,0.13107829209961297,0.2066050120116894,0.14464771933415982,0.706297585482628,0.8543345826502181,0.9131328614368756,0.7623386940358224,0.8769349956310328,0.6373551050006732,0.9534393197315694,0.6977799337590229
worldcover_00312,worldcover_00312,4,0.08457943492924559,0.06207156294222958,-0.08140789717435848,0.10923852094194986,-15.900500622083342,11.25925193448536,-5.63091128992878,10.470989708991894,-0.07073461104239169,-0.11841117405879524,-0.10897316032695335,-0.045326280333692584,0.6290978895968782,-0.8474822400273612,0.40490710900441207,-0.2509536152744633,0.10815159937892585,0.1101385015929802,0.09296621737026027,0.10084151437917309,0.2994521508675543,-0.14692462563260217,0.14252155371395514,-0.1489722314871859,-0.014147177287480701,-0.013739648707813086,-0.011604278451866576,-0.013257761269506787,-0.055558067061077014,0.03837308322860588,-0.028477469307216157,0.0267615662493252,0.8082946972133561,0.786144644703415,0.731160952313314,0.8950876759477859,0.703701356900641,0.2911089626513028,0.5033061093372562,0.29566044698294525
worldcover_00313,worldcover_00313,4,-0.45902966053484767,0.7180513297066554,0.7359292245272442,-0.14792085063615518,-25.778996871576716,6.060527898045104,-15.41278134805851,7.855695128500823,0.667637403761618,0.23201167098586375,0.13454210900124908,0.42875002953963,5.152462812363952,1.9062783732363435,4.488588822503024,1.0986446287445286,-0.10887328899424636,-0.1407453225224046,-0.14604130232287343,-0.03329336861585908,-0.6503038591527093,-1.0969005082239038,-1.0126100953947645,-0.6935099513126474,0.0029718235777756387,0.015152685419477577,0.017877713396129268,-0.0036173393359558367,-0.006756994535864376,0.13001611662371887,0.05891745843372137,0.08383465362376954,0.8314457962089417,0.7941329782679862,0.8317871462609833,0.8698606793974301,0.9218749074084087,0.887205613263893,0.7733894060134225,0.8110314919012941
worldcover_00314,worldcover_00314,4,-0.22677576499962154,0.8044504541339298,0.8074250970826012,-0.022597060567052327,-19.790293911144776,21.420151128257206,-5.331048101348401,13.10343912069054,-0.10344505274033729,-0.005299347970221375,0.03941979761870972,-0.20918205359743552,-1.2739052968159923,3.0327421176851455,0.281008161194762,0.8231425120156264,0.15425093236736237,-0.05275473456620127,-0.10890515892891374,0.17876326990640362,1.2621454756178643,-2.9330079769271813,0.03658756530279102,-0.7717833408500512,-0.019970733314294862,0.007317132721043593,0.014427954820219902,-0.02136774604782611,-0.14383764262936427,0.3741479179990732,-0.0002930690504150527,0.09721675862819154,0.9556794837494165,0.5809302543575466,0.7453393248051154,0.9662997214256145,0.7142965199147286,0.6169420865617006,0.2406750784536068,0.6295345211806821
worldcover_00315,worldcover_00315,4,0.08776041773625193,0.11390803449533216,0.027335962111299943,0.15727794328422295,-18.901276253746563,5.432465420590174,-11.928320882732772,6.8784626452495985,0.07235983659461546,0.06730236547688624,0.04824682932701832,0.09123078597679946,-0.1876755813233165,1.856100264578394,0.563197133506175,1.1062713690648247,-0.02338266019288405,-0.025459213835465407,-0.0207402467913119,-0.03465358950036425,0.3242053575619803,-1.0299398641296054,-0.16847389505260166,-0.6692347737494105,0.0019498067704097918,0.0025482669359806797,0.0022256414434223444,0.0032814458163097624,-0.0432219392470804,0.11269921238050779,0.015881214742249603,0.07656803866287185,0.7002355674252716,0.7498338380642922,0.8344262383981043,0.7952661291174816,0.42522565414346436,0.2810563476498571,0.11634521370596218,0.2924844097107526
worldcover_00316,worldcover_00316,4,0.129474505495024,-0.05205372545981048,-0.1329451875027382,0.21786263901175887,-16.844387610622668,6.124167502658606,-9.360109958838368,7.5532919268741,0.09853915337127706,0.08539176071506167,0.07193147098379477,0.12676112755896538,-0.26453415761774707,-0.06866288141628961,0.023632993436861705,0.17888538978811355,0.007931569681313541,0.018538667530111703,0.011401007770363151,-0.005427362340869289,0.08270468784851728,-0.2346744441262088,-0.157201152561719,-0.2444228303718183,-0.002953341160254152,-0.003834039819511504,-0.0027696017571019445,-0.0014586219883928435,-0.007749969797313325,0.03741118191588044,0.022756214284655095,0.03371705471986725,0.9382490710842717,0.9606807799918989,0.9406139329469247,0.9432045467905646,0.1619534835135551,0.5497346254446254,0.554380109260528,0.5018141243223497
worldcover_00317,worldcover_00317,4,-0.1920559972966398,0.7270883425618645,0.7360834886856131,-0.030804903895565488,-27.254118547328076,4.446932727338065,-19.951595877502456,6.401788675967789,0.42970835178232647,-0.6405232232359649,-0.8010201535468517,0.33586392924189534,1.9943087602746625,3.534903407688413,2.698346810264554,2.353857977438748,-0.09225239881828887,0.18616014564595276,0.21594570780745415,-0.04701566517159531,-0.24943086048299246,-1.4078086197400808,-0.6021160209291206,-0.8579821807114195,0.005584851725582755,-0.01575221724319035,-0.017176904753226807,0.0006662476243394746,-0.007258339924364155,0.14883555390311803,0.03659056347392467,0.08581538349702189,0.9777383849350866,0.6398262331569142,0.7470332707428551,0.9814584808488241,0.9301981207470715,0.5745231773085809,0.4593252072512375,0.46444314889744287
worldcover_00318,worldcover_00318,4,-0.013174417063730957,0.17719196178245003,0.1188471506942414,0.07380395495530355,-19.23657517103123,5.05813003936598,-11.9792974628798,7.037927758542319,0.3548080289855501,0.35276018634497425,0.27069773428910576,0.32016899129227966,-0.7720506232506275,1.086095750903111,-0.9433822984617798,0.8933092022505491,-0.059486661743312304,-0.12333898108404115,-0.12091694026580632,-0.027565558864311706,0.5925992050555771,-0.5585459330751095,0.5870749538481559,-0.4894826494244354,0.0013878438164803381,0.011399608453491068,0.012879052307607204,-0.0027922240998407835,-0.07508471464737358,0.05928567441954454,-0.07236800649595278,0.05320783408219971,0.7793574194694999,0.21607254533713538,0.32341810748645494,0.9427292988097191,0.686427339613747,0.49051898863221133,0.8253112916535514,0.5014856093067316
worldcover_00319,worldcover_00319,4,0.05880254447882225,0.317418250622171,0.22876395826989895,0.09534421653458623,-14.21405127447164,6.515309235369007,-6.913248892723858,7.987480377084963,0.3044120376479173,-0.017741136785064227,-0.10949139870584922,0.40679001547987453,0.7669114219030911,0.11052479968916812,1.1475037010196112,0.29863257399663345,-0.03540472724953871,0.04804912374810477,0.060304671977505504,-0.054142139303735785,-0.33830167301787345,-0.4039780793557368,-0.641282779312506,-0.3856267397916634,-0.0008647574536077984,-0.007239990444345906,-0.007318576101702873,0.0005353144322982912,0.03354858975861919,0.0564662800048897,0.071121173126796,0.04970139827641921,0.8893661406388809,0.5897100246768063,0.5047350684626991,0.9452021478847561,0.09944225379506388,0.5556684807266624,0.6812791030353862,0.5318079655118277
worldcover_00320,worldcover_00320,4,0.12710227975058627,0.7314187769185411,0.7207704840058627,-0.09794449653815172,-25.275651987554166,6.195470292859843,-16.143256956252415,7.9201007347956285,-0.1409942407415275,-0.2519496641609641,-0.30754545778923104,0.18815828743021207,2.719660693254419,-0.41425195847706603,1.136127576431255,-0.5165776231952496,0.09910247686380032,0.0338024472358165,0.025370494010999386,0.03191232039831028,-0.5732699448194042,0.21262236758386113,-0.09102675043256861,0.24384983636616495,-0.01136551207944995,-0.0005586399329882694,0.001675078984011302,-0.008023202682685374,0.02483996052994139,-0.01210252563523388,-0.010107330599801314,-0.019119837626493368,0.6063026178686222,0.4811511297218586,0.6542696717322045,0.9352692944315011,0.7098758950648034,0.5882515558993944,0.7533266590664313,0.5755533642896926
worldcover_00321,worldcover_00321,4,-0.27510237088690426,0.7970626999934513,0.8368359836890837,-0.14719701936524734,-25.469478117172287,37.95406323702637,-9.704740746570168,15.856567698489481,0.6104689461591376,-0.11666627452960125,-0.31528570896960656,0.5670159114524709,7.254454244807035,-9.378932184068733,6.40017170322217,-2.1314624791797323,-0.15302844759211223,-0.02835068177609208,0.017270634042550595,-0.12835577490751593,-2.529706060426428,0.12263576312622594,-2.7272972683886345,0.3061786856267252,0.010695269891998508,0.004393364820215432,0.0014046803657718169,0.007822012726330376,0.21455158522242687,0.23431186279367316,0.26691510434568866,0.005456488934014565,0.9495431382127811,0.8573368551700352,0.8898707114752945,0.7772678310873673,0.8921289866302674,0.9794770629449076,0.9606773675247933,0.9536121895850435
worldcover_00322,worldcover_00322,4,-0.1425494253301435,0.6103969293110283,0.6124006588837464,-0.07671967586220102,-25.801127014042056,8.246713583347603,-16.411281021476086,9.216984685640911,0.5108931185392682,-0.4470387948529103,-0.5949382313997433,0.5394132511675465,5.491416960907728,-2.5716968196663044,3.036838344257583,-1.9317353142313716,-0.11544170851576015,0.15526520802732147,0.18123336040556712,-0.111271591353113,-1.2158090274178959,0.4409844719013838,-0.7483306605809856,0.33860251249615575,0.006942744801885427,-0.014992237053435258,-0.01615845249372538,0.005777502634722453,0.06974044826296456,-0.016002012874689997,0.051107585236339965,-0.012508704534738848,0.9431175521643419,0.4131374848570706,0.5671740024312186,0.9409185113630113,0.908704185456854,0.805712662498199,0.5715348029334032,0.7234447021379218
worldcover_00323,worldcover_00323,4,-0.39052407978560005,0.7751068915381589,0.7856804555790005,-0.08163854372546599,-23.68753652330911,2.5751291583576212,-19.591562222222606,4.239184819288989,0.2618193331878527,0.11222894548896625,0.095374695439304,0.05829719300308006,-1.4893057279066784,1.406372984396077,0.18945595670618073,0.9449612076525482,0.03171630006355689,-0.11785216940752327,-0.1515552030323933,0.09181972125996678,0.7982197821799688,-0.4869401281084815,0.39296000276064175,-0.22630853431262743,-0.009109909776562043,0.01454963651720922,0.01966402055507506,-0.014147692026024807,-0.09371373593470704,0.06526100179501125,-0.05171291833115897,0.03130150168681588,0.8638149972537874,0.7475322657739594,0.8387345416658238,0.9207250787333876,0.6662716788634072,0.8184758737095723,0.5215457894284709,0.6494030074631324
worldcover_00324,worldcover_00324,4,-0.17638144577887063,0.7229135333362842,0.6841723493893023,-0.017601769727964272,-20.588698889711072,5.2878666658735884,-13.82438628036132,7.277913207832752,0.4280107220558825,-0.4082257233205287,-0.5506752387487452,0.4583667864180381,3.1345542177400563,0.38961736335614544,3.92616228514727,0.21314653359114144,-0.09944648228636345,0.09827250350685977,0.13636707557260458,-0.11173992954371915,-1.0480859782198824,-0.05084124885942514,-1.2765926038835356,-0.018664566246105678,0.00631469305314119,-0.008067166348072608,-0.01077880301145892,0.007496963410327817,0.08525162713784964,0.005670850043952653,0.10907312668551909,0.002355276657708983,0.9806155028704626,0.8389983372606086,0.8701828111816392,0.974344380388333,0.6481130401727366,0.29794403947931436,0.6582762368851519,0.30212467378467767
worldcover_00325,worldcover_00325,4,0.12911163906672538,0.1338467789870318,0.05282495746558328,0.15939951484853598,-25.69555493906403,9.370434108515378,-17.99418339653161,9.782719970095172,0.0968232428046889,-0.08203341128186317,-0.13644906606466028,0.14330946494426006,-1.0966474520830898,2.412473035001551,0.7798737911919276,0.4524082858153726,-0.03256124978566257,0.0093478254099009,0.02843650970688624,-0.049142007752285305,0.4050666307899568,-1.9241031246904035,-0.6016253617321893,-0.5797094789173142,0.002681043146902928,-0.00034488397038945654,-0.002005450502790581,0.004258881915699347,-0.040955503193745774,0.259282383964738,0.07569693044135124,0.08204859437273264,0.8556692798067411,0.9395277852169261,0.9495620175487688,0.8966418818131399,0.7544234315824112,0.7436555486062049,0.4652077711444107,0.5899882300102584
worldcover_00326,worldcover_00326,4,0.15284209283652536,0.3973019344337062,0.2882995606597632,0.1028968547329755,-12.65743428954725,11.051782516814697,-2.499236146106296,10.247756039429525,-0.07120334069394633,-0.019608607752219596,0.005655448477241486,-0.05485232422749173,1.253599678485826,-5.957548415506399,-1.4038338296440944,-2.921726190555696,0.03523231330976177,-0.025887496817808536,-0.04722690225066803,0.03678881865623704,-0.3623065904336735,2.4122935432694472,0.73280830837564,1.2172865591114919,-0.003739169061864242,0.004586709625642703,0.007157304291284134,-0.004142678370981504,0.029494457565042712,-0.2402349282726748,-0.08335182282598233,-0.12432184230351676,0.6035577430975889,0.5409517793664447,0.6816648592971766,0.8872930402053295,0.16818720547030008,0.6366508405619441,0.7001423260650463,0.6782290405943701
worldcover_00327,worldcover_00327,4,0.029981666186331527,0.5664482396660421,0.4943844598125319,-0.0009536386439296839,-11.252222054329708,8.511929860876034,-1.296106176287055,9.21239520114157,0.13141886087716223,-0.17358441124596227,-0.22436138466443975,0.1480239724947348,1.5647941554735267,4.5175675017185215,2.6465145424696606,2.427945108833588,0.026536554217062556,0.07014440174226623,0.06685386528764954,0.03686566803265704,-0.27479206107269033,-2.0167192881399902,-0.9368396323664342,-1.1109334957997072,-0.006210065792332347,-0.007837477544642448,-0.006675233655242296,-0.0076391345661397,0.007908800079521458,0.1934774099414937,0.0767391736435659,0.10777622219961767,0.8010172190050721,0.5859614446980543,0.631995364991374,0.8606097209308827,0.6840167742295096,0.9806984374084324,0.7171878856776832,0.9889837830009766
worldcover_00328,worldcover_00328,4,0.08828937128768465,0.6329741387162344,0.6185272151999389,0.06271443115265161,-26.871451665907752,5.315484760773403,-18.119096716777374,7.318533775149527,0.1537168460033953,-0.5740515321161909,-0.6554062887878396,0.2399246867834806,0.24794713189174128,-0.061649078223628605,-1.86250587750393,-0.31651358097099264,-0.04322969066760307,0.14842564853461204,0.17097332705925014,-0.0701231432441637,0.06789586933139863,0.17385606022636324,0.7870948853160314,0.2135077931864794,0.003198511162888815,-0.011606079130918554,-0.013364423339189285,0.00553365585140206,-0.014857231532616316,-0.025658755595173815,-0.08492798611217128,-0.025861761751992285,0.9000617515393492,0.8632676708137819,0.8718318790188184,0.836176562706537,0.2549321291699591,0.21733814360049108,0.5030183108488937,0.20734975938809075
worldcover_00329,worldcover_00329,4,-0.20064215628696688,0.7506410826110474,0.7557353363795708,-0.08187799643950981,-26.930139240626378,5.4243791754830974,-20.286058564884737,7.288992545816942,0.23500006641564153,-0.2816950171106745,-0.35631374275637034,0.13812168830237057,1.5647722523853287,2.4364166349009158,5.12152955425409,1.8176757709242983,0.0034603664853376246,0.05021954006092113,0.0451649510547583,0.058604598994814176,0.16944689442483535,-1.240998576209814,-1.3953871525797192,-0.9551507457661829,-0.004438658164234155,-0.0020996073138608473,-0.00022631926894789659,-0.01088994931467253,-0.053576657943130226,0.13330823383193885,0.1029903781694953,0.10334388840235004,0.8824233685703182,0.3296692360037847,0.5634099705135216,0.951219600170774,0.9924278166187226,0.8181062606030383,0.8489424228542375,0.8138481088613573
worldcover_00330,worldcover_00330,4,0.07219423013042293,0.004442415284839546,-0.07514306369491595,0.20088519065669094,-16.968691126389896,2.7586821095283,-12.032316250760184,4.426844512172806,0.164570172986163,0.053641617819223254,0.03043286631711645,0.16452768102051687,-0.7753738845116932,1.8869320616853005,0.7782674006478245,2.473585573709705,-0.027978153925407517,0.0017649248324020813,-0.0010957141019790528,-0.018659749394887373,0.2838924807311017,-0.7027792786039084,-0.25116639741174773,-0.9303226937097513,0.0008048564953463884,-0.001718099564172786,-0.0008282218448290968,-0.0004917806898704737,-0.025693938248275993,0.0658086626963324,0.02098666208615693,0.0872869407045963,0.8938729626547169,0.8127307150200934,0.8049794165487043,0.8704289673788687,0.443126950268403,0.6506432760796561,0.1033285619388502,0.6621544348737869
worldcover_00331,worldcover_00331,4,-0.12290530436503165,0.7396878488361815,0.7413659345245702,-0.012123957812559672,-27.692165683740768,8.987209127842856,-19.87468261067411,9.423496839438075,0.4380807848332296,-0.5545010785867873,-0.7073945001373789,0.36608573073698614,3.6876255451779856,1.0200324146700714,5.362561149657133,0.22902283996473344,-0.10808378841258928,0.1503880717237255,0.1835999206682156,-0.06712032145381101,-0.7788359612637838,-1.1087405598862152,-1.6446957622764093,-0.5222235584455713,0.007407354574997744,-0.012528221148790564,-0.014549682182589096,0.003025061775450456,0.04320588855788049,0.14069086537248685,0.13881954877118574,0.07115044148415879,0.9003202306353003,0.6919484433816188,0.784881211858921,0.9484137783241976,0.8137143369967499,0.6171514623207919,0.527244649782391,0.6429817858204716
worldcover_00332,worldcover_00332,4,0.019245082570707665,0.6676138938602159,0.6260204520640928,0.027030501225400013,-25.18487029292775,7.528250126512715,-16.50041131428535,8.54134912333955,0.17319409859531795,-0.6576846078230382,-0.7368750780347779,0.272144280675251,0.11459413613952617,0.16434503075189705,0.3209521624639302,0.5450556508695087,-0.053372867546522526,0.15691995365924113,0.1841410944536648,-0.08559349647247384,-0.2117031024468279,-0.08552327636478618,-0.5400070372846615,-0.28614781496196146,0.004351949694046575,-0.01161558039467592,-0.013974668552177104,0.007183119839273685,0.024858784021305556,0.013494114982099691,0.07190312549053086,0.03221276940306417,0.8569481536755966,0.8821002136016072,0.8834750902210489,0.8420365829265353,0.5159076991368998,0.025298142505440935,0.25013687295792786,0.04651148161359031
worldcover_00333,worldcover_00333,4,0.11053640817389052,0.08704703052838633,0.044897027031490074,0.13124668981992882,-22.296957343960905,11.74343274555037,-11.778564070624792,10.800234197059579,0.0901141020206778,-0.09941880359122193,-0.12622741197368903,0.11883582458609607,-2.256659674110441,-3.5400867234444,-5.132616349408362,-2.1984665133211743,-0.03015474177680385,0.020085479975456264,0.029738468767115514,-0.04219334774138606,0.5313219325738341,0.44823717936009266,1.2374861073808856,0.44073968692647697,0.0024846037879502967,-0.001373065739042228,-0.0021874640193400943,0.0036949058147993973,-0.04243433053853685,0.02603471484751943,-0.0794339147243946,-0.013388956741905338,0.8256922864085036,0.92291079396321,0.8914114596427336,0.7306161086190854,0.6616301854512326,0.9252396207720983,0.7895455148290005,0.8860695268183554
worldcover_00334,worldcover_00334,4,-0.16938680727951475,0.6580466951497576,0.6462560528607071,-0.05545817112380689,-23.915167668130596,10.662021686757903,-13.403974018171038,10.237674793304484,0.491207517553894,-0.24396257150533943,-0.44676118790512015,0.5671153913532919,6.386968314885983,-5.194305163628059,3.4554637227616225,-2.376482645502888,-0.12548196308803317,0.01349252376007945,0.07040431972963984,-0.14898744359354418,-2.011390929257677,2.1397753675244306,-0.8396793676494662,0.9480802735459184,0.008566317567007936,0.001864781897195192,-0.002414358629271239,0.010311635756733434,0.16627831846724084,-0.19483714800377458,0.05850452698373257,-0.0854475875603865,0.9390095764232012,0.6193155176798298,0.7056630171538755,0.9480022678347618,0.8042214863652407,0.6185965960014481,0.9033394709326381,0.6480975159171352
worldcover_00335,worldcover_00335,4,0.060281628913903616,0.05883142428303289,-0.008101043693552044,0.10746709257364288,-18.402393467650725,13.966705850859464,-6.941452065918076,11.399157070410219,0.04635305646440995,-0.05122295396572463,-0.05427033284361205,0.03730746680900209,0.08488465810005234,-5.357873471696016,-1.9984031647963652,-1.9110790010248646,-0.014381791851872093,0.015848073836474432,0.014552090447033155,-0.012815530722339936,0.03834843789575853,2.0903401237750936,0.8967360062276251,0.7374374502710914,0.0011406826503422853,-0.0014829773207740704,-0.0012408639715909184,0.0010523142086135014,-0.008544102336060688,-0.20290995148967922,-0.09467690190931642,-0.07170998718254576,0.6103621786507907,0.8256431240841369,0.7952086705139801,0.5198496810259279,0.10695241521166599,0.3232569398189059,0.761096556075448,0.29197198637052313
worldcover_00336,worldcover_00336,4,-0.010911470403870208,0.5121348712480425,0.4821060645309359,-0.03140950768790952,-23.190436667941,2.974647269767209,-19.2309702420594,4.727769161043082,0.13227189813784543,-0.21738433811281424,-0.2757232207213604,0.1347865260479653,-0.33967817966193176,0.237546674479071,0.7723195503346104,0.2994753210481971,0.030977649110856074,0.06532416521728823,0.05222791889722746,0.05975796186538538,0.4101701348550288,-0.07430812418346663,0.1252017531474955,-0.09604462542358765,-0.006870225420260906,-0.004749974010117138,-0.0016992491942764711,-0.011150198327753727,-0.05117411787007176,0.003985146805942753,-0.03369860905461515,0.004741870433077524,0.8345516791743752,0.23549125280783367,0.45075462170958236,0.9613648097689048,0.7567841140697418,0.39144964184951836,0.9651977450934298,0.40122714442531315
worldcover_00337,worldcover_00337,4,0.11656242564360673,-0.005489079465130065,-0.03793845238220515,0.13540047903855684,-24.20569329225679,20.73707843938776,-10.906912834186924,13.234482883771054,0.11755958915116053,0.0024798929816968996,-0.022495457643849973,0.13508709023396145,-0.6682388189866232,-9.618433351889118,-2.9562808896096464,-2.8923030668859093,-0.034131716118984676,0.0025681635925296495,0.005720089399356612,-0.040070541557811507,0.17276888750433755,2.215338350056506,0.6732782781412744,0.643715620917038,0.002466384834464502,-0.0006972466797727847,-0.0006779026230703109,0.003046266734600064,-0.018306876142140823,-0.13439527295830522,-0.04834919276184635,-0.03631435709048694,0.93737236260177,0.8082069151509877,0.8375421125478746,0.8983435076058723,0.44346936395842396,0.9185883503417486,0.782401015692892,0.8859176303930069
worldcover_00338,worldcover_00338,4,-0.17656331123075217,0.6400500592408747,0.6274559193036765,-0.05752250933172814,-24.38666211144982,9.251487021017022,-14.952146824976257,9.655001730378636,0.6704778053304995,-0.2986396066992286,-0.4845691462239567,0.6780336113454433,1.5779834158691237,-1.7250699706595363,0.12298259871651065,-1.0809892659278757,-0.17481107027856793,0.08281963348622504,0.12411952429971129,-0.16803302588868543,-0.4288637747186464,-0.12050592290342554,-0.2694823435543483,-0.0799800364971748,0.012278803803223428,-0.007745455578910283,-0.010371930596202311,0.011089782009484466,0.020544349289829913,0.06116154228736618,0.030748706440204623,0.03779688045105016,0.9654943919124492,0.44848446096727224,0.6032315603264355,0.9658401711934008,0.8651126629283992,0.8361015819343222,0.723362318307748,0.7761040811288235
worldcover_00339,worldcover_00339,4,0.09617837170305825,0.022642063597838474,-0.05210313257394379,0.13156552251541279,-21.101057174291558,8.627668736611886,-11.149764895741583,9.291073353157582,0.14457187052026776,0.15476346211064393,0.11422322770314526,0.2014607771758045,1.6440062470177181,-2.6551096805526986,-0.7235028064077507,-1.5483930236380283,-0.03436206598641956,-0.042363369660008435,-0.03415417293030197,-0.04431907945510103,-0.3591233787844702,0.5425316679070437,0.18991159064737345,0.2671577476738057,0.002247631293184648,0.003420683865745855,0.0028923465446992315,0.0028471212194423412,0.02580151358591522,-0.035743819488781005,-0.013692963968756126,-0.014766415637552615,0.9334797748521472,0.9033236850553865,0.9156400974836812,0.9309520312522985,0.8174756324789626,0.8262179617751426,0.7466374836739874,0.7829617936815139
worldcover_00340,worldcover_00340,4,0.13715802487646828,0.2568144093860284,0.17275329741338954,0.16720754901568122,-15.10864260961233,24.45308882247315,-1.07021622795982,13.86865631664552,0.24814680421370508,0.31409851987920034,0.22061497299739707,0.2408174801440461,1.2997787073234566,-13.978859915385693,-2.3097539625187586,-3.997507572857363,-0.05147038844638539,-0.10777330613045967,-0.09009383075560126,-0.03249383079154135,0.017603867936605868,3.3644014079685935,0.7793858253079725,0.9514687342845443,0.0027208071117161376,0.008822448401138031,0.007922657558487521,0.0008068159222602684,-0.033672555946094654,-0.22560868374299137,-0.07708869880608302,-0.06113734024771026,0.6780758581536859,0.8757230061055292,0.8384039589362422,0.6234988197042877,0.5725204329551474,0.9122833220996401,0.6256355434309908,0.9069599059052511
worldcover_00341,worldcover_00341,4,-0.02298731759933039,0.48327021210482474,0.43095862910602856,0.014040016230535064,-25.700774155377577,10.574284625755858,-16.03974796750016,10.318479606924889,0.17279467344741825,-0.5258688563628792,-0.553197548976019,0.20163325179693434,2.957182112160995,-6.191570169190791,-1.4268327297485537,-3.6041165591957967,-0.05064996707702131,0.13357713178316213,0.1446304394988526,-0.0643766610500164,-1.1095232503550174,1.9428738508788206,0.39510121182962127,1.0841215510450999,0.004105163886045513,-0.01011176670741552,-0.011246844636972488,0.005544522151614374,0.09663409039806473,-0.15393188120605805,-0.029163558488830427,-0.08265192231401741,0.8634170761733381,0.8698259764372642,0.8734739531054855,0.8235010629543812,0.8427227757964355,0.767356415974478,0.6403378929419417,0.8024585737475022
worldcover_00342,worldcover_00342,4,0.06593035281297124,0.08523214286701108,-0.033801590007815435,0.12613781947981173,-18.275439223626904,5.003433005949022,-11.429336606713145,7.010195879947164,0.020660523701979846,-0.25779587816491234,-0.26910153429009037,0.05811420763059339,1.9088527410524476,-1.8990735773254082,-0.27470637779118223,-1.9217317891325942,0.04591534819462002,0.16388239562753318,0.1431509090014994,0.07280951577089553,-0.7415547283556867,0.6192809810614281,-0.04124018418493615,0.605587644533562,-0.006945073881328983,-0.018358055805561654,-0.015263287284684303,-0.011231372490374723,0.06821996479720845,-0.055501992548565256,0.0062525649142011796,-0.05416613699827409,0.8949890473842913,0.8681095987943452,0.7885059763167159,0.9615885074527942,0.35216090525163757,0.46763340901899253,0.684611416610867,0.41472460431835156
worldcover_00343,worldcover_00343,4,-0.15092873828773834,0.8479624237074983,0.8353580724109283,-0.057718423844286264,-24.071498704947725,4.528701629153056,-17.39133186486048,6.573953077146031,0.3051082972161911,-0.5656081344636648,-0.6654344661723041,0.278043474676826,-0.3893648846261916,1.3431965090271634,1.3237642317292797,1.1347500417455734,-0.08040534084582716,0.09509057834647662,0.13060400296341257,-0.07333991488691778,0.11624751715494777,-0.45822888642776677,-0.6736772654819848,-0.3955521112080086,0.006022358150749909,-0.004713067032321511,-0.008052790894953865,0.0056297093479320175,-0.004938711390697858,0.04459740430326196,0.07951073962417772,0.03777895908573369,0.9050542247081602,0.9839003302642375,0.9867795279877541,0.8531646358613946,0.3635327562909507,0.17549308280038178,0.511805557075289,0.13270234389338575
worldcover_00344,worldcover_00344,4,0.049915145051537914,0.15524309467185554,0.06878249412120213,0.08942176300016311,-15.350350169781612,5.687570169166437,-7.264103770203829,7.437330399687142,0.027606624575433614,-0.14102140237532854,-0.15129593449149475,0.03852883776620275,-0.4992651990744611,2.420238391810506,0.8636620978405559,1.6966468337987424,0.031027740898828676,0.08479845113004042,0.0736086663540081,0.03919044203927251,0.11368209812540701,-0.9684299673900804,-0.49083239072215445,-0.6664177136292663,-0.004805480516452833,-0.009632142627555311,-0.007930906989254206,-0.0058955090365024575,-0.008631387112334757,0.09336051646899178,0.05080350175047746,0.06388134012364778,0.9106769917104706,0.8472627479622896,0.7612630281874373,0.9331728370968402,0.2644815119333579,0.5899512002537481,0.38258946635384505,0.6458343852410927
worldcover_00345,worldcover_00345,4,-0.1342734477424561,0.5888085040179147,0.5761676664097265,-0.021885000818380303,-28.837609692148394,8.732920921675468,-19.323128629744264,9.581113144894012,0.3692726241644116,-0.5575724088010322,-0.6744452847892194,0.3626847002610912,4.235153793231402,-0.5386178430805879,3.666006388190351,-1.0051324032073372,-0.07622351228586428,0.18052798602326844,0.1973713778435084,-0.06062209582383613,-0.8863793162023547,-0.5814622172306062,-1.1254742321279207,-0.048498760198624154,0.004225323272628526,-0.016453482041304753,-0.01688725153699214,0.0021654973794339176,0.046512752092438464,0.11162443144588659,0.0963425746311745,0.033308927083857055,0.9607085216134587,0.5898518741754302,0.7070811129761234,0.9754237811720495,0.9070864695729283,0.8650725194642335,0.5679405827226907,0.8212112117748209
worldcover_00346,worldcover_00346,4,0.03713680043514694,0.47164131641726736,0.43353051805135095,0.03755079153360663,-24.229916900274183,7.720936575336562,-15.814702211460396,8.266063623765104,-0.07656357462450857,0.06893042856014206,0.04309576418664567,-0.12594212273630914,-2.1890608793339235,-4.08639378877495,-3.139153033993645,-0.8535899357152009,0.05134318032593281,-0.10214715815719706,-0.10634795348139775,0.08539085474708884,0.6153334083710712,3.3631807934355513,1.6359245983310216,0.9482437186083709,-0.005880145434340513,0.012974389561809433,0.014064120730817895,-0.009651368416286053,-0.04866679780039175,-0.39336395759575427,-0.1714771758884109,-0.11556444114693316,0.8083745354713038,0.8530992025377337,0.8460504880472557,0.9787544009483296,0.4790471980385482,0.5276804764669207,0.4913427952208175,0.547893899235542
worldcover_00347,worldcover_00347,4,0.015192886420559083,0.7035145497683325,0.6704795518607809,0.00456527637486941,-24.327874576801428,2.1620347046204484,-18.899964015010617,3.7932119170824454,-0.224799401353259,0.021396139666201075,0.04215840037379863,-0.229360421147521,-3.3571891870412713,2.6661144834260746,-0.7753556470332253,2.8673344538437946,0.16520048946607196,-0.03673130480241967,-0.07265348863904847,0.19668002287228253,1.4076863838695,-0.7843286227142817,0.5440852934230799,-0.8424639480669549,-0.019153503101439078,0.0042721891794541755,0.00873840718784114,-0.023395740761035906,-0.13470707720984934,0.06314364961184411,-0.06252720361909966,0.06807224090553218,0.8499257336567083,0.32625310717148903,0.588739094811378,0.945199949977445,0.838644811097281,0.448096653587579,0.2028740910475333,0.43823228653905466
worldcover_00348,worldcover_00348,4,0.042159778297543825,0.02406841440295652,-0.0630237994165243,0.07206955744010009,-20.56832950365781,6.729002153972481,-12.932539854382101,8.23347463089816,-0.015981941667641386,0.07474751196180762,0.03359679965069505,-0.016714856856398987,-0.002390264659052702,0.18467289667400766,-0.053076956691304494,-0.0012129070507746714,0.016065963622598527,-0.027555574804092865,-0.01178375577949211,0.016228450563014567,0.15102583440964906,-0.25064510909935034,0.21450157337256262,-0.12594872570626525,-0.0018758031621486369,0.0029249416636020834,0.001283879668776396,-0.0016989043509267796,-0.021382543013194883,0.027668999367183544,-0.032755895911413,0.014765251935081563,0.7511651111125797,0.7933076486327171,0.8862482895395991,0.8344673735062635,0.4023320520038398,0.47411059120910837,0.6588889218396758,0.492962299540907
worldcover_00349,worldcover_00349,4,-0.3352790406813946,0.5543986789204862,0.5824319030525108,-0.09777094186706858,-23.885829846695362,17.732903419886792,-10.800585265949769,13.017655661554032,0.7464712645418057,0.009082873869271913,-0.23027631247209251,0.610389252740238,7.764698800436749,2.8428168064699717,5.526243060428862,-1.4139712657917343,-0.18854658637061453,-0.06375947447082396,-0.004024332534376405,-0.14139794059565416,-2.2768242095697544,-4.249204310281483,-2.2921214935951117,-0.32716368780427924,0.012867235500435881,0.008585857133371627,0.004493056787083825,0.008159488731186182,0.1713689170393208,0.6573574332520591,0.2316596634962788,0.08863509289700865,0.9402587284315918,0.3456365905372527,0.5427514302778103,0.9108807355273373,0.7239707705774465,0.9898975438455982,0.7251165338490082,0.8860399865989795
worldcover_00350,worldcover_00350,4,-0.0014502227089932397,0.6466250715382165,0.60125451038281,-0.019340182414673644,-9.606980602772431,6.896565367128514,-0.9960410853852608,8.476327482824976,-0.023927125740922362,-0.4005790241358292,-0.44348044045979,0.015080367435797536,-1.3378384374591628,3.0473505416045055,0.32245519426208297,1.37113820446635,0.07312759899165538,0.11496426373139593,0.10999975850184746,0.06236783415368898,0.6707248155274272,-1.4864333678487598,-0.23353798074373308,-0.7141983678201346,-0.00988294821284181,-0.009762216603966667,-0.008410517747203501,-0.009039082592341473,-0.07293857792745728,0.1673429390841179,0.026908737916158904,0.0817656605170804,0.8374872126828445,0.4531053887957619,0.59931016061222,0.9083086097209353,0.6412746857313156,0.7943326098277042,0.23380182199800592,0.6653812360926614
worldcover_00351,worldcover_00351,4,0.035713686329325756,0.18741709744614127,0.14080850775071344,0.05399231042600074,-20.97317440281238,13.242672747861109,-8.221706395093682,11.188721479448414,0.10901687752802511,-0.18691317189026513,-0.2070841954241221,0.14921752013088643,1.032945330550517,-5.912019699383937,-3.0860209768373044,-2.064224042545912,-0.022892585232777936,0.062007414693621546,0.06323669063132976,-0.03572873064030546,-0.08388092514302725,1.9038746755181961,1.1507546375372,0.6196126395806203,0.001174299874331974,-0.0057255373785573245,-0.005550703507697564,0.002330537970093153,-0.009316171412277361,-0.14453568002474776,-0.1036285771144855,-0.0444098283488735,0.9098137319968712,0.6153072684571779,0.6965575451986762,0.8812618034025879,0.5516640354455566,0.45091981908780654,0.7510963656878041,0.522607929668661
worldcover_00352,worldcover_00352,4,0.23077657703100035,0.8362525340282557,0.8535956177070283,-0.09270042773674839,-21.234670818003856,5.676653578165686,-9.655216829422551,7.459284077930931,-0.13903045762969954,-0.1310031379144347,-0.22757219155097316,0.24808645566245408,1.2630465421658537,1.6659870279962288,0.09967850711964579,1.13194809588209,0.09353520588426967,-0.024934581638156532,-0.026945825097719554,0.008792605444595411,-0.07898147133401963,-0.5957956779436008,0.0029406701370450813,-0.39515982608436095,-0.01075598151071166,0.005622717429592152,0.007621544441490467,-0.005805562513720512,-0.0036167759653898323,0.050721157450594766,-0.005423890162331706,0.03308978673969887,0.40033701842657454,0.7728019134850213,0.8178833493216439,0.8751375537321067,0.239823557121416,0.41500868530461976,0.043927973118275676,0.4017104042204339
worldcover_00353,worldcover_00353,4,0.09791253296672396,-0.0737071879433863,-0.11264925698439272,0.13776185431263666,-24.970652986056148,4.917670471673608,-17.839797466945157,7.030802793946209,0.016482292296923776,0.0017320817661663694,-0.0044816813416897845,0.006842018533793716,-0.9224783518992868,1.8261643038854296,0.07788407622716606,1.0049483937506423,-0.008050727507770007,-0.003662508553563256,-0.0012411991400377886,-0.007739975371144052,0.3326097291744427,-0.8690898485791226,-0.1025230724049114,-0.46455380151260844,0.0008268557872087239,0.00049892630465705,0.00027220033937030167,0.0009498117171754759,-0.03020869198301107,0.10388128055755509,0.016751563564047944,0.05503337681972303,0.7487292083991577,0.6371901879597321,0.7719638852200047,0.8635889730574777,0.7578170536993205,0.8016064067193489,0.4928294506951044,0.7600225796100442
worldcover_00354,worldcover_00354,4,-0.9468406848125309,0.7298784168634684,0.7448369671562408,-0.12227894044057766,-21.962544223854948,7.09766721518182,-13.28835545060061,8.359355849770438,1.2582142084377994,0.043313000859351296,-0.1409417823814456,0.5492525096716615,0.4438432768856278,6.030015802013111,2.239064809664505,2.0357417858927738,-0.3242413878860934,-0.10384773370508452,-0.06303267847762715,-0.11832250510362549,-0.36851922581627655,-2.9612505209299926,-1.2199516793208702,-0.9538274459218932,0.024092115739572068,0.013297759060573865,0.010908175419752635,0.006417407259119258,0.030351719921992086,0.3432429197211448,0.12864981442010515,0.10786849274831752,0.9733747800807593,0.8912796900623592,0.9273363329171554,0.7659827076203499,0.6004468219980681,0.7096091399417819,0.34888151491210007,0.4894084670191329
worldcover_00355,worldcover_00355,4,-0.23652304792027137,0.7698486176404085,0.7604134814305741,-0.072484356435863,-24.79595244287974,5.778043152717733,-17.580409335206795,7.544252717202814,0.07155717917229591,-0.17453936457870528,-0.19026077931953875,0.11724417794141104,-0.09363368197596088,0.7389742766027261,1.7961599733556315,0.5554886690492922,0.10874209500916204,0.012609262777355398,-0.026397217000588533,0.08152514268559477,0.4577117115671202,-0.20083179747492902,-0.17559997670162916,-0.15623216022070358,-0.016867096295084868,0.001774570217939335,0.0076759159376825845,-0.013882218874200722,-0.06349957799212474,0.009089007221983738,-0.012432388260700854,0.007438659440580135,0.9345169665335143,0.36917626017082483,0.5912571542860221,0.9426852542779162,0.8718839788041797,0.3756883654571158,0.734413954764919,0.3670446402902262
worldcover_00356,worldcover_00356,4,-0.06296730050323127,0.6826730400436748,0.6569946744676789,-0.061524516733533104,-16.028501693299418,36.45053293569215,0.5282373314233596,15.807449080606641,0.16792842379993608,-0.2813108808597514,-0.33295544491164236,0.13776256115959298,1.2106317039434644,-15.778420279758304,0.013319605138743078,-2.83619991874928,-0.0002365712404424812,0.056255943605522975,0.0498535433759936,0.039321043088153255,0.023788935616901125,3.447635878623838,-0.14737175599094654,0.577623688558197,-0.003018309543053667,-0.0037874756051660087,-0.002132391538282826,-0.008133181627143668,-0.02926288251551947,-0.19100316222073277,0.015791401627711473,-0.027672445971589625,0.7709554730773679,0.4438747489115864,0.6380805194701618,0.875668174682015,0.8897990309041998,0.6686231950635062,0.1578220533373359,0.6614415436984491
worldcover_00357,worldcover_00357,4,0.10906531199186134,-0.0013888377809170534,-0.07569824339765549,0.22184653083483274,-22.193773247902286,6.485499258922981,-13.920544524718746,8.457934038041564,-0.08452543631480501,-0.25364290275389123,-0.2295345486629568,-0.13768305215570548,0.9675586187346296,8.197724696750033,3.5269723739931087,3.118868480442878,0.0801534024446207,0.13409952236363615,0.1134506115101244,0.10700772862349214,-0.34319961340492366,-2.873032594960201,-1.2599592260157064,-1.1367073496097242,-0.00957655586724429,-0.013712676637100437,-0.01164075907206896,-0.012248290495740029,0.03131750243884553,0.25539512970230915,0.11587696974731397,0.10410835436222628,0.9603203531165521,0.9648862596895467,0.9743506278080916,0.9616797715661395,0.041433666878393005,0.5656187407417597,0.36800983639622376,0.6011121025360814
worldcover_00358,worldcover_00358,4,0.12553067607728088,-0.05389013409501663,-0.12976404595555668,0.18280375929492937,-25.142866570853624,9.337456865610084,-15.660978674332783,9.509242035478374,0.11060764801821071,0.05283489651859739,0.014801919519428122,0.13314290114101882,-0.5205504658469163,0.24344224569837586,-0.3182329577850494,-0.2894695099146283,-0.028610787233213003,-0.010561097411285586,-0.0013705436704736392,-0.03301531729566583,0.14989736558249325,-0.6799849544754835,-0.24257423290140429,-0.188712077693279,0.0018961347484756162,0.0003993790267468073,-0.00024408775598112133,0.0021758140488104365,-0.01681658646921818,0.09033117550627869,0.032137509781974556,0.029453829544966895,0.9175753292963756,0.8632470399417005,0.8869804154736401,0.8222591728899387,0.5810018511852182,0.3369865256595105,0.4494582719792929,0.261939972432197
worldcover_00359,worldcover_00359,4,-0.10196679668430073,0.7559667193528382,0.7541470830893207,-0.07501500383527465,-25.90024780358432,2.481175759179659,-21.696333927559735,3.924163210162688,0.2323218774266705,0.009096683727369688,-0.061943735611360094,0.2652633601230468,2.0676665213605587,3.2728942524902007,5.21832797647923,3.39967220139523,0.015882979035770954,-0.0678304767969882,-0.08315283196345268,0.02173049411095385,-0.18569678304248224,-1.280781484262989,-1.3209423564705256,-1.193797922458192,-0.006949144167663394,0.009424886167651473,0.013009426490911689,-0.008316356902753917,-0.021468852687466143,0.1359673489366572,0.09284705597586725,0.11811087810688092,0.8604142819478569,0.6636009968502681,0.7629825932615354,0.891538666079774,0.8050872460565851,0.8414811726291735,0.919260771263236,0.7958407132802723
worldcover_00360,worldcover_00360,4,-0.2090352380660604,0.7646239029638704,0.7640195831049711,-0.02144717092089762,-23.59289407019281,7.542098827584424,-14.811892519740265,8.8849183681964,-0.27521405336011123,0.21661053929063917,0.29434227717472833,-0.19078126570416656,-2.3821638399517044,-0.12799315526036673,-2.3772005453909433,-0.4466398805617088,0.2104526791584335,-0.15283472600566347,-0.22093330612888626,0.16907804180339778,1.3563694773164445,0.6287780404421303,1.5977418662126148,0.4131310175980622,-0.02465364765948641,0.01739927095295203,0.025575115858851145,-0.02030385250808914,-0.1444075973808877,-0.09018132760295362,-0.179872622133599,-0.052126945350877765,0.8644420426976878,0.7293590004331323,0.8165382275668034,0.9269779566006802,0.7526774964192369,0.31049677135791753,0.6979047472463444,0.37823467398821964
worldcover_00361,worldcover_00361,4,0.14257479055976632,0.05012216757644339,-0.02786050401063566,0.24682846281564594,-22.12965771880497,6.852092783256126,-13.115770987683678,8.349687396441405,0.10660210211804562,0.0570151353299262,0.019755494507354816,0.11794213731847077,-0.02987377715827222,-1.0945688660682182,-1.9787120015159425,-0.8109851384868871,-0.03508424694817221,-0.027954871273393956,-0.014695085433676624,-0.043185872803905755,-0.2094704359892128,0.39991357271613187,0.4312194338856078,0.2860544827406994,0.0028077803500426053,0.0025744076719451153,0.0013675619430623654,0.0036923899644553024,0.022330341177660546,-0.026419926411583344,-0.02695255604736012,-0.01994563156107254,0.5816598532255887,0.5317557854711343,0.6722829371098827,0.515776785667259,0.7770609125027494,0.5898423095541365,0.5735805638500977,0.5952804374241775
worldcover_00362,worldcover_00362,4,0.10232071639057363,0.4142094152894883,0.39968170823924337,0.026099568458669335,-7.740870945503973,17.245189490858216,3.808305439326674,12.278811956483757,0.022507189093674603,-0.20014072316033454,-0.3015023354322658,0.1378443715798237,-0.023499912315263247,-5.342556561840009,-0.6183556852501858,-1.2680586171885702,0.03934694349736581,0.07378894808698133,0.0882928402876698,0.012009218649624346,0.277279783154141,1.0024036349643277,0.21176901487231428,0.03252429947762943,-0.006169700117231465,-0.007670796927854868,-0.008072411679107728,-0.0038523161407522603,-0.03907313792843403,-0.04685987482718739,-0.01764377725900738,0.01831481170994646,0.7957826929430749,0.6946561858869116,0.7960425526225563,0.9202335624416018,0.6866168073578567,0.3399664541672498,0.03600735199594807,0.3406714957581096
worldcover_00364,worldcover_00364,4,0.0386517499154215,0.565768485042181,0.5186502107165066,0.056356497772151584,-21.20002866143144,16.82189701110708,-7.630209022365619,12.432293795378463,0.20131261183101,-0.3650624093466564,-0.44846378021415195,0.3281069517187354,2.608078535300533,-7.2788586827616975,-2.4532772796894053,-3.000410607429291,-0.05452998894363221,0.06948820044371203,0.09471600652305454,-0.0890985737530538,-0.6125252671683803,1.930821230899155,0.8580914923750466,0.8232308279908941,0.004000514271488056,-0.0034952096810395004,-0.005552783514363591,0.00657858881356213,0.04133788932984213,-0.14021568196659154,-0.07280663589277844,-0.060772970164951035,0.8576908179552105,0.8732312940624902,0.8507547067180969,0.8294698419365245,0.9154353788887237,0.6239935064344766,0.4708958484271031,0.5827810399324018
worldcover_00365,worldcover_00365,4,0.01414060921006638,0.6632052840608533,0.6588108948234351,-0.03474310937930295,-24.802276712141957,5.395883867274934,-18.018284407567638,7.4466599868300465,0.06323978990153299,-0.17287366376036642,-0.23552459064457162,0.0794576581360572,1.8291699430502042,-1.4584582764686185,0.864764045864365,-1.7289228029788968,0.06947854478061817,0.04721074796471239,0.029361716403073626,0.09850997728944717,-0.2745105997719401,0.4785327272690342,0.11953751392946876,0.586302380450305,-0.010868262106919175,-0.0036290895306702797,9.627700454056263e-05,-0.015425940712142474,0.010270756341816225,-0.046475536731595,-0.03385166706841341,-0.057931483860353516,0.8763340802962536,0.13034548182767658,0.4702456604658599,0.9728579879388607,0.959511888526723,0.749604511268785,0.9263942811796206,0.7329996941375333
worldcover_00366,worldcover_00366,4,0.1220802441186057,-0.05745563385161479,-0.09867796324419251,0.17827668786048897,-25.605561001873617,14.509184149338108,-13.780291897731107,11.502858870515208,0.030041535704639227,0.00900384050513061,-0.00047551843500324656,0.020840683153697238,-1.4342552708136485,-0.7926375648835474,-1.4537404849284825,0.010294205484684226,-0.015278751602625883,-0.004983697880817415,-0.0012701753833335187,-0.017514149614033213,0.33172422416854574,-0.5004693560993915,0.02227818709657829,-0.29936281383116387,0.0014918407460589173,0.00043031752974998904,9.516726313817339e-05,0.0019331307460864378,-0.02253335494917367,0.08196253754111264,0.019486951151780722,0.04087790064671663,0.8745753969898686,0.7739257441381932,0.7386159316599752,0.8526725215482991,0.6272833272797546,0.7816646809854569,0.7932611510704096,0.7865023467229307
worldcover_00367,worldcover_00367,4,-0.2863431696029033,0.688688149506397,0.680404565946172,0.011132610340911729,-16.416644423990455,2.010367440634488,-12.993204068755928,3.1949636037464884,-0.32897906686465567,0.36713805954370926,0.4394378716658245,-0.3028371671865133,-5.597724569077835,0.5445556970428864,-5.756428050751935,0.9671430714930277,0.22806673827762322,-0.2070905199814663,-0.2596409568458275,0.1836384888073161,1.7464067871962046,0.487724745032839,2.455879041532267,0.30120850368164037,-0.025860644900715185,0.022285836099675167,0.028344303736406725,-0.02025491242400473,-0.14685298294474913,-0.0654115462330488,-0.2310053517345222,-0.047566468693622514,0.8815928810948979,0.7885256732102185,0.8588948184578715,0.8938794327367099,0.325138443720803,0.8477952203945011,0.6769023188960094,0.8182621248114791
worldcover_00368,worldcover_00368,4,-0.1840923883884256,0.602706239191871,0.60384970925974,-0.08109690099390071,-25.105499809082808,10.824212738093049,-14.719620149916922,10.5377504912601,0.6429994726922428,-0.2741082979307048,-0.4674709172594161,0.6531183552366504,2.755241735942331,-0.01939282448494312,0.9580452715336808,-0.7766701209221354,-0.1632777977651025,0.07713903438953032,0.12304821668507207,-0.16113828664879365,-0.6236049294331222,-1.1160400454741028,-0.6343357878543211,-0.3427919531449502,0.011063902737935252,-0.007596041447473602,-0.010588499369344325,0.010461815261291418,0.026924081613352645,0.17045186128443998,0.06859768192476912,0.0682021565494052,0.9383504290686551,0.47136571523270465,0.5871587226817147,0.9279006092627391,0.5628483663743415,0.8142503454237993,0.8590950479776356,0.8109769513751721
worldcover_00369,worldcover_00369,4,-0.35631992696488396,0.7646845741705471,0.7751923989730362,-0.12648915344228343,-27.120484578158976,9.69138488988908,-17.138520185089376,9.925465675407352,0.42661503244179905,0.09979060185806973,0.008249592383405736,0.3691375432018605,3.7972173531744735,-0.5617471456899519,4.185947601646272,-0.24241390535719495,-0.01649812725860192,-0.09354813190507656,-0.1034983241793524,-0.011048853264323278,-0.22823071817814136,-0.5757931964694897,-1.0826440628002212,-0.4759703245727095,-0.006116684950206881,0.011110067593328865,0.014364947785971428,-0.005657073369042748,-0.037613061567067035,0.09349684161722772,0.07851242234856108,0.07347250316123083,0.8688980469458019,0.6295669205154666,0.733740955300042,0.8681436537324798,0.7846773803281043,0.7445348198566841,0.6346889590782869,0.7519134571214867
worldcover_00370,worldcover_00370,4,-0.027484866053512913,0.6030819396855255,0.5663647245277058,-0.029475885020060967,-13.031150057838865,11.618537650659219,-1.662740637875467,10.562978031386379,0.1801009216359361,-0.07608073948335618,-0.16886655596040598,0.16146680349040618,0.1597469730638017,1.381003104685476,0.3289880578174232,0.6969752744044501,0.03351248945548044,0.022480813197759575,0.029908132501495065,0.055995601830092924,0.29776509993067574,-1.2761936846003745,-0.16460389973392625,-0.6447456016973379,-0.008496703599571597,-0.002814571899973406,-0.0022918525518793283,-0.010859204851316697,-0.03421873560015729,0.14634230435651005,0.01642690314898743,0.07461240501881282,0.7701172119810228,0.2656884020047363,0.3878238743807235,0.9351041108118003,0.5775855140843458,0.7183538458127782,0.10741665928091892,0.833054043198971
worldcover_00371,worldcover_00371,4,0.08988564101988637,-0.030818017622963968,-0.07860128389615,0.11958524133219865,-18.654843982584858,2.852926572463305,-13.657074804456176,4.793696339284066,0.0734001066288732,0.04823491096289622,0.03488457565831517,0.0676106719507111,-1.7643298279083244,2.8092673879372274,0.8212982084265668,2.6926897068674114,-0.005745188027282478,0.010318075615138601,0.00671504421393467,-0.00334839548641467,0.9923897069699217,-0.9518700611694477,0.03708937806865759,-0.9249726200639331,-0.0006133015459913956,-0.0023417684127285043,-0.0016041967613302738,-0.0006990282975062012,-0.10880988144625936,0.08411606586162172,-0.01933276266622947,0.08298798259417947,0.851007655638534,0.9087186794668658,0.860941831771385,0.806511451872056,0.49577814284040256,0.49189952310828355,0.6435444241439807,0.4869632242331887
worldcover_00372,worldcover_00372,4,0.07989607172462965,0.022509214327190545,-0.009001781010407963,0.11504136172659477,-25.146560231144907,21.916345914409337,-11.908575059646042,13.331471086953618,0.07727311021120394,-0.10601689303589452,-0.10174844287879123,0.0623015808385042,-0.00777234440923601,-6.592950481593412,-1.3869288362510914,-1.4706907355592196,-0.008799193888182438,0.05050332275787729,0.039881279942019135,-0.004672655521275134,0.4619701592740742,0.2438214473603534,0.29514386214867305,-0.16880688679213968,-0.00027737977591228187,-0.00531293878407039,-0.00400881345249769,-0.0005391713683352353,-0.06865020582398945,0.10397622924333941,-0.0159486327318125,0.05601772782735718,0.9116423704642069,0.5836624889944121,0.4710785783478534,0.9352137229225805,0.5048946517552941,0.9059167654833233,0.2038065490258396,0.8777854077271348
worldcover_00373,worldcover_00373,4,0.014400282897982524,0.4367833187182736,0.39880634899335754,0.036648738988195734,-21.42314400253684,7.905923616000136,-12.450819774762714,9.013120156399278,0.3065807091438587,-0.24267140622176803,-0.36989796173385503,0.378691657335453,-0.2288764239512124,2.442814776167559,1.2558562278616487,1.2404562009541447,-0.032277193489929586,0.09678089459027568,0.11248189351295662,-0.03210817495546431,0.7200066228088486,-1.7245017346980342,-0.364098872088011,-0.9392971691228069,-0.0014358099362237959,-0.009542954050832334,-0.009400909357925303,-0.002844446155270842,-0.1055361534311204,0.21450829124458792,0.02611342283654959,0.11548090712992205,0.9465135886973258,0.26948529106525854,0.31040974641279473,0.9872059517414922,0.8990532651702072,0.8516156034347508,0.33919505277361206,0.8161425754919781
worldcover_00374,worldcover_00374,4,0.046854710754613914,-0.08369767711018072,-0.14326529046802805,0.09975918179208573,-15.63743808932174,19.265269068316442,-3.4968553194251064,12.215839503687565,0.10667784365682016,0.12292138416142682,0.08121999925268544,0.09824645282730222,-0.8367167109681823,2.062584337230318,1.1357501368629854,1.341809012576625,0.015780912177848824,0.010779941889953352,0.009907837054043146,0.031100295048642528,0.7297791992179882,-2.019357701577423,-0.3008589474646213,-0.8641511739503959,-0.004326617187522549,-0.0038122823179671324,-0.0030430706895210585,-0.006182463143510057,-0.09073213872343742,0.24125351008104026,0.016719766948560866,0.09698623069606521,0.8415949707050802,0.9397027894268044,0.9295913209530208,0.8969518561578391,0.8615726214082835,0.6717991012695255,0.5934966628597659,0.5141837581726272
worldcover_00375,worldcover_00375,4,0.11603326019111591,0.22404656536651354,0.11086218544479556,0.14840093593705792,-24.539820378485828,9.968622698464383,-13.089609909172477,9.994548628898754,0.08494802306347778,-0.06604109065873284,-0.1060342395323373,0.2303389073719105,0.8940106266606866,0.8028297724343897,-0.6219391971038776,0.2713198794122398,0.029447598988379352,0.04969531878248444,0.04879577386745326,-0.007046410176919079,0.07294157516279337,-0.6246632003374715,0.35317908521861957,-0.25932252462590805,-0.0056531237219243705,-0.005688722386504674,-0.0049106349011488115,-0.003200678625191105,-0.03436733669148272,0.07519646159194607,-0.04501573784956215,0.03240440038035521,0.8828086786907215,0.4972631711926878,0.3240478549260285,0.9675012790849293,0.8983105510832445,0.4447828891535832,0.2969787971581149,0.4072657683066083
worldcover_00376,worldcover_00376,4,0.04090586897034347,0.31803335864661253,0.28001779543630884,0.020530563976729567,-17.62328497422612,7.2231809222517835,-9.790719197204654,8.618076032219472,0.2485887092711864,-0.27169163162184307,-0.34739000598589515,0.37406615679344407,-0.022477950740117613,-1.415996698183338,0.018092662510241168,-1.1014546432169772,-0.061022539838704905,0.08159963489364967,0.09766398906481977,-0.09602379526346261,-0.07868569877918302,0.3064500449390023,-0.23221125339825463,0.26862182739067014,0.0038876670533759257,-0.007440075727480677,-0.008385022311951167,0.006692099055708048,0.009667316395513161,-0.01084650182105367,0.03984708707924314,-0.013899013524703982,0.8749903025752701,0.544518454749786,0.6813317898135409,0.9647912108986083,0.29253864018091325,0.7241562462376543,0.8571435567453526,0.7017847571692126
worldcover_00377,worldcover_00377,4,-0.18379050073715048,0.7098751178745059,0.6863064046271817,-0.04205539551648219,-18.407021009222035,9.589285750162736,-8.635742033552132,9.78305315713395,0.2420343378690856,-0.29224810900077874,-0.35294002893247745,0.11553320011386417,-0.039974067819977394,-0.3900288111698966,-1.0212913729685653,-0.24325655686827496,-0.03629126669446617,0.0691639914689383,0.07591653270525976,0.009861518833881975,0.25981287502472294,-0.08609539662089914,0.5153226289966806,-0.015589936969342078,0.001031764281024263,-0.005714162789059405,-0.005761042745275929,-0.0032481104308960365,-0.039115191634015375,0.023144683090623248,-0.05359823591850297,0.00851555511197682,0.7804645159593245,0.48949574199430945,0.514432140549629,0.6108928635422172,0.9423370218142864,0.3924376047807039,0.4912623869332954,0.3640671215714346
worldcover_00378,worldcover_00378,4,-0.1046976913491233,0.6244088420362185,0.6094908795785162,-0.054726408660468816,-20.7551677243583,25.53582627794017,-6.315080994369621,14.105932653339684,0.2735597281673806,-0.014298444170327997,-0.0863725432030319,0.22084661578160883,1.4439712651247845,-12.327117504564654,-1.9368268660284873,-3.024762922974268,-0.004409248584811904,-0.03666187874424493,-0.049838909081050056,0.029772911454627474,-0.14326691442039005,3.4171416228410947,0.7934140169114325,0.8739171179163512,-0.004416900832701476,0.005484213996114141,0.008895538857258422,-0.008529485750124988,-0.014506369676829105,-0.24389518929947313,-0.08231973496667194,-0.06537173257121946,0.9482789113726927,0.5487269187841879,0.7437801468182565,0.9270492176227743,0.7564104453575102,0.8577356074252608,0.6434171305831657,0.8579474074798661
worldcover_00379,worldcover_00379,4,-0.07679090988007442,0.542738083862896,0.5177796422080548,-0.05631168721469438,-25.65520622047586,8.125501565779219,-16.496048705058016,9.138962085048096,0.4245198025245729,-0.2800163031807015,-0.4146244076213657,0.5037360750471364,2.2957855591502345,0.07403866289254663,1.8808888774577155,-0.5648742377836551,-0.08121231098459818,0.10804826577972143,0.1276280917469169,-0.08957712133152958,-0.32446072286007854,-0.7383794881839053,-0.6540154793381513,-0.25001876475013357,0.0034687338780630124,-0.01176258661041055,-0.012183603915301232,0.0032583041412924977,-0.007029776909777905,0.1138796553027573,0.0528562779085725,0.05142649717994074,0.8657915498728881,0.5109111933063906,0.578181620378021,0.921483248329366,0.7232017904399435,0.7009461824983579,0.3003955952016294,0.6877209258798673
worldcover_00380,worldcover_00380,4,-0.2226407958443254,0.7925000759688297,0.8184943712796237,-0.09874385815452459,-28.380736206241355,4.507059984344199,-19.976784276171855,6.42325134379032,0.2904689325907893,0.05996207680020878,-0.011288907438045299,0.2878031485699238,3.703717923581607,1.0162552713133681,1.578569017197809,0.9360167021238011,0.002768590455411507,-0.10280943790942533,-0.11666914105850727,0.01725724230226108,-0.5574241187893074,-0.21100098788039012,0.16199713002948837,-0.21457304746032138,-0.00628262058481401,0.013262224242542716,0.016550907629984173,-0.00805584802245251,0.006645672155229471,0.029854786197501763,-0.0479941439523314,0.023529820045543673,0.836300379342376,0.8471546329635254,0.8786344614655534,0.8587007990547101,0.785119843297526,0.7002590703845848,0.6100374668608552,0.6639999757117456
worldcover_00381,worldcover_00381,4,0.047584040163593425,-0.013991376328648587,-0.088569285743164,0.1556951313307794,-24.715341828560764,43.000292635217384,-8.49940882639685,16.569642812677365,0.355618429374844,0.26548938444327674,0.15576062548816888,0.31023927009294855,3.1464509368204583,-27.377971110852073,-1.300000472684876,-4.9009857258768905,-0.06813676125451748,-0.03372903162557049,-0.016005950266277547,-0.035759955096296286,-0.38036147776557494,5.817003608148566,0.11558542616192953,0.7154274773454359,0.0027578879579370926,-0.0004153076672192924,-0.001107777793411965,-0.0008924494337554054,-0.01015174731312851,-0.336982275014495,0.003312437544041705,-0.010309707159307884,0.9223744538491618,0.871707547571474,0.8039372303670146,0.9481960221785981,0.5589742720791175,0.9472899116155136,0.41672053937986486,0.9138332382808959
worldcover_00382,worldcover_00382,4,-0.37817047687833405,0.7374626632892727,0.7445229517691064,-0.07848133454381546,-23.050953786349712,5.928231697282733,-15.107875556775005,7.313208363484355,0.4606689907364376,0.04491072443742565,-0.023193851408977867,0.17482199051994,5.317021143720572,3.7533351000150357,6.255161785039351,2.4238291511658785,-0.05602317125075551,-0.06365634068782197,-0.07245122929188333,0.04413979059867387,-1.3250511905697195,-1.5861464450619212,-1.7333454083082074,-0.985599775344632,0.00020778193050312283,0.007550129234188741,0.00982496704943855,-0.008964555747242585,0.08195422503307323,0.15595896741930956,0.12510656696036543,0.09620587492185323,0.9392258836296928,0.7799442923612787,0.8620109498078048,0.9136485448360533,0.9433752828451115,0.4263633632260724,0.7417692441487934,0.4509620330638887
worldcover_00383,worldcover_00383,4,0.15781530226244633,0.21365148280606125,0.14498876464186264,0.1274815375606227,-12.011091442834017,14.952491226023918,-1.1725171149312827,11.653622564467089,0.2268115156255681,0.03769513054026491,-0.0753980877084863,0.3823992541976382,0.6778820067120496,-5.102933807402782,-0.8289881996020354,-1.7706275108484215,-0.056700452949478765,-0.00796213955316063,0.020827773303293405,-0.10142514854669547,-0.10821750767704745,1.5154117083944698,0.5439731327973488,0.5406657036523655,0.0036536891098627867,-0.00020421500496490993,-0.002166607167872815,0.0074350043303436555,0.006266295784944276,-0.11842276014861303,-0.05613617349599056,-0.04276763633095321,0.967082632507875,0.8614219286674145,0.8207713863071439,0.9846339763350717,0.29509831560060484,0.5860539249613437,0.7121955410832872,0.5533037502150213
worldcover_00384,worldcover_00384,4,-0.009688927226728181,0.39656199751929777,0.29667888739795384,-0.006785201162777251,-13.791006768805412,10.81427529521552,-3.366523299932928,10.373293967735654,-0.01794649396497701,-0.14920681505833563,-0.11668268437423404,-0.01949640630286085,0.6103900342864002,1.8444257580867172,2.00739839108087,0.5296172451347961,0.0819649254714621,0.03496901422448742,0.011516356735905543,0.061425040199852704,0.01735167300191917,-0.9113670939163411,-0.7017077237199445,-0.30127000867931214,-0.011068042350602894,-0.0021646062824686933,0.0005204961682208849,-0.008250434873531566,-0.01426380080654453,0.10002731991315876,0.062259732508453854,0.034672097229925834,0.8493339063750578,0.24927753933596175,0.40645906605100823,0.9348411925557866,0.7906763383293035,0.30516525295458286,0.5965049497765249,0.24081236411833284
worldcover_00385,worldcover_00385,4,0.11412772093510656,0.04412249978067291,-0.02084094864513845,0.15071173396074444,-25.14347328475662,6.616680533309375,-17.086951004579507,8.206555852056736,0.04591719674513616,-0.04623147886660361,-0.07319614093839398,0.08046392522870527,1.366010674343411,-0.27279018489612866,1.4533490211275568,-0.2054877255348129,-0.021573465619999867,0.0007708735796280159,0.012241863758500754,-0.037416513009375804,-0.5790438124457312,0.13174281685686526,-0.44795542256403775,0.1066348672934797,0.002107284849219661,0.000619399267239403,-0.0005528823698334608,0.0037296073078507143,0.05109731995088801,-0.0008891703067601711,0.034359695900779065,-0.004765553647104968,0.7007897248062522,0.9664921800250319,0.9802553230133375,0.6733680647846123,0.7288766100724,0.9345235519339243,0.14347960222880307,0.9238075983075293
worldcover_00386,worldcover_00386,4,0.12484585311224586,-0.08047151193022793,-0.17481701900110147,0.17030235086426515,-14.912207165182103,10.056419322081593,-5.79041704530582,9.884561620549228,-0.041216702069364154,-0.13020708927115923,-0.1171753006425518,-0.053300461598804694,0.6248796540859181,6.158794367914861,2.4660790226920435,2.2047435547060594,0.04821936248782193,0.0811434985870228,0.06518928571080061,0.0662433913872613,0.045078423615031324,-2.134747205005061,-0.5406342267208468,-0.7560834980977397,-0.006047313791000799,-0.008915247731945578,-0.007052352499085087,-0.008216110029906938,-0.022699520897814098,0.18765112237133433,0.02986044082071852,0.06665137460318131,0.9355439129452507,0.899423539482514,0.8886808352828715,0.9592345552998154,0.317752849078516,0.38924107342698433,0.3978127272417853,0.39182924994755886
worldcover_00387,worldcover_00387,4,0.05892602732496935,0.16017790426584733,0.12034775982751952,0.061389907065666355,-27.074265776968243,5.374325811910239,-19.72662788838138,7.253363872431907,0.08262495272970428,-0.22236689415922894,-0.2320865241899371,0.14807211678652507,1.027247882919789,1.2914065914286408,2.754055859595915,1.1307786828000315,-0.01752930678146619,0.0633904903399398,0.06237583741287636,-0.03699021846120483,-0.05804740873936317,-0.6479376064460942,-0.9316637038738517,-0.5765356216761911,0.0009127960670395901,-0.005303512339132144,-0.005002151271610543,0.002599854248039644,-0.011812898589435992,0.06733335141654045,0.07971186641059885,0.06026682397670486,0.8359494909171266,0.7649060781970725,0.8075197484616627,0.8187883620228827,0.5721514313010286,0.5102827249204152,0.5087297376644477,0.5443576057881365
worldcover_00388,worldcover_00388,4,0.09385715791498139,-0.1728657087254698,-0.2628049048962011,0.17660830666621577,-25.88176628311728,11.274692453777693,-15.608782605786745,10.834510511433992,0.29261987075792334,0.3999369782986971,0.3583502702355852,0.3304757789841715,2.9118743668926608,-3.729032084012691,0.12017218012192743,-2.5404913262276874,-0.06761969820027891,-0.07977590266538542,-0.07803469597970758,-0.07089710980653753,-0.1201649308006755,0.5105940382468976,0.39877827627546025,0.342798023293399,0.0037614784432523055,0.003327504282516206,0.003860350604159656,0.0035385948916276254,-0.03936414295839348,-0.010749436676039592,-0.06317755364917199,-0.00476667604875354,0.7170411715845029,0.694773635806913,0.7018529741826323,0.7092776604637288,0.9262759484822749,0.8399371480463875,0.8050290296836295,0.7903286216299817
worldcover_00389,worldcover_00389,4,-0.06889586477618817,0.5775717913991559,0.5358257230484108,-0.0161406082863147,-26.311780651504048,14.836389483418264,-14.539348608904588,11.849102921763942,0.4230653076105836,-0.3800251698860565,-0.48558526554159603,0.4571007421861078,2.489397418516776,-2.9099219581123523,0.944982231966937,-1.2215280624319236,-0.11978951311998744,0.09009640027660037,0.11720886278607226,-0.12917297306063344,-0.5712308276976418,-0.09447908050627836,-0.6312212295072291,-0.12108350052355234,0.009079845047107469,-0.0071170232587992426,-0.008986861256863724,0.00973518966048051,0.03105647782930845,0.05897064450935781,0.06815717872600269,0.03719410026414332,0.9811384162390472,0.6896569583986654,0.7649501565277641,0.9780973173302626,0.7816761240332579,0.8374302494985251,0.7856074847561169,0.8658415411495399
worldcover_00390,worldcover_00390,4,-0.32354672411788693,0.5782259671073969,0.578431736367444,-0.07785408164967121,-23.866510230126632,5.737168102041247,-15.251997229280075,7.508857523925789,0.6488774486154326,-0.11867652366322229,-0.21909002025818727,0.3853501611581394,1.657573245028046,2.509206569953958,2.100756132231471,1.5608333645045849,-0.1427515342792429,0.018794235583894908,0.02330756781711492,-0.049700931529010485,0.16712266877924337,-1.158968118923464,-0.2031792461956977,-0.7387281299308327,0.008374483859050975,-0.0004745702249835438,0.0007461740687075338,-0.00032545972352076294,-0.05118342313689787,0.1252425237904106,-0.007233913742644676,0.07929993450354511,0.9521079614576098,0.12288343884235875,0.39304336661799777,0.8771838410643413,0.910197553619949,0.3939042354522091,0.7584796227124124,0.3127079235495147
worldcover_00392,worldcover_00392,4,0.0074420371499643,0.3987864886946757,0.37071419654018994,0.007371765222738939,-6.879446165926847,6.051568123513425,0.6958224684272889,7.653141214627557,-0.0186529461056317,-0.0003943731490941868,-0.025505695728556023,-0.004944135043178608,1.0510149031701672,1.8793456672252282,2.2266064795287197,1.218766095443402,0.023087227975028372,-0.053046135901114594,-0.05861204556185441,0.02190734897800658,-0.06862101059910311,-0.3824518612288261,-0.2667040402825904,-0.2392298366766121,-0.002841890376894871,0.007453040337434623,0.008624451479526484,-0.0029512611264833287,-0.01473355732091068,0.016971935742401238,-0.008095588923926497,0.010148457602624804,0.8521149433354082,0.466480618913526,0.5473043372704989,0.919076588303669,0.3132127791626842,0.4916809072787398,0.2077376487702417,0.5658712660273173
worldcover_00393,worldcover_00393,4,-0.18386744546268327,0.7703239335255199,0.7910347163225668,-0.09817246948792185,-22.13395889229059,5.7137913376530935,-14.689369450564373,7.502687338742898,0.33939758237316514,0.10087405813355158,-0.0003336647022821836,0.28348450378573975,-0.9434294556465354,1.6652833498393458,0.3898504927855452,1.1591943853611648,-0.025844970623792235,-0.09376357786067087,-0.09754275857950684,0.018665720556975546,1.098897238536519,-0.5814996264613719,0.6355958357937949,-0.44637697963406675,-0.002730644446948351,0.010995997134784236,0.01350235801679317,-0.00814407169372032,-0.1332729929400091,0.05028532444958079,-0.09229816770296483,0.04084336053942146,0.7713621798874686,0.6667352282938215,0.7631804411022611,0.8891620030574691,0.6336652815762458,0.08122371372238191,0.7126126812895806,0.07900333477611687
worldcover_00394,worldcover_00394,4,0.0716511278515212,-0.024828982391309953,-0.07054416400690862,0.10260579622153067,-20.680450536464356,16.91722273287297,-9.480215898564241,12.292611245130567,0.12540154792060182,0.09526741830816865,0.0772711327742961,0.1277193305274798,-1.0030974827016632,-6.041886582545778,-0.6310722239857288,-1.894831972414274,-0.0020739462873933293,0.0007507576359218673,0.0016875982040628643,0.006439232335978255,0.8564228384786621,1.1181373327117097,0.3060951468472156,0.25017574690559474,-0.002063485221225703,-0.0017748220007622081,-0.0016914533916860875,-0.0031182581577638216,-0.10388578341670386,-0.05806356524849978,-0.03563434760750035,-0.004088845215579893,0.8608761316664104,0.8209883021052878,0.7409725020357649,0.9066318717905797,0.8842471290352707,0.9447443177847605,0.7096364577610987,0.9303086187895216
worldcover_00395,worldcover_00395,4,0.061707623278002985,0.22431600409926783,0.10206887961337045,0.0962487226634318,-21.339026963939247,15.249438056793247,-9.340910209974929,11.89869752516461,0.24605855512470165,0.03446020656043566,-0.04545333339936195,0.3339609325759933,1.1060910227968324,-0.390472569410903,0.6919116254603073,0.004243580769555433,-0.03376972205063302,0.012877933781803748,0.025563890130553428,-0.046053711163662,-0.27672481517835124,-1.3247909464532353,-0.8500791895095744,-0.7028094293247084,-1.2212299192063678e-05,-0.003337489017708742,-0.0035385355503872225,4.564707327369048e-05,0.009413685156046615,0.19424688795966416,0.09886100778076133,0.09918143011278871,0.8391048571775775,0.5885890430200291,0.5029896392510926,0.8607100961593562,0.5148675532031457,0.9362395684890487,0.8718226876149056,0.9086170533381307
worldcover_00396,worldcover_00396,4,0.0691329981862779,0.36883201483975614,0.317265248716328,0.07434562830762474,-25.72524173288165,5.21318290390454,-18.55632268716871,7.180606777835041,0.19399142012689893,-0.33789137070850644,-0.3903201037485677,0.3472240016987866,1.0798206019493735,1.652368803050539,2.3016728285811876,1.3344851576213794,-0.03817749476183697,0.10163861963881805,0.10838124470067607,-0.07409753732673521,-0.22061372454047745,-0.7269562255593889,-0.6935880097030656,-0.6182113334526674,0.0016738466334887316,-0.009182040005771797,-0.009145542640577658,0.004162819416384497,0.005338839507246555,0.07071593787777156,0.0501212334640419,0.06139351693794552,0.9683885868179688,0.7020923403594301,0.7696957162104605,0.99798066150202,0.392477654938313,0.4692094937079827,0.49506831933752604,0.5482433031862612
worldcover_00397,worldcover_00397,4,0.08562306440833733,0.015591693668146861,-0.03581852543125408,0.15552090717987627,-17.493627815542663,7.637662542872738,-8.898052346176817,8.527725776884909,0.07719885767315939,0.11025332656341563,0.0655944888957678,0.1165309592135366,0.7706723406481024,0.18384445020676318,1.711425737583039,0.41202060613836816,-0.027142992837867655,-0.036051218505763274,-0.0245471450311078,-0.043065923423349056,-0.3034472495678025,0.055424251732200745,-0.5392477018319553,-0.06938481188153112,0.002388667093006857,0.003125562813518699,0.00229531554272986,0.003911872892969789,0.028177438426099363,-0.0010122150316919099,0.04731422901200948,0.0072461488281691045,0.7974575509784584,0.8118334619648242,0.7656851780996246,0.708331450462595,0.24175910497159336,0.27284710036792403,0.42087981644424177,0.3074701962829207
worldcover_00398,worldcover_00398,4,-1.0235785656692478,0.7963220439286854,0.8184979959870836,-0.1096289357396239,-18.88469847063453,4.721832458006118,-12.725835089079256,6.843880062146531,0.9946819856363632,-0.022791709551322797,-0.09027939662337414,0.19020307556696467,-2.8884449671253978,3.548016637729141,0.3606479735140764,2.176893078248546,-0.19703627181169267,-0.06581276687450711,-0.07807572655282984,0.022428713959149957,1.4110971364628073,-1.2295693387368734,0.2434899176997747,-0.7537032516238309,0.010803344928362407,0.00931070687136413,0.01241470218607872,-0.006912346542436604,-0.14829979206754695,0.10891000891272462,-0.03808536677335834,0.06728849496408076,0.9968414539826987,0.6149672282898319,0.7575808117531422,0.9042632927085447,0.6947269249241861,0.41533825741220254,0.411651488624559,0.4254560008558156
worldcover_00399,worldcover_00399,4,0.07022851775290193,0.1433228895519707,0.03196363927881095,0.10624807305408233,-18.377623336039143,3.7574529175280755,-12.279703177213062,5.6895397416155165,0.035562458422402625,-0.22504720189386787,-0.241208275925138,0.06516160472991002,-0.2765667672826467,0.7909869764762405,0.39523655737266056,0.8123465343971745,0.028891127609200144,0.117712292324316,0.10689255681283982,0.04480083388361061,0.06016063043384606,-0.34634707084128397,-0.2222665183437605,-0.35559083871613,-0.0048179147689194545,-0.012842286970805028,-0.011075576242280534,-0.007478222288567612,-0.007173802340371431,0.03873443228423891,0.022249020782723644,0.03954512085965479,0.9531133425658421,0.8522990421956964,0.8296613993602162,0.9788386128397529,0.2301213881313009,0.3934718078831513,0.08399766671015296,0.3666741169012532
worldcover_00400,worldcover_00400,4,0.054748043166506576,0.005516942364700299,-0.09640481464113225,0.06935883403727586,-14.559909297151481,16.937539773194658,-1.3398571666460262,12.51966960079591,0.323561358283297,0.25545234534712,0.1586451857602072,0.3641148581509545,3.5354953285519266,-9.621383040261847,-0.8126171069763133,-4.375536718040801,-0.07238709487882088,-0.0532165314776426,-0.03434905014303198,-0.06546151192931368,-0.6610051041565245,2.6236218470990855,0.32740415587956717,1.2384256859061877,0.0038553145907057975,0.001813252936258445,0.0011105395364339797,0.002282420530764727,0.029298162405817185,-0.20343185735565045,-0.034461118564358816,-0.09715165629890277,0.8067397720651325,0.8124157247951687,0.747005342054005,0.8334875745547435,0.7494189714882623,0.855757070326102,0.09288761648917276,0.7517923775920468
worldcover_00401,worldcover_00401,4,0.09770691600347028,-0.05540879787594965,-0.1585421439147353,0.1940105823856416,-15.90427459876399,2.402891429334971,-11.542633850333509,4.124120280324305,0.20996553566409176,0.28502212478114,0.2106789278664755,0.28749806481221324,-1.2224332137085996,3.574374466023229,2.2079404962850435,3.785290474701025,-0.03628389179356362,-0.03998101110775743,-0.03129119690088342,-0.042236833667858256,0.5082545004842959,-1.2406432821286075,-0.7219155126961886,-1.3312790681001563,0.0011505556235201922,0.0006827199267166979,0.0006879792464050272,0.0008107302616340885,-0.05016669216474205,0.11107462968721739,0.062155009437951145,0.12020993928740785,0.9135186587596074,0.9402423907596704,0.8921971119886113,0.9506862475501136,0.5395123558990939,0.6601077276163112,0.4472710908084814,0.6615728207998341
worldcover_00402,worldcover_00402,4,0.10460812306930815,-0.05708633081027935,-0.14049686807574632,0.19200139763680377,-22.350592806101496,14.255241394379679,-8.87101277985273,11.493441123952863,0.10897994084265747,0.09361781270080588,0.017002156033875296,0.15823905601624444,4.88442069728761,-0.5578538875302049,2.190911413629671,-0.04613429567374592,-0.019441187165543997,-0.01796341026040569,-5.196040552668108e-05,-0.02392776961966508,-1.445329882466564,-0.613503464774605,-0.8427158133110889,-0.2985753081978599,0.0006464754848196837,0.0006639449386810347,-0.00048454137838850684,0.00044059260475514956,0.11467620221150499,0.09622891384658358,0.07611372431977187,0.0428476409540771,0.9758848171067351,0.7762514728320481,0.602075740706389,0.9442005690261455,0.9604017743811294,0.886602476287035,0.562007111734883,0.8926884561927525
worldcover_00403,worldcover_00403,4,0.08935766012546728,-0.059988900341770686,-0.12631754452983515,0.15116003855611357,-18.926146627796072,3.423552184020317,-13.791862533261407,5.365506883710594,0.09051504693677524,0.08357674531668155,0.04015813037634814,0.1397789329408649,-1.4693759461683222,1.5151605102702714,0.05194626911966962,1.4484443555997737,-0.02492344631189138,-0.03158145445475581,-0.01896355514015463,-0.04198406983441081,0.3980609686571858,-0.48982153150770985,0.033955433153727475,-0.4546625623334497,0.0016888753871368179,0.002681255712164467,0.001780441858702231,0.0031228445545591456,-0.031330935813450485,0.04578344557803568,-0.005505435020947464,0.04190423757989963,0.9734094110730201,0.858613568340862,0.7202413522901525,0.9644793551293033,0.37861018437171323,0.46549172028314556,0.14969354430993564,0.45286384619213194
worldcover_00405,worldcover_00405,4,0.03472669627137209,0.3596211083473236,0.34241846100794004,0.017371574811864632,-24.447781825815905,26.18447209588254,-8.7817517355705,14.281538925760112,0.28995872137211176,-0.2026095667000235,-0.34864486039095016,0.4481523706917712,0.08060537946529445,-8.12143414251366,-2.7945342094345125,-1.9930580577256785,-0.08678653140944634,0.03999573188970966,0.08269042619383074,-0.13559034063573494,0.050187342214075635,1.073498562965615,0.49588488087781013,0.24883886889488405,0.006763359518182801,-0.0030577309803585646,-0.0063580882111140885,0.010851651392500791,-0.012008937783995755,-0.001760007148410824,-0.026708082355548144,0.002299142697146497,0.9424779169801073,0.6698429700262084,0.7752365790552684,0.9516401088991874,0.08678109267983058,0.9070945607879424,0.4749847775089472,0.8973013227727403
worldcover_00406,worldcover_00406,4,-0.1199080161770141,0.8179916152448368,0.8333918271642744,-0.08141955380525533,-16.98704973978033,29.14941008537967,-1.729169187783935,13.947455716662155,0.3252812064403845,-0.10192119158686191,-0.2174308891629893,0.32433131370427326,4.431605729178028,8.947972253467116,5.770807846854662,2.3259127463239526,-0.04791560540083731,-0.027680827909475736,-0.015681606995594885,-0.016127053978832667,-1.0940761340019949,-6.340714531756692,-2.4858142719287715,-1.6011822768904165,0.0011040127811116425,0.005345356697686995,0.005596731366081669,-0.0035921939874463097,0.08223803317668126,0.696873285979902,0.24012011365814423,0.1764292334751823,0.9253268229021381,0.7310865978314478,0.7789814248854136,0.8827482094259869,0.7856342333253701,0.5277986248508442,0.8569685841554109,0.7363658311135044
worldcover_00407,worldcover_00407,4,-0.05677374844317595,0.6347678079072278,0.6189040524715728,-0.08847213844472339,-22.991886124124147,8.22736359953877,-13.031118105307085,9.071116593464387,0.33432130071594,0.0440370666217939,-0.10041850311533833,0.4399688675702131,5.287689814405294,-1.1961194816140899,4.899883733823784,-0.6279573815322639,-0.06462783626833452,-0.07382743408927653,-0.04341703769448511,-0.06403700377362728,-1.2511602597781892,-0.042945446696702035,-1.76288338499671,-0.08822567389913068,0.002641346489784435,0.008593159501977032,0.0069553571931942546,0.000766320171121568,0.07305927056286517,0.03174371469213976,0.15964304377186156,0.026489004614964597,0.8498220726591268,0.8504188134119285,0.880500922619138,0.8215010856296407,0.9654847194309045,0.7240024125812079,0.9361609936323447,0.6954341901170246
worldcover_00408,worldcover_00408,4,-0.22591301750275902,0.7132158514225129,0.7294600581129405,-0.07836760668027674,-23.64228580849585,10.288881551130773,-14.072429541967445,10.17062375620369,0.12951480704010548,0.11724724230312045,0.12554953321223059,0.011850312658926629,1.058925735679023,2.823527268645471,2.5783075701610536,0.9118552369723649,0.0769349433208719,-0.08128344970735094,-0.13068594215881224,0.12049318490362428,0.699753948898738,-1.6356587287206985,-0.16337766400759587,-0.6549406851532947,-0.013230474132027808,0.009095827512668827,0.01591014468835458,-0.017336177927761733,-0.11156440658043891,0.18579675901788675,-0.013214109423999797,0.0788093848303111,0.8659988744260254,0.7477408939203642,0.8814899593724108,0.9070258473607133,0.7908963374307004,0.5006686808943072,0.7316193800785686,0.5524239699843336
worldcover_00409,worldcover_00409,4,-0.19736990709448843,0.6640924779754693,0.6632821647111654,-0.07056705433536521,-27.088357509873873,3.4386032481688336,-20.942241845554033,5.316499604559529,0.6935530356496146,-0.05005538348285938,-0.27834774912261007,0.6263206273997336,4.660063050224671,0.5656524763196102,5.217535615407568,0.6241395049454445,-0.18227434868537892,-0.018511123834298752,0.041513466792285854,-0.14903625448383523,-1.2355941524789793,-0.10085081292630145,-1.4691436444673396,-0.10530780919728555,0.013159882659392316,0.001923431839906805,-0.0024826048515887494,0.009881325639934836,0.08666573500526757,0.0018857620464020105,0.10819880034002236,0.001178574233404535,0.9049886908007957,0.7969266461558003,0.8614039436069597,0.8758860234440148,0.8034926903413373,0.4854892148106016,0.8051646166782449,0.4855763772199295
worldcover_00410,worldcover_00410,4,-0.09423679924814421,0.4986972467917378,0.5063771831266793,-0.0526887724726368,-25.620454131319395,10.128091324634074,-15.36192140544981,10.193242923312921,0.44453224755304493,-0.2890171416044699,-0.47314893380398665,0.513683953109965,3.347388021862078,-1.452463521632116,0.7980478732959143,-1.2366907721872273,-0.08908794095274696,0.11812726728763276,0.1534220421106202,-0.08998037186588308,-0.5304998265834087,-0.278692952173302,-0.0873803310967706,-0.0861686949721033,0.004385736682473425,-0.012717638776233098,-0.014505483275937904,0.0034197322363409997,0.008049212255145384,0.06678105654340394,-0.006240636453792096,0.0363973525225992,0.9368661343314498,0.4674561862221306,0.5557590698948103,0.9648624453850112,0.7870056373737017,0.628849947156963,0.26625193056716845,0.7061767100592333
worldcover_00411,worldcover_00411,4,0.0308782874978399,0.27102340803001845,0.19625969377882543,-0.02310334230688514,-8.145279279556926,8.554386238996376,-0.23938485571109655,9.379666160892663,0.1962062185618608,0.07316568428798338,0.027962589858188475,0.18943659179208355,-0.8847475777545113,-0.3613764304844369,0.5291841370548003,-0.6209953940042101,0.05652889497342285,0.023758281207768413,0.01800980884984977,0.05583588725351011,0.610939374308129,-0.24001495201919676,-0.17508612206893656,-0.016194971897777834,-0.012180983578923771,-0.00546953591960247,-0.004068682450010924,-0.011331334126868632,-0.06679263658508901,0.032992810164559405,0.015009753751916698,0.009109483716980865,0.9254907041771745,0.8058415167813296,0.6440340364312029,0.934740722423403,0.20978688347584473,0.4869627965773726,0.006035174700449897,0.45777400532325985
worldcover_00412,worldcover_00412,4,0.0964539827939941,0.2980759153989226,0.21475325626405753,0.09843334634647327,-23.479793740638733,20.29799250802142,-10.918365343278571,13.50638819647478,0.26666789412455016,-0.07868193372315341,-0.18874998316760067,0.41414814735097444,3.9242726128434704,-10.81484711947778,-0.4676451073867529,-4.830427100345249,-0.07651024267447519,0.008279199064890627,0.03982952675778105,-0.11931305601225249,-1.0056252948316495,1.9983646567569817,-0.04054838899467848,0.9286767870043042,0.005636462562727798,-0.0008479696039975852,-0.0031288608043181726,0.0089950720130494,0.06222340570573661,-0.07892050412593148,0.012885367091096537,-0.038182543254602526,0.8658592923896683,0.7582929228977837,0.7976204803382358,0.9093092901253836,0.7739742652831374,0.9662103479514665,0.39758055172193096,0.9050309704630277
worldcover_00413,worldcover_00413,4,-0.2668096371643718,0.5784976965550204,0.5679420849139023,-0.010126915167677542,-26.503210143461533,10.37425637053031,-16.668513021623912,10.20883090155825,0.4570650065048605,-0.6680512445727496,-0.7278074296930465,0.3067345580766118,0.2238001125773152,-0.6410071318451124,-0.14054473929846678,-0.8645574177041364,-0.11534931766243159,0.18063238260711134,0.19620379689451906,-0.07473998124916818,0.10472647889158848,-0.4381005595135295,-0.046304900943562134,0.0018636634992815469,0.008402880388681718,-0.014423557679460484,-0.015663509642837005,0.005225899469370784,-0.017176335825834627,0.0843724161116667,0.01483781687116585,0.01995721132870713,0.9090741848794524,0.8685252040080347,0.8810645856878245,0.9148060845650838,0.21064126881961187,0.6056274374854429,0.1610661052183724,0.5480716780645498
worldcover_00414,worldcover_00414,4,-0.23863664188928754,0.8157661268205353,0.8161630839899632,-0.07670622166584898,-24.7843086488268,1.1857364771988381,-22.771357206752718,1.5216319677770385,0.07470479090121349,-0.15406823542619558,-0.1892974929337113,0.0517381788896673,-0.20833202618889493,2.898484893622426,2.5312492439856125,3.802869020850104,0.08654846427487072,-0.020404691658752704,-0.044701024970579935,0.08668456585206945,0.14541652772822047,-0.66345607222748,-0.33550983322162387,-0.7622201190644387,-0.013878783708710589,0.005551352005715317,0.009680498414908095,-0.013321500483222977,-0.01629150480849385,0.03776604934463885,-0.00011617105247774944,0.03489541093663198,0.9459479025361357,0.6915352671969539,0.8049358421222527,0.9437678881944127,0.20683778833758204,0.7762484145128149,0.8284058136814603,0.8687792747611099
worldcover_00415,worldcover_00415,4,-0.18616700654375581,0.6110063068794486,0.605353730138053,-0.08132292358486935,-27.456012164009078,4.4842962775918105,-19.633800804431857,6.417072040421273,0.4158880570824144,0.027530189721829204,-0.07580081284016726,0.37630980707231965,5.165277511868662,0.9021373161687024,4.461012831979118,0.7640405950909653,-0.05674320526969196,-0.05506631115943295,-0.05521126509970626,-0.022963041211861435,-1.1527010325551181,-0.19420747559398685,-0.9832610153803389,-0.16795384259033755,0.00030647956278858924,0.007364551188668798,0.009484492557480757,-0.0040335213304544355,0.060912037176653,0.02914390056119079,0.06049571499465627,0.020878223276915096,0.8865213804381723,0.537424957104372,0.7522799945613574,0.9003183418925418,0.7844809329008359,0.7904208505518325,0.8677622254878595,0.6771030658847533
worldcover_00416,worldcover_00416,4,-0.0597307839364541,0.6324718881285549,0.5999818288467129,0.02182190046843294,-26.484249339171775,13.222816962547743,-16.985788307086754,11.123955717583058,0.20961769326915847,-0.6641224487610741,-0.7087942267812417,0.2028449107818892,-0.021553571220180152,-4.159841358659319,-0.6435943634768893,-2.1205719002180543,-0.05946007353485548,0.16508822229759362,0.1817218047844896,-0.06291665724635892,-0.018285980605245132,0.8180713394718528,0.15386889034386395,0.481611772050833,0.004712147135592355,-0.012161250828266733,-0.013804324084159082,0.005281140077671015,-0.0005952396771056996,-0.037141620367932004,-0.009410669197941458,-0.028412014736945497,0.7845814013567587,0.8751091566654056,0.8786628620072063,0.6826248779399371,0.11258736255185275,0.34913648155839183,0.02040528014480214,0.23132995685439928
worldcover_00417,worldcover_00417,4,0.0003532195619524662,0.6152041227077002,0.5895903092442151,-0.023051363246685636,-27.395266038885037,12.936429143028318,-15.989198928885846,11.1433852058272,-0.009054711821395472,0.10673731556605594,0.10898745716327529,-0.009349609252123654,1.6043607420136088,0.5399855837829094,1.4628223689298585,0.0882695368281421,0.08031382804212053,-0.09286894871816974,-0.12957803584490074,0.10370821603654479,0.2809747968298325,-0.8431022025664722,0.015276119390557933,-0.33822204605260625,-0.011687310122585937,0.011130328939268066,0.016420619985596675,-0.014691478363473454,-0.06840811832323318,0.1209108355903443,-0.026789974485626967,0.05052348766039949,0.9444364198263036,0.6321533110502717,0.8112365909011703,0.9131206556388468,0.6924204743355531,0.4465020633929462,0.8677166772733567,0.4141731872476413
worldcover_00418,worldcover_00418,4,-0.04421833876946557,0.5296369683223229,0.48035751881472816,0.0032284778514605826,-22.389383941599796,10.764992811408225,-11.32730170409441,10.849089498959028,0.36219616912215213,-0.40366380928557216,-0.5052229014580082,0.4595419926391459,5.098074542988512,-2.9493817464028194,0.6232148091730726,-4.16103608652158,-0.09546697977585278,0.10826449061429429,0.13144723511829118,-0.12327077232494735,-1.637454116810903,-0.22604110883620496,-0.7762557317356954,0.8068427531271112,0.0067619388982349555,-0.009207346022712306,-0.01057153100599393,0.008794075244981221,0.12420094700092393,0.11485496623707535,0.09618361561200388,-0.026915701990119133,0.9667458650404785,0.6906535184780973,0.7560831965430276,0.9582392914529523,0.7125664653568451,0.7918228573376789,0.6093668433343993,0.7030997808338348
worldcover_00419,worldcover_00419,4,-0.09875255611219878,0.6840244872551967,0.6829112149549239,-0.05596764114769869,-27.3575897165969,8.689847943323365,-19.30515649363429,9.448216292055971,0.44903308540085646,-0.3778550613908064,-0.5631302144260151,0.5893414918155883,2.9768648412305434,-1.5208534718598703,3.961291510203655,-1.1616492345083582,-0.12061163867200005,0.06144019019955293,0.11715291356627548,-0.15300190497141347,-0.6286937881092906,0.18379892495146605,-1.103592108731088,0.1857866830310702,0.008700691788805698,-0.0034178315445479754,-0.007733072840956724,0.01083154524817609,0.030619277043606136,0.0008871202776433933,0.07922735786688728,-0.0051265720079379,0.8886823900943348,0.6333932963476192,0.6990868385512397,0.9392306306637548,0.6870220154658327,0.5026706628770192,0.8130245519563692,0.4934625837195017
worldcover_00420,worldcover_00420,4,0.0587632377581377,0.4284475292361358,0.3763744376148224,0.04711626520888415,-18.27230444719296,7.038219172848284,-10.347962940508461,8.468674175830492,0.12175773228259232,-0.3952362051617996,-0.4281588472603321,0.1841998042479626,1.0046197016845424,-1.4715018560613826,0.27169258835154947,-1.2500671780013093,-0.033562903928165994,0.10151156564737006,0.11049821672082183,-0.05230485366504164,-0.2334176125756078,0.021185622297692476,-0.29070230509491346,0.0682446364861098,0.0024815775448280147,-0.007726453718578791,-0.008447165629177371,0.004053098337743615,0.012514211867662226,0.031563432197630074,0.03893150383386523,0.018175282110415834,0.9689912806998705,0.8471059437899388,0.8736928607284871,0.9632465805860371,0.739866596267776,0.8390479768645629,0.7325481958269671,0.8363433716694917
worldcover_00421,worldcover_00421,4,0.1464111783980946,-0.009444565596905605,-0.059983222886468436,0.21926162448344821,-26.008236891641765,10.741324106769639,-15.781647827853845,10.373891855866887,0.041020653758178816,-0.009362901354001599,-0.01672310024381622,0.03060629889960311,-0.44330187233320756,-6.221097129578447,-3.984592784161025,-3.8220392969345247,-0.021941304903983296,-0.0032458584271855355,0.0028397842628872967,-0.02600971038465376,0.08322164065713575,1.860267073222667,1.015877176032714,1.1722303887316052,0.0021683086888381366,0.0005850704349201158,-0.0001302434677126404,0.002908099536793403,-0.005453928135621754,-0.1533216619106118,-0.07113263999155785,-0.09742766307008796,0.5879295430972671,0.44720204409699127,0.18180717054934814,0.7200692627861818,0.22621976711976344,0.9650089839253896,0.8391193218366229,0.9423420583591056
worldcover_00422,worldcover_00422,4,-0.15734332212947177,0.7676698154572287,0.7972790660957494,-0.0679456285963009,-13.99122122994062,14.10467458065714,-4.481105215707056,11.44607569240366,-0.00031964168368959253,-0.15759113986813883,-0.24493101971697048,0.07358340582706911,3.2898222982245167,-4.862363399558098,2.7443348295970673,-1.8726747393987397,0.08278785239633817,-0.00500434666097929,-0.004547563780631211,0.06355757433396969,-0.6843414049329614,1.259406860173908,-0.5181740057984519,0.47906474082511963,-0.011280263032301546,0.0036832332009016843,0.005136168924056814,-0.010562738328419552,0.03266759710135693,-0.08817737726422104,0.025043917099218282,-0.03265100809650246,0.6930931265557918,0.531554477001912,0.6764385056764333,0.950561208050256,0.6593870614480344,0.5417266877805269,0.3639229330986724,0.5139007134709862
worldcover_00423,worldcover_00423,4,-0.39323673122082275,0.8303833933490707,0.8442881077979567,-0.025145680248512874,-25.823831643283917,8.410671809204311,-16.214648266023573,9.292042594252047,-0.05490345424680195,0.13211086744235434,0.1870370711318183,-0.18013760201366721,-0.3750578168817487,-1.9982206845772594,-2.3287268942606834,-1.8200273513355423,0.12324712991852477,-0.14339481168769222,-0.1962837758776426,0.1460550048658662,0.7596964178479184,0.8592193759795655,1.5141067346348271,0.7191030380635528,-0.01592156052237488,0.01758186954703894,0.023986775404538453,-0.0172421236691827,-0.10469959814439488,-0.06856718134957746,-0.16809188003885936,-0.061154071823645594,0.9631831795054063,0.7258701794297637,0.8023601839197039,0.9357799156399365,0.7042507911547835,0.4455349634455704,0.4948114270114454,0.4568302527262267
worldcover_00424,worldcover_00424,4,-0.006470597433014523,0.5623411922292275,0.5617421606950682,-0.01863669654862461,-18.369493513211797,15.235683789193438,-6.765058773803981,11.6004722069764,0.07136057799711723,-0.1816320928730189,-0.2639376865552055,0.08636586821918935,2.7170462326246896,5.226885644893432,4.479016783623059,1.7382824555984817,-0.000332376393817183,0.007561151938133936,0.014938368865195971,0.02079556414704302,-0.7105680283167585,-2.0056031971025394,-1.4534801116150466,-0.7043207944918496,-0.0010454006887786014,0.0018483566101452345,0.002140924682596125,-0.004377735656394504,0.05462221385271404,0.16639562409338374,0.12034296334244264,0.060746638265608915,0.8357706447926777,0.740716448089187,0.8586890334850042,0.9208647445083089,0.316547627717644,0.4388307149978853,0.8893049982109178,0.4631195954228735
worldcover_00425,worldcover_00425,4,0.06062444766418661,0.7475706189870832,0.7381447249967049,0.006417594285624815,-20.733407989743437,4.372038135227952,-14.349953754970265,6.234814619758417,0.022071660160237108,-0.049462836649683206,-0.11276471935626622,-0.00756344094221933,1.4456568229410671,0.4166264159763824,1.1868359290193338,0.6420006167045696,0.0270097135221731,-0.07048923238402313,-0.07538456827789138,0.07595333371722637,-0.16146500245325554,0.23162090366432328,0.18266748471163372,0.043731432390734994,-0.004187951400583505,0.011116126345263584,0.01301432919284008,-0.010469403988070248,-0.009712853824912665,-0.026817912158105858,-0.04386338925250194,-0.009225306937385883,0.8506315486219207,0.8558186893705513,0.8356234792673092,0.9040182523504993,0.987827384345275,0.7432505655223602,0.9076022694790467,0.7389205516780453
worldcover_00426,worldcover_00426,4,-0.1680863131902713,0.7470402676950809,0.7392967014545297,-0.10235635783861953,-25.49982027590177,6.279309747700604,-18.34303381035494,7.938436439650774,0.3608905114272125,-0.08702320179769071,-0.17793005060899858,0.3419594967087344,2.8443878111330787,0.4783535589063644,2.4347872436313582,0.5380864308509483,-0.05220998160295986,-0.05037613317886448,-0.04615515013108434,-0.028927177041607702,-0.4941714216072131,-0.48795043204073313,-0.5590767136360657,-0.4727304906471007,0.0003383359408030429,0.00893632875698984,0.010138639628727238,-0.0026151002431758805,0.016035889916354528,0.05743173080419315,0.03189282741307997,0.05471668064756531,0.928129861885992,0.6868686883734881,0.7735182190990821,0.8911788771219289,0.8816820022849008,0.7553335251312535,0.9440007131980822,0.7665407888390465
worldcover_00427,worldcover_00427,4,0.06263922275272413,0.02659533652618043,-0.027504288252782037,0.0841413127879296,-18.561251694332086,4.151872613683375,-12.338702503366932,6.218428264885053,-0.007351886770120169,-0.036388472269569566,-0.018514278160023476,-0.017820328030557286,-1.5580570485022172,3.3227437377363045,1.1296478954865428,2.7762942086410005,0.03405834052134876,0.04840692337521733,0.032309625503401405,0.04477526451505353,0.8858892902023621,-1.273274070482387,-0.15596750205226212,-1.1007254468462386,-0.004400420277132655,-0.005779928452514032,-0.004087244466210551,-0.005471413334210706,-0.08908068670912184,0.11690450225853696,0.006916283322805258,0.10257897934964788,0.963187967517913,0.9807759624171848,0.9656028303561346,0.9553180705352161,0.8140239182511807,0.5925614101127981,0.8225613843814187,0.5806951152172107
worldcover_00428,worldcover_00428,4,-0.3456674095096398,0.8135267320004381,0.8322612532894273,-0.08756518795747678,-24.681220328249573,19.697645127053843,-10.735780270419221,12.58470818732756,0.3663704834226571,-0.06202860389437085,-0.18646834742662302,0.2296080424612954,5.803694322355987,-9.563373137999381,0.7347998674808843,-3.0091340730150966,-0.033291816149062216,-0.0563130985897081,-0.05614471918141279,0.027586245194714393,-1.0506060604497287,2.4237457839690855,0.4641240263892393,0.76622300127457,-0.001813337963784482,0.008810995315963565,0.011235709325645594,-0.008304238392303532,0.051273711762670204,-0.17079064002582023,-0.07360104110419782,-0.05215938377428062,0.8997992530596562,0.8243207233613884,0.8509902208809654,0.8783144319595517,0.9756523417640403,0.6285018840572959,0.7173551057179518,0.40493962043750364
worldcover_00429,worldcover_00429,4,-0.13974912855973284,0.6796477843414659,0.682241543788802,-0.08272836320666688,-24.47755846381511,6.09267646899424,-17.04264649145105,7.816033432107669,0.24520050819903041,0.06103191737617678,-0.02746655007026106,0.18367997405400177,1.9570344135892057,-1.0132646059242598,1.7405091549987186,-0.7575938899418285,0.018288123256802378,-0.05689763506769599,-0.06536679163381635,0.06100655257403519,-0.13863900068434332,0.3183021309493655,-0.0752404285060925,0.23446596187611563,-0.006986987755726864,0.006583143590074585,0.009552082300863475,-0.012136545643737222,-0.020579430748673962,-0.024151004327575307,-0.021563969309808324,-0.017633267586740657,0.8868112185742866,0.6183674377171571,0.7608042477286614,0.9299026377064292,0.9463927063260064,0.6020590656683642,0.861983968699099,0.5585787024023388
worldcover_00430,worldcover_00430,4,0.08168910536335294,0.11515498658021257,-0.0005160505798734735,0.09174650264057262,-23.15257878594373,43.06384534081993,-7.039745439492338,16.296426580732494,0.14684794717196667,-0.027967911006675596,-0.07766547367449758,0.23992704100433776,2.0918059639310482,-1.046120867418134,0.8331239683948077,0.23539126155403972,-0.006952455693013799,0.04230253482680945,0.04596647234770641,-0.018843857353770862,-0.00143760622646038,-5.3511777956161515,-0.5110624485349233,-0.9914655209588432,-0.0018416436373566009,-0.005818186845216489,-0.005499822360397589,-0.0017046123705428083,-0.04488540761290571,0.8410632484528248,0.059020482942536784,0.14167978118248936,0.9077726155694609,0.7706630971555053,0.7073733618598427,0.9893125777537225,0.6995791007347343,0.9335060963672859,0.19515783147426968,0.9700362761661218
worldcover_00431,worldcover_00431,4,0.05756727744331964,0.2289920582464246,0.1336140065933716,0.07757447456771754,-24.956341456171426,7.8305211079736425,-16.95485567725775,8.50584045147373,0.3576672857082394,0.01992031077425616,-0.08181207174701341,0.4955707789058711,-1.2350408557172032,0.0449263898367297,0.49869993281419167,1.3023401764607516,-0.09884939434961758,-0.009847344681459274,0.014955986920115238,-0.12968893374973542,1.091411544154238,-0.4071985973525095,-0.024593823018513834,-0.9448060941601649,0.007286345627570592,0.0003238660236350167,-0.0013788612841656729,0.009334202103241514,-0.13392056909208813,0.05625901350977799,-0.0075357341800717055,0.10989445985966567,0.799383386191582,0.3014206443177533,0.41243778115545326,0.8337286606750076,0.5642770874815299,0.3308059478717815,0.2462282756648958,0.4949434082042522
worldcover_00432,worldcover_00432,4,0.02354363717502627,-0.013931041484642855,-0.05763430492670247,0.046892349692907995,-21.495194557770358,7.448411167507843,-11.308218749481645,8.60011187248577,0.033582789869065634,0.029607882061677943,0.028250389215019267,0.011107217343080775,-0.012764415778382786,2.330691996487677,-1.1502303719138218,1.3583533491446782,0.05489334967171459,0.06555333595976903,0.04363011115823277,0.08255092927871593,0.597515128043335,-1.2741463860835847,0.6100243785923232,-0.7531101718942684,-0.00864161707313217,-0.010033210490199956,-0.006953450855846056,-0.012213262249574528,-0.08213310815140809,0.14119486205065715,-0.06205887891084139,0.08385415855661645,0.8606305947141918,0.9204059586551309,0.893076427872642,0.8051145234967869,0.8408530997870303,0.7490476642083788,0.6490108197369955,0.7922935736224529
worldcover_00433,worldcover_00433,4,-0.0705785774020638,0.6096557962962165,0.5537043324474125,-0.03573238046021295,-23.26195613528945,12.62635020918258,-14.012636684794332,11.389897631783473,0.4391457184278568,-0.2532313132495985,-0.41851206188873563,0.5397476071384651,-0.541756036204727,-4.2484792792456245,-1.50225308973316,-2.896898136706122,-0.10636695313661215,0.057140568948604815,0.09827043743425107,-0.11485842286278493,0.48671622645156126,0.44554000035926705,0.518833812441244,0.36799057593478257,0.0068992189248843075,-0.004888179650850067,-0.007687535776634405,0.006187040999654026,-0.06833880177657227,0.013332345684314215,-0.052340935147436034,0.0017579609426405865,0.9247486057325033,0.6252672337290274,0.6978526664418891,0.963958409195976,0.540149153140483,0.8281015215277594,0.25961219264516655,0.7714160727889392
worldcover_00434,worldcover_00434,4,0.05204419547589757,0.2688577475421352,0.20991390743151664,0.06649199376503678,-25.19836186645327,5.804973923957416,-17.564816074499493,7.685519708515328,0.2846064446505311,-0.1563172578545549,-0.26381807426168025,0.35776930071768254,1.1902123697202316,-0.9799463130422021,0.2293940337943267,-1.0363896899309497,-0.05976759520170176,0.061121489257991136,0.08498577715111365,-0.06814205078851598,-0.036902863450967674,0.3015105044952542,0.2518509814476052,0.32369342924395905,0.0030535216151513444,-0.006189975591207092,-0.007795673611602094,0.0029803353051344474,-0.015323627521940296,-0.02954338890725617,-0.041089537181278474,-0.031199162406695055,0.8785911037933612,0.26918976468605593,0.464911596831855,0.963694540027863,0.8318343921984063,0.47198064573182574,0.5963848262094884,0.4890807942885088
worldcover_00435,worldcover_00435,4,0.011441843351648839,0.1998779108804284,0.11064881718519932,0.013004067607902616,-9.850641499318561,29.474962874330462,2.276981619844736,14.936212108922424,0.3519254003232095,0.0164228123243128,-0.08589827736455281,0.5097731637753651,0.33736131151093296,-16.726528254964144,-1.7293499813052662,-4.547318212413382,-0.09073975230811984,-0.004315367579314947,0.01950702109087855,-0.13158601182170213,-0.09376628373712842,3.8777722665590364,0.3250391574143314,1.08400264773073,0.0061121306710561025,-0.0008278661501603344,-0.002219154170215733,0.009207654424538494,0.0012577077437715216,-0.24038487083968568,-0.0185880546187557,-0.06745121424499656,0.805538680622237,0.5530141637389644,0.5928781851745152,0.9358514632182123,0.4479284038785335,0.971761863758571,0.4916788996632985,0.936203799593874
worldcover_00436,worldcover_00436,4,0.009085514597002926,0.6223483819401621,0.6120688595075264,0.004808535827607181,-19.400332097455546,16.50325384648889,-6.494777453111331,12.225546053414048,0.2795646125443124,-0.13208621698949044,-0.334146873489583,0.5024779487682111,4.149583208203033,-3.4754201652486287,3.070709194018142,-1.3201876309607308,-0.05604054604168492,0.004261584976663739,0.060241909234006186,-0.12208449580501014,-1.2584154894659458,0.0010167332249697298,-1.3181855218277958,0.022323581722083798,0.0029023953122409704,0.0006400382127424789,-0.0037185693644175137,0.008507451461157696,0.09948930630670606,0.07134705807345552,0.12417020428454179,0.02353411192458918,0.8676131065303884,0.9927231753749302,0.9993575654281741,0.9127997506811354,0.7201074258406756,0.8399283754764731,0.6615156112259697,0.8201456736298738
worldcover_00437,worldcover_00437,4,0.10210573467875254,-0.08202305861579484,-0.13114047050476157,0.1432208834272431,-19.707327010381142,7.97412936695867,-10.951628982241942,9.057678463074515,-0.15513896175076808,-0.14447706078118108,-0.09311505631794934,-0.19750849187137454,-2.8216792284611234,-0.8354424005821853,-2.958141683046766,-0.6445596658209394,0.09290905585581744,0.08711082759890049,0.061029982265262205,0.109620386057279,1.088015684146722,-0.05026385332938332,0.8879771223476646,-0.022961542035479975,-0.009857776971845547,-0.008974618555812124,-0.006520674667424614,-0.011123975023928295,-0.09509356301872002,0.01295045645653632,-0.07443099385651428,0.0077511260961892455,0.9250199762691829,0.9501138961166523,0.910285793511203,0.9270442799857016,0.6170984443544479,0.7927911931085114,0.4029714303019387,0.736275372609094
worldcover_00438,worldcover_00438,4,-0.12298698507484108,0.6286600186404844,0.6217102324166741,-0.008343313510217857,-25.0565747252934,9.681903849793436,-15.039864250983126,10.068851741275697,0.4565298805240767,-0.47303972875196687,-0.6141648754091285,0.5252380477382772,2.966465548429997,-4.349026241941232,-1.1752573045339119,-3.608988496025959,-0.13073971478220145,0.11630060986789065,0.15422616328225644,-0.15354764505866006,-0.9645420151237647,0.9911082631836382,0.16186495519366248,0.9130924873824724,0.010095130600762113,-0.009296395594837383,-0.012120200295796172,0.011936433095898879,0.07669711460452085,-0.062080179512261996,-0.007133782777092512,-0.0642448318818685,0.9760630839530677,0.7657672824132402,0.8160315585361541,0.9778806502436839,0.47595306708967766,0.6922447219400201,0.7926442417835213,0.606533942791109
worldcover_00439,worldcover_00439,4,-0.35549826725205663,0.8327771271720077,0.8499439092296547,-0.06323108853151514,-15.8285736766226,17.399456541581475,-3.387945561250252,12.395187822619182,0.020659295392332657,-0.03288989939859985,-0.007376196424640433,-0.1187574631933643,0.6662341301477541,5.8872462489006265,2.0772218634211495,1.4764675343577265,0.12852708316340963,-0.030635150157527876,-0.08413948352525219,0.16265964808519023,0.33064977869455253,-3.5288504999207984,-0.7541198515279129,-0.9120847969433967,-0.018073118524542447,0.004399534653533582,0.011514397657880862,-0.020803614286705848,-0.05317570708899348,0.40840340131447056,0.08127356539775014,0.10516919120430944,0.9101593101419143,0.5635353381866957,0.7631722742216664,0.9071988237070763,0.6217865202002439,0.9395183711789858,0.5809353309433234,0.9483373804816012
worldcover_00440,worldcover_00440,4,-0.0027808697372579084,0.705927869305013,0.6665628240867079,0.013426121345468549,-26.550544723240193,8.952105372689878,-16.85723426751954,9.607502158918722,0.27609871103274736,-0.5767932898985828,-0.7016801112405351,0.39420739969142443,0.9156529340006277,-1.0704288936349644,-0.9340067533596454,-1.2592392842465343,-0.0742614029449754,0.14395416786317644,0.17882130860282466,-0.10461545995138243,-0.2177732322617662,-0.132036198723915,0.08309890039515742,0.25111541268283527,0.00533668807022726,-0.011437702380741625,-0.01406343469415047,0.007509930192191854,0.014275198534538751,0.06317572655219482,0.010900140308227028,-0.0035151036701623136,0.9409952359853199,0.8911155972732782,0.8948666590534518,0.918640197493902,0.126769972806961,0.6840552360081174,0.17837914700333846,0.5937618021059897
worldcover_00441,worldcover_00441,4,0.02357439866161498,0.24200516397302727,0.1607241111271302,0.07346644410581332,-11.44926154993612,16.255473242940894,1.9023740016226822,12.210671241216671,0.26220930064624387,-0.15425868846830793,-0.19786776207564782,0.34059086855914816,-0.7767709783019467,-0.8761875944636895,-3.1221685419423593,-0.6764923162838066,-0.02974971943065882,0.09053061502578444,0.08847091156682917,-0.045533957419457295,0.045499737843591556,-1.2132193056790732,0.34294600218632115,-0.3152665193988518,-0.0009165360496871627,-0.011048803388169316,-0.009907140565866772,3.620387628824396e-05,0.005882221648338176,0.2008247395483435,0.0037177455734464246,0.06096228040260056,0.8673563259531103,0.636998527817628,0.5887064726988741,0.9695538110118116,0.3844462179306638,0.8412095721696728,0.5372253180901541,0.8598296142882428
worldcover_00442,worldcover_00442,4,0.07493091968094137,0.3317425327770631,0.26694227100321694,0.028680200378100238,-8.799742095337875,12.447200297444438,0.3029448096769947,10.97063833383984,0.15492880696340822,-0.1369728499225205,-0.19894051736605045,0.24341909350856858,0.37565395454071704,6.834374836820256,3.0083249933696385,2.446168292292685,-0.009280786990146209,0.04950027633861545,0.05497392652217636,-0.018413240888288905,-0.2400689085191273,-3.1433762029548027,-1.2002381094701642,-1.2614402250304324,-0.0016956823497601874,-0.005043400620872324,-0.004750234390035121,-0.0019151440097226167,0.024660885258718727,0.311164006548413,0.11417371931999436,0.1307852132495342,0.8565164922362558,0.3798302790608179,0.5896648389441903,0.9151702926536759,0.032925426878709585,0.3976641333927793,0.11665200310744062,0.5707644940970715
worldcover_00443,worldcover_00443,4,-0.18389743476277703,0.7592952428667856,0.7722469222816568,-0.03469976936608163,-25.66953480565947,6.306174532149064,-17.503084576621468,7.884722378894017,-0.01086535815510498,0.1720283727294617,0.20018648997776853,-0.08752698803298281,1.115319465598851,-1.5874913082342275,0.3123516589909829,-1.1435035833843976,0.07496659997726661,-0.1414749248203258,-0.18671393367457786,0.10531974280100846,0.06555647461519669,0.44210066343191246,0.19291386530454913,0.29860497851116635,-0.010100094802270145,0.016334285084722604,0.022159338552467125,-0.01327351910577184,-0.029081639296437797,-0.03489509693302317,-0.034427166364682404,-0.0222677280987605,0.9418186313722574,0.7797830026108578,0.832002885450694,0.9155554082401333,0.591114473819438,0.5367648598841902,0.5702791569341175,0.4165195062983428
worldcover_00444,worldcover_00444,4,-0.09731391555611983,0.6911585136796474,0.6805931926902475,-0.018250350925054122,-25.563738580876816,6.571002975721737,-17.919533443782658,8.016697040045567,0.5155961971908993,-0.3970836254930674,-0.5899623986333595,0.5475224395474733,1.3192290345936595,0.5793065309246113,2.6318261239129916,0.9671415375266575,-0.13639988163287697,0.10885133080635989,0.15234844451084772,-0.1272816737363862,0.21588451422914876,-0.6384168411212251,-0.6472366771222364,-0.708508573320809,0.00970755033802764,-0.009860900672848765,-0.012560227660067137,0.007767938115078969,-0.05629571728633484,0.07925965149784729,0.042570776009145696,0.08045995150668407,0.9686588743237176,0.698750796815979,0.7585153771777884,0.9815259025915578,0.9651766725450893,0.616629702515892,0.5827658555672307,0.49024184291101824
worldcover_00445,worldcover_00445,4,0.06415928707347504,0.030846380318204376,-0.025769809486739816,0.08838837661526423,-21.82223221215446,6.367473308645026,-14.487698385740314,7.862811827735013,0.016970037681515882,-0.07746492566481687,-0.10390125234271305,0.03451389671554639,-0.009128592844903428,-0.2977770391708813,-7.868598236400206e-05,0.09157751280351735,0.0015467131055962992,0.02876533228637915,0.030469662505826885,-0.0021108687246516647,0.08603590841181466,-0.13741532910907323,-0.04167213658100954,-0.25922367898202703,-0.0005732891815122364,-0.002805536716348595,-0.002607590556521006,-0.0003501059807310202,-0.010702270581744427,0.020553140002214233,0.003946344368667098,0.03136530468487966,0.8814161502777799,0.3748298671400069,0.6233967596125152,0.9018266474758738,0.10760343514821269,0.3080193981880317,0.08127029293300647,0.34548862911086164
worldcover_00446,worldcover_00446,4,0.08470552171981442,0.28039512320449783,0.17812012760832863,0.07997496821212091,-27.0530270585009,7.5165427901849595,-18.399112481308944,8.749199575509673,0.1553222519809288,-0.2448979351107795,-0.2991508497472657,0.25983263430969056,2.1695618097765634,-1.3773130790350503,0.8784638333709776,-0.8261124992378652,-0.0273761307479103,0.08564774076216468,0.09403873887001243,-0.04781097275289608,-0.3208685937435598,0.10804728344004981,-0.164418161317999,-0.009034007289361028,0.0009503794442647725,-0.008283972114587975,-0.008516101780873156,0.002144721891693384,0.003714253867070326,0.005562827791921848,0.0032446414212033915,0.012926093406443823,0.865680375221556,0.5747435282853219,0.683503095169866,0.919867805206352,0.8871511457659813,0.7696812245148649,0.608789990851298,0.6818543952904832
worldcover_00447,worldcover_00447,4,-0.1917406056231234,0.7706791235867778,0.7773138185906588,-0.09329917854770492,-26.505529093434664,7.118670449509222,-17.333209120048128,8.681897980923093,0.5406793669351695,0.0264610890299074,-0.1819908098716826,0.47194476741262553,7.462032725901901,-2.7845838465901807,5.4125204410696925,-2.8373843762646787,-0.12243665970738145,-0.09458757717630031,-0.03953371138122421,-0.06370492353511244,-1.9405312267676365,0.5346231577517593,-1.6687645584644775,0.6195882113731643,0.007536070753809821,0.012054196643558411,0.008049369281665837,-0.00010776165120229542,0.1356029345647501,-0.020719583723493678,0.1349716715753088,-0.0333520410589915,0.8242802860337761,0.9243857781018083,0.954532855758462,0.8442100889066562,0.8480696871459519,0.8431995767648318,0.7671189614932876,0.717505922060347
worldcover_00448,worldcover_00448,4,-0.34314379226833064,0.6018504292675957,0.6268294623234518,-0.11743151908740368,-27.41325964569838,4.6935663833176795,-21.67077133638024,6.644685310243484,0.6443442980436028,0.30582033523491287,0.19558370887626925,0.3570079898095822,3.879128849706338,1.667514613019503,6.483527552939905,1.55566881681425,-0.11648167241050734,-0.152229479219748,-0.15335734622821068,-0.008247645740907297,-0.4227567896971142,-0.8682580308520321,-1.4852149754257282,-0.8241211248538152,0.0045603314500676706,0.015733555636622664,0.018055365906529713,-0.0056997792756495365,-0.007563320800350211,0.09322156127872763,0.09584120048956891,0.08858243985028551,0.8392793519867496,0.7549808894340503,0.8399042710254161,0.8723593884286033,0.9440051546371184,0.8866799411080426,0.8743772393162466,0.8591556349025007
worldcover_00449,worldcover_00449,4,0.08088646727818331,0.050811418868375396,0.02429097049841349,0.08289746477296871,-24.53246280815328,11.186421168872338,-13.985222282148401,10.467603329612661,0.07019681894041381,-0.09186965356477414,-0.0912918694287773,0.08006028106643072,0.8046604935219582,-2.150179044306826,-0.6249658865592471,-0.9764195136285716,-0.024980480175233025,0.02252390479983444,0.021014920052834365,-0.029081247053492087,-0.25841722089673846,0.28687628944871923,0.10488979798228637,0.12915738272611244,0.0021900682038403256,-0.0017417484207662053,-0.0015646858291342987,0.0026590468719451107,0.016278221304484964,0.0022606628612063103,-0.006713507221266403,0.0011119113898387044,0.7063178781086741,0.6448543224037299,0.7291967267273833,0.7543924167897333,0.8220031200073056,0.6899573099637368,0.20392780141672606,0.6667121198569128
worldcover_00450,worldcover_00450,5,0.004507124553237061,0.49121431955559697,0.47607504328092004,0.0017682225302311882,-3.4556065002764695,6.198561700563097,3.4243403640082004,7.4382075004513455,-0.010892897096513149,0.02025678782679422,-0.014048771696195509,-0.010428837057025525,-3.9213087907311395,5.059318850256777,-1.3624094323455553,2.866289195842491,0.010366400476002619,-0.06514841768068137,-0.06010348385288585,0.012680997547907203,1.1255552430596092,-1.5920151697021132,0.47071825457350935,-0.8529421127970774,-0.0012422384123996816,0.008358059211097875,0.008208928215834821,-0.001569737398037403,-0.09035572945222636,0.1324419129953615,-0.04189895840216592,0.06938318008636116,0.5591689845726555,0.802408194856103,0.8144320107010009,0.864413806464696,0.2548295756108492,0.4750414389817751,0.11401173733948067,0.6590779791259579
worldcover_00451,worldcover_00451,5,-0.10727228456191813,0.5846759033474065,0.5769426652202122,-0.019571288742802517,-0.6342579087945126,3.7106914498627863,5.76681624744076,6.430324055105453,-0.02230034491503336,0.26854667419360584,0.2899554507245129,-0.03368365321130961,-2.6734877482869344,6.109133413249799,-0.6319458129726385,2.356375011028572,0.02463857678971818,-0.16202008151711292,-0.17789220439020134,0.01741681472011293,0.5514128945414214,-0.9667007286968317,0.5125774186012145,-0.14503169886784018,-0.0030570661853175306,0.017515369418143002,0.01942304920668551,-0.001958451819408569,-0.024914548858153116,0.010764900239462824,-0.06596873123142126,-0.033139485229460634,0.8332714650609456,0.9139594459012762,0.9323683979910977,0.9527937052370768,0.4867586879711281,0.8671016057098312,0.5451179518556155,0.9310716402894932
worldcover_00452,worldcover_00452,5,0.0747172796545889,-0.037686051575071856,-0.05753240694828111,0.08561454126329143,-26.13530690752416,6.36098216329817,-17.50204466117545,8.018728758091651,0.022689786636910236,-0.004817571550134641,-0.01692196997326042,0.03468910406624501,2.134504329840374,0.5225469619999187,1.7911787736616698,0.3103149439086586,-0.010528069059978107,-0.004064660470981106,-0.000379777251383965,-0.015054818170217707,-0.5103417423495212,-0.3141927060155608,-0.45790058312881354,-0.1956212800778308,0.0010029620918506753,0.0005646524292351028,0.0002684417942708194,0.0014196239562347679,0.02903406292480261,0.03812570126666392,0.029034916776821764,0.024071375926294086,0.5657166318672235,0.9374711940457017,0.9719021431208815,0.5213582910348363,0.6925244378532196,0.3949893044910444,0.4116593243917901,0.36005664128733694
worldcover_00453,worldcover_00453,5,-0.18264797131331037,0.6515879346283556,0.6503028138117372,-0.026143897381244556,-19.135179409078198,2.976548235964867,-14.359247981719605,4.689109557042333,-0.06436632700962619,0.4188274840883408,0.4410280240256133,-0.04530867759788772,-6.575121296482943,1.54469225943928,-5.174076629881263,1.6037087321066772,0.0601344553206458,-0.26126806398458496,-0.280448730035132,0.030141590040144814,2.427666225065736,-0.4295033804426891,2.1008106927022614,-0.4282888896858268,-0.007310108486216003,0.02903151006503686,0.031377654127550815,-0.0034089787543346763,-0.22116955119998935,0.03187460941161976,-0.20039649104727453,0.031214611279408864,0.9413786099080448,0.9662182511009719,0.9692711119857491,0.9489987434138575,0.8618303222550456,0.5518085131984725,0.8660461178717269,0.6541383965238555
worldcover_00454,worldcover_00454,5,0.09440668264046666,-0.031059863779581028,-0.05076929734963373,0.11789784546602851,-24.999802934902206,14.837975921050583,-14.220239274705643,11.733753615988212,0.001619821845662789,-0.03725910071460971,-0.053313693859510826,-0.0015445917489982236,-1.027869093878852,-0.6739283307667701,-0.3460968476288069,-0.3280767276496364,-0.0028989060078613285,0.007681791868173713,0.013993948577092817,-0.003466728171615915,0.45258094661286064,-0.2578106128034523,0.07452018707803906,-0.03004304342604131,0.00034022797256253975,-0.00040012061821691935,-0.001033611896664204,0.0004696975829023331,-0.0440916191586576,0.0621041629773625,0.0004646566990755882,0.013821274739914732,0.9098022306739001,0.8944663723577917,0.9359738364698259,0.7547790118841562,0.4314699101753968,0.6895948616890638,0.3390312623199856,0.6388680404976348
worldcover_00455,worldcover_00455,5,-0.2693962356510526,0.6740382699803884,0.6693838606024122,-0.020632507787509517,-10.994308533325775,6.184090328319388,-3.6347392242205623,7.920262770060708,-0.07898341061519032,0.2542014349370228,0.25936930728817315,-0.03991604162128773,-0.9204532336461688,1.0618578263322538,-0.6915827385300141,0.6135723396779517,0.06490801052579777,-0.1917320902084371,-0.20565753094287484,0.016163368445309044,0.3506407407276838,-0.3437709823035586,0.5052003985761073,-0.19726034194755487,-0.007274374245331783,0.022479930290519562,0.024365927975841136,-0.001499921142245932,-0.032886361350819196,0.02907712134892352,-0.05700352209015457,0.016723612241050123,0.7136871179204357,0.9414028386068428,0.9408946989165325,0.9000561504548774,0.08788659029901502,0.14884183983047594,0.6934136600378263,0.13033466573667107
worldcover_00456,worldcover_00456,5,0.057063526484928094,-0.06247912210440524,-0.10354178195649916,0.07530943846160731,-15.539182113506948,2.996463392543952,-10.68929692407389,4.522772861193455,0.06808642233528409,0.04327392707567736,0.03178912750075726,0.05347085708663564,-1.8379477717134014,0.4357742564410704,-0.1813204975445821,1.3214413518007893,-0.016391869216273895,-0.014423981687790799,-0.00842135001248094,-0.015145193954760354,0.45026644218542783,0.15377891565688323,0.06632701677723894,-0.21847842251485278,0.001047338298629549,0.001318242586972754,0.0005752538716552224,0.0012379477760105409,-0.02575196852908103,-0.030079547168204955,-0.0030151761876434564,0.005511669121166212,0.8990955595996852,0.5661248487645625,0.6823202229608158,0.7580628867354425,0.8717501081796305,0.282182864813999,0.0950265200802125,0.2390027798504072
worldcover_00457,worldcover_00457,5,0.04385212510268137,0.2247071259401051,0.14095433300121102,0.04814446689278806,-17.634724416111297,4.553529079388865,-10.388803902612397,6.590637598037277,0.09542485500934882,-0.25624763340290035,-0.25270831180156145,0.1317982262532624,-0.31465990862272825,0.14971833381254018,-0.606855429162507,0.12002873091410501,-0.0026223472113836035,0.0977113748934861,0.09014322610775576,-0.0014336585627618185,0.35661486487642025,-0.27141503605639605,0.10090434289003634,-0.29394551603368224,-0.0014181629635743132,-0.00956197365920878,-0.008625548857974471,-0.001985946303289955,-0.04189863050391484,0.03493967750205527,-0.0020702661131307494,0.038668656071916954,0.8981207062488571,0.495823243134225,0.5242344395520759,0.9592954667342456,0.8394607857403138,0.6879497876347364,0.31066695943871814,0.683264696731347
worldcover_00458,worldcover_00458,5,-0.18748304480518327,0.7059406871328843,0.6806266938307957,-0.028516635976053854,-17.598927373715743,3.556733437970851,-12.54762075662345,5.463145315584687,0.278131558520562,-0.6318282359076413,-0.6947750011902463,0.1678845131444549,0.9140198693815662,1.8361718003982905,3.1571016713357944,1.8855071800376606,-0.07030260406799133,0.159031267534917,0.18011754749592734,-0.042313691285071876,-0.2098333410599506,-0.5949211504105923,-0.8664542044325658,-0.6078650436083659,0.005188368105325504,-0.011886711692145889,-0.013807225295088496,0.0030868323425752905,0.016036517239667668,0.04966198708357287,0.06704602925163487,0.05088879266684441,0.8902637113513386,0.7996246530477951,0.8232169536597491,0.9310972664872598,0.6044214698173407,0.6235833661926653,0.7753538689658774,0.6528535994573461
worldcover_00459,worldcover_00459,5,-0.01504327394901068,0.3156369710058881,0.27529732092763476,0.011036972176622287,-5.046624325625944,5.275080476303137,1.86850039200536,6.832543600052319,-0.015666565549269526,0.10259650904123448,0.09062113466539494,0.011333183585000866,0.7368425915267492,0.3093381858187548,1.26675258063568,0.6820967614861543,0.009821996292062006,-0.08991069228638332,-0.09166603145951568,-0.0027823428728202403,-0.5548265980917018,0.5414191470190992,-0.14261122477337224,0.17147595882923253,-0.0009655790547534038,0.010740443516165172,0.011134181820759268,0.0002611027466076788,0.06913641712857463,-0.08231534064174471,-0.004264907202458689,-0.036967037200444856,0.23301832919557675,0.44600587662431346,0.44867699047011744,0.21580977719855765,0.5931064998323408,0.4521377834686293,0.3097288982727755,0.4483377384903807
worldcover_00460,worldcover_00460,5,-0.06306927006308209,0.7009967971367372,0.7003362002697859,-0.014958314555274008,-17.35263746879754,3.061611302206986,-12.418296630078748,4.76719281643262,-0.04070106749385527,-0.03876847187648557,-0.07670031922559055,-0.01988703036858193,-1.0059722328261913,-0.914834542849006,-1.4296465591711285,-0.93799117657215,0.04117602170296012,-0.0882720893563386,-0.09526385048009202,0.026140411637392814,0.2282032298770242,0.5079692212198185,0.44386260770902447,0.5466176022246799,-0.005103702254480397,0.01337590884661884,0.015037586150521568,-0.0033471356075482823,-0.01767018941632508,-0.050407062770242414,-0.03456583511728092,-0.0547126367168712,0.8947460741768365,0.8960365956123341,0.9011335837853989,0.9337395798015656,0.3782558053685817,0.8968256426865333,0.2329045555014888,0.9345917479427045
worldcover_00461,worldcover_00461,5,0.1746718960375289,0.5888339208834101,0.5778442104205949,-0.0144304437280607,-9.990465985053515,2.1188284986488353,-6.346705694642781,3.6666774630448953,-0.7937606538873966,0.350163392486079,0.3878641612827762,-0.06521264095568914,-8.286054542460493,1.7955568402460023,-6.359167628741621,1.8562933662912018,0.28026282252510365,-0.16923662891119562,-0.19168756679668023,0.031530227451645666,2.0471781712884263,-0.1821709399867508,1.8886734107843455,-0.18549921782830164,-0.02395825215080056,0.017377182465009005,0.01975783920197775,-0.0034134381196715595,-0.13477526916432944,-0.006794380506607083,-0.14519509113521245,-0.0063240016975074035,0.31951043605485885,0.38176202330585385,0.451322918599559,0.8474856277769465,0.46771457314633014,0.591415138715992,0.40414872104394906,0.6916822199192507
worldcover_00462,worldcover_00462,5,0.060145188420373835,0.6346555548635407,0.6293695978820338,-0.016853029797361793,-14.251764192947752,4.826641356136446,-6.902200077898373,6.710645261515427,-0.42641596848053426,0.362136578601266,0.3864852185434985,-0.04731207518535274,-1.7384621694634952,1.3559158996665535,1.0942981841249033,1.4765547508946977,0.11281395980183867,-0.20511967174757198,-0.22593575248139922,0.021142333480620158,0.5594572344969087,0.27480520729000274,0.07274538584969291,-0.10931460540205722,-0.006476104806644303,0.022261024208156142,0.024872322515067106,-0.002269355890063585,-0.04628195186877007,-0.05852693195618429,-0.03083529654986062,-0.007916140774275132,0.8193119457978183,0.9840829210159253,0.9909120134008439,0.8848536584387618,0.3667257225158528,0.7988397345533567,0.8016458869679441,0.8564657907297657
worldcover_00463,worldcover_00463,5,0.09080644777909512,-0.07569081415281158,-0.10692864803202233,0.12260433737978779,-25.697179816001547,13.543947960305154,-14.177401583020764,11.351333680531638,-0.003799475453961073,-0.02356307767331598,-0.0195626027231651,-0.007562508156138677,0.5840905054501365,-2.3151542946376673,0.6161746096201927,-0.9596970970851634,0.0017977429431123774,0.008253585466574804,0.007334213744187765,0.0006898971459953056,-0.058670224388987065,0.4082676490615489,-0.41971365756029866,0.1532759538904862,-0.00024771291939245494,-0.0007193818349729902,-0.0006686573603538559,-4.1531267190218185e-05,-0.0035864185602075462,-0.01984390236533298,0.046851959062379524,-0.005759609356131136,0.8104910152781886,0.27894147480233233,0.3632710834221894,0.7337042044304254,0.39088743894042577,0.19967210120589407,0.39185056838696086,0.21492518865674304
worldcover_00464,worldcover_00464,5,0.00842099161988609,0.5432338174996952,0.5323198114832238,0.0034603304370786152,-2.286824128183952,8.420489216346203,7.186389873306292,9.266007688518448,-0.024768507367398707,-0.2162953765382843,-0.2609331125896129,-0.012885604519397026,-0.6002438049509885,3.537493387384575,-0.47577924496831187,1.463268387984521,0.006139563834304286,0.015436091472382686,0.02632055081249706,-0.0010204158271803993,0.28262608131333977,-1.1380746212973285,0.3076326419593526,-0.471104060052599,-0.0005067527310605822,0.0020084309796191227,0.0013056584737367067,0.00035576695914972924,-0.029257735475972258,0.09722860668551422,-0.03331609782856928,0.04056495186301239,0.8758377917625186,0.874484155556488,0.8877736455742697,0.9907727658935234,0.15540583582928214,0.4198564443680165,0.7640361235072761,0.384837966048581
worldcover_00465,worldcover_00465,5,0.20889204732658562,0.16911917518485672,0.037107748205237316,0.24909256940538232,-16.15240466638986,4.322065862730194,-9.42363360828387,6.554342337668803,0.09755695757865686,0.02292839094759932,0.019372763489151297,0.05877643409702516,0.3672330290695627,0.8495356662720511,0.2124460132280147,0.3293254121149018,-0.030431817624184274,-0.009464121097094099,-0.009484473478807019,-0.014990261880866421,-0.2866932955190403,0.4483982584460738,0.15380404074426351,0.33296957945031114,0.0028096264964156143,0.0012489691226169367,0.001306240432754613,0.0012227645275568772,0.033850479498992385,-0.07815947195978352,-0.02436074858551019,-0.052517849757423,0.6030436044841481,0.6013532316151844,0.7398304723033047,0.42036847378739284,0.18426688027596216,0.6408182008177601,0.5167032996646532,0.7605618796556803
worldcover_00466,worldcover_00466,5,0.07366425168880959,-0.04667706257014594,-0.0875440171820991,0.13196466976042837,-19.55852703608911,5.971026260493554,-12.138704174007856,7.632999843816857,-0.058526805670835826,-0.05473756287542533,-0.036069111494321106,-0.11378562663282556,1.0652418840392588,-1.9657514724785394,-0.5889305335755667,-1.6471705680121806,0.09198039953738336,0.0901605889838172,0.06918505461255561,0.1341324129919983,-0.1162212403156624,0.6160683792627561,0.3980003030002876,0.5264643577874669,-0.011876230225709607,-0.01097760602568436,-0.008751660915540832,-0.016779904789996858,0.003043779125756699,-0.055520344778139746,-0.042520356177652596,-0.04830745893289347,0.878869482170533,0.979786185711929,0.9612019792873647,0.9317513226163202,0.6241371887241252,0.42123679119468593,0.3764283542468614,0.3622752805262326
worldcover_00467,worldcover_00467,5,-0.2022423878005125,0.6983440888650496,0.7070499703739638,-0.026008979756046487,-9.708769937079696,6.4637218630555004,-2.281644867564559,7.984293208397874,0.12485992277780837,-0.08455246119272287,-0.11669483851818928,0.026802460049530435,-1.0957636174723997,-0.5636245595633064,-0.711664141422877,0.13785183202478854,-0.015128204951038567,-0.10424954901364686,-0.10135887262463804,0.0036095890954330116,0.141147319811182,0.9520603126855403,0.4706848266066118,0.3071140579765679,4.698711737817091e-05,0.016336213966662218,0.01655751811058231,-0.0010090123702104026,0.0022015211812615797,-0.11667850177109035,-0.05038055206491763,-0.04268380428201682,0.8643961794725017,0.881383038704857,0.8861638572802636,0.6117593234049441,0.3224135207714507,0.5936685720877246,0.689605690533039,0.7066257362494053
worldcover_00468,worldcover_00468,5,0.283699730607903,0.6835440494345915,0.7017364279564597,-0.03662938424244997,-6.109948791299973,5.926878502023665,1.0412935972196258,7.796652208480429,-0.24181654588871637,0.30348638616620305,0.3026529736964687,-0.028545735067584187,-4.040291457375749,5.177955722977443,-0.8328380300697099,2.732521660325238,0.04050968999099432,-0.2174487568567062,-0.22896751211311012,0.02083946613935562,0.9514643962652634,-1.5261273614469475,0.0947825306686632,-0.8070972631148239,-0.0006910405408472758,0.02472167334171253,0.026385214457269532,-0.002529390326776359,-0.05894348095391619,0.11706394453249887,0.0022552068078727713,0.06231719835316448,0.5892908996644134,0.8863006625836295,0.918836594451123,0.8872674781959168,0.611670879036569,0.8258809782465261,0.17340724127556173,0.8058170939054741
worldcover_00469,worldcover_00469,5,-0.24670234663099608,0.6941229169359313,0.7082080843322222,-0.02113508874776249,-15.291396417640046,6.919613826349892,-7.171348243984269,7.930916257785071,-0.0688327191768747,0.5212252907069661,0.5373080004716179,-0.04891750224984213,-6.041162234679089,3.904800140877251,-4.365813531035042,2.491561274505563,0.05889902964290779,-0.288764439960911,-0.30776211933849634,0.022665603060146255,2.123264373686945,-1.2579403640416156,1.6404875952756766,-0.7874031182927271,-0.006704231699226512,0.030740534963446052,0.03310507519001308,-0.0022327915572495443,-0.18360861032967535,0.09736022691429422,-0.1490229707002413,0.061385041551527096,0.9271030854057195,0.9296841366514873,0.9360513142608343,0.7962910123761208,0.5938554453791458,0.6717391761943607,0.45196320224891007,0.744401341259006
worldcover_00470,worldcover_00470,5,-0.026192025089403232,0.7389365189680548,0.7220338749219521,-0.0028735988942737343,-1.666179332519748,2.0848032796327214,2.035053112442361,3.668561883638398,-0.061149765867923915,-0.05229897953806403,-0.07038047990303387,-0.00950306892905024,-3.0331368049718117,2.649587159315949,-0.12299972341205356,2.718402571835416,0.026705071412575967,-0.05250212037331112,-0.053092610764265045,0.004012243653389558,0.6137735313384063,-0.4756377817991113,0.07979905495980502,-0.45931326110436294,-0.0024708893811906355,0.00696900409806258,0.007251921500258101,-0.0002956948892185171,-0.02725287987822,0.014383413973975996,-0.007091568423142686,0.010616399925213293,0.38857373775976023,0.8991624304183349,0.8986675057548437,0.5314447202269379,0.8017897827094945,0.9055164484112312,0.14941610470514843,0.9632158861241852
worldcover_00471,worldcover_00471,5,0.11993866800083576,0.003591043818177919,-0.06413971881071708,0.18612554624225172,-17.7525617775398,5.673744810101316,-9.877266337184901,7.6073774437425,0.1233721413521274,0.13536521792411774,0.07141348647530221,0.2214122173332028,1.4293037683297667,-2.10621736671726,-0.8568767522625617,-1.998863263665249,-0.03183338618055052,-0.03349528640298999,-0.01595923112749696,-0.06508402536054704,-0.4312162587225414,0.7083393637229327,0.35007976959171444,0.6554424455682732,0.002178885307634917,0.0022873234737551544,0.0009412934693197392,0.005038267961054137,0.037015699454959285,-0.06120947843776144,-0.031414980505558084,-0.0557962453519567,0.6714571729943091,0.7463192948634929,0.7670294532746383,0.7312121616119036,0.30743728705231443,0.3619369046366516,0.47054901270496186,0.3511315546569299
worldcover_00472,worldcover_00472,5,-0.11418257334975015,0.7299130053231233,0.7234478073589753,-0.0019514760651599512,-9.97194963728967,5.954620215119734,-3.1682053384887157,7.6890111811305335,-0.42593207207115996,0.3512556173853427,0.3531379969347061,-0.07519802831423747,-5.962963289312755,-0.3574307564587362,-6.457825292766633,-0.5650999882091602,0.17949608477312842,-0.22591821939656154,-0.2250253939073833,0.02930666433719838,2.0081159272079256,0.33531243446285464,2.4334226331854976,0.35763993089119,-0.017684462903258154,0.02493921693677849,0.02475087141448797,-0.0027038892942734694,-0.16878378663858387,-0.04669437742235033,-0.22127526102656478,-0.04447225690350903,0.5887876582120423,0.6742215870305205,0.6870796774798384,0.5494454066337626,0.3245067738738008,0.3116533095632412,0.4677130606370976,0.34963703231320353
worldcover_00473,worldcover_00473,5,0.08941460244292229,0.6308168030597965,0.6178985531582991,-0.01773846442952334,-12.559341522013664,1.7049235181878606,-9.483693474528142,3.041540871473682,-0.43597656555929826,0.3067819109511733,0.31474304539225156,-0.0854620613039481,-4.9160566563156225,3.867670376217547,-0.9827541372646581,3.799321320173533,0.16001710731300622,-0.23044252780253974,-0.23996742420882194,0.05572137226919065,1.569953907020565,-1.150751371382092,0.5181440020818722,-1.0700076888303744,-0.013811501611650198,0.02662044547197191,0.027841880738810425,-0.006411947799150384,-0.12768163968133328,0.09073394776410729,-0.052085082087503946,0.08185548018985811,0.5386956353430743,0.9173222282258409,0.9192400271112587,0.9457233337415247,0.45203986089829007,0.494324724065767,0.4244904579224993,0.48976153123980826
worldcover_00474,worldcover_00474,5,-0.297013905674492,0.73682495435192,0.7517843640437653,-0.0219901215680172,-15.413446071401468,4.12712494422538,-10.010507704490173,6.2177671772463805,0.0024801843392714793,0.3922843261148815,0.3942500293284392,-0.04381099169231219,-5.1465897390291335,0.8840197644870826,-3.1211913580634043,0.7096610643966548,0.042824109638944896,-0.2509705673750017,-0.26231399070455347,0.024377113974701523,1.6506242800735471,-0.058226921306820584,1.1012434458198352,-0.044453006205086444,-0.005771231751272113,0.02772988468841317,0.02932878650461481,-0.002587291980021151,-0.13701290590112858,-0.007946109224154953,-0.09496288572533501,-0.006482778408203539,0.9639455864444334,0.9733071143460151,0.9687952286046696,0.9392531391864115,0.7317384302677323,0.8628638602688328,0.6930001512631314,0.8928716172498352
worldcover_00475,worldcover_00475,5,-0.08418200384194592,0.6008556219043633,0.6053688706773711,-0.01980180448542069,-20.222690657322755,3.1005709157377557,-15.046996950544738,4.989088041611061,-0.05743249494847503,0.466810231518353,0.4394154027104351,-0.04033979854827337,-3.2610698288579116,1.175214212025846,-1.9123421640722333,1.1214514240648554,0.03486758684251766,-0.2650335794798542,-0.2639357309578811,0.023286517642970534,0.985424128538883,-0.1177752073468147,0.7655129601383427,-0.10572521952490951,-0.0037074757299229728,0.028267788093988614,0.028523205581939545,-0.002515295261724124,-0.0766838028543287,-0.004496867239044041,-0.07010398591491598,-0.0046995571728694315,0.9626185911992982,0.9545959849275943,0.9471585719601546,0.8928977259464972,0.7335215833456429,0.5903086247524518,0.6132469933916163,0.6970937525817509
worldcover_00476,worldcover_00476,5,-0.05356480503412419,0.7995335341177218,0.8042719316753497,-0.015826725937200893,-14.303210525821598,3.576118515555855,-9.427318257924577,5.658486738766703,-0.2896794770510918,0.24349209391290041,0.25852919514808226,-0.1024582677092103,-4.088974187564661,2.231299174114448,-1.7394597364742332,1.5957981530547154,0.132790453777143,-0.2092303230681197,-0.22518445639689594,0.06069363535732603,1.436639321249801,0.2083637782928559,1.2525227171417004,0.0016235998132003333,-0.013280561391104615,0.024619980912768444,0.02653628519049495,-0.006611488641926432,-0.12709101599128525,-0.05678058480743048,-0.1362432844402689,-0.02049986214810492,0.6296045895492677,0.8760297106164306,0.896724575659862,0.9139711666302056,0.3905256303187099,0.639148711827817,0.6626404842785762,0.6942196344836971
worldcover_00477,worldcover_00477,5,0.01988809331333777,0.41011317999977165,0.3774743978724354,0.021196508497902458,-7.546196661850662,7.3118557916843105,1.1713512985785326,8.59539957226909,-0.034012297663560474,0.2430505086741733,0.2282139447236802,-0.048000361301958075,-2.221183621401543,2.378897982520672,0.23815894705453647,1.4562481151752598,0.021522932307054626,-0.1645869348940005,-0.1653772550776146,0.03120317589680585,0.95928412805811,-1.0870009115027774,-0.14076695928354005,-0.6773077996304318,-0.0024282944223701234,0.018233971971303508,0.018619941001889666,-0.0035244339881253133,-0.09254387518391503,0.1072252056942445,0.015088353905138895,0.0672227403756476,0.9122377479227648,0.8727844837419926,0.8718041540867232,0.9768520073116863,0.49242189177711204,0.8775011128926246,0.27551413329447594,0.8307648110706772
worldcover_00478,worldcover_00478,5,0.04679971122332003,0.002848935877960747,-0.024085241172349798,0.07501363982869819,-8.686008798871745,38.937246413920185,6.435388699276136,15.931954909833053,-0.0120724403460398,-0.014777745818719308,-0.006162434557659797,-0.020780107449917526,-3.399131185554015,-3.374458598691514,-3.048923692809711,-1.2458478818326815,-0.002353413575550283,-0.0032842995143330116,-0.005687888957624557,-0.002716194980402877,1.4657886793179802,-0.5173350206516945,1.1928146802855937,0.21070998474931363,0.0005447175166041485,0.0006673107502248248,0.0008964909362898321,0.0007320507358985446,-0.16016306192988067,0.09568814930322259,-0.13192799685191545,-0.012563062419860277,0.7492760394360247,0.4503889381213406,0.43896060179092555,0.7285836908181704,0.8838455960884832,0.2853422140690426,0.518920142108175,0.29866360005593806
worldcover_00479,worldcover_00479,5,-0.18157324052681761,0.7812666825272807,0.782692795090206,-0.02012974661633794,-20.788214878769416,5.691841651765777,-13.031671273188069,7.5285635921950735,0.2608499996945394,-0.5761887138443322,-0.683160216012591,0.13265265410559018,4.995353205452176,-2.1484168682767955,3.1059464315435044,-1.6302402149307933,-0.06504291690578912,0.14230682901651034,0.1690886546624569,-0.028660528531128673,-1.2936703063367372,0.8763335051526493,-0.6277898233754917,0.64568823495119,0.004770588175863341,-0.010306414724750938,-0.012272247269389788,0.0018102696090184056,0.09678178048994462,-0.07882635028057243,0.04028167640078796,-0.05728883346938938,0.9195949903257897,0.8058485592370584,0.8502150949174108,0.9380180786102118,0.9533061695847248,0.6413047983505126,0.9922520005984301,0.6479382300663126
worldcover_00480,worldcover_00480,5,-0.06323558607359633,0.7582387012133204,0.7510966604406177,-0.015731089847218833,-11.602982236220518,4.393371868143591,-4.757861773957503,6.519132625065371,0.02434235690959735,-0.29884809061251066,-0.3279545413300631,0.006711065455059051,-0.731013147630552,0.16091890248771276,-1.4303344950437784,0.05711117040978602,0.00463194585592121,0.0021686206064771446,-0.001573977645212455,0.008210500293044414,0.06617266397053405,0.49465600332973836,0.5900540843570448,0.2943721925500271,-0.0009897267992708605,0.004860821730666565,0.005794229738489551,-0.0012641030838807115,-0.0027531097577358178,-0.06256469707218029,-0.05352499173585581,-0.035625141661263515,0.7256053475259836,0.8480308624896629,0.8662019220686901,0.7934774026799909,0.6273174110343847,0.41495870840948035,0.39633800948743836,0.48309577553998195
worldcover_00481,worldcover_00481,5,0.009910391458432755,0.6015514409959765,0.5938296438843913,-0.000568390457016081,-18.553128895485173,5.766341551261888,-10.896232949025272,7.583828400948642,-0.02459444613999654,-0.12950953045150346,-0.17388632924606381,0.007325027004948688,-2.995770197820108,2.039526531415737,-1.244594378067965,1.4389559230547062,0.014970000425380936,-0.029135881626809242,-0.024466935706474183,0.007189398643548628,0.9642624500568068,-0.6612579156878489,0.4178067428576503,-0.4748384390524571,-0.0016335827424522656,0.005669576087684353,0.005732992917976613,-0.0010835843894517806,-0.07624779526739327,0.050625999242052196,-0.036516368127341846,0.036673469662114995,0.4150493591608482,0.6591217439777868,0.6674082363587821,0.7157139097785504,0.5291727545379143,0.6598613176519811,0.1441492849685856,0.6343754127750718
worldcover_00482,worldcover_00482,5,-0.15809722182195157,0.8227861604342869,0.8220340291207503,-0.019815747358018013,-21.03367020109076,3.8881166589130527,-16.136947391363975,5.833566837786313,-0.06574170085148281,0.17131358195125693,0.18722026777409212,-0.04250081805586199,-0.9139203043606224,-0.6471166757536273,-0.32028495515659344,-0.4679899217932418,0.05512611671732106,-0.1964864449553368,-0.2154037831270524,0.026068618922248366,0.27713855526126635,0.4763259748545091,0.3429873613155715,0.39763152790204764,-0.006676600872604195,0.024539670622390188,0.026950418300023583,-0.0029138037488052613,-0.023528890330509183,-0.05437814490515897,-0.04165231121108356,-0.046616213360697135,0.8922925772016751,0.9354827296450354,0.945168148112998,0.7317886863130744,0.08485693076105338,0.8519458655128981,0.2706382810198613,0.8822617077893584
worldcover_00483,worldcover_00483,5,1.1674443868235078,0.6925348054712906,0.7028219805973971,-0.013542401465009004,-14.409994707058475,2.4122260054394813,-10.525974331177459,3.9664523919584878,-1.609512127488981,0.5216969099669088,0.5355294520951899,-0.06609938142124522,-7.3138169464313245,2.6825716049306982,-4.278856722039372,2.9423134641958377,0.4703794630928022,-0.278214100652295,-0.2907741203162313,0.027767942404199036,2.337575579791976,-0.9091951738349812,1.3388116871445184,-0.9425900056561597,-0.03813798075870749,0.028544293904401826,0.029957742646637562,-0.0025935408478776753,-0.19061341762887338,0.08629357053943042,-0.09863540283155796,0.08611690349116354,0.9194034369791699,0.8782926782011381,0.8837348209544489,0.8370768159331854,0.5904373894792301,0.7837417289367427,0.6327436105342381,0.8278088753720169
worldcover_00484,worldcover_00484,5,0.40730065931613435,0.6395373181863266,0.6620618664857121,-0.046514391842665155,-8.422259279105555,2.1829647712133617,-4.614947827467924,3.9343565789562955,-0.9917041119262378,0.22647755699498268,0.22272578307560434,-0.008609691294767437,-3.4088834259610254,1.659831850322982,-2.0236192569891753,1.5266387842375788,0.27767685106084644,-0.0722069640309263,-0.07422723804975469,0.004731097048979013,-0.6390431898102262,0.12716046031320322,-0.3194920618492614,0.04937801078573413,-0.019385115735915157,0.006146686546730273,0.006500003464294192,-0.0006074049519469017,0.1602800357181616,-0.047397675935434286,0.0917702205341131,-0.03203912776536923,0.6230159179284903,0.6596972805833508,0.6304536375687072,0.473454707656915,0.7997909261499017,0.5757128057853964,0.7880799302347736,0.6708277164461501
worldcover_00485,worldcover_00485,5,0.009604608334088117,0.41539661225044255,0.36961303307025645,0.013226024171506829,-17.645580590560915,5.913832407578469,-9.906576968453445,7.626600035348631,0.03021832784435938,-0.28617473333955695,-0.34149773492817764,0.05574563461621959,0.1238020159297386,-0.005794483361101608,0.7027226503991658,0.2289847075756983,0.002763222596482868,0.073245579667099,0.09157474988111931,-0.002536576255365764,0.14594089624986673,-0.15604995739499214,-0.19305361908155888,-0.23811940024069642,-0.0007671056985128055,-0.005706986393591364,-0.0072930967482277165,-0.000241742419982046,-0.02188297796857481,0.025291398125432532,0.018225160406909448,0.03172259020408804,0.9320836856686494,0.787799988397601,0.7812755953179933,0.9412866595360044,0.2076024780175585,0.18142943129220046,0.39436892068767804,0.23948230182129093
worldcover_00486,worldcover_00486,5,-0.16627491884829476,0.7204300774063801,0.7398967004635125,-0.023728466282288342,-9.890019034657959,7.951020671167868,1.2954311946023955,8.90707140421495,0.08494068426378104,-0.08184326652969724,-0.12261899059549766,0.007297418161576354,2.6828838259836565,-3.372988733372237,-1.9407000361048528,-2.023891960002788,-0.004603407116194174,-0.08182067981945304,-0.08083721297869677,0.008845172622906279,-0.9481001369089174,1.504439343815725,0.6909141253965189,0.8635359601121289,-0.0007930109610672006,0.013153725931646687,0.013723095060523709,-0.0013786527431673451,0.08693993442356511,-0.15098354129705624,-0.06426667565067087,-0.08500425924365583,0.8930344983229712,0.8469707374822167,0.8462786793472417,0.8607695768639205,0.16173297775520312,0.2912454992818637,0.07871552591062814,0.2945366390496491
worldcover_00487,worldcover_00487,5,0.3729745221310516,0.5495620625037139,0.534071502811981,-0.014257927255874445,-20.731153234557993,1.1729813840510037,-20.278535581632514,0.5219794510954284,-0.5042034399281886,0.18980065180313904,0.1537319060474154,-0.02995682860695044,-3.491700295797932,0.8804550422298496,-0.6987068306799415,2.585394815499254,0.13351981353525422,-0.11921950650211924,-0.11295620533456273,0.0189001959490537,1.113931103627509,-0.2862049281492608,0.2214815085112747,-0.826055305751092,-0.009492917825564703,0.013093110804229683,0.012764078292130224,-0.0022809574770919884,-0.09128474443289067,0.023252843871646903,-0.019126318127594567,0.06667780350283069,0.678629452675438,0.8403413283793946,0.7888558896963374,0.8555712228899363,0.413504833380247,0.7025957400267502,0.032624723934051025,0.7376767645228188
worldcover_00488,worldcover_00488,5,-0.258557208893549,0.7165448586597605,0.7182105556130425,-0.01172073913568847,-17.063693519044236,4.074777903388694,-11.195992802149938,6.198600076595074,0.004917860113218457,0.23445401322983322,0.24074922590738052,-0.07450945551196692,-4.330703409596681,2.2907803449933333,-2.4676457045552636,1.7484642105078776,0.036576390845192805,-0.22822559811981158,-0.23991459608077967,0.039778826838899405,1.8288578802239195,-0.5912651069387456,1.3200717164959528,-0.4431745131673756,-0.0049025314061726475,0.027971734941908778,0.029477873196204495,-0.00418551418591629,-0.17371049553295692,0.03856244523839488,-0.13665247732385005,0.0282514840497868,0.8842116604263124,0.8671388306917898,0.8816524337310254,0.9205416091365101,0.6387370199940712,0.6614541833894745,0.4575971671390584,0.669039689522126
worldcover_00489,worldcover_00489,5,-0.05367253678965295,0.7124217871689457,0.6948347999291005,-0.009366044760540954,-15.378861135735423,2.184550971864976,-12.2599703138904,3.372385464397885,-0.21433603592206243,0.28573982846287255,0.30661300108546086,-0.05961592792947218,-5.241430868573565,0.9105517356340118,-3.8748704346488503,1.249754878305886,0.11794057994581504,-0.23525269323097123,-0.2500405475432734,0.04404586933057312,1.601501109592634,-0.029586039653518425,1.6074018918855388,-0.05578337169233308,-0.01301487292698397,0.02770795629858367,0.029402755426638037,-0.005135153288567303,-0.1298453733132221,-0.010487613892252319,-0.15288574656377474,-0.012149096367483216,0.8056650496045823,0.8705741332103949,0.8665488457891357,0.9061871262769627,0.32058093772296725,0.4325387539886756,0.559928781132615,0.5351820370654565
worldcover_00490,worldcover_00490,5,0.012244302036225485,0.6346085010604446,0.6357299793850342,-0.024838868020610708,-19.657573231301587,4.635162380112138,-13.212221832413455,6.624173482014125,-1.340556769892508,0.6340177882285319,0.6836806466241176,-0.07404653535830563,-5.890479893607348,-0.9299642155187146,-6.834835319048318,-0.9477534679847562,0.5876711796714454,-0.32508727382400815,-0.35880683680181846,0.03985968846182667,2.1764032473019306,0.25841870154840857,2.4539171201211496,0.2619806715834783,-0.06305402545220455,0.033954975731445076,0.03782231437813752,-0.004240066142320027,-0.19607710782888935,-0.020267037397995135,-0.21818244970175263,-0.020341729944715028,0.7784336054482474,0.8282155323747774,0.8535825786916547,0.7003934658676297,0.538211780323004,0.4262004834353508,0.5837455815594187,0.39080599662894133
worldcover_00491,worldcover_00491,5,-0.006627399439935338,0.7150318757489775,0.717761237061385,-0.019086788126239356,-13.792278296143575,4.608654141607711,-7.0236074757350435,6.794433352797361,-0.011455274124761557,-0.12378267635635716,-0.10964259703362778,0.010670487266329676,-2.9259944888393976,4.01135204629221,-0.5714017876586919,2.3680094013681203,0.013588811978057941,-0.05725261179056995,-0.06455113674671234,0.008920046295244944,0.8007954617748774,-1.0063902371494577,0.1803755302311411,-0.5956064665105105,-0.0015861293542599384,0.009011706541941474,0.009788558799585319,-0.0012814523181830975,-0.0626749314219596,0.0666154328057368,-0.01794813732771403,0.0401245964131692,0.6607011457092608,0.8324714592656406,0.8589391047314335,0.8084969331880163,0.4894257599760453,0.5890341348437929,0.1062529463732983,0.6178850754224232
worldcover_00492,worldcover_00492,5,-0.002176403026312531,0.29123665437553836,0.2490166398611933,-0.005561479367315678,-11.673883433642375,4.2676995372729065,-5.531912807083299,6.313412343050456,0.013190319515297408,-0.3010239637205525,-0.3231913560617063,0.033452173571161356,-0.41941109662445164,-0.16758611352292568,-1.4964980630682365,-0.34076382600821203,-0.006434289623811576,0.04311863457969519,0.05021910768131287,-0.014762871496800669,-0.30094120191660084,0.1626919946556995,0.2959360003384072,0.2191973777516841,0.0006637126840091814,-0.0005248231681609436,-0.0011461107436605234,0.0014749327609832907,0.051097461654892345,-0.02415920106905182,-0.014049898372203709,-0.029290539672564644,0.4752504824721694,0.8295963084037336,0.8261859226477469,0.47056533269422074,0.4908969691279862,0.3537301360528776,0.6540973757814702,0.3989377942409349
worldcover_00493,worldcover_00493,5,0.44808795086999254,0.6307670266339296,0.6383550526630724,-0.023106212078622176,-9.308268209401481,2.530687778871444,-4.944013084330123,4.40598363793529,-0.5541355059121481,0.5206094401932874,0.5590280062696387,-0.06423254709853392,-9.293255318612891,5.988144675179351,-4.566763275220242,4.676076865311177,0.11705264551260718,-0.25502884868548487,-0.2808480097124051,0.027356813146704455,2.783181315941412,-1.8577953696748224,1.3883393635454624,-1.4097760780264235,-0.005860035122809062,0.026255158763943263,0.029136438042659182,-0.0027968163761978157,-0.22085763326015945,0.15889970078824317,-0.10473763357981739,0.11948508983749474,0.627924798730809,0.8582971190850478,0.868811592580768,0.8223504983491877,0.512915952401962,0.49841632576977135,0.3992651720604944,0.6608871729251946
worldcover_00494,worldcover_00494,5,0.12528340375398497,-0.08537409025611303,-0.13332243314520886,0.1375934734488982,-11.39903823132764,2.610771960099363,-7.057950190043226,4.158292002147132,0.04903357439451224,-0.017218898190924495,-0.014019967293337115,0.08840117006311309,-0.5401380515509351,0.6772666786196189,0.254205579549173,0.9446374923165792,-0.00623421053911572,0.012214557033886889,0.012989252386413078,-0.022381229495460255,0.09608988140009905,-0.14520430368680612,-0.03703183420894725,-0.20074523838697417,3.5565020175995636e-05,-0.0011064131424357796,-0.0014187733765051815,0.0018697721187514423,-0.0048026249415549505,0.012769027948951035,0.0045809953642217795,0.016500761764198707,0.8759496560822768,0.6491059731690538,0.6126144172134094,0.9251692349886673,0.5095895790620653,0.5655960317815616,0.7020268395179856,0.6019771903929647
worldcover_00495,worldcover_00495,5,0.05788392335602457,-0.03626781278713206,-0.08605364331919141,0.08578537540002316,-19.31799003044087,4.955260733638066,-11.9922964588757,6.957283822275534,0.06368270351865529,-0.012608067657325316,0.00023347057313447136,0.07141884984005045,-0.8948664440360615,1.1361710902880144,-0.09480493344554554,0.9369374371977786,-0.017092390761479313,0.017742050166576432,0.007852540097453354,-0.020997378152686257,0.810135959302131,-0.6059408411069152,0.3705770674800314,-0.5069181859719033,0.0012272019567270158,-0.002081757688876052,-0.0010958239859478027,0.0016917737595962747,-0.09497445460097588,0.06789948189294416,-0.05014734694851772,0.056680611084777476,0.7313021571562515,0.8990716596558084,0.7016912945491374,0.7146491718360155,0.9669287321485573,0.8971204252648051,0.9277405377238166,0.8945167057353305
worldcover_00496,worldcover_00496,5,-0.15304056788557652,0.7187029280220024,0.7377262696849579,-0.02327684710282044,-2.655652090631312,4.290696767376214,4.610583194323281,6.374025669053092,-0.05684762755286482,-0.016208185533447154,-0.05872222899444584,-0.0027544722279777443,-2.106983035197035,1.0125024459062328,-1.7866565524910327,0.5087809744809221,0.05242436801135749,-0.09624457945523042,-0.09134025668152865,0.0031353830103737234,0.6129809885068944,-0.21766713745454683,0.2671016065694879,-0.0902270972922804,-0.006739386061079182,0.014154308710736446,0.014327258558360619,-0.00040157385140474,-0.043915840673767144,0.013069770725132563,-0.0005398440860815367,0.004612311077202867,0.7224185085245136,0.8606546757169803,0.8431366247597225,0.28601094401697114,0.3814753784512892,0.07034742281742357,0.36554692671962086,0.04064619647838019
worldcover_00497,worldcover_00497,5,0.08778916975239778,-0.13881331360475566,-0.14523576324184717,0.15600957315076502,0.7993023065281695,9.356756747399995,10.335568435369945,9.653637931360608,0.11801581877776704,0.10068227307841401,0.072948331774641,0.14228067233685449,-4.258428479393015,-0.41550877082912513,-4.1850959765492695,-0.07561873167171779,-0.019948793829070617,-0.013603144312212873,-0.00916084785768315,-0.025407431187567758,0.696967703339279,0.36590110398574643,0.754947610579818,0.12172495225763033,0.0007997190550524585,0.00030099853374665535,0.0001330076354659231,0.0012205257033458855,-0.020230661687835702,-0.041629450901232726,-0.028762328974928895,-0.014962467509362335,0.9725354461576935,0.9095457727076226,0.9258937605429978,0.9122348567526991,0.3597267725106511,0.2320889315023481,0.39654489113134406,0.250143693542598
worldcover_00498,worldcover_00498,5,-0.40434261417118916,0.758895351466809,0.7634766599671429,-0.01939846561149246,-16.025038211217215,3.1800036042711692,-9.76905166442986,5.392708865569951,0.10470761953219962,0.20733924192331932,0.20873891473525868,-0.04603255439608785,-9.125929630743464,6.24262684768115,-5.839707100340927,4.295033129239313,0.018332189373531774,-0.195922957950985,-0.2052017782705941,0.028168729869285897,3.544623942725012,-2.025212857275372,2.3335212759762762,-1.4214263030787762,-0.0038972405568023206,0.02357454518928672,0.024864689983201734,-0.003069390777987659,-0.33536409507043363,0.17240635767877802,-0.21968913328133022,0.1242487599745193,0.8944766760082434,0.9831023884823779,0.978708577475174,0.9778215615401602,0.8025082265908181,0.392362373595325,0.6400011139861286,0.5291810742632039
worldcover_00499,worldcover_00499,5,-0.0006843857831882159,0.40303573915452645,0.37686109136451346,0.0025970826885014188,-9.190079079668298,9.233996778627503,1.0414964172050216,9.64407916006994,-0.00910838979990287,-0.19639630964587568,-0.19544874941782311,0.023380303844099882,2.441378578858416,-2.8466827162253012,-0.07795573616100729,-1.4880158152176817,0.006717754284290518,0.004455826983049154,0.001981994241991975,-0.0049845960849968455,-0.7801596791991827,1.3021833446570823,0.24883293543976348,0.6682350624850586,-0.0007068499007481944,0.0018111420324956717,0.002117559464290905,0.0003977192311801677,0.06317332066913904,-0.13424581946243408,-0.03640131022141899,-0.06839319966048996,0.22497233121690252,0.667543174597812,0.6568410454828036,0.41614408155021765,0.1838959402464555,0.7925728472659014,0.33807480216493924,0.793820695075214
worldcover_00500,worldcover_00500,5,-0.057054785155902545,0.6513576758178816,0.6401945311914808,-0.0012702291027053814,-13.689830489609541,2.665155017934907,-9.324488113647508,4.507563871809721,-0.3789604228843284,0.5351881141818688,0.5491490697576863,-0.09262340984654582,-7.377037823467981,1.5743407270192484,-5.414324534966728,1.468352799329401,0.13093129995590352,-0.26909064230593743,-0.278487786545833,0.04089625508451896,2.11052995652853,-0.27360502344867393,1.7175025309011789,-0.23242501618314326,-0.010151941495588178,0.02774945319150433,0.028702922108950014,-0.0041900094671438225,-0.16085145557412686,0.011688688738310417,-0.1406483778638723,0.008521150823318427,0.569031664453745,0.9103002851173658,0.9248953830575908,0.831524493290842,0.5562304873471215,0.5026716283998884,0.47861471132069,0.5575922146103631
worldcover_00501,worldcover_00501,5,0.05379062975657735,-0.04701456828325097,-0.07503600599187815,0.061990235565286676,-28.321633401047787,3.891564910348958,-22.148617796038465,5.87777927908126,-0.007632752519659381,-0.06336682669759257,-0.06784173899463225,-0.004037867226297881,0.21969385552284332,-0.9736672789752023,-0.21563324536681389,-1.1734426361748114,0.0017231285540805243,0.015504995167448904,0.02003226780788203,-0.0004190330825004309,0.1305841323974857,0.39250634179320204,0.22422339106081207,0.46717397612967365,-0.0001021067089020007,-0.0010442777696733517,-0.0016831829015052661,0.00015796657952696477,-0.022570008886530372,-0.03489362994554216,-0.02367091492412361,-0.04140714474511539,0.6696181419840959,0.94406990563542,0.9327017311619454,0.8432933201872013,0.18628658425596967,0.6395464181240278,0.3355235694184975,0.6645352054418967
worldcover_00502,worldcover_00502,5,-0.13416772214814437,0.6484718328116098,0.6545162308170963,-0.019851464947516464,-9.193875709098144,8.86269123284896,0.008638786696148175,9.318168642610923,-0.19247459935282146,0.48925942475981155,0.4989432429687816,-0.08861534931652555,-3.971341285331435,-1.1191548750678977,-4.616415690550891,-0.41594627789836486,0.08721273509921057,-0.27323807465130184,-0.2853845490134633,0.04615744350486106,1.151210752008639,0.8045592653205005,1.6939452727283533,0.29382754325655436,-0.008135179739228279,0.028922245616676504,0.030477381546539443,-0.004959484900940541,-0.08179828104786525,-0.09940234819493593,-0.15346942966871133,-0.03694191822944235,0.9107997689431075,0.9250564847945808,0.9363897331897446,0.8915399142923511,0.6490234161204267,0.20546220656406833,0.27419797240575583,0.14352100705973914
worldcover_00503,worldcover_00503,5,0.21236971743168467,0.7047839579031336,0.6912702999331762,-0.044959186209422394,-11.893843634846474,4.851033543106945,-5.39003779643166,6.848588797584504,-0.47020504565094634,0.22415585234938368,0.2543383963287795,-0.02659631439203738,-3.4849067355492886,2.442095266134618,-1.9272853166737949,1.3546131797482817,0.1399618142379148,-0.16621985791242933,-0.18336878294423478,0.023467317191295186,1.202586773834606,-0.7244472317065567,0.8389381631000038,-0.38506237654470254,-0.010482767861259939,0.019455236665001374,0.02121445506510104,-0.002951478265752688,-0.10609244074237288,0.05813163341071339,-0.08339143646922306,0.030345048009054337,0.6025108657973038,0.5172061739946816,0.5269685138289092,0.6123083367218705,0.3134427804915527,0.12402574976077674,0.5907522101778521,0.09537816927799203
worldcover_00504,worldcover_00504,5,0.0850721239898531,-0.11523852700536902,-0.14239736149708423,0.11713098034714199,-25.23145032829801,10.513416668817657,-15.4886817943539,10.128562623952106,-0.006153123288878615,-0.02056011338792145,-0.02694808467039988,-0.012285487223712215,4.330598670287287,2.0940913015917575,4.9441564868795025,0.7501014478891147,-0.0003333219524338802,0.003358128976512256,0.005230318045332329,-0.00027792873385149215,-1.2664120122623448,-0.7048851643475447,-1.3925411208702336,-0.24721062244607014,0.00013800659724546807,-0.00011858543512797059,-0.000305205169651245,0.000281699490968628,0.10572753445816085,0.0672179513992113,0.11538257397061367,0.023459627549769404,0.7630900779778066,0.5391701474494128,0.7636735502007344,0.8616194001431952,0.744213348852423,0.44077388046039756,0.9185322171700172,0.49177202372333195
worldcover_00505,worldcover_00505,5,0.0767219991342646,-0.03301297178999939,-0.08339775500423978,0.13462316809278543,-21.66967417771284,3.7183099083923143,-16.10532414907815,5.623076180808804,0.013484578673464443,0.008761455777973425,-5.0155150275362205e-05,0.003250844214880208,-0.40697712492951377,2.622548002041031,2.3191098267074315,2.5702114747292444,-0.006068606013648242,-0.006278149892467195,-0.0030425319133640994,-0.0058305909558808025,0.2374352188986085,-0.9581485134454832,-0.7722187071740234,-0.9444473676626115,0.0005394056416626024,0.0006833734799816166,0.0003941959014745687,0.0006714230497377084,-0.02403041966847896,0.08631664919433676,0.06728483568488998,0.08540525457925664,0.9210868203167213,0.5382095121824246,0.5562933655763654,0.9180770493839121,0.19695744504968982,0.562508236187685,0.6504887677378303,0.6276300598622324
worldcover_00506,worldcover_00506,5,0.033753128182734495,0.533303648572077,0.5257445897794139,0.004127310701843241,-15.713678146879257,4.463471342243684,-9.149904835260925,6.399596141398262,-0.08652232654170908,0.17341442894013046,0.15695344257567512,-0.031080265573802248,-0.20328093472798311,-0.23744338776255675,-0.2289254776576813,0.0440737197518637,0.03780421104671384,-0.12110385956702278,-0.1235819610392117,0.016793643680776044,0.04009801292947845,0.3311849778115519,0.18929271180460985,0.18507025473723923,-0.003927049322094751,0.013721738067088702,0.014425868394248406,-0.0018237336454066323,-0.0006779631927686797,-0.040782097350754894,-0.022127746669546377,-0.026335369824800472,0.29162485011268635,0.8660451324673621,0.8778591361729864,0.4799613793057468,0.02978615629876702,0.2864696568640105,0.3190652721083934,0.3420735446962676
worldcover_00507,worldcover_00507,5,0.07608712884653997,0.13593801810885892,0.05842970074577716,0.0969246739916727,-16.086541519097697,7.234303457124119,-9.506939868042283,8.560097292931136,0.026394126645617588,-0.09305164581608168,-0.09743946057463407,0.04184544343678739,-0.19183288085093733,-1.1143030944241503,1.4166762795387422,-0.6792771070410636,0.018883693752848443,0.05846762341483454,0.05075198574015839,0.0213935255068979,-0.10867879593510903,0.3639821647839034,-0.5606737187527625,0.22055582291418754,-0.0029828863349706572,-0.0063435472265788995,-0.0053101401174008205,-0.0035327513222441543,0.015780858650469853,-0.03088482745634941,0.05659136976960911,-0.018591331312051734,0.9750580219533023,0.8117507243238907,0.8012851573988637,0.9825278792370568,0.8290457065870622,0.20339789676093267,0.5009597082044192,0.17685606945669485
worldcover_00508,worldcover_00508,5,0.07635529599564066,-0.05795728826584905,-0.07321777747887545,0.09436589439935762,-23.88523111426433,7.576124482416846,-15.182377176582012,8.72289745171077,0.05352147806512032,0.024949601530799496,0.0055723220612557455,0.06994790780461481,0.4370013160238666,-1.5060384361025878,-0.4565824173406413,-0.8990399398195233,-0.021333239321667787,-0.013038567168959616,-0.006901889916477128,-0.027756482935248492,0.2510384836926552,0.22264445043015024,0.20841115312421313,0.08830303720680731,0.0019216746864055183,0.0015365191728859715,0.0010237232876019649,0.002472292359052885,-0.04527255370861543,-0.006716776539300399,-0.019414520480850773,0.002018637280193777,0.8029422046596196,0.8337726479273808,0.8856813987283815,0.7754684505564271,0.8266228183553748,0.5100809410025731,0.12388714509430365,0.43454353501043963
worldcover_00509,worldcover_00509,5,-0.20082022808685784,0.6601584364067425,0.6675794966744665,-0.022086319118512526,-23.64780497946421,3.0555861616498676,-19.230101119221967,4.853685126896819,0.05246361779285379,0.09650342852350097,0.059829316441973514,-0.019063713731214526,-2.0957454420134547,0.2199738300427611,-0.6619221039049441,0.3104593158730334,0.015050217557980784,-0.13983760878959736,-0.13078650242741716,0.014456708246269503,0.9546266046224914,-0.2278860424691911,0.3566653327025251,-0.33502648160800697,-0.0032387479197502175,0.017148643468666538,0.016482932455461417,-0.0017530019771345325,-0.09963367655661448,0.03208637858619641,-0.037458574658081334,0.04654221833038153,0.9559317960022841,0.9535319341224606,0.9540641189996735,0.9196929415737891,0.6074140083067415,0.8543882253898454,0.20857882906496605,0.7871108435054265
worldcover_00510,worldcover_00510,5,-0.16926189260598237,0.5925433529597368,0.6123904888377073,-0.014182803178714272,-13.836277240269133,7.720652812690566,-6.01055827452924,8.99304276017544,-0.17625105965935525,0.6777117144730319,0.655974419698825,-0.042086669360287286,-2.456856274942658,10.600180118521054,1.5425559595911433,4.020411574249758,0.08125103687998086,-0.33208220839113317,-0.33440405404541823,0.018335084257006303,1.0319623071333186,-3.6802315622214152,-0.16526833487144318,-1.4233644642143222,-0.007796049405246061,0.03360408491859528,0.0342581231485713,-0.0018241313836452604,-0.10042456897169343,0.3097479858783283,-0.005929336468470678,0.12086950530886147,0.8479616456392005,0.9184143197533384,0.9291139555634504,0.7414095867427477,0.054808385168326534,0.8581454308962213,0.12146029937427594,0.861836826983334
worldcover_00511,worldcover_00511,5,0.06894144876801477,0.05460952764207689,0.009697153980872147,0.09584904484676608,-17.751768771657037,5.814330925789008,-10.561411731911713,7.665476792496846,0.13226506981169373,0.13860740908791103,0.07814957586020961,0.12294725186768013,-0.14660282697518598,-1.4490947446399782,-0.3857442132046925,-1.2242289208627533,-0.026114292649469174,-0.037898866629058545,-0.021473611134519587,-0.017969705116052087,0.1417171154866383,0.49177567191519267,0.1960888790482525,0.41060684234928907,0.001292851938606057,0.0028212634150427923,0.001567808246813856,0.00034917315298860414,-0.017387237498477117,-0.03875629995867197,-0.015786676611754907,-0.03236145627192887,0.7936325665979443,0.42307519158373763,0.2874700461445525,0.8859233185624269,0.3035670761286201,0.8210936130341216,0.9306076633594121,0.8037642075025613
worldcover_00512,worldcover_00512,5,-0.21207241086588965,0.7009252256318728,0.7085108538017159,-0.015385206958109873,-3.183093067691472,7.7248048281503525,6.658560327511712,8.928864626102431,-0.27954198638540867,0.28770736491839566,0.2993229784603606,-0.04285493283902107,-0.7426902303287167,2.5627583545693224,-0.8584219194556638,0.8663666453436052,0.1368335380160406,-0.21626296537843567,-0.2465334933259202,0.020038601274106158,0.038288875810307585,-0.6794181630048691,0.10971420993168816,-0.2069932675914108,-0.013801402040450208,0.025127480596755458,0.029160633654982736,-0.0020730700367365485,0.012531989150025855,0.03912006850889678,-0.0012952074460802834,0.0076621783432819016,0.7332408830362269,0.9614718024962776,0.9650521674753854,0.7840719910098135,0.1559405894161019,0.2515346826396223,0.3052873090877254,0.2671919208602225
worldcover_00513,worldcover_00513,5,-0.002856232737848277,0.7682170949199006,0.7836380521907974,-0.031154860770612153,-6.496858612969222,32.86943180481341,6.921251134804038,11.932286545273662,-0.7716544132037517,0.2543527299449532,0.26712352220737473,-0.03579136205925801,-3.0540873202673646,31.57981105982259,0.5887662016534184,5.40015113910961,0.3230577261298967,-0.2373081518748359,-0.25719066612519165,0.029647871845873475,1.870310537743951,-15.445891176357549,-0.2058329094669814,-2.569165041464056,-0.031995597940044536,0.028735794239875014,0.03131136166477442,-0.0035016240806064786,-0.20144489114568093,1.509077320205445,0.007286776796591136,0.2461377088927433,0.740716504348161,0.8937364235351973,0.900497359672641,0.8881437324072777,0.6676860405161477,0.3768124818873769,0.04283374186926525,0.6373121382684682
worldcover_00514,worldcover_00514,5,-0.4082380486276397,0.7517101435047232,0.7685628973624946,-0.008676519702104323,-14.725594324637331,3.979257221645639,-8.177235931733488,5.899431738134481,-0.01945179477890899,0.4489056669648655,0.4323153841708355,-0.09198214138104054,-6.922249042339985,-0.7469376946543717,-6.056138303355055,-0.726214280979483,0.0650958585871279,-0.2943351280863405,-0.292928005225988,0.0434980333512608,2.5458514800983956,0.7368267432661625,2.4721616198334444,0.6308328130504274,-0.00831489302060974,0.032839065097799186,0.03296643980976303,-0.004382365397318742,-0.22997653955363762,-0.07951738793128621,-0.22973140187669916,-0.06736529977802969,0.9059721811579128,0.9501223007317723,0.9486594047285656,0.9055044690519979,0.4587700380838705,0.8442572925007187,0.5442228452350892,0.7880758063972231
worldcover_00515,worldcover_00515,5,0.08402642673224942,-0.06690586039401362,-0.10274968725262257,0.10964403166012351,-20.654357850951858,4.282676439470747,-15.61542981881509,6.390740083971408,0.04352041467302866,0.021114579693872534,0.01997493307978385,0.07046177977370818,1.549938150559041,-1.0110376858800518,1.2106689872724399,-1.3241507754976316,-0.011349028097787739,-0.0034384684500111157,-0.005017555838862018,-0.01830168061958244,-0.41005713757378387,0.22626083674704908,-0.33128110138900835,0.2985119469991618,0.0007627670161285805,0.00018343530040271995,0.0003490558816025952,0.0012406609350382673,0.028124118072030083,-0.013178529066011,0.026743727222862237,-0.017367453473629363,0.806051125149378,0.7165868371156034,0.6514707389604139,0.8983466122403888,0.6721595228423554,0.7142915099139604,0.6346445590575572,0.6559306789114729
worldcover_00516,worldcover_00516,5,-0.1864118669368878,0.7218094519480619,0.7325274143932454,-0.022584775547412405,-10.776094723310386,2.91508268746965,-5.269547502862276,4.8311469037862675,-0.054908966536234914,0.2811596870629313,0.2644725947803439,-0.025983073866911243,-4.082595285609307,1.6838024941164182,-4.399252767167095,1.5201984423561308,0.050574882324443585,-0.1954659174410101,-0.19650462069004376,0.014905498932555175,1.1037940883795307,-0.27100939788025974,1.4248757621149857,-0.2165046249841716,-0.006279008485212841,0.022430699450349572,0.022930493484241803,-0.0017051070086620368,-0.07870631624133644,0.004625538254370374,-0.11921918282879614,7.17074626893631e-05,0.9092194097000894,0.9101353151538744,0.8898143643494036,0.7884860032021737,0.48569849526031406,0.5746524206907866,0.5515603709893424,0.6450113885325602
worldcover_00517,worldcover_00517,5,-0.21267693058339,0.8290502618659635,0.8292387951955669,-0.02301176065388569,-6.484595137727585,5.124287892824159,-1.330009447627322,6.848991826259094,-0.08657732003448607,0.006211425902113671,0.009036633112126139,-0.02250701121917529,0.0757540879842885,3.4300737342692544,4.778134054839531,2.320082841077484,0.07463115141208335,-0.1433627288062849,-0.15360881165637566,0.013083391461785445,0.26224291766965063,-1.3441603657279988,-1.2377279047965337,-0.9060854757160097,-0.009241542324868611,0.020235401531211044,0.021702427906219388,-0.001409717438321541,-0.04057357658008418,0.12738847661317299,0.08248571567296586,0.08650430767156839,0.696810557903574,0.9277799166387933,0.9283469898509285,0.810297355564929,0.2467903087617882,0.33065688393559334,0.32362886676799296,0.28649866549732284
worldcover_00518,worldcover_00518,5,-0.032133564082398265,0.6994583299383518,0.6930888523206559,-0.019524793916692294,-8.037286570201811,17.59061600125235,4.377580328485682,12.276409016659272,0.03228873770919048,-0.3208778012980008,-0.37027904459290034,0.0368806961960795,2.951789521981835,-8.14734643381529,-0.3898149538476167,-2.703541330743273,0.011527977913320888,0.03404304074744367,0.03986917091009407,0.013257825536476024,-0.7213189301248033,2.397952117392652,0.20463724057470067,0.8264938730358629,-0.0021367913075826,0.0003723604863302747,0.00024993911460795894,-0.002388636374639143,0.04910890886357109,-0.20957070798111482,-0.019935006259587027,-0.07470850826613208,0.861880803600136,0.775498816766923,0.8089563557935779,0.914357750436701,0.3173932586427569,0.628156417577747,0.18739699866503623,0.5325484512874818
worldcover_00519,worldcover_00519,5,0.0645013779880859,-0.15212613344192483,-0.18934911963614529,0.12319773446881407,-18.194970251025904,3.575702039165444,-11.479729939669076,5.548342274004291,0.0028163647382804732,0.03868074413566349,0.02818421865739502,-0.007183622539280017,0.38551669994879656,-0.5904521005919801,-1.3942887197554807,-0.9081647727828164,-0.00030184405035832716,-0.014838299847074892,-0.011782882420660569,0.0013432642243383466,-0.06264489420123116,0.12372026713941106,0.32903688963870104,0.20386336764583957,-4.841060675034311e-05,0.0013837224493424085,0.001110114194829052,-0.0001293221921330768,0.002355215581739399,-0.006449987549409497,-0.02197486606212347,-0.011722276220312562,0.26221963515222013,0.5703505684860779,0.666940341338512,0.3729577141543473,0.11711692799506435,0.4404750147421176,0.3992954557522088,0.39389546564450817
worldcover_00520,worldcover_00520,5,-0.0593582153571981,0.5443261743269194,0.5218719431396694,-0.014066890940408928,-3.258731379165675,6.09608842523042,4.764385832816061,8.08379608745041,-0.06891790816578672,0.1209442716919705,0.11060455136947116,-0.0305349736674022,-6.28957932271027,7.855431701020058,-2.673479265995057,3.4073160445342108,0.043200180419921755,-0.12119770501397573,-0.1221387554605155,0.019460648681274974,2.1449940590682335,-2.927366259483652,0.7134849051801936,-1.346342452321023,-0.004804449702615221,0.014510636984587018,0.01475625342190867,-0.0021797862736451794,-0.18272711792492602,0.25978545246872964,-0.05199868038779955,0.12304039317082938,0.755696182289751,0.9483748222971319,0.9496156744053098,0.9411530401489206,0.699717872847126,0.5975026549687299,0.6385075887792979,0.6446181737221159
worldcover_00521,worldcover_00521,5,-0.01884160716401648,0.5888173896254943,0.6046460353289604,-0.022015609552688845,-12.777420923673656,5.3928542105955835,-4.779059107153421,7.768239000561927,-0.4938595646291697,0.7035127461902645,0.706159435863056,-0.04980983891864358,-9.755614747345499,3.1629422961863236,-9.034162498239667,1.0012412346171735,0.15766033201577093,-0.34686300483455584,-0.3528896226140449,0.02333241677137482,3.0818160965968304,0.06429445192393721,3.2987317146961215,0.1406405875170682,-0.011823265881389442,0.03593680023620222,0.03666788601137769,-0.002550827612103233,-0.24297918224606002,-0.07060303581738364,-0.28859727740857827,-0.03963442048084088,0.8149344516372247,0.8615297086272898,0.8672660454509442,0.8965704866037734,0.5275788300103232,0.5344299772051373,0.6258861396333983,0.6224805325068821
worldcover_00522,worldcover_00522,5,0.020084467506544003,0.4735070557305329,0.45662252243721374,-0.020001774936011532,-17.016547609951814,1.6018950623976325,-15.297440148025231,1.8600076694588636,-0.3681187326626193,0.5848931595091753,0.5925472776095048,-0.09504407673098465,0.4839439520766926,0.22465803386708538,1.2433838310509178,0.7992538010326617,0.13014895832005763,-0.27357120041884575,-0.284577002902051,0.03746033429462471,0.08946426711062709,-0.1411460095135988,-0.3107397772736694,-0.4641017054275936,-0.011452787432267299,0.027119713995342253,0.02867614997155735,-0.0036364389639912194,-0.02193738638052907,0.01654419290300964,0.023026464711911124,0.053029166135206265,0.6462972618258416,0.8538871586948446,0.8531195544702823,0.7314632424801792,0.7160053006435982,0.5278044784046083,0.6904010961289347,0.5210691766626211
worldcover_00523,worldcover_00523,5,0.05202961333600684,0.014430922484307508,-0.04031236379435569,0.06551728724981797,-18.571161223835283,6.329881002042409,-10.827111135237226,7.961514877188922,0.020841652164645286,0.011329411706399412,0.02888897093500768,0.016379349850236428,2.2392840012735835,-1.526965448328794,1.4525283800010667,-1.1547529229612876,-0.003656529426078885,0.011262295463271597,0.001175126631328937,-0.0022135644876982775,-0.608112166742427,0.4468257613042964,-0.37063440501764283,0.34224947224016444,0.00016416191394246212,-0.0016282468780197887,-0.0007428661708466033,0.0001073213990288555,0.04774845039180984,-0.038751333341833956,0.02583966579279303,-0.030141226698137874,0.9199495812101924,0.9560443075707823,0.9980478662786944,0.6334251917795419,0.7425331906240022,0.6488725258880677,0.885290994935216,0.5975004859990156
worldcover_00524,worldcover_00524,5,-0.09531139678485703,0.6677597327524745,0.6892169410306397,-0.014195803341201798,-4.820358754651891,7.456123887088166,4.113629630549367,8.811877242965872,-0.012938696185527941,0.05120482080845125,-0.01886976930120691,-0.011984231235045438,-3.966692920658449,16.71810049518178,0.4705331946528144,4.735626285354114,0.013185602450985736,-0.07319477791555244,-0.06017822278784458,0.007758238797330025,1.3076465643613722,-5.498759012283435,-0.0875531663175426,-1.493009912268942,-0.00132546416430983,0.008047503526228463,0.0072911031017399795,-0.0007778918276531517,-0.1067152360432729,0.4551303168164291,0.0015399833847978776,0.1196632900575944,0.501957098836441,0.7013260929149708,0.6798706745570574,0.5421767366146492,0.5905413932365167,0.5045997025871714,0.1825109052745547,0.5080530642568184
worldcover_00526,worldcover_00526,5,0.278559874966621,0.7517322754543859,0.7602842086643891,-0.013981373952419688,-12.937355206505837,2.8834722282278435,-7.802722649121581,5.217265933288445,-0.45926880396469727,0.11744147438614928,0.11127241836890174,-0.036995383567132216,-5.290934630445996,4.714210160105304,-1.017477355475411,3.4678094093543015,0.14691683986326382,-0.15537247356749007,-0.1634344657987869,0.018377361852913505,1.7107829924671833,-1.258543676512813,0.38117966276504894,-0.9476272149696345,-0.012661508610253086,0.019597726424854942,0.02085716685637679,-0.0018363930108590079,-0.14933188450749327,0.08835261349884461,-0.03806229025961213,0.0689351655819884,0.5618546253135674,0.9644692144919863,0.9614803201329366,0.7444372040722718,0.5351307367998871,0.6113910378818823,0.13531137995642217,0.6953553608031816
worldcover_00527,worldcover_00527,5,-0.21689832457044184,0.647921333964351,0.6427131749012265,-0.02854581823516104,-6.395733396541831,6.559317052303436,0.6174666283986813,8.251853615981782,-0.21886015771541784,0.3002028994018279,0.29319203674556477,-0.021122207325542982,-1.1365086387373038,3.626762533380203,0.5015045184358167,1.5418369681872188,0.12795283435914154,-0.2120580160390637,-0.22399013528189052,0.024699506051515822,0.05096833807895943,-0.826203210649958,-0.0597775156970132,-0.2946640522513479,-0.013940816617400995,0.02403453186817577,0.02586441912283798,-0.003112023945596782,0.012761219948120635,0.04380034101096728,-0.0037424710005986607,0.009694093751759636,0.7882247603637941,0.936842012264015,0.9349205103552956,0.7398121475216245,0.3096672384319006,0.5884702211819015,0.16504494434825157,0.6563979496912076
worldcover_00528,worldcover_00528,5,0.09027263041414052,0.2635403327418089,0.1528426590516705,0.1112409354836652,-21.96147065091943,9.779717495389413,-12.529417229904679,10.00094908748839,0.09242140021957258,-0.21739959110697996,-0.24184089186527377,0.1016219806753926,0.17394270536527456,-2.620198161024238,-0.7633772657448675,-1.7033483151367246,-0.012991979573581508,0.06800340808266803,0.0715144012220106,-0.005562799301369347,0.14461326211310518,0.561212798641881,0.30343579960329725,0.3889965598228916,0.00012143581366636007,-0.005995160034584872,-0.0060917739991587765,-0.0009792406262472443,-0.01814281683391976,-0.041952060719619697,-0.0290870325082395,-0.03090479285270057,0.9653235488801792,0.8061907337933111,0.845305080485133,0.9752088565805143,0.7668425629895991,0.6537334127104852,0.2547259081474408,0.6419977311531582
worldcover_00529,worldcover_00529,5,0.04982163720368127,0.056841676306882104,0.020927022860356824,0.07889806490504392,-22.456701796024802,41.62212568704665,-7.348103337305254,16.116219645611533,0.06730325075170243,-0.11478131307872896,-0.12940041737128308,0.08295291404993752,3.0141786385802565,-27.04454587774122,-3.239905951510398,-4.985782491743346,-0.008316739967937335,0.04444868126768186,0.04400024596940381,-0.012782666719321031,-0.9397772961639118,6.8473350421650885,0.879470829014838,1.224791934728819,-8.04172702176181e-05,-0.004376032611359888,-0.004116701009222351,0.0003016251844890177,0.07741968880833117,-0.5040311573391234,-0.06650707348596058,-0.08628095530559805,0.8877310058209915,0.3896861131148889,0.5228824472489468,0.9065870530844442,0.30923967602207425,0.9003148283318023,0.5420473442607325,0.7059061723758648
worldcover_00530,worldcover_00530,5,-0.16254758283854828,0.6560060933909654,0.6573712587582352,-0.0194538530583186,-17.563371677255027,4.273047087966284,-11.898376685327511,6.012926066196114,-0.1385491966074716,0.33797532934990987,0.33997551597181636,-0.05280650431467639,-3.35685093213293,-0.7788054159541455,-2.3309046107615106,-0.36817509275233873,0.09053068408764954,-0.20923165774206678,-0.22470843566186496,0.027260483597360857,0.7961256002101981,0.6699248113573579,0.7361969649915451,0.4544282837034628,-0.010826027096287522,0.023410767307410933,0.025545273973333726,-0.002898612214873232,-0.04648969019384371,-0.07723620466036718,-0.056187307582875434,-0.054733803318601164,0.9500259944980296,0.9031757698750008,0.9205094402399071,0.8590241079156982,0.4460338176545301,0.4892227447345707,0.5097468038516036,0.5534490390704638
worldcover_00531,worldcover_00531,5,0.07081625037078426,-0.004608178976923266,-0.050073778877655725,0.10732268000190912,-20.40481956759973,11.520626788909635,-9.849198585613388,10.599642132075756,0.033829814182809205,-0.021188135848321445,-0.02253726390855647,0.035493269828813324,0.3442709696571378,-3.6980990188220098,-1.2393516527810278,-1.8466240756114494,-0.013532577040722901,0.0057407785872263485,0.005984996223733529,-0.01697849261360766,0.2388736820508439,0.6954007230462712,0.46880521775542106,0.35567691389195305,0.0012687255378655137,-0.0003171662360222798,-0.0004531977077325178,0.0017081347265929887,-0.04462081245158231,-0.02821196840789135,-0.04671089561307588,-0.015116798315156102,0.732665893371554,0.6678053061616152,0.3240348267620522,0.7735266292366306,0.7210685661870523,0.7656480475610266,0.4823753014022383,0.7227499408355917
worldcover_00532,worldcover_00532,5,-0.016099638386629967,0.501316112099273,0.4853084261218713,-0.0028224749363621464,-9.337905203737463,11.422965141615121,0.9689169730329577,10.302319002727609,0.011213905131811197,0.07170340767691893,0.04008091708260762,-0.0021871205193861832,-3.3107868643687377,13.735432920854208,0.2385765556153997,3.506302453359713,0.008331827458837088,-0.10264219908100165,-0.09760765074973993,0.012326858877264816,1.21997533465514,-4.811755231285516,0.006610537401074361,-1.2238867944916105,-0.0013679254214861685,0.01247523879312505,0.012377935979101386,-0.0016716487477580549,-0.11331004695214106,0.4127529929350741,-0.011319701833812514,0.10551405812327698,0.6743469590729281,0.8947737519116103,0.889144046821738,0.7663122966221538,0.6258914798308391,0.5610604423091937,0.4021638019214846,0.5290059881803484
worldcover_00533,worldcover_00533,5,-0.23177274722437025,0.841163654670571,0.859917910374476,-0.02145375912501079,-17.405963453458472,5.352861678508706,-10.714514239518275,7.258293129672914,0.02368503678445241,-0.19771997843469974,-0.23338502783712772,-0.01849105730948447,-0.27739591421114096,-0.5391191542506014,-1.37703473946499,-0.38837342802182684,0.027559258824894135,-0.07032977710619104,-0.07507016460584588,0.022801664666962082,0.7781708786322181,0.12105572225806571,1.1444726706298547,0.061476650315179585,-0.003881173758825468,0.013606195987174004,0.014955909805127758,-0.0028290280794743628,-0.0965740317863406,-0.0050641692389797755,-0.12454056339473303,2.4781886339193018e-05,0.5578265823216719,0.8818621405424925,0.8860013716664754,0.8788732046744627,0.5830780869139742,0.12487953575426813,0.505395871066938,0.1265289961089875
worldcover_00534,worldcover_00534,5,0.09813319320022777,-0.04106132365819657,-0.09875591957207898,0.12525889254880648,-15.930844757539223,3.3225459108829476,-10.638961427174802,5.341846383775438,0.0031251935257614314,-0.022343249803053876,-0.02699353983477926,-0.016017038079480937,-1.7926718260144014,1.0101044339644136,-0.970730772573107,0.37430861153532163,0.014778077492505625,0.02384178793799625,0.02169002679245165,0.02537308442224921,0.3215642431513896,-0.0997576088492709,0.2622276967120374,0.13798821872552586,-0.002174931687296096,-0.003308931400886535,-0.0028448792814154814,-0.003233885430175844,-0.007664085592866466,-0.01069688890280974,-0.02276620808674531,-0.034250776444864614,0.8326281804229019,0.8398954604158959,0.8107912755512113,0.8072538711749495,0.7162605940514224,0.4808340472984044,0.7885978148558818,0.7243750878848202
worldcover_00535,worldcover_00535,5,-0.05318018552888077,0.7136612868670259,0.720004852070953,-0.04201267896728081,-1.0851804095083641,2.912137024650731,4.12404311225885,4.646799954165068,0.08403129266696928,0.06573320546793567,0.06245920913560056,0.0045420071849274525,-2.3465750461125805,0.22943667153641564,-3.677199800400817,0.24960519158019298,-0.14108702556751127,-0.020706364731768054,-0.020981211295891686,0.0005287016939484639,-0.3302183284200222,-0.07264239387992423,0.18799730450680274,-0.0903088338393022,0.020430968653660436,0.0017371266478239968,0.0018292475830424962,-0.0003246140167719181,0.091453166741083,0.007301206883647698,0.04269712034199934,0.00975191483812515,0.3727351329148323,0.15864210337193663,0.11581140549976454,0.9899835734847677,0.5949976038217957,0.04767559464629645,0.5667133337694694,0.03727075026259119
worldcover_00536,worldcover_00536,5,-0.3674974617874142,0.7419743799802042,0.7530737550872766,-0.03402003394722056,-21.647122427895578,3.5892231356985485,-16.10564223195728,5.5343599736050075,0.13372263430022882,0.30442990182292606,0.293092391911951,-0.05269848933399041,-5.186438018617237,0.36371850471911776,-4.809524712135329,0.47119033361541185,0.000345166182571214,-0.23086866924692367,-0.24410364984079058,0.03533614076546979,2.048499850688759,-0.11645384449873508,1.925835336092624,-0.16161175528331065,-0.0017895865228082022,0.026558212437337674,0.028664661270349903,-0.003888554310172115,-0.18879727667709836,0.008904367110160752,-0.17991400959625994,0.01285662304905375,0.9776523785347468,0.9604684911237408,0.9636628175366914,0.9366681329220954,0.6475862987246577,0.09688843973950634,0.7114583259950655,0.15482489432774138
worldcover_00537,worldcover_00537,5,0.08408751495498916,-0.024832481631275456,-0.09094843556257817,0.11295591656005732,-20.293067454804117,4.041440491759008,-14.357922743291427,6.060821457102269,0.00653288887417232,-0.005304598940595392,0.0026384757476903644,0.009260417804831654,0.10996933439718264,-0.8638303014569689,-0.25675100151040114,-0.9165952611904941,0.005353905554632077,0.010500224172117488,0.007727010534406995,0.006944774581498362,0.16855567365408533,0.2402572028439401,0.22784772931063393,0.22519294597873263,-0.0008637317735150997,-0.0012938076456199671,-0.0011489970440214335,-0.001141347216837331,-0.02302793618041702,-0.017601832404046166,-0.02726666796650879,-0.014763520571972227,0.9082764905685861,0.9694374813596207,0.9323630732703683,0.8389086545786093,0.39061935854220786,0.15027307106414445,0.4605410988864269,0.16517528211904386
worldcover_00538,worldcover_00538,5,0.10113438807045977,0.02788527518736591,-0.004281489206760374,0.10913669746933574,-23.825347504874106,14.84933283167202,-12.195868393402172,11.818187277460366,0.035714978300769785,-0.02791460906894551,-0.04684085668700313,0.03539441026274167,-0.01719062806418726,-3.3738732900299353,-1.37219289039798,-1.350115591203189,-0.015314810904369022,0.004146816401472275,0.009943775050503343,-0.016684581537718898,0.09630254332525931,0.25546737148091436,0.0999079567364403,0.09982893949302508,0.0014262773047774677,-0.0001908836820435644,-0.0006112541222587373,0.0016238783495594765,-0.018990542951891495,0.0367206190548906,0.011830631915323573,0.01459800373689786,0.7723608324786929,0.7041016565412139,0.8381165308144306,0.7666845789639052,0.4139550667907025,0.8878951614322359,0.8637805882107432,0.8005893943343262
worldcover_00539,worldcover_00539,5,-0.2720408815748114,0.6742815666578043,0.6787257475609151,-0.022894164321549133,-11.882707261554215,5.110679233722832,-5.9671489102001445,6.758442490504978,0.004309439789884657,0.5642005408862727,0.547540742356978,-0.03280485371157281,-9.775192611998829,4.2695037450705104,-6.504177048170579,2.476111994891079,0.02133334621073589,-0.27761953476074525,-0.27134232789286034,0.011022416080521541,3.270593339801371,-1.2806690415647797,2.3654590754571543,-0.700556196211157,-0.0024577713823043614,0.028257399581071676,0.027717187045838157,-0.0008904769019496554,-0.28324382236228063,0.09886697510515824,-0.21535348621351996,0.052273932503083646,0.8183203095792262,0.9066944456805323,0.9100901758478366,0.8177214947463181,0.6471810452752529,0.2644175258267045,0.5767528864544882,0.274853865720748
worldcover_00540,worldcover_00540,5,-0.14589636359752756,0.6192494933916791,0.6214927538777868,-0.010249225704959097,-12.234549684638408,4.355125138748236,-5.796457434885008,6.391010339313919,-0.36484027726240337,0.5332552227413345,0.574287478028542,-0.06510913938963903,-5.44403835067441,-1.4355989202978892,-6.8221098008132195,-1.5677744309395407,0.14185546368264493,-0.28598773929802446,-0.31603486773062,0.029061009348430544,1.701977024177528,0.8565021140413537,2.4124816096332897,0.8675048828540735,-0.012057825197704994,0.030197736581392333,0.0337012247417611,-0.0028985466295382845,-0.13305365471571665,-0.09252739792575691,-0.2073329633770251,-0.09284363293043969,0.6377854386942166,0.9492658873614253,0.956918462666077,0.719657978661748,0.46542494039247595,0.8305297464875824,0.5639023822192812,0.8403851716767214
worldcover_00541,worldcover_00541,5,-0.1869679910739235,0.6542459876615225,0.644854716392179,-0.00412671502933603,-20.831976258208133,2.8737418822088086,-16.393326870038262,4.570572480835306,-0.5009600886458798,0.39505306959321995,0.4109408357698037,-0.09887170567480244,-3.794512245147113,0.5117420711986881,-2.208122610163975,0.6966129115613633,0.21339774609150844,-0.21346854676066115,-0.23203793747826276,0.03593301529254255,1.1551851532599073,-0.07135344145057054,0.6616321682810278,-0.11034546707623379,-0.020640205037629974,0.022057409257736183,0.024243348184032256,-0.003148799739787442,-0.09561031461385543,0.0010260326271783594,-0.05271992120420742,0.0029204278488325266,0.6034957681181837,0.9598336499968059,0.9710719668235499,0.5581941071890608,0.6056120439281183,0.1605206197814697,0.6257818623662028,0.18654072740827343
worldcover_00542,worldcover_00542,5,0.08504645842580047,-0.043161597639096494,-0.08654536058505373,0.09696137476148022,-23.205304566302352,11.296147795176775,-11.531038297295686,10.54336137000183,-0.003675812536819991,0.00871703660647784,0.0043246710879934975,0.006753021052905527,1.6034729502434903,-4.126101990629136,-1.6177065755750268,-2.33337199909918,0.005245154842253134,-0.001338241204571028,-0.00041117953757444385,0.002618291161277065,-0.1657483365926772,0.9613591773356762,0.5623000292280488,0.563546158261253,-0.0007160150825462211,0.0001441068157102123,3.90352474318606e-05,-0.0005004218581951014,0.000887326691897351,-0.06544808976149699,-0.04727495470237863,-0.03884721567466526,0.715089338496774,0.7263063572979804,0.22247107820297274,0.6701859922578619,0.7965129393530292,0.8443326796965497,0.7118003751368411,0.7932585725991987
worldcover_00543,worldcover_00543,5,0.6067791416235566,0.7449547659718663,0.7507920919945763,-0.026684764518656638,-18.351869411436752,8.689224655783798,-8.54583948762463,9.507628130316434,-0.6707092697323709,0.4250950571740873,0.4033173751085973,-0.02602024564135159,-4.813151923709213,-4.527704539342799,-8.2911830058404,-3.4260676668917234,0.19351963859292876,-0.287601776977444,-0.2751722650529883,0.011365596248336857,1.7913339663359817,1.8957033826060614,3.0871819126720714,1.3545553281649318,-0.01643613657971148,0.03249110838379519,0.031144985872687683,-0.0011126316091365574,-0.1633499682527916,-0.18798075801684477,-0.2842668793038628,-0.12956577528638408,0.9668322381391232,0.917080605797594,0.9214849261785909,0.8204804316348024,0.6062369815408785,0.5612827923765443,0.4614538350672811,0.49487175106162706
worldcover_00544,worldcover_00544,5,-0.1103400547058324,0.6147853667198734,0.6236052427328007,-0.004257681638454446,-11.478888994459547,5.428445698916926,-3.2598612826311295,7.414680835341117,-0.061705822307554226,0.4792680577596709,0.4806437694600623,-0.09994551328025583,-2.9061521225564406,3.305621186949423,-3.8794941812780785,1.6911456333414665,0.045936265079031896,-0.27144233626817404,-0.28981051032806326,0.0527678848369231,1.0254691325002,-1.3102696939471037,1.436678917033035,-0.7002932366300058,-0.005249977193440997,0.028911596530991936,0.031506575869791414,-0.005590738653384064,-0.0922128037832825,0.1293970335686254,-0.12888825452911384,0.07065480733302276,0.9570309155135526,0.9541737688181041,0.9633707263463254,0.8501439493510465,0.26262846267625906,0.23938880981780253,0.19262817446660352,0.19881971835430678
worldcover_00545,worldcover_00545,5,-0.23055699203253832,0.7245042604027379,0.741457156159661,-0.01794437335973445,-1.4375849976261412,9.56939663639893,11.457573733613883,10.702385634741962,-0.0026179006752868298,0.14872548398044297,0.1433820756418357,-0.025386911040792732,-7.23423773809306,14.242979071246628,-7.665884073523811,2.0194872796771057,0.01744841768111923,-0.08424006015449366,-0.08320554590973488,0.008706939137577006,1.4785253062416195,0.21293170544954687,2.385879913320248,0.21761855575006128,-0.001782956453233953,0.008109705842504592,0.008240931864940753,-0.000657323698484985,-0.07038189809243198,-0.31452956871837595,-0.20152876318035368,-0.07559658864708484,0.9320450203693513,0.9752395230580098,0.955315024464445,0.6675059459586763,0.812458926742018,0.7165568815507659,0.9095320642289391,0.811128887839653
worldcover_00546,worldcover_00546,5,0.11668443042121719,0.00661116111741373,-0.04274636952940263,0.13059285012158486,-20.2221331700673,19.75096862342299,-7.786129457833808,12.867343290500683,0.019281686413801288,-0.016934578192405503,-0.01656633214877234,0.02129569824134532,-1.185269936299833,1.0362916633938444,-0.46886128488948525,0.5209985666973453,-0.012256372559234332,-0.002644831042543258,-0.0009262599292900792,-0.014384828556280612,0.04025789338813816,1.2736286002090205,0.14646942213323835,0.10985937477552112,0.0012785237992036503,0.0005980444756910368,0.00034039310471277174,0.0015322638092317962,0.004042729927946689,-0.027427412608370175,-0.009775252227594953,-0.008312461599117858,0.8384318420434718,0.854711134755103,0.8665255308624442,0.8253113854646199,0.6518130037626917,0.9346429604114459,0.07162322874954574,0.9409602489868039
worldcover_00547,worldcover_00547,5,0.0012066091360379066,0.6826546270061615,0.6649963788010853,0.00017476186269159798,-14.801059618013143,9.259213593557954,-5.686848059896916,9.60646367222565,-0.034230848820268604,-0.33241816308526717,-0.35384764137958685,0.004874919674226211,-1.2191709815090037,-2.3723579019969003,-1.7501698188438517,-1.2962221912911827,0.016116040037268145,0.034477313166056726,0.03679217519117626,0.0007678026885794143,0.42417534208818874,0.8718087684258541,0.7575722363597672,0.4757490951875168,-0.001544217241323616,-0.00012569185910801486,-0.00015388624836698464,-8.493623780933359e-05,-0.03793062746643241,-0.07285449426405703,-0.07273626197337342,-0.04002014082481847,0.28294130458282074,0.7583621052147034,0.7544333979365803,0.597935007420646,0.18134184942419773,0.5026112124638191,0.8790499112721165,0.5917253988476954
worldcover_00548,worldcover_00548,5,-0.5537363373642064,0.7850644538235492,0.7956683807300815,-0.02738546503877133,-11.159172465397337,6.097953500540949,-3.1974053721427547,7.476827127174093,0.3743772755823827,0.15729431115415915,0.17215772398880377,-0.02336510641145532,-3.8793789030003136,2.040050972010191,-2.0881193515853163,1.1758553217766974,-0.06338513086113476,-0.18724427363448212,-0.20661171273332357,0.029846383288938055,1.6521055501355744,-0.7340120383665896,0.9146658717471076,-0.38619633770619477,0.002852295509078929,0.023275025050165224,0.02572028604194972,-0.003758551581113625,-0.15371658975982858,0.0643363596250984,-0.08417987448834013,0.032793856339534556,0.9912069720637416,0.8676384018195258,0.884780908039052,0.9150103078244688,0.47304996350283623,0.10923547615634743,0.6590082207938854,0.07350813473330309
worldcover_00549,worldcover_00549,5,0.0904266930236841,0.01251183365556326,-0.03579888972594883,0.11625299106041596,-18.55550336984002,6.575110277686831,-10.26599428581849,8.138438367746497,0.007064026353776367,-0.015404135271507727,-0.014698249701824461,0.012844398765573388,2.294522782173496,-1.11494364012487,1.3768311326495912,-0.9110290078697955,-0.006402666693444622,0.0012043938998262012,0.0026925956040169327,-0.01030351780354977,-0.47661691730312894,0.3580075263225842,-0.24607546163180172,0.3108577441078534,0.0007078474789275307,3.370096921130514e-05,-0.00021433568738325753,0.001163954122198954,0.023413961582953904,-0.024008343566852032,0.013639729392389029,-0.02327070184373712,0.9087417033438695,0.6793170621441839,0.8924750539921138,0.8650574914505452,0.8530775018297193,0.5962638464271176,0.7171315688413259,0.584870908903832
worldcover_00550,worldcover_00550,5,-0.20051304913627496,0.7128662363146315,0.7080553426887068,-0.016171424395659106,-8.346933556656797,3.9081213046673735,-2.5636201723414644,5.916589625636988,0.15529420627800922,0.3162153332479394,0.33024571232852196,-0.06335304884446948,-2.19534677267782,0.48418628875358116,-1.688902748076172,0.5019080116607463,-0.049623547965739714,-0.2570249199770483,-0.2728531826206868,0.04905768999329948,0.5657467136058981,-0.13109818978214105,0.4458803746240667,-0.13136031048938265,0.006399764096631702,0.030556886899049812,0.03257496621121057,-0.0058432336887250585,-0.03831813888846668,0.006479490339494579,-0.03342180939027345,0.005628911862186186,0.8237118279204321,0.9045279121748085,0.9037476300463101,0.9120899385708002,0.6869758336290661,0.8101833268470504,0.406814702696515,0.844050428011363
worldcover_00551,worldcover_00551,5,0.04376520709934132,-0.14086559177799615,-0.17368852098782817,0.09744242770653769,-12.52816165939526,5.100344805073346,-4.80656606186687,6.990114030211644,0.01098309894422697,0.06851726397871905,0.07086124821078156,-0.014753804882130742,-0.5255695001666155,-0.07031097691211254,-0.9264376959442127,-0.08422052229262086,-0.0026107170085864564,-0.022484327956743617,-0.02181085341033464,0.002731788383385516,0.06502600714454831,-0.1858807375764399,-0.1565701464822501,-0.16306600371510485,0.00014508230606483414,0.0021962300789626983,0.001885427782932901,-5.230298171736197e-06,0.0007204862204010766,0.028798920213236556,0.04224458225202269,0.025330430428216356,0.34786198735295604,0.1573044260652403,0.06939226947410682,0.2910679641851849,0.2869539823620706,0.39918720840224653,0.5721545402984088,0.3208811087641774
worldcover_00552,worldcover_00552,5,0.08289947447079965,0.0008588574022394259,-0.058764623195835974,0.10256889349583447,-20.898126632426603,16.096728087089193,-9.693722717029148,11.187617007046132,0.0646327328782831,0.028303965817146327,0.006165250071457348,0.07364156339613201,0.2537646352234846,-3.3703277995511933,-0.8875464868062065,-0.8585363659811629,-0.016786507625796927,-0.009729107403401964,-0.005050330273645748,-0.019391236447797684,0.21168032870321307,0.6214124757719512,0.5037364501008524,0.17175922293176737,0.001127601958559792,0.0008513071854137825,0.0005878029447613313,0.0013646204212699263,-0.03067792694482269,-0.03240553171166642,-0.05118419869439653,-0.008769792586911004,0.848689007629807,0.11570617098464653,0.39045092780501955,0.7740740250167013,0.3813521677887205,0.19647874943009158,0.2826511177083951,0.05583413857261832
worldcover_00553,worldcover_00553,5,-0.31682077968299177,0.6601756408697742,0.6747830924436911,-0.023203802605470426,-9.077224612106782,9.13335611724035,-1.3021945639341481,9.628483555500623,-0.09323372996068544,0.24551941059706978,0.2174640482084603,-0.06109719339107669,2.9228654777138465,-1.3203478264646566,4.91528730853134,-0.6532277331995706,0.08581248500854452,-0.1944015530982248,-0.1973520414823123,0.04175535780155935,-0.7453565710097285,0.5101988203109307,-1.1462731158226191,0.22477620458554742,-0.009789518829838235,0.02249959878849258,0.023412330875718822,-0.004730085428390234,0.056743387794764476,-0.05567583300514572,0.07186473042855164,-0.02443061447140954,0.8754199508713882,0.9144436586123579,0.9164344070618897,0.9755163469189533,0.1631475526524514,0.21487807952355042,0.5117615247899162,0.22805906235741935
worldcover_00554,worldcover_00554,5,0.13390273446733492,0.6431969106197399,0.6541067555998338,-0.01323685512849814,-12.795328830809652,5.88169044696819,-5.192705263571505,7.570399097091591,-1.1940621413831867,0.6214292057095036,0.6275601520661288,-0.07742478571359092,-6.070756408687724,6.512003056918688,-2.5496354540875923,3.7114163726426397,0.4165210170766184,-0.31098924293404473,-0.31910143412036746,0.027136765160392155,2.420841053605312,-2.5368391537639767,1.0934409506530167,-1.5016255855767413,-0.03638152508678084,0.03186963705552945,0.03287758919024703,-0.0023093934434306076,-0.22845888577433604,0.23581050091501238,-0.10548559696217612,0.1432898484148831,0.7683567747895566,0.8763379352945946,0.8735599812545853,0.6872479688529476,0.42231324327331776,0.5438256628456776,0.11385327537464962,0.5611092725629385
worldcover_00555,worldcover_00555,5,0.09576433303435751,0.006594901481135412,-0.04978841283556179,0.15331598574464975,-13.709529953754533,8.461939872790875,-4.653880194472587,9.26171645243489,0.07397307763222206,0.07880698868058736,0.06975393241182676,0.0736833616854652,-0.28384305880056465,2.8559640464018705,1.868465472576811,1.3402041812055647,-0.0013834815343300136,-0.0028427489609880855,-0.007081344278198688,-0.0021507765823628234,0.41085047069941766,-1.1788602813142466,-0.5415349975224375,-0.5675915683713738,-0.0010233001879830018,-0.0008468655540109283,-0.00018310726084040847,-0.0007640860899530301,-0.05436663359828472,0.11161643828518408,0.039952413711871394,0.054476193160490974,0.9445277056533404,0.9591496291431617,0.9648452686752655,0.9167501476204158,0.2727380018521952,0.510686080614173,0.07471269801061298,0.514787041666542
worldcover_00556,worldcover_00556,5,-0.32867654467208396,0.7775256467249358,0.7843515577189852,-0.05091593089993254,-8.189552870645024,3.7945907477126823,-1.9275767215040212,6.226440582622328,0.16991065472405903,-0.15836539687145387,-0.17865561992521412,0.02188561375563349,-3.954171741115173,6.456270202692419,-0.3972149353218421,3.871792567654012,-0.017569266429129003,-0.054640897858113706,-0.060497834254459204,0.0018092290845042297,1.7013465381461745,-2.4956581537733094,0.2624760113590517,-1.5472978566888735,-0.00043424417751909824,0.010425718261324091,0.0117181616487226,-0.0006613635429830254,-0.1672350073170539,0.24278258179001547,-0.023610336660109667,0.15287017406984418,0.8938837143143349,0.8805728299799821,0.8889348453502325,0.7932861395713102,0.8139656370850566,0.5637524359055568,0.26226205798396196,0.5033009767515817
worldcover_00557,worldcover_00557,5,0.04966663887032038,0.4904808144677774,0.45637290555080723,0.01030392491851336,-2.78383443188113,3.1668744135049773,2.6767015901941194,5.495402621101836,-0.0832193523842861,0.16518134233497359,0.12672130312282698,-0.023614995685102932,-3.1105828116345755,6.8415678205897965,0.5437559567237215,4.09561689241219,0.024957620888878353,-0.08376591884857629,-0.07607761417309943,0.008738968524317357,0.6724956188280193,-1.557592639546954,0.007526556067508265,-0.9153116607571831,-0.002020564005458205,0.007971828859863847,0.0073827521974277254,-0.0008070226951274135,-0.034755728760507594,0.09021043369390017,-0.007928875194835379,0.05339152392992934,0.8740556932728759,0.8831320275348237,0.8710283259814098,0.6887895333103942,0.6421783162918056,0.9034899160564731,0.4604502765617826,0.9625730423067435
worldcover_00558,worldcover_00558,5,0.05820652303815194,-0.03701556736434061,-0.09427600859128168,0.08897478810765516,-14.54212015357983,28.44897912668479,0.3962146374885223,14.559913488560937,0.05160536682759409,-0.020336123678596604,-0.006020716652052352,0.0003080597768227911,-1.149594808449888,6.954820767922934,-0.13678903908084736,0.5959805971108229,0.000978793906058521,0.017805015305420002,0.015475860174475213,0.008282206718733282,0.3451905443740111,-1.5369957957477325,0.07863279904764178,-0.0836058440102284,-0.0009496458641747473,-0.0017805465007896973,-0.0018855061833605653,-0.0008183147645357874,-0.0276865898927974,0.07824551490988468,-0.011851838754635281,-0.000933560898487079,0.855724568882797,0.8884814253959108,0.8468131687511701,0.8712268976125719,0.2142945653691184,0.12965060494970448,0.3644777601950203,0.14934151494115133
worldcover_00559,worldcover_00559,5,0.38256027862345854,0.67647117737568,0.6698563017346216,-0.02324268246549334,-14.214342862277995,3.0752001703913177,-8.785993902549732,4.872889322621525,-0.502987662817163,0.42761784209500026,0.46038441549956816,-0.03536233711814012,-5.2917366202118385,-0.5175068143521014,-6.9475394144431055,-0.5969106949459424,0.12575269263761438,-0.24222816977230588,-0.2614061071364068,0.01885262598158601,1.4352966954695054,0.40625032304049524,2.2782492014547517,0.44503249344118156,-0.007819811431040546,0.025933155667676445,0.028021522990493743,-0.0020697385988743813,-0.10136301168074326,-0.04487124038477572,-0.19057289249801654,-0.04814370796731178,0.7500963277330617,0.9424244719283809,0.9487097102020281,0.8998100868403518,0.5118471162380085,0.7133526291578218,0.5197151607695188,0.7251511980645391
worldcover_00560,worldcover_00560,5,-0.1558038860974933,0.5444839685929571,0.5510164655067721,-0.033417505917675804,-5.19665852254393,17.46646121239218,6.591002823332347,12.181680255534047,-0.1910050404349876,0.6567764753800975,0.6416358796377001,-0.04600418332431966,-4.257977867333554,5.068547792485817,-1.6350034935518547,2.5468040233083777,0.09038366049905042,-0.3313485232718057,-0.3384432725576088,0.02668142057471453,1.761201455016729,-3.338650971410035,0.23410267975044388,-1.5631366151398658,-0.008973987338881082,0.034115759693462394,0.035392096172077454,-0.0030152619336590567,-0.16831042326072912,0.35891626891798645,-0.008004919474015855,0.16774197810057767,0.8316873028777397,0.8982107040516791,0.8994913368234687,0.8674710807286589,0.7827415337802595,0.9403583950561131,0.9128679568765867,0.9338115449521334
worldcover_00561,worldcover_00561,5,-0.06324416007643179,0.37298557568680213,0.2944039061214004,-0.004853643984957498,-16.739566250399047,7.087962890599297,-8.444888797412501,8.639923584670612,-0.05576518462001987,0.12474987165085724,0.18155148501197355,-0.049787273076140816,-3.076920265428128,0.8438571865639851,-1.8697692424625525,0.02424582005603949,0.03655040601480535,-0.12146602550448897,-0.14356764130197536,0.02754785631807489,0.9899706157442704,0.11003256341585585,0.7832553962731312,0.1689966263136382,-0.003811302721166273,0.014946685436021788,0.016946209876826303,-0.0028095864761394926,-0.08498232488854253,-0.028290279977292034,-0.07671104954813869,-0.02272754843574432,0.7471770859185146,0.8644257994356949,0.8608497269419708,0.7453723958671377,0.2287336178432151,0.2847759695183556,0.2743295672570387,0.32563172773849713
worldcover_00562,worldcover_00562,5,0.03438052692834043,0.2501622166653929,0.1798964371961181,0.05143038702733578,-14.763094928259084,8.452454963816509,-5.856767547295045,8.877844247485813,-0.007364799655699558,0.10901095171178107,0.1172853168469687,-0.029599248564668973,0.4113652691533782,-2.725037411089805,-1.4094428585009235,-1.5503879020722915,0.007491406534707678,-0.07962809598730529,-0.08595419002221132,0.013667826722194604,-0.013526290077476901,0.6520957822878922,0.4563973893130906,0.3743017312850781,-0.0009026753984584876,0.008822713200134617,0.009443671381420868,-0.0013664565190221324,-0.0025985791343006407,-0.051151923063327255,-0.04156757733807942,-0.030661417605961427,0.612489980226699,0.5468267674520961,0.5514599850565189,0.5192385640668726,0.6046627479260984,0.6877152623454472,0.3985192634461283,0.5605713917422785
worldcover_00563,worldcover_00563,5,0.05414225702641332,0.039133775958113855,-0.0005542665162605569,0.10016995600678695,-12.471804963397535,24.59441337703027,0.9557914533512234,13.42554920475063,-0.002506101844813473,-0.05768516181971826,-0.0438857070458608,-0.015427781712441087,2.775664355194627,-12.434166322231345,-0.03182635973970754,-2.743644560980783,0.0023046811763518366,0.019596807084533076,0.013668479810638148,0.005797314090710656,-0.519099994257735,2.949123504705961,0.14569576880853405,0.6177054961686759,-0.0002764102827865864,-0.0016523245401619286,-0.001096632127000976,-0.0004929758495453598,0.02480095767223932,-0.19527914238833502,-0.01846060171063295,-0.03784730871141363,0.24175957325369857,0.8871830937064661,0.8115128546399852,0.2972339212616061,0.7901654373508378,0.6679480440127078,0.3450128105171659,0.5279884595357061
worldcover_00564,worldcover_00564,5,0.03599292793296483,-0.02377005008571409,-0.07787499729205262,0.043179155073382595,-12.755542796438183,2.435758136348529,-8.688258369838444,3.8754059202758104,0.024229667760015863,0.039539661468075915,0.02870502056820049,0.010696049129206141,-0.08137770608922057,-0.43802203639790926,-1.3814784868308858,-0.8580171712003053,-0.004416174062080901,-0.005492676880457692,-0.0021809553223544956,-4.25327803085224e-05,0.010124779292220946,0.16505602443832848,0.47569528104945913,0.3184036293387158,0.00024979852668118377,5.72487671998894e-05,-0.0002496060350853412,-0.0001286423360609014,-0.0008701811822314895,-0.014979529127637609,-0.040991386673228894,-0.02861960580425869,0.43736085579760386,0.8552671327207875,0.8559246105339403,0.3519627670957094,0.07415079960788562,0.5084641159250316,0.7239862085574574,0.5010344220694254
worldcover_00565,worldcover_00565,5,-0.2658328713265444,0.8053367363684111,0.8120127180591235,-0.03252408726874629,-3.524486019642367,5.750465731291995,3.345537297292653,7.577123789656515,0.06245339603489128,0.024276850952041306,0.028087338277447724,0.003045375482918421,-1.024296323330216,0.5822543128296657,1.887759811412086,0.5761466312704079,0.018950393061890624,-0.12121103903141608,-0.13275238170865014,0.00297756900066444,0.5491000951948263,0.1155427139343551,-0.23294255758612273,-0.027188975445534436,-0.0039443217573125865,0.016820201273969923,0.01841147973512609,-0.00047754176781804336,-0.057154155001252566,-0.035972871021103275,-0.007027105356450654,-0.014094320473714008,0.8694627079523188,0.9430329721115086,0.9489278211656657,0.6528300320237485,0.04068325651202087,0.42887114207507215,0.09732480033571123,0.46444554543750394
worldcover_00566,worldcover_00566,5,0.08233301184478505,-0.03980954476829723,-0.0767296383326704,0.14625472078720733,-25.25759367982724,10.469516858539908,-14.980121838397226,10.241865041778107,0.03213716578131356,0.011988412381874128,-0.024087051727941983,0.03266553264406927,3.970406322807948,-5.5975236053089015,-0.2699238761364836,-3.4898984113197957,-0.013992247031514748,-0.00833202139938096,0.0037963128612412845,-0.018106297368095024,-1.0483215605575924,1.4260589790804492,0.11550721892064872,0.8795987480991811,0.001304657660180163,0.0007852486315926518,-0.00030756335366855826,0.0018595815118816169,0.080555349486346,-0.10226919930411396,-0.005877436627028427,-0.061321467909141746,0.706087644579454,0.9229942680707144,0.9360773431041548,0.7676137227497868,0.8328712345455404,0.9405395545216126,0.69018947923074,0.9434227557398737
worldcover_00567,worldcover_00567,5,-0.14072887140683818,0.6425410174962257,0.641645619363497,-0.036030548314253494,-25.462668367945877,1.736394589064165,-23.007556876188648,2.485650004269417,-0.015543964843530166,0.2625260382654162,0.250849274415817,0.0015124598118875904,-2.002430188774633,0.6830412528322871,-0.33689252532013547,1.2607885825440897,0.022096720920871876,-0.14905773003250986,-0.1509649152363531,0.0008169055162441111,0.5168382860964857,-0.15147025563239913,0.0949957688296115,-0.2769353955791876,-0.002682543158547314,0.016112932954171683,0.016633281954611178,-0.00016785397504766745,-0.03851918868705248,0.01019103523600764,-0.007547635215583373,0.01830885684388621,0.6858182897259744,0.9985089160762685,0.9960280511753528,0.2876235746339999,0.6648142880012076,0.7073532872046637,0.2832421188781985,0.7397707234971901
worldcover_00568,worldcover_00568,5,-0.09575381045663135,0.7815483115387679,0.8013653466195761,-0.030547273768619983,-12.298625700756629,4.25807288314679,-5.983190336634928,5.935216263706626,0.04458667070988777,-0.35359849006174016,-0.4055886570482492,0.03632188402116291,1.1647567527087797,0.5731212642460052,1.4541002304555406,1.1172524322192892,0.002518827384938592,0.03123760671713623,0.04011248479480326,-0.0011590603714832703,-0.11733597513122902,0.3426492268635247,0.07104168042378671,-0.013004626518605053,-0.0008906321668252925,0.00022305634738221616,-0.00023996380317690432,-0.00026004566726359776,0.0019907498612811623,-0.05958904690253894,-0.02918713255533849,-0.01829133112992147,0.6719534575646329,0.8227944550138797,0.8326100760375268,0.7812292148784568,0.21831089603029563,0.4619193241836682,0.6327852945068649,0.4984560460392017
worldcover_00569,worldcover_00569,5,-0.14538338750326535,0.659459543950633,0.6635059277724619,-0.011722492039994105,-15.081162700980336,3.7848023912042983,-8.639438314504151,5.801147262921012,-0.21958284852383517,0.5540903797225315,0.5767808136352791,-0.07026252581087451,-6.181266960153152,1.5806223077382449,-6.129840785573912,1.4935231297269222,0.10312257313835269,-0.30453185767773877,-0.3268628956153336,0.03015932666129743,2.166865005248119,-0.2883751316969966,2.364292930811353,-0.3276758878680741,-0.010255374015654923,0.03224620061239807,0.034938582289738146,-0.002901802716701465,-0.18608121741564185,0.020008770249099472,-0.2093930070733429,0.025055362151244848,0.8811109279414182,0.9456189448929969,0.9509056897078413,0.8032303667378682,0.6525098123678358,0.4050149761580296,0.5460458698734596,0.4668502523323015
worldcover_00570,worldcover_00570,5,-0.35380983499188107,0.6747613278302307,0.6887600756052803,-0.015855109911751007,-13.74808607247575,1.835752200804711,-10.208263470914043,3.6632543933487383,-0.010957544946823479,0.4909606807761693,0.4650944644614791,-0.10381578449307641,-4.8824065501395735,5.679926931161654,-0.6473313534183147,4.491972365852406,0.05001131750503302,-0.29513062319004624,-0.2876888023310403,0.049398721179630484,1.157456001380231,-1.4990746427778403,0.1684312747533067,-1.12043839294029,-0.006419584061935947,0.031807408602249704,0.031225212106499974,-0.00496942270076786,-0.06878582890822178,0.10369397164000331,-0.007416278984065852,0.07418300837319436,0.7609853752892335,0.951276179370061,0.9506304385936407,0.881454417226208,0.5376689392047367,0.652574058654211,0.21190389793776765,0.7411238418533446
worldcover_00571,worldcover_00571,5,-0.082890328750955,0.7117189591129623,0.7003733312541794,-0.016494045817208598,-7.177216697145663,3.3657608307547675,-1.785484861557886,5.383016302010885,-0.017099411740042057,-0.02834560464890292,-0.016217323640983033,-0.004809390002351557,-3.335843358947304,3.967357890207428,-0.6664285184817315,2.4380056481793626,0.016818013202250213,-0.08197529520839443,-0.09051172773140063,0.0036507993713535206,1.0181367358263447,-0.9701704922514462,0.4158521241729253,-0.514802430553042,-0.0018868496261900626,0.010716660879552363,0.011691013689745556,-0.00040435323855049385,-0.07684625245102036,0.05877050563381293,-0.044545352870616756,0.024588731919477736,0.4870888135182585,0.8579460936670891,0.8775603914233748,0.37972556225645704,0.6079313435242157,0.639246337259463,0.5380820156231814,0.6888819416515712
worldcover_00572,worldcover_00572,5,0.10063492160807863,0.5304949956409869,0.5261541050717696,-0.01599448416946545,-15.172174908224488,5.3716794257956595,-7.9390331260551505,7.175439568517763,-0.00033469473362810246,0.33555506036749694,0.33619833260123966,-0.05189453200658832,-0.32168843397991453,1.5307239425366568,0.5321590180028208,1.2573145214800163,-0.010645805514415132,-0.16270152847101116,-0.17099957335820917,0.03351168102862957,0.08409971596834105,-0.30716058783742384,0.01671894667853945,-0.30337678074399577,0.0018046239371749431,0.01664916533186577,0.017948371847395315,-0.0038715668135520117,-0.00837311917283976,0.01790307955623841,-0.014338212725183186,0.02117360437813895,0.26255876114009913,0.7010796420123699,0.733814629302847,0.8705747870952281,0.18142232361233201,0.15406421219185962,0.7435624330844359,0.20819553252188594
worldcover_00574,worldcover_00574,5,-0.10053225911369927,0.7158639806915422,0.7022280828519308,-0.008663745879224043,-4.107149951818808,6.737076472655676,4.3563375294662405,8.73318267760056,-0.13380250376776778,0.40592229608741753,0.43111336704284137,-0.069493237040227,-5.166738633140555,13.7833571174859,-1.4711967702272484,4.066557420522102,0.07183934869706167,-0.25862751712062987,-0.27938847130898214,0.037298353483650404,1.9663762024623295,-5.320804910712289,0.4941769033362329,-1.7558385838283066,-0.00751461018086764,0.02850513672926507,0.030966983675354623,-0.003943303698730285,-0.1801239890982935,0.4880342837342781,-0.03991513641823861,0.170955298098718,0.9243376402015611,0.9556756341489349,0.9640538558067258,0.9231742699027241,0.5657770940644925,0.4099531313876932,0.435941998864824,0.4682535625376738
worldcover_00575,worldcover_00575,5,-0.08144499858423535,0.679436456750741,0.6749008932348467,-0.018715881093433678,-21.244973489579536,3.0491864963763065,-15.95938206655381,5.474968883358822,-0.231082633381626,0.2809738020102159,0.2892194182745026,-0.055758798376671484,-4.363186428642935,2.5049858316323435,-3.157326133400139,1.598499768653493,0.11255893935589269,-0.23165726689903973,-0.24373432521373628,0.03773523659296166,1.410015659011417,0.015052979357346395,1.538423377841927,0.00759371577810246,-0.011595388496555415,0.027357862697857768,0.028920422223481238,-0.004272833151385335,-0.11645023755329337,-0.050720363490724465,-0.15722194403590573,-0.031027938598523815,0.7869705741636001,0.8482134172139105,0.8549407162933291,0.8625036118998434,0.7275835159335722,0.7451293778599672,0.7357363849460513,0.828737837280612
worldcover_00576,worldcover_00576,5,-0.07813682346989516,0.631385021589021,0.6425767382889102,-0.013212528615964277,-13.665369402406416,2.2524291555547373,-10.527767556468117,3.251145601612463,-1.0408960350526089,0.5295089641733753,0.554845685582783,-0.056979786630512716,-7.051581973264483,-0.7536826188445247,-7.63351082646303,-1.3197567912498527,0.39618826688945064,-0.24479692751840032,-0.26212644995516726,0.022017134260789353,1.9464379209846676,0.4692416326464918,2.481145366135983,0.8059018675598248,-0.036475552917417185,0.024496055838435567,0.026452407297311385,-0.0020214969202913694,-0.14168525779582883,-0.050276706016400226,-0.2026000834540623,-0.08586460583555569,0.7005383754802909,0.8140386934981533,0.8458692847291664,0.680954805270573,0.5135079062571679,0.5951355582170508,0.7863221031268703,0.5974284239241927
worldcover_00577,worldcover_00577,5,0.09170894129238735,-0.06387759564500863,-0.09147346347118873,0.12466692676146822,-25.105609475160932,4.753730584360498,-18.353192718685612,6.717082635891628,0.006421676621301851,0.005506286397576311,-0.007972174811930827,-0.0007938958172287038,0.05759624177415232,-0.5574476362342454,0.8156912216368054,-0.2908781061251628,-0.0034160021428423803,-0.0011923054708933855,0.0034164343819473625,-0.004071770856777837,-0.09011535098503516,0.43619206607090577,-0.2467581375635692,0.2743151820587008,0.00037529629893643215,0.00010043619708581319,-0.0003328773785721167,0.0006093836079041173,0.010329495472576057,-0.04411633432462078,0.02065816487645887,-0.02820057371343095,0.4004106154738797,0.16777738259821484,0.12282035044961859,0.8230901872296538,0.13282089820138165,0.5644033512316438,0.1168671330284976,0.6083138700307653
worldcover_00578,worldcover_00578,5,0.0964218774303387,-0.2878237093488371,-0.2283384443232504,0.15993755288196337,-14.712063428582285,8.885516952657431,-5.41293951706166,9.401778989742422,0.031871150741594266,0.1918637862369886,0.08432069068981525,0.01922775745864891,-1.6020596676198084,21.503037737947494,4.749004131146536,5.4552012777742345,-0.005462670301927897,-0.048193344225486025,-0.019478004232242475,-0.003938370920491924,0.33618529400758224,-6.052202452546928,-1.5156736081234798,-1.5318221176651725,0.00011850398847223782,0.003760560208724598,0.0014877111810927416,0.00011430676988880902,-0.015316881315693587,0.4445396486334345,0.1249957268679673,0.11242079188029146,0.5014697543643385,0.8339913949613019,0.6740967306512615,0.5185540525556339,0.7615125990188047,0.5925828970560008,0.7358578042098727,0.7553102823699982
worldcover_00579,worldcover_00579,5,-0.1305464496894199,0.6088449675025386,0.6028126149692346,-0.017074390173410052,-2.958886591447438,1.8442279606770275,4.486424025340529,7.37868517688093,-0.4057851728149914,0.4736157695925396,0.5369333596308768,-0.038643335768331934,-9.403105569935656,37.14144092394583,-2.2300058933521134,7.195306033315969,0.15559966346582454,-0.21696437129275045,-0.2534131290979712,0.015020251903053975,2.8568993699743266,-11.134290306194686,0.871618584011491,-1.9663858218256254,-0.014059648609127605,0.021322577251027285,0.025240362527770805,-0.0013571336837203197,-0.2298128067731322,0.8678750797770189,-0.08158227728501707,0.14455791348702635,0.6731084985188049,0.834374032232738,0.8689816049018729,0.7580601601837398,0.5826549224894408,0.5926904525757073,0.23139678899256988,0.6659309119433242
worldcover_00580,worldcover_00580,5,-0.07059237770217695,0.727490375912044,0.7308771861999335,-0.01696041883780821,-1.9952015030046324,4.791714642690196,4.726313799152718,6.613024641970366,-0.020001388711807757,0.03882747876184271,0.02550895126270251,-0.006089554393954087,-1.091526648896864,-1.2500346481944486,-2.477879300695133,-0.8792342475976158,0.015062424572430183,-0.1296172071776443,-0.13432013781668664,0.002870163401524286,0.38671955894656623,0.633501794560818,1.0080569249273545,0.4638554216925643,-0.001596647931882602,0.017630738466084372,0.01853421460272686,-0.0002503909387877397,-0.03690711727753575,-0.061469743924496764,-0.09419109490288881,-0.04498390490109325,0.5025788339902959,0.9287093726463231,0.9265676037292042,0.6081808883418864,0.22397158300265974,0.5362067558853729,0.5480228929247485,0.5775015155843963
worldcover_00581,worldcover_00581,5,-0.10155347658387105,0.6327185554034805,0.6368280443729789,-0.02181172836571955,-5.163387229061919,6.534211397511488,1.7533884576815741,8.470949233482987,-0.33537529222315543,0.38706549588176753,0.4139002299024923,-0.049839919078207985,-1.8251481255469753,7.188776316452795,0.917986418360379,2.6102010589710196,0.13288653266583436,-0.18908851261520762,-0.20825470235698618,0.019483205585163945,0.3704722742650676,-1.6427173676904354,0.11026974219173001,-0.5906594484291932,-0.01237786935176424,0.019297628315410206,0.021518688536051524,-0.0018146422225981933,-0.01477716995527788,0.09429052615590493,-0.02827311125729735,0.03415591832955483,0.8237261655251463,0.9074221193944418,0.9130487701353776,0.8382376445690485,0.1721680606421292,0.5495909424596868,0.30878304041555416,0.6675408672343908
worldcover_00582,worldcover_00582,5,-0.06447777622008793,0.6501427586331527,0.6492074703176836,-0.006075850645588858,-17.71082027500813,3.256722424335358,-12.66502588391569,5.181340603923317,-0.06678372891561109,0.3564728280263263,0.337744320846264,-0.0919518206556811,-2.3011866348806995,0.8635625607615239,-1.269394134464592,0.9159691807939404,0.04177847751334635,-0.24801344487380625,-0.24758895096324698,0.053681061578938635,0.9564536096490869,-0.3603869102446046,0.5093044137290504,-0.39742228700253424,-0.004485515202584806,0.027723179847905108,0.028052150789234356,-0.005811846342332883,-0.09453495870706241,0.0380019690667856,-0.047417017099622434,0.042458640413437956,0.863215438596944,0.9764203919596729,0.9724212196306461,0.9220963125406791,0.8438793145887019,0.42400774939298236,0.30169107582542465,0.42009505043256434
worldcover_00583,worldcover_00583,5,0.08773766317707024,0.017457249038147337,-0.01979032768444567,0.11433724189798035,-16.716000952093673,29.318944654671313,-0.9204581903336,14.58533327283863,0.0074457223289973095,0.03646692186446164,0.02183979232832483,-0.0017036161134167686,-0.23543017416401202,-9.02450521136229,-2.7772550834162013,-1.4358437524227357,-0.004558632600852144,-0.021433697695928514,-0.01463162455328807,-0.004125691861623802,0.023190308623965112,3.688317953805511,0.8231116137309014,0.5986105854597662,0.000509220743442099,0.0027380319867245464,0.0020140813101515763,0.0006238369064198599,-0.005698530538617945,-0.27415092316068673,-0.0631160716187244,-0.04876318126577535,0.6871676494892316,0.8433803126613357,0.8448509747600647,0.9354857448003554,0.5839557581550483,0.891040982481352,0.3429262108827089,0.8750889674094345
worldcover_00584,worldcover_00584,5,-0.5347862233961883,0.8045308577517685,0.8077939640391978,-0.025223196738145912,-12.804344493341276,5.936328338619882,-4.949785160819881,7.697100978523405,0.19528939538192075,0.21986817368971256,0.24375858287962457,-0.05213261156209854,-4.9361802057640825,4.271435935171275,-4.222439594684508,2.350584649430233,-0.008075269899600071,-0.19826627593664847,-0.22211195938127873,0.02758311860674577,1.8151154388508304,-1.5298748630587296,1.5278286765260436,-0.8460772330472903,-0.0015030483536761193,0.023518251565595436,0.026401987562727443,-0.002841997002674772,-0.16682278591612737,0.13708550026205094,-0.13802803179114465,0.07637164717910629,0.9804286311312966,0.9203674808773172,0.9184711906377978,0.9045938003933712,0.7085215617206632,0.4592651946692978,0.4013143863802904,0.4778082709986152
worldcover_00585,worldcover_00585,5,0.03803986177122511,-0.02509713133401935,-0.056365431780277614,0.043661833204555,-18.646228386176123,12.215638126407907,-7.936358176046319,10.712519215449467,0.056227580623518895,0.0890150185718777,0.060711050069787345,0.06156167265264278,0.8570128361308583,-3.7212026099215865,-0.5248422700434094,-1.4946950688242957,-0.01889011955576024,-0.018604734040659675,-0.015079895439618194,-0.019904448521762954,-0.04094468724062591,0.8944088684581492,0.25828115539360774,0.3669188797348449,0.0017744035315537872,0.0010543289580241305,0.0010353112287555977,0.0019481943337002197,-0.004183097296933972,-0.07631784045776521,-0.03219550415624741,-0.03561029841890219,0.3542735572300274,0.6337604450726533,0.421045033188995,0.47063638351342163,0.7638463958820254,0.9277896873253937,0.7674392955869047,0.9474189762024201
worldcover_00586,worldcover_00586,5,0.06975863597393343,-0.07751970359999127,-0.10611068084836008,0.0788351685711831,-26.912297921933643,9.82325211710387,-16.814363045645784,10.046941915069496,0.009182983193150964,-0.00792846816872784,0.002322612448580703,0.014640952150027026,1.2182782880494443,-0.680168824557721,0.19873105358625218,-0.7619711628502362,0.0055530207312806555,0.011354735000179942,0.004362167923578201,0.006234886729485015,0.31576181132848585,-0.7017570310314688,0.1477135208374188,-0.3294088570024607,-0.0009906487914891637,-0.0014093395021527696,-0.0006461204547021137,-0.0011505005937634085,-0.06770525631733178,0.11883798471764996,-0.024918386209885596,0.06443442385688697,0.8867941462361724,0.8911723283534528,0.6812754943948371,0.914823581706409,0.8896492654331736,0.8671921290722088,0.6307976809834521,0.8829990500617428
worldcover_00587,worldcover_00587,5,-0.14348928914637754,0.8367175668986006,0.8402144061119265,-0.01670093722923689,-19.071071981881435,8.191403216664987,-10.252102945765664,9.11138329656745,0.0617914680734843,-0.30928772776794194,-0.3281462579403844,-0.00036463994229770985,-0.9673154272144726,-1.4570471231988618,-1.4865316034540328,-0.7246015979032122,-0.006889557931774919,-0.013062213767255334,-0.010321260192048456,0.0009637741304962155,0.5094117173104359,0.478947077482095,0.5924064634170172,0.19986316159312878,8.773082877387763e-05,0.007379925970900613,0.007286220835992184,-7.49753754012129e-05,-0.054812732299451876,-0.036533742029681245,-0.05410931913336502,-0.012412711664516438,0.7267406255832224,0.8657799747433714,0.8680570300802612,0.27295858284664387,0.28110335494914185,0.2237393812104319,0.36757814585403037,0.2447137778583124
worldcover_00588,worldcover_00588,5,-0.16852970386514274,0.6679616956548252,0.682627897370945,-0.031862222448442785,-7.472372468988863,9.832063834639921,2.447632785768216,9.89869590106208,0.17218626807407963,-0.4204590959208355,-0.4334295509116993,0.04472861216322228,-1.0330968618550918,-3.320531790729295,-2.566001767368333,-2.7581150985355385,-0.04599923379273177,0.012092538113460002,0.01782010124746351,-0.011677380335503093,0.4123155409255529,1.4373425472097596,0.96966019029103,1.1964975639271267,0.0036026812649971383,0.006618686246149458,0.006046237367572199,0.0008576762024078012,-0.03726146478482369,-0.1546963999848266,-0.09756457450466703,-0.12726134268917946,0.9017895340454226,0.9025876732543336,0.9014020482027217,0.6555324838212826,0.15973729096337164,0.5005969779627153,0.8202917529245456,0.7033124447739374
worldcover_00589,worldcover_00589,5,0.06403620386342979,-0.01411210240401131,-0.05293635719201805,0.08551350777799416,-12.19318667418928,7.855379860740129,-3.801866184462398,8.947479685021918,0.0029939897622099183,-0.04491012667431384,-0.04709588972822035,0.021777569419808053,-0.30096846263078647,-1.124116913989548,-0.6880032674086446,-0.5553957388678008,0.017885397523716578,0.03628122257885162,0.029335051430268252,0.017389696897753337,0.31458594159192105,0.6424152172048568,0.6093819764516512,0.3001790184187125,-0.0024561198005714113,-0.0042410709029722035,-0.0032231862129963366,-0.002642022577500099,-0.04105315797060307,-0.059782783584645297,-0.06946230237816196,-0.027323876286873626,0.9148187634721933,0.9229377183186039,0.9592010804625627,0.956319358519673,0.13702882656990334,0.5230758074518943,0.1654577961963366,0.5370444312371132
worldcover_00590,worldcover_00590,5,0.06456979509545252,-0.08120137927207086,-0.09697519016988351,0.07761121812191864,-25.856777721172296,5.21551398472542,-17.22503180560244,7.161787010451666,0.0067281001130070845,-0.0012567276874230983,0.00033483731131710176,0.006548601838331493,2.7264825679467193,-0.4769265903617784,-0.7554085844125357,-0.34320868903799545,0.008380164430855564,0.012438057349325496,0.00676434735053932,0.01127831447563128,-0.5383824053829558,0.05197925360252167,0.5389655392423324,-0.0033258045065058866,-0.0012514414514483711,-0.0015786277374835922,-0.0009191973097246102,-0.0016263089697770388,0.030502856832209924,0.004137581889498515,-0.05894100899286291,0.009082480914013506,0.9701083868860391,0.9802602896502647,0.9716095661863593,0.9750107450300056,0.7027345061159969,0.2777714173174569,0.6727519781651627,0.29885855652171445
worldcover_00591,worldcover_00591,5,0.054010690827173455,-0.08897538437987822,-0.07574055039069871,0.09216624227437108,-22.733472224251372,9.742592394054919,-12.866840254928789,9.909881377016516,0.011407901073899931,-0.002939291180126211,-0.008009112543529899,0.007890435793097075,0.9289686642125874,1.0940057973099722,1.118388093774826,0.21320569084454644,-0.0025496605864224115,0.003190531802577369,0.0027865310122956355,-0.00339899598358773,0.24284006531142704,-0.9701560704961256,-0.0811509553495927,-0.38408760795095215,0.000157246998409105,-0.00036339640542112217,-0.0002444768418567343,0.00036532407381920047,-0.045438679276819244,0.11951035723611106,-0.0025527954009872517,0.05125288806946937,0.5180085393067122,0.4659279144610943,0.10890521692569055,0.35187515607294273,0.9417401319211769,0.540048905167851,0.816470509970671,0.5486858831909007
worldcover_00592,worldcover_00592,5,0.03127980948483909,0.1990593909991504,0.13886384982051203,0.06292654336853484,-12.792228971925786,3.3961566786878565,-7.739381354991257,5.2320522990634775,0.09564874615271853,-0.22627900474305607,-0.2589946127245344,0.1682088107521095,0.7173704902598144,-0.6561674873871971,0.5653996028869176,-0.6306036807354585,-0.0022266891334414294,0.09217760222258434,0.09313584058202827,-0.009556913901588,-0.09418685742554174,0.15500495215742907,-0.16045546779005135,0.049439139865524694,-0.00154270321374325,-0.009374567942524501,-0.00891835531313913,-0.0017450153639521346,0.002668814288716135,-0.011330034723488312,0.0104025399450753,0.0018747714858248089,0.8613493810926485,0.48978284925745286,0.5026686096994272,0.9533375932805986,0.25097437596159633,0.12051319504531932,0.2759719301632846,0.14682439370704303
worldcover_00593,worldcover_00593,5,0.06116386628704707,-0.11326594108884988,-0.16479537342533915,0.12278320053310109,-21.236306480674095,9.325630466282513,-11.347058170292884,9.573371741308277,0.10631646713915825,0.10138465478898046,0.09071134947358611,0.1160414722112434,1.900772183917956,-2.8035207585634,0.3729207947375835,-1.3440628823646645,-0.000544079477495099,0.011957903311978957,0.004596615351285027,0.003192866648430507,-0.144382196731186,0.44039839333509223,0.00980041473521653,0.09252417778762143,-0.0018900092390417452,-0.00328008750585294,-0.002203744140011498,-0.0024475717559607423,-0.012089878850787892,-0.016747779483177995,-0.008399409029296487,0.007906236149793622,0.925893109787031,0.964157495220647,0.9457517196983937,0.9405365622144962,0.9922544356951511,0.8575500867214341,0.26542095088304163,0.8083376172207342
worldcover_00594,worldcover_00594,5,-0.15245411817738166,0.6164279775976241,0.6208133150004985,-0.027923885239005974,-13.982491986009007,6.510887505588081,-6.665053612056203,8.173329952716443,0.012410688511676088,0.07424650727845046,0.010381193654167594,0.024249850517316252,-2.460582104134424,4.429670702537633,-0.23034991812741532,1.8222169548278366,0.019013500052931523,-0.09985795555519343,-0.08722759643771164,0.0013769802343084094,0.8796083753932163,-0.9702676257796309,0.44443673011969703,-0.29222433605151743,-0.002495910969225103,0.011481161466846699,0.010786488426454143,-0.0005023948439030026,-0.07485088828011752,0.043800911952639035,-0.060425142631849095,0.00021223986716851652,0.6838522137229779,0.9683877636135071,0.9763014237038229,0.5613428097829457,0.8106945873102682,0.8370447800589329,0.40765100672376375,0.8436172674818445
worldcover_00595,worldcover_00595,5,-0.2288200431616116,0.6898493647123858,0.7003847974719452,-0.007919357609794451,-17.663761252920864,3.2859632990381256,-13.060774332454223,5.385663777286245,-0.43843853784378184,0.5226014898055096,0.5241771230976702,-0.11158154788057431,-6.54787516350495,0.42512348495220026,-4.855304443365527,-0.19897237076113633,0.20955752204041111,-0.30757252241432337,-0.31711577124151763,0.05885937153885848,2.175843718665833,0.12350388562064428,1.85327186126363,0.3159526769833016,-0.021322331795936792,0.033431323941307795,0.034750201523002906,-0.006191471589240003,-0.18593062147917266,-0.02173668027987919,-0.1691555629079768,-0.036897008882926186,0.7981600574823702,0.9353326662226562,0.939952418538506,0.9221281096857905,0.7404401344486415,0.313344280363551,0.3224467222165599,0.3855720691683838
worldcover_00596,worldcover_00596,5,-0.0685589496861453,0.6842600921112506,0.6845306666059944,-0.011319553465441475,-16.59559100361877,5.099175546376823,-9.751333044837393,7.086759029982436,-0.14102388517156472,0.35815304307828577,0.3702433325409389,-0.05311278528386017,-4.994782178430966,3.4574237480847287,-3.1575093643092065,2.248481012901628,0.0715701981208356,-0.2482404328673041,-0.2684120862055323,0.0306865351327021,1.7270155041790536,-1.1651731953111224,1.1785253309172057,-0.7517638604525546,-0.007413426824016019,0.028299590478641792,0.030949985900084753,-0.003311024821184648,-0.14987438047724833,0.09702949166532442,-0.10746792889783226,0.06227838683655558,0.8003744372817228,0.9406195921878475,0.9392023579904684,0.8526822123175172,0.43752302332324733,0.738638771663221,0.4331975224676019,0.7920809971843217
worldcover_00598,worldcover_00598,5,0.11327367126588846,-0.03448283225015718,-0.04097888521342135,0.13181451979008593,-15.519581647779667,5.736153261761296,-7.933221968070002,7.588884141749992,0.10056939696936439,-0.010142152408315288,-0.07548465066412001,0.12653043044228393,0.04059395689409593,1.356640548283312,0.7528757356058371,0.8555591993489771,-0.008612145720167205,0.019315408226263882,0.03289423166528279,-0.011976235453442547,0.15587979245497366,-0.6198799636734498,-0.15883482956285072,-0.40740153677376356,-0.0005866301798448252,-0.00292498833556293,-0.0036492023236033623,-0.0004980654803791458,-0.024081806351649214,0.06553682968565402,0.009386430370481298,0.043982280205193985,0.9202135956414437,0.7374403856003559,0.6198286477484425,0.9935453823244266,0.5375993903352299,0.47065243911256016,0.719060916549261,0.4421266940523172
worldcover_00599,worldcover_00599,5,-0.05390647708739023,0.5309371693116262,0.5218933504639267,-0.009365645168476251,-8.914167767571396,3.8620286676363333,-2.7739375367410433,6.1177783482991925,-0.08805456972654331,0.437658067467428,0.4475115252037824,-0.02869574120868766,-4.745819663371041,5.475829634917277,-1.444423296579048,3.8431260889644827,0.0337352168650011,-0.22048263625519957,-0.2339309456947687,0.01006301399131374,1.3656687169608945,-1.9795855655679464,0.19012026575803762,-1.409382150678408,-0.002863594062052534,0.0225811774437927,0.024240264781948274,-0.0008035587232719814,-0.10525147391284151,0.18205956026371875,0.002445807213124457,0.1305577565237297,0.6850790738342118,0.9199221539544474,0.9305431558009047,0.5768435215630329,0.5640823727327869,0.6670497959423525,0.4301422605328622,0.675574213058896
worldcover_00600,worldcover_00600,6,-0.07342325751391961,0.8577006996581041,0.8198336877606122,-0.06471128256596569,-26.339156011028805,5.785792706350377,-21.69531039688585,7.73230111633525,-0.06879614823791429,-0.29784441443662724,-0.33077544529759634,-0.48654867662116696,-1.478892264841949,2.358402368689085,0.13229034300816114,1.214552620810808,0.03023450921490204,0.06015140614855325,0.06546083770015011,0.17478972344832597,0.29930773043343445,-1.001284891274075,-0.1301200522705482,-0.534315380040505,-0.0028837437659960928,-0.004215849093114474,-0.004261004127035229,-0.016611576376652153,-0.016794006019358584,0.1066801144624717,0.025250572788139507,0.05736702712209347,0.7190004561879806,0.9188347883188754,0.9185310229850365,0.8076661177810149,0.3825847731902329,0.45037425488624516,0.3418370018806959,0.39170872204981544
worldcover_00601,worldcover_00601,6,-0.099159519084249,0.6567353772451048,0.6663945147372575,-0.004684635325137748,-20.951032839059298,2.6472606506186125,-16.6036462671505,4.224490736090348,-0.5155963024558359,0.5491646014612197,0.5621348146777867,-0.08511227234044921,-0.15829825642285075,-0.053711394146338166,-2.047112407012548,-0.14793051359730375,0.18911247694268415,-0.2890273548100235,-0.30369970313720823,0.03639501790229822,-0.27926329913612047,0.0977878530653503,0.6451976365681551,0.15031242464277855,-0.01648102886009517,0.030162594283488785,0.03195332033522048,-0.0034997886272542357,0.042260524313325644,-0.01392009594553384,-0.05254064735529788,-0.02003711394358246,0.5282018315947461,0.8814796249888589,0.8847863654956967,0.7620827039059876,0.6543171167720698,0.14615364419057564,0.4730750345233231,0.12318356824426135
worldcover_00602,worldcover_00602,6,0.018267428571490003,0.07206121493469612,0.005742869361050063,0.03399029726896251,-22.450647486944067,8.532155814612763,-11.424297868444127,9.329837707779756,-0.07833916331499619,0.162570749365148,0.18221893169481027,-0.16217490082370087,-3.031031707753759,6.437575288813258,-1.5367808901629694,2.431467072370817,0.03575093713524362,-0.060576526109467885,-0.07228889354117596,0.07223500910283608,1.4817760330316423,-2.3152197965295085,0.6601799737712731,-0.8594420612445797,-0.0036194291469473687,0.005892075654683698,0.007113003667039477,-0.007249210528427296,-0.14829706985940064,0.19143122080707167,-0.0704061484104847,0.06748484825552337,0.8033083591307727,0.251150703078181,0.303883681269705,0.8461039491149012,0.87846975718096,0.7853591734210958,0.4613130119596328,0.879197118038982
worldcover_00603,worldcover_00603,6,0.21949423664684664,0.665727579232418,0.6655092257441899,-0.03666671927115231,-6.1425549140169275,1.3852135789204165,-1.4609593458967123,4.692627790830912,-0.12343582404461348,0.14545548719073076,0.1411252688793903,-0.0016537394951142094,-1.3763749013387347,5.3058533716872835,-0.339319665994668,1.0341658436817371,-0.032881810249745055,-0.036634406099071724,-0.03806908319006738,0.00044916052919575193,-1.0870936026353923,-0.47502101604009656,-0.6753771804212181,0.3996335116262815,0.007015547620895222,0.0024902859721520933,0.0028524931633111144,-0.00017463126586693767,0.1728490619324869,-0.03453625080737111,0.09725634497474087,-0.07375401317263178,0.6371663075808447,0.6197148536826118,0.4868726974265054,0.7839965121930321,0.770953487107087,0.40257138087982947,0.8892315836984603,0.624679206270214
worldcover_00604,worldcover_00604,6,-0.012181456565080512,0.6313834876725166,0.6445684631665551,-0.03217741773661343,-8.215744044051078,2.5930276455717367,-4.374001082329715,3.97882909130741,-0.26076043781378244,0.15115646166460858,0.13546581779207464,-0.0035798005789280806,2.4024534361567778,-1.4931509718279075,0.049373826363172287,-2.210519659936538,-0.012714880828267544,-0.026594214689680037,-0.02197042533329548,-0.0007380057948750689,-2.7505248547352905,0.6869572625048778,-1.6310758616813223,0.9885139003618248,0.007388298350117416,0.0010525764841021945,0.0007212062676747601,3.1655776606066836e-05,0.3310263446585079,-0.06322413338605666,0.220969239003947,-0.09010945980076795,0.5337182242339495,0.8520575432565436,0.8468672543646506,0.5043959944465588,0.9333690218881775,0.8246267999240148,0.7929494247669401,0.8110549644149362
worldcover_00605,worldcover_00605,6,-0.014747994379339421,0.058723491362550895,0.02313242017319719,-0.0684136058570734,-25.80704557031042,29.14608310803861,-12.992085277482046,12.939760358842335,0.34210519388310445,0.21632042404500706,0.10164721370748576,0.6643760742708311,1.6817926216680592,-11.16697423260573,2.348122200107548,-0.22670860516781333,-0.11228634099504496,-0.09244200313318668,-0.05411020758888362,-0.2542710580431663,-0.5996696018635846,1.2579714454827864,-1.7653033034368053,-0.8543898424730882,0.00900979928718443,0.0072818229379452305,0.004237719505761919,0.021483020348982362,0.043037985964264794,-0.015583416686573965,0.17910467485075124,0.10921217010870754,0.7925965812999766,0.7204593820419549,0.7360233172692836,0.7500858769333517,0.5220087975365844,0.7968233610551605,0.7915624109461749,0.6412302043391349
worldcover_00606,worldcover_00606,6,-0.22635504360733574,0.741606439604903,0.7467536393440128,-0.01907167403083864,-12.884998561853392,2.0691660817122717,-8.148947977234835,4.2496222970724835,-0.16721471391761655,0.0840781113458061,0.07380890278589167,-0.02730638167214769,-7.445106296148464,3.576901134253619,-5.134776778202537,2.8014625300715887,0.0483704739306941,-0.02088348309457054,-0.020560565513449917,0.006615292690129889,1.0614297351086164,-0.2825137202873989,0.8123455178476313,-0.321923472277957,-0.0034668526199673976,0.0014327260279896382,0.001660126176747418,-0.0003968662055529126,-0.008402687549424092,-0.028748199907227264,-0.016831534167198146,-0.006046669900615795,0.2467095451408602,0.5445732235148766,0.30289900036838846,0.5575921839804081,0.7330122429941857,0.6561120453796638,0.6671462406414861,0.7899156103752198
worldcover_00607,worldcover_00607,6,-0.16507337143109718,0.6934137570135522,0.7091096305485927,-0.019283182523918904,-12.9441829754062,2.8486378568799067,-9.408486572081046,4.494862042053904,-0.2907743422629302,0.2095677031884116,0.19624078581257454,-0.02897212454783063,-5.579336860205988,-0.2542996765666848,-4.6777634736395095,-0.15239402226064278,0.08871509893735575,-0.06146834661692254,-0.059371432442685765,0.005176312020008184,0.22458841354486425,0.18690787661475008,0.1502309818743584,0.1555667362893639,-0.006790824818919163,0.0047597475726195125,0.004711489936318067,-0.00017866599514628943,0.06494335733677672,-0.02041781158672845,0.06219536991873479,-0.017359664453613022,0.5833110325205393,0.5080910411396109,0.45527471622346694,0.7484513826044059,0.8049767632741371,0.18734295616718133,0.8227058576578605,0.16093711295281898
worldcover_00608,worldcover_00608,6,-0.3130070385345839,0.7618637066898922,0.7781937465523223,-0.017204416915774384,-5.056705791630285,2.8608670583477553,-0.023609315481151937,5.016315028183414,-0.18428861477056396,0.032105864040435285,0.027658639446137574,-0.026619557646058823,-7.52769305836364,3.3287632616607112,-4.993649976587138,2.3709113104397375,0.03480075579740656,0.002619696837483042,-0.0006160272277279379,0.0023940402482237003,0.5738983941424508,-1.2367918299591678,-0.29293124350819455,-0.8016956821141167,-0.0009312568928778848,-0.0009994658857885056,-0.00039926427181320273,0.00018535989026228735,0.04567036486036173,0.130848073296542,0.1329763594060221,0.08092211141277911,0.42467099127329977,0.6470359501950391,0.5154720153715381,0.7967759359346139,0.7939210825619438,0.7538444925694912,0.8714031908142279,0.6383669765005926
worldcover_00609,worldcover_00609,6,-0.1569191787164642,0.6855656152421781,0.691854679223263,-0.00995084620786443,-13.48409488620537,4.36031150931933,-7.475383967751809,6.163547671454744,-0.14188368808768778,0.21826670732763065,0.20068551836505755,-0.046801721662401076,-7.616998675980636,-0.11707863578909321,-6.2665290060507335,1.258495527006158,0.04969528141854089,-0.08705353675595617,-0.08166059561364068,0.014153128915196224,1.8399776207633092,1.5363159146689007,2.0096953113746805,0.2502135690813954,-0.004199332423058607,0.008299832467478948,0.007904738789857048,-0.0011076037395707876,-0.11206037751152297,-0.21635950049131425,-0.16172427133663642,-0.057979532831219684,0.2888733888388657,0.38248487043668256,0.3551833996352938,0.5881109783905629,0.7938597065310001,0.7136833786515075,0.5655806615754375,0.8192617261543874
worldcover_00610,worldcover_00610,6,-0.45480256146974396,0.7376957571867743,0.7464891401204197,-0.019463090734048387,-11.972241350875176,3.383777487769861,-6.610622144005421,5.459748894847175,0.0300818994287575,0.12531690890826871,0.12504807114601113,-0.028661681693934227,-6.541491502649369,-0.30217683637754145,-6.462920720596992,0.12095659761594861,0.010937334053897312,-0.03370090886885989,-0.03648335747904591,0.005556608618789416,0.4039171899305926,1.0662623725310594,0.8744933774712854,0.5825634506451369,-0.0012937007960939677,0.0025448755483434685,0.002976542169397528,-0.000228099609640511,0.07335328323003476,-0.1494280373483484,0.0014003326948316861,-0.08750281977283748,0.5239395115171186,0.6102245883912193,0.5713573001547716,0.565182364284387,0.8595758471107465,0.6315620580896638,0.8068249045170013,0.7628506152169561
worldcover_00611,worldcover_00611,6,-0.07429540796579871,0.7024309291984094,0.7258779704570767,-0.027043022412919594,-6.581381960237711,8.738647557561869,3.299512620483082,9.92773028294059,0.38062874561238846,0.0972428257976258,0.10348733502721005,-0.0018417773960483924,-1.2960820191577949,2.536984060464231,-1.5482798674161509,-0.7344911079200754,-0.1688287470591886,-0.030874721609152764,-0.03842238585154211,-0.0020962719164498295,-0.6835469531768879,2.5588345580849436,0.14858852920692128,1.0289856885505504,0.01536882498534034,0.00272345633217783,0.00366976194911533,0.0003229952605460015,0.12874409334379794,-0.4329483401030619,0.007458571386397152,-0.13897930273716333,0.3633394376767126,0.6184903731157206,0.571746713607604,0.30520509849917377,0.731710408107298,0.40200677358899894,0.27114178296293623,0.5349187093741886
worldcover_00612,worldcover_00612,6,-0.12271521539368925,0.6972488562266033,0.7160980719508547,-0.02349691965024586,-20.48139168596151,5.520852454823367,-13.278237617651714,7.245750900003814,-0.32864789521105786,0.14247486373734805,0.13217487552809332,-0.03209381400504039,-3.9814966137961467,-2.457184117624686,-5.115060345798239,-1.2871255865966778,0.11687583097595959,-0.04250103306202654,-0.04116512086742369,0.010744026523422103,0.8540563577764437,1.3300180510845765,1.420878062570212,0.7292766225958996,-0.010391455375526507,0.003503460023138255,0.003530934754044119,-0.0009195733241586369,-0.04414871650285599,-0.1299792463333397,-0.09788393603844711,-0.07173395548932436,0.3200590269304543,0.5426415937184654,0.47934435174349976,0.3448778752514251,0.7217897655036474,0.7878208622859737,0.7215407307154876,0.8344562899997418
worldcover_00613,worldcover_00613,6,-0.3088708123636177,0.7140406909765646,0.7140976648890641,-0.010308906069082378,-16.588190746126138,4.972042256499294,-9.35711494092488,6.9240153235721875,-0.008905119213966176,0.3576890674996209,0.3773161660111113,-0.09461753706019023,1.4394590386255868,-0.7447486252662727,-0.013616052277303912,-0.6906241170506822,0.042114939246975194,-0.24292548121763455,-0.2658390435853813,0.04775310593891022,-0.5640274069355098,0.25744321218544436,-0.041527885723536585,0.24379196476414097,-0.005078621972321157,0.02734047256297231,0.030251197705064115,-0.005189466617079537,0.05607806191191804,-0.021836985893150484,0.010442638837215579,-0.020910231651505497,0.8932047755593627,0.9614199225975717,0.9666761360438019,0.8981074802114932,0.11865604984927036,0.27409195536985476,0.2332283251674998,0.2719634763305453
worldcover_00614,worldcover_00614,6,-0.17255748251076003,0.7315929103078291,0.736519423059445,-0.009179709084106561,-14.911878922438277,4.114224336278885,-8.244898845724597,6.175987323957001,-0.3123588172497036,0.422050079537759,0.4289616683113636,-0.0913132187126879,-6.947442278003204,0.07442327736696479,-6.737796513956281,-0.002734874005275158,0.1313284080757819,-0.23880201042730495,-0.2521715854572777,0.03903063379623209,2.554734491330267,0.27083623891836234,2.617030997463933,0.24950689604863202,-0.012372480044185988,0.02534108639064456,0.027084725918342302,-0.0037496874174761555,-0.22631902533436074,-0.038653368032532956,-0.23800263545413453,-0.03420259482491929,0.4985467217553211,0.7055799262395395,0.7166672140195383,0.5811959618137781,0.604444588388841,0.659012061949752,0.5819172330514806,0.6809715276955632
worldcover_00615,worldcover_00615,6,-0.016076427875162592,-0.011873412256438677,-0.12293709396864363,-0.06492446746790059,-18.59553574388929,3.591574251409267,-12.88380379993413,5.626797663060461,-0.020117004371312395,0.2908151506165418,0.22185867934650305,-0.04068634013408804,-1.7065661793314983,1.6945517381174147,-0.4051463463608729,1.6123125714172406,0.008965312767903758,-0.09505706626389691,-0.08165127918470914,0.020160744912636083,0.7842831936834596,-0.5863236519117534,0.25758165727327587,-0.5728844261452863,-0.000804640300474076,0.008299430935747084,0.007477990892537008,-0.002001537843795508,-0.0828461375394913,0.05321954582847057,-0.030401347270706508,0.05261912161484101,0.7037642145978575,0.7198604276282693,0.6200938125743778,0.4411758620463958,0.6370868880135879,0.2446680524498187,0.374980591574422,0.24308191634322562
worldcover_00616,worldcover_00616,6,-0.014858851222471247,0.06411925725864669,0.02606970500765498,-0.06175730473390084,-28.952596165867572,2.9353190985915765,-23.56933023503093,5.206603471236378,0.01436271088515782,0.18925715656211867,0.288810195460441,0.013030407551143403,1.4757473678480295,8.393016756232639,4.466344541036983,3.710356009094704,-0.017363535186462088,-0.10643902209938146,-0.16543802249878292,-0.08543724130468189,-0.39821733809501964,-3.007316832557471,-1.2660273185355038,-1.35461052661714,0.002023045076812053,0.00945500552071014,0.01743675389731621,0.009917830060603042,0.03124987665536579,0.2604197981944423,0.08764731120087851,0.11643344865610883,0.9257948922427157,0.7933248739750958,0.6671109374076757,0.9566588374646086,0.2372147405104742,0.32141349618309933,0.29910675256284414,0.27931718676829087
worldcover_00617,worldcover_00617,6,-0.04759005890914845,-0.07248014313253542,-0.10865641520781971,-0.07946886878573534,-20.222228448898477,5.1993139494836855,-13.071806633587961,7.163381955441127,-0.031839486080178475,-0.0730270289682912,-0.07841582597780287,-0.14211272126034152,-2.520970521516338,1.9016436826393703,-1.3541789648638458,0.939776902574087,-0.013217687407400817,0.05109132334460938,0.04753985379931401,0.017566217262765613,0.7144308791998697,-0.4727569714897315,0.5249733715068272,-0.1997192140960545,0.0023021322104966884,-0.006118888515188837,-0.005532897044575271,-0.0006619721011381026,-0.05036277257925961,0.02157960774902072,-0.05453646383739502,0.0024425697423156863,0.906982961121252,0.7252788404424999,0.6116148348245678,0.845637118373739,0.5716128651516297,0.33835290811417484,0.7323298140863463,0.5046982990394269
worldcover_00618,worldcover_00618,6,-0.4629631336536401,0.7929532027196609,0.8085799378230057,-0.03598320320121613,-14.192887519677841,7.451123682269033,-5.500312770406804,8.692574749271033,0.14671194778332844,0.2305186094812265,0.21553886593282384,-0.010752510054901698,-5.864644419322289,3.6896574016323784,-5.159357202375008,0.7052872169472881,-0.0019597477704000844,-0.19526064596884735,-0.1938026045190544,0.008959976944657128,1.9846455999999033,-0.5888818880708052,2.0588489518715147,0.07420335187161084,-0.0014663214477971308,0.022534299251444706,0.022581215171176342,-0.0009757384717831323,-0.16964459759920114,0.020189674097941392,-0.1896861374369159,-0.02004153983771474,0.941211990255686,0.8972220435007832,0.899090303850761,0.7093835665110062,0.2574614711080656,0.33858263813998735,0.5095173555475923,0.29411470498234515
worldcover_00619,worldcover_00619,6,-0.5626647662409484,0.7764968384395947,0.7918640844749685,-0.02462711213438802,-5.812507240285164,0.49865262028687496,-3.487085672701454,2.9360221589205,-0.03870953181423313,0.09400822766243444,0.09435539231413856,-0.020798511610972487,-6.542939772544812,4.9546822081091495,-2.115003106236871,3.1080204611242563,0.04457734121236058,-0.028358249953298838,-0.03072133647415026,0.004067504496285409,-0.3300375037107094,0.21866761291542008,-0.7358512664651102,0.06319365990098474,-0.004559272624109601,0.002331593120941007,0.0026805694356109157,-0.00018010231092421668,0.16342019770975952,-0.13055426412494495,0.1382802920709524,-0.06826044308495786,0.6594946095132821,0.2724953451168437,0.29192247407843663,0.40512485796256414,0.9148620709740495,0.7501508072995762,0.8375899740395627,0.9008982167176712
worldcover_00620,worldcover_00620,6,0.5566920744960484,0.7001031682346823,0.6986747356978344,-0.051366225731643934,-6.166978434033835,9.360381541022228,1.4258974379892426,9.036080941765197,-1.034949157755254,0.3295209552087465,0.37119974739967615,-0.030753207696039744,-9.197101742292364,14.27921506142964,-2.29638224701366,4.71875670496005,0.2946679806634577,-0.1449934376395623,-0.16816463131151102,0.01722008401923101,3.224784841183784,-5.253856897264548,0.9278668559702098,-1.7380349850371384,-0.022299057806807257,0.013931634450199607,0.01638834298861143,-0.0020190522761432154,-0.283668443166993,0.4570341345385077,-0.0935561496411199,0.15221105418655506,0.893671093702772,0.7712737497963379,0.7301369810018465,0.5462604026880011,0.8333326648031011,0.46594653868419855,0.03195703109601444,0.5209319219479904
worldcover_00621,worldcover_00621,6,-0.0228796468372291,0.32364216508964677,0.2646242739971382,-0.061207882269763626,-24.1598279645241,9.96635932595623,-14.946427842010165,9.110724415191074,0.45456563508171216,0.023169897430177337,-0.14895496439809552,0.7230030367121316,2.3419721850255217,4.223653485608779,5.382740982530139,3.411818530442732,-0.14199187051966491,-0.014630979935949083,0.03840566525695378,-0.237882819123469,-0.8073996765210768,-2.7804049438852516,-2.7289414527847895,-2.1319848724557895,0.0109595204870337,0.0006543468528737664,-0.0032192697381657137,0.018290424644194447,0.05588216493574301,0.30941934197629667,0.26606337206310315,0.23364883838972994,0.7573399081842767,0.3923882963022234,0.31128478549143,0.7749987108384009,0.4661459546969303,0.5734032370340646,0.6923424608698909,0.7420690630956599
worldcover_00622,worldcover_00622,6,-0.29944909787679697,0.6952021826397284,0.7166714713428958,-0.014589012064265687,-12.39689433838032,2.5384349613889743,-7.951504237384922,4.139948355884181,0.07120264378073198,0.09410549487386458,0.09559320622966379,-0.04420530302302202,-3.9521693881391404,-0.08757437166162567,-5.147179003783193,0.1933998822858279,-0.1082608344305613,-0.011579570122611568,-0.01613211889803664,0.016475356542767307,-0.6992867534135625,0.4848220797162093,0.1796942376066668,0.3699240344958223,0.015699237731992298,-0.0001031788009585675,0.0005474528580000906,-0.0018016962579103372,0.16812198795267863,-0.06767989102665556,0.06863329330548164,-0.056136809074064944,0.7642963186514347,0.7079684117297947,0.6061498592086412,0.656887610017202,0.8792871892904304,0.576469684632298,0.7559003920745305,0.5571691517375561
worldcover_00623,worldcover_00623,6,-0.1575602337536636,0.7296088355960263,0.7381882351456261,-0.01206110666195554,-19.07028644600983,3.4398159757340467,-14.073664778163748,5.254175322065255,-0.3257366059580248,0.05275895600281093,0.04725234494322874,-0.03336917576453983,-2.53165983771565,-1.4168036897592071,-3.014817576038045,-1.1110538038779847,0.0913436229549507,-0.0020469763836304254,-0.001410400970673855,0.005482436778644708,-0.020879064637719894,0.8516850817526158,0.3669201839948452,0.6379694141222028,-0.00652695811115246,-0.0007149623801009734,-0.000690826412403204,-0.00012891998307572392,0.05385300580975504,-0.08734128820183908,0.015693939831641173,-0.06230931150669499,0.6439035991222506,0.549333125770332,0.5164113109270093,0.8217155258375344,0.9694149872063652,0.7597252240650492,0.8468927407987599,0.7459130068768991
worldcover_00624,worldcover_00624,6,0.11915482151170972,0.7291952304429209,0.7480226857305495,-0.022426147409009438,-12.125838529145662,5.746292778479549,-4.826642632669316,7.865815942624152,-0.5302208637440022,0.5202173411639173,0.5261577494619832,-0.06529028978317003,-9.34594506574574,7.299366493047293,-6.056737922862889,2.7969891208084716,0.19593021470308877,-0.28979327613729694,-0.3043032029393685,0.029052073672187994,3.334851607268162,-2.4219833757437876,2.419157286426378,-0.8901932794626343,-0.018266156269960608,0.03092545453891758,0.03284895849047283,-0.0028547954679739567,-0.28729157703613956,0.19825719376048964,-0.22426019723553195,0.06943888724949321,0.8496504877053063,0.9424418483271652,0.9502907349522425,0.9393215395092651,0.6842905265726442,0.45097438168017145,0.7087010765374405,0.5061218683292366
worldcover_00625,worldcover_00625,6,-0.06531996578239048,0.1312958375748357,0.10073539631610505,-0.22566422368540848,-26.94134942112482,9.385550638660941,-17.489358379226047,9.42545185560927,-0.06206081922652906,-0.08502282198548032,-0.13736981589583583,-0.000850672996233964,0.1773149278494573,-5.995304357373758,-4.404577006211492,-4.402233023966473,0.018709329943937265,0.0033731129084958182,0.02993871146627559,-0.05152806400994702,-0.04447476112457388,1.475967845235271,1.0442100645259262,1.022167620231749,-0.0012613064584663302,-0.0015152081555564456,-0.004140945330186912,0.007116424465420258,0.0020568926461727744,-0.10655555944589175,-0.07323785195852354,-0.0694357014592109,0.9193052589555963,0.8146563521735999,0.7647456427467647,0.5501725698340731,0.10479079904401156,0.815135933217996,0.7896118198347197,0.7140005199586782
worldcover_00626,worldcover_00626,6,-0.23719921310934428,0.7602360266627688,0.7689478451555425,-0.019700519797025317,-12.207280138221172,3.170745102981395,-7.303111813899912,4.769060917710796,-0.358078496990916,0.07333692600802748,0.06645253158750972,-0.02590672102653315,-6.7931935233793155,1.2000679870348023,-5.8225732483661465,1.7124823102190185,0.09840741108445841,-0.014414861411243273,-0.014545905706170318,0.0017037561397144733,0.3894698960532255,-0.11036526483932674,0.36203697843857924,-0.2925323349549645,-0.0065850440651636765,0.0006949805250071528,0.0008611141732244823,0.0002857891541689339,0.07242103038588438,-0.0026072942158864884,0.061653808071877036,0.01388192591370153,0.44321251382050175,0.49558506220424303,0.3665538918330252,0.8531377815515885,0.8901527627747905,0.6049168090368123,0.8085819926374824,0.6911439540788131
worldcover_00627,worldcover_00627,6,-0.28492623085788993,0.7122988293201424,0.7296835553239706,-0.026932791101210093,-1.7200985581423605,4.115076915888905,2.309876406839651,4.848725971411016,-0.010385132179126857,0.26132974571304274,0.23569356088363752,-0.01547970231031133,-6.702156792677601,10.772480330625289,3.427654147517488,6.757917141676052,0.03496050787895208,-0.19226437841629712,-0.18799450144865126,0.007705198641205228,2.2488081749322855,-3.3696132262222984,-1.1831926524752232,-1.97614895267847,-0.004208063041964925,0.021590018272752653,0.02144649298391256,-0.0007797081606707174,-0.20257421570549902,0.2710427158650931,0.10156275897489021,0.1547444003253944,0.8833383554946255,0.9387227432253237,0.9538986262897813,0.9212269409195417,0.9365888887324333,0.6016357949652195,0.2464170411920935,0.6708208947885189
worldcover_00628,worldcover_00628,6,0.07448159904109347,0.7990942624482237,0.8132510961908276,-0.011242918726621306,-11.647394894945425,2.3082541148665534,-7.7973787238948145,3.957099567117834,-0.7111723363335958,0.02623849610487649,0.012972534648955925,-0.043233896310012426,-10.455931410257046,3.113764170209585,-7.440984091844837,2.91145030581415,0.16672705747206157,0.008854078266011589,0.011880510232665275,0.007811067658133826,1.9099312644647286,-0.8861414660793985,1.1480710098531655,-0.8152866693583937,-0.00995961744858651,-0.0018311833793466657,-0.0020149204165044407,-0.00027768252737293256,-0.07373330496958502,0.07534143673922776,-0.01661803717009295,0.06943078884867518,0.6439563566078756,0.842524475276926,0.8268355667682465,0.7176924438007962,0.8593260167606871,0.4131902294572498,0.8657162037258423,0.5067366747753181
worldcover_00629,worldcover_00629,6,-0.005865075080411931,0.7459307394244457,0.7372114902192898,-0.007150516450179436,-21.07118096542514,3.263007253499245,-16.17902298141207,5.076249118471017,-0.5394400525324198,0.2003792143530314,0.21798082074475647,-0.05277669838526173,-0.8137614086174365,-0.1906740080329048,-1.3820797575142765,0.033487318023891946,0.17581836195667386,-0.08669713462069956,-0.09881086550749749,0.011392011059230388,0.22352073999468078,0.336632597083462,0.8544996196601532,0.25308718367218136,-0.014969958088928358,0.008459662096668982,0.009909319305660762,-0.0006105774975936802,-0.018090396843295838,-0.04074426000335698,-0.09233888109862955,-0.032711063970400786,0.4651013879567224,0.513002548468438,0.5301983616209421,0.717208799970949,0.31133226765963873,0.770538460448871,0.959394531783519,0.7658106415190579
worldcover_00630,worldcover_00630,6,-0.23504169335309053,0.701078260486777,0.706477317846184,-0.018812194635922357,-21.368503912521813,3.1984235152045204,-15.0160862982749,5.488003554786782,-0.16955776887029878,0.21337498014881434,0.22317031498939185,-0.035576764021127825,-2.7874030555948854,2.9835792348701005,-1.796905188088024,1.8267003589764172,0.08257880609239883,-0.09822437779985972,-0.1084008159446509,0.012352201873960671,0.6296282485746764,-0.5132983406255337,0.5638047741009697,-0.19551249437726262,-0.008353983418080444,0.009743262421001087,0.01102591448962087,-0.0010886852808221414,-0.02707375868485487,0.010107042735087463,-0.04025947785580981,-0.013340914021219433,0.713685412400259,0.6950956470737263,0.6849889721702775,0.7452090137573677,0.6623801850104061,0.8569944003874244,0.38789306733491324,0.8996630262642108
worldcover_00631,worldcover_00631,6,-0.06443262118569097,0.6331052653717274,0.6325267968755781,-0.033686861649833,-10.14781209859699,3.354809788505955,-5.988764802521948,5.195666932221991,-0.08913435657410256,0.1407256459905986,0.14474416630608647,-0.011813856993934902,0.015644727524873326,-0.30308325328871394,1.0355919500899102,-0.17771241817537575,0.04374384292689493,-0.03842497213836356,-0.04085873880169599,0.006272735219303666,-0.22762932211406742,0.2743442218379406,-0.36132496291985494,0.22924938325121677,-0.00522802550864271,0.002681597615733292,0.0028852409485614627,-0.0008710567331449562,0.032504104510526516,-0.03433676019905865,0.033556883203365924,-0.03054831057370936,0.9073559148008984,0.7292544220926958,0.6950241830033539,0.7787944485739,0.4125527297514451,0.2732631393465872,0.2489648588003679,0.2442130402714291
worldcover_00632,worldcover_00632,6,-0.18482019555462142,0.6999788419766859,0.721698612877817,-0.024600366328024554,-13.370253371315785,2.42916162158291,-10.566539662819098,3.8848599430745687,-0.12620447479411362,0.10079847678305584,0.09005004404083115,-0.010962040437060137,3.4951606815025666,-0.4756913376805031,2.369813995693847,-0.9903496391333166,0.01911182894874378,-0.024707985001725004,-0.02310009919977806,0.003972653212888523,-2.708879817444761,0.34148179436029946,-1.8880289794783096,0.6632791149687782,-0.0005722954321324602,0.001817468741927485,0.0018041930114380043,-0.0004376860975165541,0.31405635972138957,-0.044696496169486184,0.20883202786875632,-0.08919243731321158,0.15740624022507133,0.42567894104258774,0.41899756256463794,0.29218022014081735,0.8391307862051032,0.6141973444392028,0.8815800768990439,0.7571459477329243
worldcover_00633,worldcover_00633,6,-0.19391620200735377,0.7449890618974518,0.7555869727423697,-0.040183782746846114,-4.865388779855126,-1.027826849472885,4.595840980193313,10.117014975913825,-0.538809485895669,0.17422217177966232,0.15664826664659678,-0.03517379443205527,-8.692267886715728,56.627073259942854,-3.062747862526567,5.747661928579529,0.13979298139046725,-0.051724015698804415,-0.04617767939061827,0.013729307187713053,1.8358313867308098,-9.558419008877834,1.0407770833214531,-0.9570251935696646,-0.007240538424197536,0.003730258104777092,0.003354647243865817,-0.0014551620591770514,-0.09406447525684153,0.21114672992765868,-0.09371513264369619,0.019923955938337044,0.8937226902677131,0.5602995650370612,0.5512697072363224,0.669644494732555,0.8075896546804894,0.6615407202965786,0.11647884547016896,0.8809437634405541
worldcover_00634,worldcover_00634,6,-0.46955160255512596,0.6381897860855796,0.6506379876624478,-0.016217959466192942,-12.216924484333974,2.4605749635485186,-8.734714939411267,3.428271618745145,-0.2596552498074942,0.625571480730457,0.6098629184481135,-0.06905868736886585,-8.614451017084383,-2.3903672366588453,-10.740661229339834,-2.471267304488389,0.154228009120451,-0.28627095440829914,-0.28646925258655737,0.027856410660446283,2.128247780849348,1.2710323579189988,3.2813109292968923,1.365413859405009,-0.016274197904785077,0.028019490284901638,0.028360876094813244,-0.00262308503016641,-0.14106043082992475,-0.1268843169221545,-0.2534439921614474,-0.13614348102729767,0.931046606159324,0.795261581783885,0.8134430555708998,0.7215806680993295,0.7136058096816748,0.9185821708093508,0.8239240819758258,0.9778870413725665
worldcover_00635,worldcover_00635,6,-0.2003495836935035,0.6785272712057286,0.693949606382486,-0.003646906916842576,-14.07211671049331,4.592240876194743,-7.311313674015283,6.658922570500523,-0.22419211683799148,0.16097363758654773,0.1561943581179963,-0.07315948791801896,-3.866713390966535,-1.676474152028127,-5.652149061016842,-2.2220444627531646,0.04824032891874825,-0.02904097548810935,-0.03194339083128673,0.023493016396701507,-0.529780330971149,0.6395552182847637,0.10600819819852692,0.8429412513150385,-0.002183646669942853,0.0010227023652105486,0.001628939702053262,-0.00214150886644016,0.14668342671897283,-0.0611704480806026,0.08554305561496778,-0.08045389019780162,0.4050279490842915,0.963451049106192,0.9497231086677093,0.5784997266862867,0.9000019027369286,0.2219444684949179,0.8084187479527599,0.29244894983891045
worldcover_00636,worldcover_00636,6,-0.14698969795617942,0.7486758295333752,0.7556001530452209,-0.019551530169944018,-18.456437239900126,4.101106168084349,-12.818682017734183,6.137488355450507,-0.24226462216722228,0.152310313449965,0.1691602230781592,-0.03303489242015134,-3.831278031945513,-1.4829886032288007,-4.350366947776178,-1.299007390159022,0.10181510869952297,-0.0885476200998603,-0.1104218696619008,0.005499290524139278,1.0198741334159236,1.3355204224001678,1.7653815309687042,1.0040890301630192,-0.00992193906529174,0.009855306208735766,0.012678995502717567,-0.00015244772657751958,-0.06930669038793882,-0.15974207487438188,-0.16152552895538833,-0.11582155167622742,0.538471772139355,0.821815873085671,0.879490112728944,0.731479254451433,0.9414800868664331,0.8747712026970587,0.8190433026533951,0.8512292082546047
worldcover_00637,worldcover_00637,6,-0.5545042215291898,0.721198373671734,0.7245634279467844,-0.018501468567234162,-9.413401462649626,5.923585983348139,-0.28153053167316255,8.895776923042753,-0.09065098624273955,0.09489441580242554,0.0971893318115715,-0.033287829416434364,-6.517153661297175,10.579186130838677,-2.3785515551395515,2.736329645945811,0.060167656290124674,-0.01197987220762091,-0.01422026792129904,0.008853387897955116,0.8348837457867658,-0.7875118423879518,-0.13469235349003852,-0.32253017498389575,-0.005579454317042628,-0.00026821533236840746,1.700026820403825e-05,-0.0005859867575568973,0.006869240912264422,-0.09201043976138587,0.0662554530709197,-0.0048728690706230345,0.4936032462098644,0.7449717557753511,0.7231639331824242,0.7911210194069737,0.7287284675199603,0.6601517185846225,0.5126171915819058,0.8254879976270528
worldcover_00638,worldcover_00638,6,-0.03171764833853809,0.644429741483746,0.6399257860400462,-0.014457228170199926,-23.21583625760637,1.8014505249449058,-20.85145027477736,2.492153294956435,-0.5065986815746498,0.16944085723823937,0.13072459163173755,-0.03493775346035516,-1.6649740020144195,1.354525209155933,0.8004940526934573,2.5591434405738305,0.17629891222641297,-0.07063062953484522,-0.06168308183228295,0.00899761409833381,0.3922850347527909,-0.41926587788012776,-0.4038459036340827,-0.7795304183730692,-0.015628419189496347,0.0068004724353250895,0.006236342619163825,-0.0006050362270513564,-0.0267633362397992,0.034740790145308315,0.040709151831103504,0.06341851427594294,0.7041577513125682,0.6158487937646446,0.595077636261222,0.8655929917258169,0.4954584458309419,0.5546797985838862,0.20424991640446677,0.5762944557335594
worldcover_00639,worldcover_00639,6,-0.12038415320461861,0.7214922317952818,0.7373493097045203,-0.01023183118156865,-3.5852501388975404,1.8744018034322392,0.814033266931773,4.062437960599907,-0.27103318120829056,0.048918513551591075,0.03425061773686176,-0.01777952499613753,-4.265071464515753,4.394771724503971,-2.120135312654515,3.1574083102836865,0.10235109545778483,0.0033538570522745454,0.0051899065961053415,-0.00014735206566526788,0.07535189105642379,-0.5381529638839583,0.02421678086452881,-0.39025220644842407,-0.010874007801024689,-0.001177668420955384,-0.001132874326272443,0.0003252140025260187,0.06398226315284725,-0.00788718659011853,0.03075095737146395,-0.0031863793692437294,0.7175587467292805,0.7952648118902721,0.7160545912530862,0.6956880885708714,0.8436998033941169,0.8032009055859608,0.6370589496108653,0.8657527598928284
worldcover_00640,worldcover_00640,6,0.08228206581411968,0.745255491047194,0.7567521333694459,-0.027075453463829027,-13.499333722216466,5.803509717627146,-5.610323081273813,7.548453942917953,-0.17458349792590366,0.12164196395684798,0.13216202292177406,-0.020003775977307712,-3.74944725543575,1.114722156805853,-3.9302785551932717,-0.6926034635479211,-0.02347633302505448,-0.04325559361156452,-0.05059858163197841,0.0074873985924245635,0.45120659592302903,0.01757213366937658,0.6213995896185701,0.5645271421707126,0.007040542640034389,0.003684183112298608,0.004567108220524267,-0.0008425699321157979,0.013616738180432087,-0.029677286301018752,-0.01102733827277316,-0.07120842031949799,0.3652251036491755,0.420078539352835,0.40355896321031826,0.7674079627161253,0.5558565620809517,0.18127646870741077,0.7538207480568855,0.25988298165274226
worldcover_00641,worldcover_00641,6,-0.1616341986683552,0.3620867944590636,0.3372028964486991,-0.39157441800290843,-9.134742652518579,8.707088472677631,0.1377243848119372,9.427960410560097,0.024276774344361884,-0.01225167441381484,-0.10936007755143368,-0.009754020306799694,-0.29794304768055946,0.5112875672030895,-0.42582875943883064,0.029921550953886163,-0.023137567413808492,-0.03512376836436532,0.002355241744872006,-0.029061985964124713,0.18377874348941337,-0.3555534232884953,0.1704278527003715,-0.0945684116277047,0.003300025775080817,0.0013132849390702997,-0.00202204891000735,0.0029098092757090096,-0.02263517441147467,0.05360430467967737,-0.012710949825424759,0.01802283777509043,0.6438271965634614,0.8601763028357619,0.8343073406140793,0.6648101252654435,0.5204314158939134,0.4388703647036366,0.34070749073471185,0.40138352264517296
worldcover_00642,worldcover_00642,6,-0.05237810364142351,0.29775798772320605,0.248986612666737,-0.10984080397721621,-27.112871388912623,9.75909619568236,-17.719501714060936,9.189370128869504,-0.12807600076349673,0.026912585255645424,0.015059897350886439,-0.43708674692445193,-0.9300867319587678,-6.416353292332592,-5.687896595061105,-5.110465805383337,0.04015151709102319,-0.016030298199230436,-0.010720170308630183,0.13084228401318232,0.32251933819385314,1.5495587745391746,1.4434177164313702,1.2668356546281434,-0.0029938169569705703,0.001405635566422433,0.0010914849587763205,-0.010313328543696723,-0.030445452083079496,-0.10408319233567342,-0.1035745746231249,-0.08639341322562116,0.8231982292063282,0.629934503904546,0.3236736920613681,0.8712771090222398,0.3840140521413907,0.596190882952952,0.34861029507612085,0.34235569338457217
worldcover_00643,worldcover_00643,6,-0.46616664367601923,0.7695374127590293,0.7896377751321502,-0.019547764211893054,-6.519982777508605,2.7103701130908786,-2.086263777006087,4.39052848549838,0.12452939120781839,0.037521818800578165,0.037257596377342744,-0.012034012108213353,-3.976041302324212,1.532206137323665,-2.093511841528189,1.9788913636550767,-0.03745802383448698,0.0004961328072980914,-0.0036573507440039645,-0.002268855415639434,-1.408304982026245,-0.31691207940596483,-1.6781451644544307,-0.5198554008024298,0.002765395116396746,-0.00088052888109226,-0.00028811380116625475,0.0005709672760632315,0.2619067448815748,0.023992284028641134,0.2694181735230305,0.043931583263683203,0.06502889579578675,0.5536554779464253,0.40564510361273676,0.7579424849655181,0.9617923385166368,0.2381068847852279,0.9450514465010813,0.3056984672716654
worldcover_00644,worldcover_00644,6,-0.41212521630829474,0.7263738693613,0.7470668093724686,-0.03839957002889038,-15.266152827231515,3.9176673279548964,-9.349445242019415,5.942326265074496,0.05132196304431862,0.19235140250788704,0.1818099549365417,-0.03088144921061993,-7.2770455406156636,-2.5302835723342745,-10.455221169109981,-2.9438656703516197,-0.007437233524491999,-0.07121848531099606,-0.07339055262086705,0.014189264974939823,1.89398752382008,1.226137640426966,3.4007352845434737,1.313241787083082,0.001681635638388405,0.0064677642752425735,0.007010535007775434,-0.0016093305359133525,-0.1256422081217338,-0.123219928587085,-0.2765762707798244,-0.12712755798529593,0.8456778416277748,0.45455828785632457,0.45053845029515494,0.7100015119285572,0.5775076546680622,0.7376774959457373,0.6675084488155278,0.7642935804956936
worldcover_00645,worldcover_00645,6,0.41277406915397125,0.6774182879563565,0.6834195616344632,-0.010707147165455943,-14.918001444068356,2.563292783491856,-10.39739494664608,4.324213349425213,-1.4999606017545448,0.48332162727675493,0.5314572107726824,-0.07773904321301284,-7.669180347438174,2.4132904312511867,-5.224341246950704,2.4010644765037505,0.5064991085791554,-0.23899337646926333,-0.269199317542924,0.030407567585120903,2.081625042362813,-0.5369303022439262,1.5329370338456079,-0.5035968687824743,-0.04352874281930018,0.02420136086040672,0.027449255395266697,-0.002748105425688649,-0.14456063677974937,0.02893674780823919,-0.11501403755425103,0.024573176466887853,0.8014213262447278,0.865920220042319,0.8693394160019476,0.7526862010286443,0.685194144084846,0.8723451124334709,0.5573742947910298,0.915538132457085
worldcover_00646,worldcover_00646,6,0.021835805994671432,0.2441322478381068,0.1367417734088092,0.03878405204776568,-26.214286942047693,8.821225310679107,-17.547054654565486,9.468511174150827,0.02909565277263744,-0.02586162456917368,-0.05207977929828841,0.03968726020188089,0.04760781867056874,-0.7918369418400893,0.3103041064094396,-0.5270781523339236,-0.007253375632797263,0.007988459603997985,0.007797266860231392,-0.011508171555477337,0.2698984829234369,-0.15608035072061466,-0.06708151446290682,-0.11001771908621277,0.0002914537349749416,-0.0013754376483083907,-0.0008778314143207523,0.0004065086114963536,-0.036171454811230186,0.032547667851859,0.006618034560121094,0.02311914106926387,0.6581842936939368,0.779053454391998,0.8014244840068558,0.7297111211460325,0.5913924169978584,0.7058013387003809,0.15161963796251798,0.692146064602416
worldcover_00647,worldcover_00647,6,-0.1410008508418512,0.6922546137462963,0.7033966770677855,-0.0174306670316693,-19.1912043825075,1.909102445855145,-18.67816252787755,2.677254902403275,-0.10823318317250634,0.12815037014938527,0.11433755665544497,-0.026979085523635097,-1.1930857604526608,-1.0956717128619415,-0.022925789268986373,-1.7662404767388769,0.02030521764319012,-0.0225903177029127,-0.019762999438620324,0.003350315794945396,-0.4392003043218543,0.712601492775551,-0.06687463407863273,1.1479300062867104,-0.0006227490148300244,0.0007429737033266083,0.0005964204819515578,6.624954667958454e-05,0.0806246320386096,-0.08114847956831137,0.006172866826889213,-0.13082830053995137,0.6971807739771607,0.8157688824819258,0.779285711332145,0.7996348367927522,0.7878205299971535,0.7876318232388928,0.40272632479418813,0.8677937771627162
worldcover_00648,worldcover_00648,6,-0.2558974840715646,0.731416006882985,0.7484575139753742,-0.011905360148485918,-6.3235237846206696,3.083461610829768,-1.7085440183186944,4.792604385207051,-0.23241348695809477,0.05590834220250457,0.034551027748319994,-0.04531155082411933,-6.547324866119515,-0.605071702265,-6.638841047664879,-0.5380450620117206,0.033150958904871165,0.00515172595069521,0.010321456632572798,0.010234610397304129,-0.31988770823300133,0.4317115501227357,0.0037246864126398464,0.45307977621715595,0.00038380242389861937,-0.00194243590037028,-0.0023475168931363765,-0.0006842071171661796,0.16637955117109282,-0.04933602788829989,0.12254144203655581,-0.05381720158210066,0.5337277568269423,0.8722555974795554,0.8641817912915487,0.6942325534185414,0.8807778093407551,0.7313367865066696,0.8856807548933873,0.7544225050749875
worldcover_00649,worldcover_00649,6,-0.30678809089754616,0.6503018727808312,0.6559539870782363,-0.01819634677447172,-11.150608492822949,2.119197064106288,-7.744110434695659,3.3909859128338113,-0.11656874274386003,0.6118374314927832,0.591213203907483,-0.06942439996193889,-12.831769802013499,3.9258851156024805,-8.38288763135182,4.212053358689914,0.07099434832736785,-0.30397310641743325,-0.29862191699025886,0.02766030661114666,4.0620649403499725,-0.9278840875770161,2.9837887577198208,-1.0369883676642444,-0.007126905236256961,0.030921803429873263,0.030559517631326007,-0.002521616353822698,-0.342259600898407,0.06630486775746235,-0.26542379846861713,0.07699404094895063,0.7754605246949512,0.879062569267385,0.8838314990562943,0.9252937125680886,0.8626080965256688,0.7606519596232494,0.7691672042526336,0.8835631549686519
worldcover_00650,worldcover_00650,6,-0.16122419166792457,0.7464527298103678,0.7531476589766414,-0.013539797090219814,-11.03286902306432,1.8077437193193362,-7.877299890573133,2.458460777882723,-0.27379686930024916,0.06464927135005795,0.06123637609065527,-0.044314477459660474,-4.449038873307562,0.03986024357847602,-4.653548709287837,0.4627661022661091,0.09165229672349373,0.003885933524602524,0.0029237640626502727,0.011275600269033643,-0.08932522889394483,0.216848255310799,0.31059423724062246,0.21650652703822382,-0.007224601214831406,-0.00185359999386952,-0.0016521286181729248,-0.0007432035001164117,0.09253176159318574,-0.02986879953147256,0.04066426996926459,-0.03716635425568037,0.7028774304667088,0.8608650455451765,0.846388686292227,0.724699699591365,0.8940381665452553,0.4540056750782945,0.8954309906469194,0.5469910473361864
worldcover_00651,worldcover_00651,6,-0.1726260456189701,0.6815108539480152,0.682561949347005,-0.01253648491745658,-7.321345789390089,1.854596378678614,-4.270216314545947,3.22251625682554,-0.06901004764835879,0.12749375142748387,0.12377448261730212,-0.05156778541230947,-8.174100947758376,1.2610783061237958,-5.077592719498373,1.563727512849544,-0.010043553210085992,-0.026785591915572386,-0.027076943547694608,0.01721058183579471,0.6097290191499747,0.04275535612396974,0.043177667548377555,-0.057173546934731465,0.003797264914033915,0.0015546130110519146,0.0017041655802967504,-0.0015920505416814694,0.06771902072475304,-0.02772216915549012,0.09124989616996447,-0.018705631352315184,0.5170017348843958,0.8082676973716063,0.8264951075679118,0.4938822082123515,0.9150169123095834,0.5543011280540016,0.8720152852373004,0.6686768175002314
worldcover_00652,worldcover_00652,6,-0.053554565824906,0.5100134514046448,0.5115909872181498,-0.016930921038499924,-7.131154808856532,8.8538042109549,1.9039661032869746,9.00171095879016,-0.022972908895096927,0.19879816422268345,0.1926338177706501,-0.023798053215686395,-0.6520610926579664,6.938666251370328,1.3955321703003725,2.851655940135311,0.015959390612311306,-0.13803224473611064,-0.14307964651228525,0.012297181421648925,0.2977270894196184,-1.7301421200110154,-0.1339015337562593,-0.7244272040570374,-0.0017792668037180204,0.015269728001169464,0.016054616168592908,-0.0013523885081851404,-0.02785177099410094,0.1217989878627486,-0.00043040657426387136,0.05297123474661547,0.8195530414421218,0.7534401721590668,0.7796880859114063,0.7879891822102734,0.24715548882205263,0.4313586197838727,0.7144634268758393,0.5414289346388033
worldcover_00653,worldcover_00653,6,-0.14266657473857658,0.7827660992290035,0.7917398142092156,-0.03690619515537313,-9.781706150882606,2.280854727128757,-7.481231366259361,3.597957245986793,0.1685297427614261,-0.004744995208013472,-0.0079296862795237,-0.008992306392876378,-0.2338062739222707,-0.5215357424930717,-0.8751698942196258,-0.737149579361902,-0.08903710955413716,0.003031095320528132,6.904049869213345e-05,0.00436034757095627,-0.8738204061903115,0.418088724803036,-0.1873418739044421,0.5630927384678132,0.010929322333156865,-0.00021794844757426382,0.00026510204329636055,-0.0005214288783720652,0.12102196645693428,-0.04753481198479019,0.04131189924062317,-0.06253182469914294,0.7505926258768321,0.17705178248692344,0.19539453625194836,0.48862897874197286,0.7178575618177004,0.5960140726816927,0.2622586922348332,0.6640714805134296
worldcover_00654,worldcover_00654,6,-0.21918324120434998,0.6721787384118572,0.6965697326443444,-0.013721923176269869,-6.47957912477409,4.235035100598713,-0.697775742240946,6.165018299024323,-0.23522030267436075,0.6501636116262784,0.6295066857858277,-0.044003191422061126,-13.519106686378922,-1.6215503394907775,-13.309880763114663,-0.5551566495152633,0.11699565418101524,-0.3355165650197237,-0.3286296242436797,0.015892973969220774,4.148175827005798,1.4496044690617682,4.634548263731694,0.7142207513457657,-0.012240598166371441,0.03473837104052151,0.03418353395630609,-0.0014088442011129544,-0.3341363196966777,-0.16780329730870291,-0.40162692948263146,-0.08552179650317826,0.7203001917878136,0.8820741053409444,0.8900950096287905,0.4318758782445037,0.572630623143689,0.8277034436292818,0.636242300546452,0.8772873823172926
worldcover_00655,worldcover_00655,6,-0.10753745184435658,0.6835012249648569,0.6927358948653843,-0.022018919106234162,-7.768367893754834,7.627003420729836,0.9201075112215145,8.809485365283955,0.13606135433012853,-0.22809539342092133,-0.2731730812709659,0.03818941545037051,-1.2273039136936141,3.063659348582777,-0.7426358048224835,1.5633899283323052,-0.031685294854105324,0.0012600332321154898,0.01132415151838366,-0.001662862227092706,0.3825212602711225,-1.1828526065831109,0.33755268167809915,-0.6149039505522133,0.0021697318361551246,0.0025959950354364296,0.0019480441003153696,-0.00032232433200033047,-0.03146865861751152,0.1060665557027135,-0.03532257124031938,0.05555724403664767,0.7795590841782367,0.9506747099869719,0.9531464092036948,0.8447019820015825,0.2551712551515881,0.5793736434912284,0.576694686529075,0.5759610232836629
worldcover_00656,worldcover_00656,6,-0.23181034559658856,0.7312464623740226,0.7344705579858835,-0.017573291210062784,-2.8126800700741628,0.9739197525723382,-1.4054548603246184,1.3840189604126523,0.0558737121860359,0.07598420173402806,0.08265226937475667,-0.049997925255742974,-6.542015054562309,1.5838578436384931,-3.3961322992658327,2.8707937090669255,-0.08491277149327957,-0.012094984967987261,-0.018541598216795886,0.018839778072196597,-0.6372414612911176,0.33416254990888394,-0.9099563178543784,-0.15450558720533683,0.013844900986848077,0.0002870743322854108,0.001187973853313569,-0.0019558264187188997,0.19025847765490586,-0.07465429598849876,0.1772662240188784,-0.025207914919437,0.9333655070493254,0.49274062318834255,0.32730747608878397,0.48419070471626835,0.9184268129391775,0.6545130330026494,0.8130868922580741,0.9003579562925885
worldcover_00657,worldcover_00657,6,-0.24061777329611791,0.6977930990132418,0.7028918663660688,-0.023323169768308095,-16.36832111150387,2.447368236720207,-13.6441440876538,3.705791762262288,-0.03841260659895068,0.17660444076099086,0.18339224325285938,0.0008397580582706745,-6.228811070402607,0.980893878937509,-2.7820450524056803,1.799671977367389,0.029074457318008954,-0.04862662098366464,-0.0537322064240772,-0.006198698624533083,1.1519600167373651,0.6545978962424486,0.85868561664313,0.20752032283369984,-0.003261755484889306,0.0033066111682641436,0.0038594934675428524,0.0008283226675532666,-0.04222573851736223,-0.11305172883604776,-0.06525473761615372,-0.06420844414065952,0.36401605277511284,0.8370870451591835,0.8596325567346479,0.594860871017743,0.91417155390087,0.9369421703236656,0.40380605057132235,0.931192654827533
worldcover_00658,worldcover_00658,6,-0.0629644867683654,0.6749728809703455,0.6540441363485456,0.020968503967831058,-26.59236585755043,9.834780164474177,-16.983867530012063,9.848286892301738,0.21649722634731405,-0.6065790005146489,-0.7196535544455147,0.26857932330301343,-0.2493745235259838,-2.0734720644456788,-0.8198718406674311,-0.8594340227879036,-0.020411911977679494,0.2200785444089856,0.24087884835798037,-0.03786735548698285,0.4907600165450508,0.2725562913569117,0.4183261265456785,0.02248085899885856,-0.0006115900978971456,-0.02049915342017855,-0.021693749026385954,0.0010703087624425868,-0.05734089804672578,-0.00551710626189663,-0.03860193978777817,0.009644613063833057,0.8464639452386713,0.881936857977707,0.894989002879236,0.8609850827724455,0.652517501777756,0.681365324967349,0.6041243189233898,0.6196809005121184
worldcover_00659,worldcover_00659,6,-0.29977850334538764,0.7197301315538808,0.7279465830687323,-0.006160550355685927,-10.009322633492564,3.7491485855542304,-5.667927729139776,5.8322497039801,-0.6399136084712271,0.15017035296038966,0.15721441166741462,-0.08889463223842109,-6.341289841687132,-2.136987446624163,-8.17150430988485,-3.3598268824403874,0.2200411709410118,-0.04198114232067422,-0.04918237733634514,0.037430540255363486,0.133898215440936,0.7385021665716714,0.948891600362142,1.1450596356547593,-0.0172814999382963,0.0033821136963487902,0.004345930886991096,-0.004035220363864082,0.1005071775753227,-0.06368860224019776,0.020326858689216337,-0.09762568608170896,0.6206881950462709,0.572493901111996,0.613553871564611,0.8304492459237051,0.8958783742861782,0.8364649377431943,0.8531966942221035,0.7857810761911637
worldcover_00660,worldcover_00660,6,0.09220585333722263,0.7993293133648953,0.812697826009808,-0.03253228149630804,-12.901461857305904,3.9005538376925917,-6.522962803833523,6.015966598750053,-0.28255713007315514,0.02176089490216895,0.015369665055047884,0.0016063689180309613,-4.997343374328443,3.3091458894593804,-3.0556325545942493,2.193361851363896,0.019878363061759424,0.001789627911208442,0.003692258294526645,-0.005250173653133247,0.7720323923568891,-0.8258747617499816,0.301338163767479,-0.5121116097294783,0.0037805446457227342,-0.0006916352895775147,-0.0008042143149809432,0.0006798797691560761,-0.012138603581203862,0.050637942040908906,0.01512957766825652,0.028411006776461363,0.6997605382481851,0.5969130772765683,0.5956497414251306,0.6384026607063864,0.773516315003676,0.45207822709519463,0.6680791848137437,0.4901280051740353
worldcover_00661,worldcover_00661,6,-0.35975250292365024,0.6767909581010996,0.6711088500239631,-0.021850439945631052,-13.632569208859296,2.109625257965885,-10.15694565849027,3.4933710316414417,0.4544868813472696,0.1360247300730808,0.12817185762382677,-0.028448665071101296,-2.176602630366279,0.8819176312201665,-1.1020051796134998,0.937227706803874,-0.1558351800396367,-0.03646879633525744,-0.034006503753331814,0.008652109870469382,-0.8046794912056747,-0.15071492222623506,-0.9801036709596971,-0.13085432004557968,0.014642829598598,0.002906391265416381,0.0027266754345460368,-0.0007684728920911274,0.1508321796041187,0.006882670208198981,0.15870202305931452,0.0042387416910747875,0.14029212524287282,0.3895149712958249,0.3719240396209085,0.3897411808109946,0.7753549133074144,0.22844166248684095,0.8533932083321456,0.26141978574347824
worldcover_00662,worldcover_00662,6,0.019307884058032063,0.1471882719885211,0.05023042317903046,0.06571026541518418,-22.549364222005504,6.213296588058864,-15.13561728916022,8.041911260970535,-0.02438455956670793,-0.09769998792381468,-0.24402358396522003,0.04526252704598631,1.805705855695565,7.350432059094801,5.171850822863946,3.4417065145622745,0.035527329361373275,0.07902782305559036,0.1118250743594842,0.05191078902226244,-0.03811278020036016,-2.5970854744431136,-1.1648168702376698,-1.2174056220241696,-0.004359532640624031,-0.00944881457270998,-0.011576457130793255,-0.007486246488612109,-0.024071151545972988,0.23392421432703756,0.07680267131560155,0.11013639550470503,0.9409559383096716,0.827353759929311,0.806742263311422,0.960318447182994,0.8987529762264471,0.7785716342308152,0.9008797303800332,0.7679303539266193
worldcover_00663,worldcover_00663,6,-0.37226184989466266,0.7087656342436376,0.7108861165064772,-0.011973176744174214,-16.055021980378967,3.102477118820876,-9.608312675983283,6.355246571361696,-0.10014017797738638,0.5678630841065581,0.5726826418309431,-0.08016865123211123,-12.217966811508338,10.115883389704361,-8.120187494033223,4.577100739569456,0.07414747369856547,-0.30482936504869385,-0.3078455420178698,0.032939193088932145,4.702987016735259,-3.265751615334298,3.3241689090260564,-1.6080655444692946,-0.007819291843692152,0.031962409033274644,0.03229855643491249,-0.0030876556364349004,-0.4343201614635639,0.2772452273671303,-0.3146188849774667,0.1463779069543421,0.6846642270122937,0.9009722342448708,0.9049828267917684,0.8358245321451376,0.8318366781627703,0.23284239828017916,0.7530059504567823,0.3306617765655706
worldcover_00664,worldcover_00664,6,-0.24639604147611885,0.6820658418265256,0.6942963473724593,-0.017692885728496505,-2.773582255647604,3.5848364358260736,2.1921265612539327,5.816165254395684,-0.015239769478100558,0.12488845629351455,0.13599572839244958,-0.015069326282375353,2.265251348729613,-1.598799146094568,1.870599475450308,-0.945369876161756,-0.0089479295180258,-0.03075631517610508,-0.03668225933979087,0.003294458977668436,-2.8423468899660813,1.957965796323268,-1.994725343755893,1.0424920783997218,0.0015845483311562175,0.0021666929577336207,0.002835995169601061,-0.00021846350188357594,0.357667978961911,-0.25315399987256887,0.2453616337966398,-0.13290122365626364,0.07304558160773966,0.774213633506528,0.7760031634717752,0.6243003671784177,0.7694059781071828,0.5076592192723342,0.5644397242382331,0.5546462463755149
worldcover_00665,worldcover_00665,6,-0.19288152192603655,0.718852821398865,0.7195182510679874,-0.01990367587881558,-7.360834260244488,4.060004446698797,-1.1877454490392887,6.1279312917781565,0.1266734523544936,-0.0968592650597061,-0.16423737586638595,0.01729171384599003,-0.1328993848381592,0.384356758443174,0.205643264444756,0.24886762368957557,-0.019361597248384425,-0.04451967419419448,-0.04841723874638656,0.00047420617898530403,-0.42119634686722796,0.055830867872274696,-0.4464055577343991,0.08133393283613638,0.000819632994958722,0.008064708512539815,0.009744000771656774,-0.00033891895513116075,0.06346268677684261,-0.017201809016443727,0.05822906516672675,-0.01817253018225094,0.8614522506171489,0.8998088508168345,0.9120399528683579,0.8160691539904998,0.9559375075947052,0.43023923483073157,0.7649572861110744,0.43108514649642615
worldcover_00666,worldcover_00666,6,-0.07842749507888631,0.44105394500674594,0.3397091254591943,-0.2327481379563156,-24.756847682119684,10.806066688138115,-15.85977033802822,10.342158559496891,-0.04315650042208125,-0.02667052292871095,0.03665755777841523,-0.053602428485950405,-0.7503855013542208,-3.1470232016040343,-0.17705955951888033,-1.4325240129911196,0.016537835632845714,-0.009505482688868739,-0.030265041139154267,0.02260819051688908,0.5304812527618324,1.019602499186568,0.4038004208665297,0.46853464836467046,-0.001473273544404659,0.0010624462832706186,0.0029526036232709976,-0.0028738134512395802,-0.06296689906602354,-0.10158862771329441,-0.06453267265801953,-0.0499849178623227,0.32525459279906666,0.6384059468439454,0.5691362687951782,0.2654252469660754,0.49929391441231186,0.5926103080791782,0.6581754859847868,0.6456184351013827
worldcover_00667,worldcover_00667,6,-0.1369707519170747,0.3007293842507116,0.25794187775163807,-0.20940074917267743,-26.425107321707642,3.7294607064411265,-20.76946681093262,5.7071545311205,0.029980245009548382,-0.5475571403383362,-0.5115638314376731,-0.3663190826699716,-1.3235189132812553,1.0565004904271915,-0.9416108973966699,0.5246151074426304,-0.0023165806943576217,0.14253819358406053,0.1359898488065506,0.12517178619030464,0.4150215760398629,-0.5846369770831251,0.03523553795656072,-0.4615769010911914,0.00013189779329275588,-0.012304639431995995,-0.012032561474526741,-0.010068528151910998,-0.03417834846956436,0.06503789639679584,0.014591760010103628,0.05693875096981555,0.9106541991975375,0.9002766908508077,0.891326344074231,0.9449614704538538,0.6049779729739491,0.22853034764125701,0.2556031743431305,0.16428095520528285
worldcover_00668,worldcover_00668,6,0.09999152302872837,0.7297127343940021,0.7327337989752951,-0.016051116371245344,-12.737607925307762,3.475861360017435,-6.921924544905244,5.523914922838987,-0.16034667540135036,0.26342015352750536,0.2746301168605442,-0.06131315868466124,-7.245658882433993,1.2292096709106026,-6.691242321808006,0.8393724518268274,0.011529441846796665,-0.15132628332871895,-0.1591249499389362,0.02567297424838846,1.8627699795223458,-0.0823275248226246,1.9027024656889961,0.02223302587334534,0.0019635065298475906,0.016459390483420325,0.01745585359708229,-0.0025962444182221923,-0.12086754699214096,-0.013285591810225216,-0.13778923015880276,-0.020332739010453012,0.2825997395533365,0.5674387075603584,0.582007608397934,0.6668523836962428,0.5383337964853308,0.5920105560548299,0.5131357565079735,0.5709527746101464
worldcover_00669,worldcover_00669,6,-0.0748170961756889,0.16159998693249453,0.1422029287751877,-0.17398342512773854,-25.650301495345527,9.15937900306066,-16.658152279805787,9.001283602387138,-0.15004142802921694,0.05356123416669765,-0.0056374132160156454,-0.39104895654415217,-1.819285258100997,-5.330277631958864,-5.193414691076646,-4.185819671143311,0.04375891169416553,-0.021780996127820088,-0.0015299279621733834,0.11174206980766128,0.4172399671126685,1.0852593704387388,0.9424954096544469,0.8368116667101736,-0.002963686806197932,0.0021244764629036483,0.00043205887718935346,-0.008190092978754409,-0.029443350688103078,-0.053696790496662324,-0.03968327318725527,-0.03860369644185987,0.7301747991026648,0.05769260025770462,0.046074608579282916,0.7934572388207589,0.45791000567102214,0.6994197007992615,0.5905360822639147,0.5366323362859307
worldcover_00670,worldcover_00670,6,-0.08287673211802246,0.26267369791413814,0.23938463786334782,-0.2785463026075647,-27.7046286209559,4.129959017763175,-21.83388706650843,5.61087047128902,-0.03651603308044425,0.1440038396607311,0.1636697234112823,0.01606989805660479,0.3275682116421653,2.488879151365812,3.2401430219832457,3.065393578293619,0.009302689990951742,-0.08905067313381856,-0.10788543113745194,-0.04732723266402346,-0.09825928761691093,-1.0183682338890452,-1.281655673041454,-1.212708983068626,-0.0005648182135545342,0.008417636287784339,0.010751757258078969,0.0057285586842382675,0.010905186065792554,0.09433285597746263,0.12151595616833225,0.11149339288158787,0.8237057352984412,0.7425103777255603,0.7541068455762916,0.6739114745750525,0.4096782746607932,0.8597355418699388,0.8609200730882367,0.8197593022252618
worldcover_00671,worldcover_00671,6,-0.1070332608879695,0.7044581861206979,0.7185861359943044,-0.011814621446484973,-11.718945676572627,3.399696343889706,-7.174229235566943,5.26317608368909,-0.460637175881691,0.13352795252724278,0.13718170353344505,-0.039514298750353595,-3.695872882337097,-0.3330274026020258,-2.356455634489375,-0.15566493537840764,0.15773090666149522,-0.035550678253689905,-0.03993150398328713,0.00986807594616044,0.623792180599198,0.3010726840722404,0.2875172509070569,0.23294156845120684,-0.013677088345990254,0.002648797149610045,0.0032125792720101177,-0.000651135603248168,-0.019050853068437876,-0.03321986269944683,0.008400172507663707,-0.026541765163735437,0.6286937324788758,0.4628921139633255,0.4815187191344066,0.6859762696735267,0.8982528227436991,0.5590493863395214,0.7333968476882875,0.5994693122072831
worldcover_00672,worldcover_00672,6,-0.0802130813459245,0.7348732352256776,0.7532708753239026,-0.011826579374345995,-17.550641535605017,7.644732355787704,-9.0834667283577,8.683563856605392,-0.35973999045409516,0.1168364532410151,0.11900749305884048,-0.048037740889759165,-3.1598447842857014,-3.2237856800139957,-3.0397815178320133,-1.293786113170041,0.10404640363024557,-0.033637583255767864,-0.03893837455289199,0.011534704090987035,-0.06366405397167497,1.5380255405620262,-0.13590828929950793,0.6117735545792962,-0.007972381577238908,0.0026584830549028263,0.0033800321998018333,-0.0006998072547668743,0.07243704641802545,-0.1503841822967292,0.08142419545373966,-0.05885453380266926,0.36573325121691613,0.29822878181405243,0.26354778987680727,0.7307331082118569,0.8473068446447364,0.4521156178974045,0.878845434420885,0.37662953858860515
worldcover_00673,worldcover_00673,6,-0.06922303135205551,0.2773465002802288,0.30520505283140775,-0.15760085167306834,-24.98948701070039,7.165711767269874,-16.18708068418792,8.61402030818499,-0.03710968346805957,0.08213764013692951,0.0252123649734708,-0.11431360871545848,-2.0506546890686153,3.162424490490985,-1.238983523080565,0.9453470167933273,0.0086006185097215,-0.06490646165622264,-0.05040817463657628,0.00036207618780465065,0.6642481710380355,-1.2740894560652698,0.2590187603606902,-0.4568236626550435,-0.0004991645469126012,0.00665135005244403,0.00562225760083007,0.0015261551045408178,-0.06296726876796546,0.12582861429160846,-0.018974094049612488,0.04767992172757164,0.567199866769082,0.6984944028457782,0.7186404448790413,0.915650073748465,0.6162726534691433,0.149799830706983,0.3760824271169806,0.10860484172744178
worldcover_00674,worldcover_00674,6,0.07771135767669864,0.17224561039245465,0.05119390842137902,0.14041769143306826,-18.68430363428092,6.64163799839427,-10.308197805250579,8.278627495834852,0.02930814513219657,0.012869137974959014,0.014220819475927782,0.08596909199915256,-0.14706248102790773,0.2841922132660288,-2.130956725045461,-0.39348859913717193,0.008980220411320353,0.04721017897903135,0.03884653265797631,0.013965399960031674,0.20445682028316978,0.044016240616173194,0.9630989881373805,0.2120457844449029,-0.001598857821042631,-0.0064165114302827805,-0.005368516039611265,-0.0030399976730948667,-0.02802253380622456,-0.01131852091218186,-0.09625934130951198,-0.022323648825813672,0.7321221561320922,0.9197411452325303,0.9123395333884066,0.8149625876364324,0.35695998466446743,0.032040749452478146,0.5326232310406559,0.042771289787085
worldcover_00675,worldcover_00675,6,-0.2607444644054849,0.7468638061122471,0.7541188922795397,-0.021980381147428115,-15.44908277698684,3.6253129062037286,-9.947911422444458,5.919072592102278,-0.3879080464950788,0.3208515399268679,0.3254136803840819,-0.03594354867550811,-6.384831013240132,4.946054902022563,-4.9780013263614435,3.464535131092858,0.183355063519151,-0.1974269990523008,-0.20474426053238606,0.012668969133844596,2.1140622669638796,-1.6162615589320775,1.8487465276941837,-1.1208474997845044,-0.018619187635746593,0.021711854489915288,0.022673400777457928,-0.0010956769310540005,-0.17794871364515996,0.14077083119895242,-0.15999101715806827,0.09723981063240456,0.890532815836023,0.9692923813950106,0.9727587780747384,0.8103773866587738,0.7216995672574145,0.7591296405088542,0.7188602150716794,0.815635169076449
worldcover_00676,worldcover_00676,6,-0.5170914218926147,0.6580485593188907,0.6748290621873121,-0.034246168240453435,-16.410514422485704,4.0832940431208335,-10.466250611975417,6.2248043326304945,0.036635334848031546,0.451868225302959,0.4416695299839199,-0.033604107102349436,-8.133676375100396,1.5767827917336557,-6.700467712407862,1.068090256596714,0.048597392881420294,-0.21758946458692116,-0.21668972010478277,0.017140039234740605,2.556245812319405,-0.3762453169990965,2.2292107591949093,-0.23116864016404867,-0.007322654274945837,0.02225800381615906,0.022292692026104576,-0.0018559034838519885,-0.20708627403541593,0.030053240098588414,-0.18070538368215422,0.017483626800834717,0.670949202746745,0.8671907840141244,0.8679920879868432,0.60516708934737,0.54307603439259,0.4882339490226464,0.6347913323019836,0.5204750451522921
worldcover_00677,worldcover_00677,6,-0.16185575679064257,0.7102332657033751,0.7192854691635486,-0.01692374979117605,-20.44340405828864,4.321683710113775,-12.41610297461561,6.3671987203871705,-0.294791730168631,0.2613563511579753,0.257018547446008,-0.02095861953964068,-6.73025623482641,-1.5652539384116313,-8.241444677475139,-1.729428367859173,0.11987520868536082,-0.11166479803008955,-0.11585177036074838,0.00010410488433973088,2.0972042162077242,0.7321550389250934,2.6022367742570465,0.7498895147799397,-0.011270391205000828,0.01087721429689967,0.011537724221595606,0.00039847304273133474,-0.1661648889926466,-0.07000897600236056,-0.2094609945933144,-0.06948616018273565,0.7978406638591367,0.5950471167537827,0.6286567584523699,0.7202320898867836,0.952232286141086,0.5427762723560992,0.5945400230013755,0.6349118342469526
worldcover_00678,worldcover_00678,6,-0.18326706212550828,0.6307420983459032,0.6587569399765064,-0.008089406867370676,-11.428959038146456,6.802572114899087,-3.2306028839571432,8.224582901307553,-0.3596754160207363,0.6781126870995441,0.5989104952544889,-0.06468665700716246,-14.087778019719064,-4.01405293656589,-14.998182138372865,-2.0001580667148176,0.14652658419728432,-0.3031040885005928,-0.2691485448800891,0.023201007493247407,4.200397414968041,2.4049211423171886,5.016308044498503,1.184224387229575,-0.013450671036048729,0.02927795018662101,0.02606596005610138,-0.00199102890804748,-0.3162534383373927,-0.2641645467121906,-0.4159765094828217,-0.13025794558561668,0.7513575589487173,0.6841166373239733,0.6678281189563338,0.588901161664648,0.9024116077560735,0.9177019937951472,0.9187327994160451,0.9251461238559862
worldcover_00679,worldcover_00679,6,-0.24503230897639405,0.7797834132656911,0.7861764756116002,-0.015906584251559202,-15.524243680456992,2.3726998298809696,-11.83905177556361,3.7870320190621474,-0.26932978651234346,0.10600303184418429,0.0995635130102671,-0.04647243708845162,-5.331911452490767,2.051101695525179,-3.8739394380144487,2.104838234669335,0.11123385539158649,-0.03277617789708171,-0.032245025877312664,0.011462626688472626,0.42205958525950527,0.00373034642419954,0.5283426596272778,-0.09016466633090524,-0.010426797526083725,0.0026866951675126004,0.0027666775265125323,-0.0007612295636926029,0.039920542763581174,-0.03949443616388781,-0.001160365874095219,-0.025964273227854294,0.7798635522933475,0.6884971053099924,0.686175260538971,0.7324072183285489,0.8850328506965831,0.4805812762181114,0.8090835596239385,0.6475146941342025
worldcover_00680,worldcover_00680,6,-0.18452410350200538,0.6537661850452449,0.6623947062444999,-0.013044488588066089,-11.520780562921269,4.236904531456089,-5.628398079551927,6.74590099249227,-0.3883913273156909,0.6340927372257836,0.6719226273523224,-0.06940410804328671,-7.740863890985727,5.406127224739795,-2.225955015664105,2.811043116270103,0.1507930339125228,-0.31018608790777924,-0.33891356406981266,0.026722851359523216,2.3849803599037585,-1.191163712490409,0.7869328998089756,-0.6125688597898902,-0.013397704681778424,0.031631348861588346,0.0348939447313302,-0.002404578258236394,-0.19110537969916067,0.06513719838185607,-0.06602138334268531,0.03372472010457434,0.5116541452042931,0.8422246976574436,0.8416941786835709,0.5621903958924708,0.372904616391336,0.735767805869707,0.07647781670349196,0.782254832031903
worldcover_00681,worldcover_00681,6,-0.08250461898699872,0.7206158899899687,0.7293488572944298,-0.04296762326901621,-21.28993130449938,1.716284671393074,-20.34976090507107,2.127645805608261,-0.5413713177077267,0.1737215008054454,0.1446257505625007,-0.06815923120649052,-0.794193992602608,-0.21409025963124292,0.6709024027012764,0.07033827891341127,0.1772338440360266,-0.04098537144980894,-0.030235599387775612,0.026373517929346443,-0.21381773779541702,0.21389259889828122,-0.5260207394696612,0.25091713263121457,-0.014560708444056374,0.002694624391469084,0.0016976659647141925,-0.0027542707482070567,0.03896031623508819,-0.024706932308193628,0.05830460542081253,-0.034083796214535084,0.9463433382533871,0.792354733638001,0.8819878927982195,0.8293695022228491,0.40316587163513007,0.4373116573314324,0.17385902989260438,0.48326353661553134
worldcover_00682,worldcover_00682,6,-0.024468732019506237,-0.2192464931585803,-0.2998588347073763,-0.09003656770977556,-17.961034206436544,9.960767236625271,-8.105112984743753,9.909025322806505,-0.043479532705914294,-0.022207753257899775,-0.028341455296391378,-0.051595644578189874,0.557608069800318,0.8026076662495176,1.4412285823356612,0.5264231774021146,0.012867931110280537,0.08920692083187959,0.0792102963377388,0.02164739034505508,0.29103466872506256,-0.6592335056694364,-0.21595059644551376,-0.39958902712872224,-0.0009020497484237277,-0.012326646682034932,-0.010960066295934462,-0.0018069252743376375,-0.053645083166360207,0.0793373420280684,0.0018160642809761135,0.04726910878739503,0.33491144174152465,0.8107041273549649,0.7349839533159044,0.3752295778958371,0.8568605834310433,0.4872332333082927,0.7450387685370597,0.668233950882587
worldcover_00683,worldcover_00683,6,-0.8005237697697531,0.68594339489937,0.6891953850334359,-0.002833925079991985,-11.096051507871264,2.782931998481401,-5.550262976602136,4.577936785193678,0.17084050934164233,0.4083633343910864,0.4282130644331471,-0.06681132797634064,-4.9784152786262625,0.8859957814181136,-6.391654640287909,0.8411187741187587,0.009990555170351864,-0.23061501106158558,-0.24569400260527274,0.025998880673205875,1.2913328301982265,-0.2556500735110416,1.8967322702025,-0.25746688709453475,-0.0026414284123802366,0.02463109325617549,0.026397224668545077,-0.0023453604354113865,-0.08785463492521997,0.021539889147731858,-0.1485715721467613,0.02325482552186263,0.6825963601681053,0.7996983900707371,0.7946866586004668,0.7716104482068937,0.3699323647669833,0.10855250957800788,0.6174336959146018,0.11544955866218487
worldcover_00684,worldcover_00684,6,-0.9366884910644478,0.67191315239126,0.6832878734126235,-0.05002082703691539,-4.464651876229806,4.9312628784366,1.4717471188996778,6.014086920188512,0.6202502335779503,0.05653818803174161,0.06252919492267442,0.009289312176406413,0.5545601449658735,-0.7078035773855744,0.08517607419294657,-0.037487237365030436,-0.16398101618779348,-0.005321436243139852,-0.008869016905883742,0.00104950039014542,-1.2252298465547746,0.34996415427475647,-0.7904466139899904,0.17372758332396346,0.015049646729247522,-0.00027274498433777357,9.946434786825789e-05,-0.00038949628783897864,0.16760473523036298,-0.0397465101387588,0.11366260071306451,-0.025418266103512246,0.785464166843577,0.8201817019305735,0.8452374585792118,0.5439221498296709,0.7939246137738922,0.2369239492234635,0.778901471608492,0.2413972503344597
worldcover_00685,worldcover_00685,6,-0.18215617081711571,0.7808533139301068,0.7728633718057116,-0.01721862963203233,-19.388532596317162,5.242694993553551,-12.871749205181237,7.107607986949873,-0.07586845784881847,0.12299101468589557,0.16529953621682647,-0.022627301248056498,-1.723454070591425,-2.724672676732013,-2.4545764494239646,-2.413586062898695,0.0662086348611111,-0.0776967281612742,-0.10005379213399193,0.005142307261738802,0.4525774370762105,1.1205506733561237,0.9012088603060073,0.9838485403236195,-0.008961699195691971,0.008726534781732957,0.011124886346585839,-0.0003161685625937844,-0.0314205379955527,-0.1033745329418485,-0.07872196780726834,-0.0905764182613253,0.2885740049910387,0.3055697836454436,0.35471794590264316,0.18477558928437177,0.16460238538575978,0.8378324317766714,0.3783643794579591,0.8779131828336123
worldcover_00686,worldcover_00686,6,-0.22702170277170342,0.7821881193103203,0.7863975465297696,-0.019559288792537897,-23.122167802979032,1.1544526085104214,-22.282601967649036,0.6378437244375265,-0.0972292987278984,-0.01146603482110068,-0.017683758149071038,-0.01907000776439432,-2.910909594643733,0.4246882434390646,-1.1047179272124839,1.154804242077297,0.022483629758598956,0.028353243034123066,0.029453970137096514,0.0011614516107325192,0.7251468661959226,-0.07338374035137273,0.17994959714741068,-0.21208864229153096,-0.0012858543446969144,-0.0038910968737168503,-0.0039367510212792245,0.0002161153554540087,-0.04513979028276027,0.0029252360243384955,-0.0005786700460266457,0.01014448596712455,0.21686719474095484,0.9766856925317842,0.9739102400033881,0.9909717344912102,0.7229850601261395,0.34794913690767393,0.6624514657167935,0.3161060082248195
worldcover_00687,worldcover_00687,6,0.038764872392891135,0.16214719832394991,0.10233889068617882,0.04499457686236447,-16.50253296523058,3.901952639944152,-10.712381539318335,6.008864634053968,0.061242680878979855,-0.10194232132995348,-0.13739057973263682,0.1109357800127726,-0.6699783356333702,1.5979990092241418,0.9120397347627643,1.2567015808231623,-0.0039715719152177385,0.06568252604285411,0.06800462785318029,-0.019481496990242916,0.398371864287972,-0.6428518888835488,-0.15202363092769805,-0.49757308477112033,-0.0006353767019515812,-0.007802207827229383,-0.007589266249778286,0.000814388769518834,-0.04924818042243244,0.06899000386173398,0.004827277121815944,0.052801291904164854,0.3999301606436956,0.8762426677410073,0.8875607867368762,0.3204380237901304,0.8473530851654788,0.727154687907353,0.5497311447596263,0.6490422764596123
worldcover_00688,worldcover_00688,6,-0.09778077994333603,0.67681043437033,0.6850843402472412,-0.008561433462256822,-11.620631773840588,1.7185403178631877,-8.236897175053914,3.5383129404581144,-0.4523957704543812,0.1537190254718538,0.1410493006308873,-0.05141945600893981,-4.918353875791312,4.54508615117641,-1.74983110870205,3.9121489239859857,0.14925782247486857,-0.03241803867992387,-0.029190474903428753,0.015689468462810337,-0.23379718312171294,-0.5362000990308503,-0.5198255672150761,-0.6699900342370022,-0.012502240196475823,0.001608429834096122,0.0014268950079426661,-0.0012969352690634683,0.11900689609885647,-0.007575573880473816,0.10233764780934294,0.025850752643948944,0.624791082714648,0.8080297660865634,0.8039337917838238,0.6484635606777613,0.9149410342409464,0.6108543767696559,0.8762782418605717,0.7002294445010975
worldcover_00689,worldcover_00689,6,0.10355541276686338,0.7708839367736469,0.7931612838398325,-0.029057606264497274,3.9648941324185403,1.5668682048047038,6.621961980767599,3.6084591741928587,-0.3492126622584534,0.014092987255444566,0.017711011663315696,-0.0002775707888224781,-9.568033528754466,4.952975082648257,-4.435070076430966,3.7455595614632435,0.043698705351639264,0.005031816113046726,-0.0002693141693676364,-0.002865589764049819,0.683024480246191,-1.0818630307022046,-0.32107097616956437,-0.785796524190748,-0.0002502221375306898,-0.0009339651977172959,-0.0002513178671249265,0.000416406355045661,0.07798554295335662,0.06458272634154277,0.12592638592952074,0.04690929913204417,0.5610853585270598,0.640289688733735,0.36345718217187273,0.5505841238697895,0.8215044830132389,0.5275737945525887,0.6966020307416598,0.7479107545244366
worldcover_00690,worldcover_00690,6,0.05588679583347573,0.5118466724048969,0.5204862952232368,-0.03209502103202278,-19.508155592269574,2.0788451617505856,-16.65539186220959,3.023520567371166,0.10758306851396848,0.23821900217305986,0.21901618535556416,-0.01814593040635657,-3.0349203498216086,0.020156078876587435,-1.7394995498862393,0.22792581616032054,-0.08427281075254879,-0.07834103684146677,-0.07416553298632289,0.006637867056317139,0.4336880573813986,0.04543366552888683,0.05520904791299124,0.018156364445118773,0.010090608466562245,0.007042648214282413,0.00674972269270154,-0.0007129404317549985,-0.008606958607836234,-0.005923892572189264,0.02363348287112117,-0.005025971106066822,0.38564344743668577,0.7878948977843996,0.709911761268793,0.6658401013443633,0.6304055462230704,0.14206280239018454,0.5901167842033987,0.14693458459081588
worldcover_00691,worldcover_00691,6,-0.3654703423665082,0.665549515548984,0.6726185006625753,-0.0011836058093294495,-14.31596622702588,4.104236521238782,-8.662508566448912,6.101460778720432,-0.2009174301554145,0.7187468816067921,0.7451939766132603,-0.14550393980203333,-9.922231048883356,-0.22328447582017522,-10.979518195363458,-0.24058257513511488,0.1368505450997941,-0.3666433412783258,-0.38536062238342744,0.07346647107385051,3.0712288948122346,0.3592271314628702,3.7208890483451302,0.3305826891947397,-0.015379666123779591,0.03794181876524223,0.04000823113201838,-0.007586006446732106,-0.24610892761469924,-0.046141064068542195,-0.31495906348820113,-0.041602256569880404,0.8692042350160416,0.8271579886485235,0.8385881231370903,0.8708262859812654,0.581814433561985,0.6617610507551459,0.6609844671221121,0.6359364659054986
worldcover_00692,worldcover_00692,6,-0.21484994959686202,0.7442759862451842,0.7646967705452081,-0.01748542665419261,-15.391289343562242,4.359750931397629,-9.272019967310579,6.642558410637485,-0.20583799791400798,0.12397372746278365,0.11267854699066673,-0.03502002436046794,-5.749142493392032,1.6424049981658333,-6.76968307425953,0.8683415898080468,0.06794902741476935,-0.03305161586313545,-0.032818687749115394,0.007801234296793147,0.6476127850342677,-0.09221906605462277,1.4914246431339067,0.0017298421580530222,-0.0056968126378994285,0.0023949459345653924,0.0025860242771379898,-0.0004485080187970934,0.01302791822623574,-0.01723330443122241,-0.08360799928096384,-0.01563111004015864,0.3443889540427384,0.6157547258080847,0.5404844893310936,0.5662577067724435,0.7636679770179802,0.5114353487436787,0.6987629789445258,0.5793554842856162
worldcover_00693,worldcover_00693,6,-0.17364128059392325,0.6828022085581782,0.686522173144942,-0.007865159814669512,-10.209419786458536,1.1933161779636854,-7.57871506985439,2.6812654932243043,-0.33530714463306366,0.583481689648966,0.571751986050029,-0.0743039832579797,-13.009567565378036,5.150780263225471,-7.486137181170488,4.831790568333521,0.13482272294697192,-0.3092007144390562,-0.30382070541422085,0.025495995348117764,4.083992032297562,-1.2605484252689376,2.6140702703282255,-1.1908900780604696,-0.012306184338491007,0.03232341262540127,0.03179500749889721,-0.002182920845554705,-0.3363579113410442,0.08548021172794994,-0.2262472742931909,0.08405780870801284,0.7027802449800764,0.8722249514623479,0.8769087861893164,0.6241246732825192,0.8020859119801321,0.5915197231091023,0.6591665808051674,0.8231821896158587
worldcover_00694,worldcover_00694,6,-0.16441796362508845,0.6786735157171891,0.6844328967007731,-0.022308620144472022,-12.115583747302447,6.507960678625678,-2.86832453935099,8.324053746746106,-0.10761740399499257,0.21928178767363163,0.2209327403042044,-0.02607310365235042,-5.246428853922279,3.660049946630928,-4.900246357334937,1.556815601342243,0.04629025805834571,-0.08086238375731863,-0.09387745863044397,0.006685970653477413,1.3849160908639817,0.17977687270641832,1.5807327371180382,-0.04753950201252219,-0.004190951852041851,0.007406562566757191,0.009244228026481576,-0.00042388109358573094,-0.09718410219918396,-0.08245729186725313,-0.12417809701025688,-0.01693450411628493,0.7814376906357532,0.5640365687250997,0.6769362285123017,0.8037119828436773,0.43156323352752857,0.7290738842025273,0.6221698481756496,0.7931932553829413
worldcover_00695,worldcover_00695,6,-0.1586596398912402,0.70672938859824,0.7102053147373785,-0.02194302647628565,-23.543570577567504,5.230114278200985,-16.933774019286208,7.118529377360383,-0.6244843112808338,0.2131557776814409,0.21729179341641602,-0.024881899489888126,-3.127689973938326,0.45651106655008833,-2.6605065412357254,0.2845188536714978,0.18645987978284315,-0.06201564420611296,-0.06585805937325269,0.0017316042167412765,0.8256941813013808,-0.21493734309846427,0.6880731416686802,-0.14608572302622524,-0.014001007271848196,0.0045055029067126075,0.004971969157758378,0.00025929739190773556,-0.058741119121715056,0.0312594529836297,-0.04159581764353893,0.02150946025748499,0.302711111565343,0.6984010417627693,0.6400472597096327,0.7471452936384473,0.6686657113227779,0.590936725685477,0.4688610068529194,0.46136210352601204
worldcover_00697,worldcover_00697,6,-0.418521874046216,0.7553913069493837,0.7637973626454672,-0.025561161113507803,-20.95938803837524,2.2040255470404024,-17.124799106363923,3.454536711268342,-0.2570957629070388,0.08662886302622579,0.08063495986991488,3.5600914131981995e-06,-2.3422912855775624,0.10170476621187072,-2.475850651678143,0.5586923397804273,0.12872452231932655,-0.017291952327732597,-0.018095169038999822,-0.007858391758457678,0.018978217515772923,0.3079709757296237,0.36680001272220925,0.16374911725403807,-0.01268643760333988,0.0006562648999570807,0.0009007619486914915,0.0011179234380974934,0.042812075410718804,-0.037261434681449046,0.005725650517409904,-0.023882282626018915,0.816184694674674,0.3175152440669229,0.22460482607930932,0.4474682922461206,0.7889562438014127,0.5873043540915778,0.6581155927965625,0.6233432119436757
worldcover_00698,worldcover_00698,6,-0.0913500828299149,0.6733506784746148,0.6792622804641739,-0.014949057025439945,-11.533883135101632,2.128063799899515,-7.561171748301419,4.169960205926271,-0.5059644781718123,0.40892950229583147,0.4257942925961234,-0.04417913352390595,-11.581497006250737,3.6145099786924613,-8.412891653592032,2.7823885739895786,0.18784012244374748,-0.205490947805861,-0.21870960286330604,0.014189499656133567,3.304440412330799,-0.7203401514533866,2.5995199096591457,-0.5432355163212976,-0.0169324635428353,0.02155799476072343,0.023108644410967837,-0.0011580120395831386,-0.24530071885789828,0.03601089183802179,-0.20181266196914052,0.027835355316117426,0.7629803210584745,0.6145518950635841,0.6334154997687136,0.6666095207513909,0.6070170016522034,0.660983311588007,0.5247343623789893,0.7514925685075108
worldcover_00699,worldcover_00699,6,-0.3687384281484782,0.7527005004160339,0.7529230144890877,-0.01737959225746729,-18.554604452009002,2.5453591037760117,-13.356352694224016,5.147502586056794,-0.09084032283336357,0.20924503912055206,0.21930785335245537,-0.03790169158980004,-8.571864053513613,4.607627605014238,-6.29226813883106,2.292887364420896,0.052501972193696955,-0.08495851086847689,-0.09466723117219412,0.008215639056855571,2.6158775037862,-0.562523531085517,2.3026905023876463,-0.25760457522006475,-0.004942996518434612,0.007962300169347498,0.009192591363733462,-0.0004226386481237514,-0.20910294765134715,0.0006143942728018778,-0.20005786443783896,0.0005868879254770393,0.41874411110217924,0.4022741031292555,0.40915256604715156,0.8494651797001262,0.737959052520937,0.5248756988166368,0.8296643550074361,0.8448852635697078
worldcover_00700,worldcover_00700,6,-0.28116668451052257,0.7424101829528805,0.7529024824951632,-0.01625176931195189,-14.757559932539454,4.471426628368838,-8.225668042004912,6.490245633827175,-0.2316342544657004,0.0982478554286655,0.0970049207172697,-0.03040588895479834,-5.435160352679234,-0.5459072858056472,-5.214847957696197,-0.2756002589161042,0.06970918109175644,-0.022338891313189637,-0.025727149018477623,0.005120252130061247,0.2730188655704006,0.6947177598233086,0.45240553138323897,0.41796718089506907,-0.0050139537828525265,0.0013844602637820868,0.001939615366434817,-0.0001299429515546007,0.06324128155030648,-0.08366467596916952,0.036241853552232736,-0.05026622570097161,0.3263696348163605,0.6819539611188126,0.5877083811654338,0.7274545968071129,0.8157046670745127,0.5137411870598017,0.7410835301319512,0.5524979730654469
worldcover_00701,worldcover_00701,6,-0.09617629650704086,0.7756957962657467,0.7871010195125231,-0.014288672895142532,-15.571929761497001,7.852863513822764,-6.830499705312694,9.147650855856613,-0.40171567219856547,0.09443981803598832,0.08604124803391731,-0.025643884529551814,-5.633459581783988,-4.061918506784385,-9.478356806782424,-3.3933016164423506,0.09332336635443017,-0.030424174356770223,-0.029879530464416063,0.002322362397204748,0.7843705390769531,1.6513718373245443,2.3203450262293366,1.3160225354344206,-0.005141659358865199,0.002494644034992573,0.00257004285701599,0.00017293609415340886,0.0024705438453145284,-0.16818472689840616,-0.14952934006463514,-0.13117401224988384,0.514575164643815,0.2090264203188119,0.17021366816995398,0.6762962254829052,0.8659379543397328,0.4515075615105242,0.7757512188977024,0.6166994022845955
worldcover_00702,worldcover_00702,6,0.04579033115028309,0.6668085790041717,0.6719379677917016,-0.020202063560260133,-16.357922080011015,2.350385952996622,-12.345836334191373,3.812492983772605,-0.4523354232403138,0.0654808013212113,0.07611193448778188,-0.021919643735542525,-3.4151958984995865,1.0370855223594515,-1.7765912764542906,1.4609010604213128,0.09137788008719802,-0.00017822704789958524,-0.0064803818603615055,0.0070195355900115435,0.7046689563906265,-0.39809630952217623,-0.014057126513010618,-0.6378330980608901,-0.0025529443338663882,-0.0013366766048200204,-0.0005948964995567209,-0.0007566708102445984,-0.029825529240974123,0.035832690568008474,0.03913556271973787,0.06141223752546479,0.672953594726552,0.691879826492348,0.6536072650715734,0.6010420734231272,0.6782238174247499,0.19980308801926816,0.8122287875003337,0.249766207845193
worldcover_00703,worldcover_00703,6,-0.15831386945646353,0.6536978826378349,0.6485147311380437,-0.01296484574788461,-13.890577024978846,1.4459744015936657,-12.285303869600359,1.6999914057670524,-0.21029123045599604,0.38214312600237815,0.418979123323444,-0.05786714336228725,-2.728560657978652,0.873076956556157,-1.3544346880352218,1.7382977679468152,0.10029887117743944,-0.19956012381426147,-0.22343973955744234,0.022195791424497978,1.0545005554447076,-0.33881864061763156,0.6023931855600491,-0.6295106933519564,-0.01015760139346832,0.02065569196235048,0.02337856709279795,-0.0019995911338488836,-0.10403277008902849,0.03631907324832379,-0.05816926812050722,0.06445595803716789,0.9944573657966752,0.9644313829828769,0.9653088700124466,0.7990463533506115,0.4022119308775397,0.9795235137948556,0.1912129334769238,0.933548871322963
worldcover_00704,worldcover_00704,6,-0.059864372446537945,0.6647635702833996,0.6686963457049756,-0.0025807668977051368,-6.201089280571528,2.1422145111525794,-1.3448180441233082,4.669499266452566,-0.207191422059775,0.35551009279867785,0.4019717247121845,-0.05879214850424335,-4.279159721548087,5.4975163987982105,-1.307102197422585,2.7110721267797704,0.08213695727327591,-0.17019163594617437,-0.19910221401747127,0.024452116851416638,0.08651563385504625,-0.05740890061777958,0.00877607597890614,0.06247215536811404,-0.007368556474992303,0.0171407279793662,0.02026083723011641,-0.002390683528666165,0.06427671792125063,-0.09907363841961211,0.01896840153634966,-0.06021932994606337,0.7525918262701787,0.8439993074585586,0.8791847875217866,0.8311515992741321,0.7754595195161446,0.8692822066371481,0.6229921280369299,0.8488317164964252
worldcover_00705,worldcover_00705,6,-0.4094367558657783,0.7734989569042666,0.7856292995539575,-0.02740543406230933,-4.227664245855167,2.251586836174238,1.6595758915717351,4.893524997839297,0.09280826804555632,0.05400259650888866,0.04926820123006439,-0.005374124443661126,-3.0497202303794837,-1.3150694956786069,-3.258811710484745,0.7095492865035921,-0.030650364560594338,-0.013215639503487173,-0.012672405738335203,-0.0007510825153037069,-1.406343661761001,3.8454066892997982,-0.2361352285565378,0.9841681572736052,0.0032034580703695697,0.0009427111257206245,0.0009779511678098467,0.00021331611023557313,0.2501180959367343,-0.521983819687289,0.09097766396612696,-0.14948180957840135,0.5504436680305518,0.578392234131546,0.595155835675909,0.8772013085240453,0.9535689184888964,0.7114162687751531,0.7685192109523357,0.8987712019337902
worldcover_00706,worldcover_00706,6,-0.029429016063247115,0.7048297289646035,0.7232248647646473,-0.0006867587834485416,-6.300579590845065,2.0605788228202515,-2.994156753080212,3.3811207969450057,-0.5997981407414783,0.2361997578825263,0.24436878614009291,-0.06222836762511462,-9.071746200087489,2.2886365601047762,-6.44670113747415,2.6315175388543333,0.21756732761021055,-0.08615915128937003,-0.09633828847955299,0.01761641940081818,2.1296998051657985,-0.483291640015199,1.717202819717167,-0.5542565856434727,-0.01973092588767146,0.007670469807856,0.008899749378965352,-0.0013248117633559004,-0.12600375918018838,0.02766053439347688,-0.11341760181061863,0.032913755667199236,0.8238582201723725,0.6675196013141862,0.6545497089193794,0.7233234895773288,0.7298013195817235,0.7063295072303423,0.6482172009773806,0.7882082180392417
worldcover_00707,worldcover_00707,6,0.013232349529640012,-0.02458438827571528,-0.05779804430450437,0.036192936314777956,-21.297348830993837,4.436002663846196,-14.439379702814657,6.50382060442539,0.06455745672123517,0.12579654231815338,0.0935580747845093,0.09035813421129235,-0.15830438191687204,2.732333831347171,0.38047477464106544,2.0559209315706974,-0.00596643740949137,-0.013946037255711361,-0.012099552464679449,-0.008648157006863414,0.28088378232331557,-1.0510153501197457,-0.004110245381935478,-0.813444773709599,-0.0002877321886163071,9.694357750692115e-06,0.0001626983390782324,-0.0002010203709807037,-0.037858738128520496,0.09516431268448552,-0.006540129325979522,0.07465394451050407,0.9493680605162068,0.9524860299521869,0.9524677352843316,0.9201174383038089,0.4314438115346141,0.520306484762078,0.19434483468619224,0.5665084592734084
worldcover_00708,worldcover_00708,6,0.04565065231171577,0.11618202947305888,0.050475202613707484,0.059888326816937565,-18.991123667418748,3.75912483052766,-12.054964736458764,6.029998334024038,-0.05488880262064839,-0.03857167348975201,-0.04194934173886243,-0.04736937498230242,-2.2443939930810135,6.938745355117505,-0.9651807280819075,4.273916378817268,0.04637133285795599,0.026688045648720814,0.019357551556499816,0.05718276244930875,0.7252383032745767,-2.3591481891249924,0.43074008671889513,-1.4112655263327836,-0.005232593029320247,-0.002615042200142683,-0.0017597420056435153,-0.006556247473891928,-0.061206048653791485,0.21078402809691799,-0.041598262798274575,0.12471792851524904,0.8743481554117409,0.9080700398898331,0.6989897162962261,0.9156290892661592,0.7469484931648926,0.7920144710267087,0.5570420127705611,0.8991978013770513
worldcover_00709,worldcover_00709,6,0.026883642943107626,0.120575818540105,0.07649642948738555,0.027782658877020448,-12.179369313041786,2.65560662289892,-7.739543802598369,4.682286854453508,-0.022869682509670107,-0.03584058213117903,-0.010670939009518512,-0.026759883233656388,-3.5043779891490545,2.4892876559070585,-1.7562780110941068,2.1950768745655886,0.007963332130040687,0.00589202880683997,-0.0037648253953204815,0.00910713247253327,0.7940293299937172,-0.4312190363040038,0.5952993741879292,-0.3998573680253998,-0.0007247543462299571,-0.00010844615036433653,0.0008227991862128436,-0.0008118679097881805,-0.047693297609363014,0.014175753499706513,-0.053037431968079,0.016019373772140084,0.27002879366851085,0.16325930279627343,0.19365671378069682,0.2779216100483616,0.5988105017579222,0.6552508396999647,0.4087846975574827,0.650420655477904
worldcover_00710,worldcover_00710,6,-0.1725776714660424,0.756789063865488,0.7743980089823402,-0.01994356445290823,-20.077656640045006,3.735644105188295,-14.5877110748414,5.706897589883109,-0.33953360625189044,0.08656811690519715,0.081648482689782,-0.0053108524058073136,-3.0930115359449992,-1.759190827693319,-4.922484268389846,-2.6768693019271206,0.12529134201643807,-0.01623067995170495,-0.017961934208870045,-0.010106212225666052,0.7786049122376457,0.680119305151782,1.5302574027409686,1.0020242086647242,-0.011678704824325372,0.000712695296364604,0.001078007949723148,0.001556238996786905,-0.04966723622991131,-0.060744127151685916,-0.11967368053220485,-0.08807687070589747,0.9377648678728052,0.8261429349157605,0.7375427733637782,0.6912782821653298,0.3825633772029048,0.4474486943172332,0.5574943276463302,0.5755948851365332
worldcover_00711,worldcover_00711,6,-0.509438437617845,0.7171629513754982,0.7269831651991061,-0.019931955517015664,-4.041166689193109,2.7900702593432247,-0.040949561458507,4.508389609715398,-0.19769756718481554,0.0767424090041059,0.06814620371848851,-0.018952689954035325,-8.150882058259985,0.23999764332536985,-7.440844834314163,0.240623818092445,0.07173207349153102,-0.0021061958559665398,-0.0016197231295822065,-0.0016087124091915838,-0.19323535584349064,0.1756336481279686,-0.03354898783985245,0.20731349367478308,-0.006647694031046587,-0.0011587979817631123,-0.001072304868938939,0.0005959393033249824,0.16842533252202102,-0.030008626682036684,0.1287231300365012,-0.034245517737418116,0.48849975598250406,0.8576482038745742,0.8291673367138567,0.9348402326222545,0.8714857462393188,0.5746627258881819,0.8485331477128253,0.6268002497254808
worldcover_00712,worldcover_00712,6,0.0989847359717388,0.34981635122588195,0.28636801999175243,0.030051474036140672,-14.775478242105164,5.992017846439269,-7.551114962628362,7.631652684074934,-0.06313018689860707,0.12805713358379478,0.10515632521774965,-0.034112187353746104,0.9789481605036142,-4.339055122410498,-2.4278048334366633,-3.184546171565654,0.016791095073369375,-0.06184821719408536,-0.05807789583444517,0.01540368637755444,-0.8192053040510991,1.8743023508539547,0.6477962918473567,1.3127905587964517,-0.0011657815025061047,0.00557088547132231,0.005437181608732593,-0.0014552576655540773,0.09023825799960856,-0.17941888068243586,-0.05022715592784476,-0.1233064922902667,0.5368016037005984,0.5631625536254509,0.5271983317091702,0.5759423272157795,0.820464936727686,0.6405811882735839,0.8444186337790495,0.6471050830906833
worldcover_00713,worldcover_00713,6,0.25486677687598913,0.6390248604796153,0.6501395873951191,-0.04214843238393463,-13.610474087291253,4.28457475464211,-7.253667370160402,6.40808444753299,-0.4847951689494289,0.1940372859438253,0.19324811654431406,0.008235968775041977,-4.262829083650383,1.2153953947667706,-4.735764038063051,0.45653196412073516,0.1295843398677413,-0.0867288435176336,-0.08973300089309728,-0.0018648455540339114,1.0104376849732635,-0.2789767816470041,1.3866203813171527,-0.09008399518869543,-0.008323180740782662,0.008641403055552275,0.009227707530512948,-1.8889653599924794e-05,-0.06342828745148549,0.0140268607779641,-0.10937422644933681,0.0026018094029922494,0.925181949699937,0.7346942996618774,0.7857736170938109,0.7059840894606719,0.8017333811866862,0.1498903780932319,0.43876760141062043,0.0721782592105652
worldcover_00714,worldcover_00714,6,-0.19229814291083075,0.7568725275270866,0.7661706344647842,-0.018161790191449916,-19.772471907772438,5.53043964884815,-12.833550710757988,7.39121415118662,-0.14474134779005657,0.1173772840272812,0.11030020411052407,-0.021735168483463015,-4.238778500257847,-0.9434580635304083,-3.8627712435480057,-0.3565873672728798,0.04338097952826014,-0.027216575104436876,-0.027328872190409473,0.0002113581469758057,0.7876463846308497,0.9744176318244826,1.3068500745259062,0.4718336253789772,-0.00336695919049403,0.00150339350555883,0.0016531850954498984,0.00037751754632953615,-0.02951508717061055,-0.11952555406870524,-0.10985005908567592,-0.059203742769184206,0.09268231207067501,0.5773931450021413,0.5143333236786253,0.7832384388180261,0.6644427251838284,0.6501715142207404,0.2017097737217175,0.6708162287819992
worldcover_00715,worldcover_00715,6,0.08133565390425802,0.13264616228865897,0.017813229114946438,0.15461630114551655,-21.162523559592717,9.242610597299617,-11.069785990544714,9.528556948944614,-0.10793663275985023,0.17516145385092166,0.16804917501876937,-0.22906026849523115,-3.5354090232618494,2.772438412112077,-1.228885650422872,1.697437712511025,0.03852466755214713,-0.06438042626623461,-0.06630694095420268,0.08202630961999216,1.6193299849560094,-1.4335366313764646,0.4719603601131225,-0.8621981078696261,-0.003325645909036004,0.005777176300233061,0.0061348258033206635,-0.00709073283624919,-0.15718932917106868,0.14463345555726226,-0.04258314577229802,0.08652625651614604,0.7474921823262194,0.25017589270586105,0.2567710551978927,0.663220976879445,0.9650974645895903,0.8308447486310153,0.33646451442326464,0.7810610740956203
worldcover_00716,worldcover_00716,6,-0.895071102999646,0.6401944040800619,0.6383973833060645,-0.021615858895309276,-13.459282683392136,3.1805379248798067,-9.405307180857458,3.9570644590417685,0.46261260770109913,0.6017418891368845,0.6104179957940667,-0.06421615063611923,-6.087755839334029,-3.1969443416247287,-7.640429605239099,-0.050734842910632814,-0.06846541772057325,-0.3164954083403203,-0.3230569401425323,0.029358814873639852,1.6547448847768238,2.519826687547772,3.137674404273809,0.9177038723657767,0.0024433567949811628,0.03315815109420903,0.033988632384047916,-0.0028695335442369616,-0.12837332635811027,-0.2834291784977347,-0.2978473921540927,-0.11842014546433927,0.8468101277480748,0.8466265801091708,0.8498750147675516,0.8555804910816168,0.5052778497851231,0.830807918519515,0.7143313046955619,0.8857068935398578
worldcover_00717,worldcover_00717,6,-0.12891368202488424,0.6679618412798113,0.6182019982599865,-0.01438926014287245,-23.22473172601694,2.3753573433522654,-19.447086350983177,3.6722787415555285,-0.01849154336201626,0.17749618614713222,0.20800910490963995,-0.035140625879330874,-0.3146242728467098,-0.06409654002289548,-0.36269788759879557,-0.03084424126028963,0.013451385255594748,-0.13748788291757733,-0.16612454994029272,0.020609242007039525,-0.18455712673741806,0.037989595919908956,-0.21263525758801144,0.039559373479196955,-0.0006421917035234611,0.01617044673273057,0.019696335392919446,-0.002442681789163006,0.033177863777199355,-0.0037738956030626105,0.039153431158393544,-0.004200346331999671,0.6939208081406998,0.9674938463782252,0.955737703481471,0.8570379675675537,0.7742690199318397,0.11135030702064952,0.6823781444769547,0.1144266827246504
worldcover_00718,worldcover_00718,6,-0.20703494603264197,0.6941425466176239,0.7007203472383101,-0.02100561926084945,-17.74472101702203,4.101446974799986,-11.651437828293046,6.083579014817572,-0.1424276547373193,0.20427272930031712,0.2137836903806713,-0.023512122383902885,-4.335979648765102,-0.7894113743229642,-4.37059648201154,-0.20426464120886,0.05857348253981143,-0.06763934244067132,-0.07646595638293728,0.0034945142088514225,0.7599376720199684,1.202330569811632,1.3107500496452469,0.6515159627255173,-0.005617104709232538,0.005890481399767343,0.007019734593352896,-4.457588298152027e-05,-0.021676837011520796,-0.1546575790501693,-0.09673176649611842,-0.08713494071352298,0.2768869632709977,0.5558259423387006,0.5386134758328451,0.7699662401268285,0.6003951031492025,0.8304399296019171,0.584680725161512,0.8416882882340768
worldcover_00719,worldcover_00719,6,-0.27770187698474014,0.7019647079886809,0.7209971077514419,-0.012251828119836305,-8.359124082292894,3.010307219960157,-3.5840651131426884,5.189367513224551,-0.08939974047884602,0.12022306143291404,0.12021901210149112,-0.06961192660004104,-8.853846099828594,2.1228337613368686,-6.73967651503376,1.9571145998249522,0.006952138513526687,-0.020223092787709587,-0.024037477645007025,0.023507101783827183,1.0545380785574856,0.1714217845998686,0.9606858855372843,-0.10404202120763421,0.0020251018963217647,0.0005215061734421105,0.0010766639853968753,-0.0022036531949509814,0.025598899599740654,-0.06501625475225756,0.0009208152783483531,-0.021199785443320972,0.5578957022807802,0.7839383766258001,0.7395114540109728,0.49313925576463324,0.7691322927222115,0.7519242419112839,0.6800371183106169,0.8667772061314359
worldcover_00720,worldcover_00720,6,-0.09822363044735419,0.6470867658429096,0.6397902488031195,-0.0028222490271387264,-14.398557578750683,3.8630601730472245,-8.310804030968647,5.899809929623796,-0.4749460818720297,0.5895727329724808,0.6167220519855585,-0.09481231177166541,-7.662580080690446,-0.6772570924118236,-8.981768797788519,-1.1622986609432,0.1991093109814441,-0.2992325422890252,-0.3182010201926767,0.04460431350741801,2.3936154444705307,0.3247426318127062,2.8506024342867993,0.4963488840178392,-0.01934656200931936,0.030756081802525866,0.032885623743023784,-0.004505144041784179,-0.19224696847426145,-0.03411573493452727,-0.231331154957219,-0.0490763972443375,0.8622051659176448,0.8221910174809153,0.84158082328111,0.7815653533382041,0.4766952508381259,0.13167485564160697,0.5530009902502725,0.18825248640846748
worldcover_00721,worldcover_00721,6,-0.08692730323937788,0.7252000863804968,0.7236741167126286,-0.018643146077396828,-12.86669687824086,3.9209703526030286,-6.120396888531306,6.036584937451002,-0.011680261823370288,-0.08361386590533895,-0.12368388985475957,-0.01011163592366268,-0.3244004160033521,2.3588729511121196,0.7139346088025522,1.9258929840299301,0.022814819972485988,-0.08449714758042302,-0.09603739958820902,0.009936947518157305,0.12284625017878101,-0.6184520960927409,-0.1025659679397569,-0.5079222995333966,-0.003108570579026312,0.013836131200683523,0.01625973846048417,-0.001221985036725967,-0.009372169448714723,0.04267972270438767,0.0033498130305111714,0.03548511113954907,0.7352468831498895,0.8511543009960282,0.8463690186306213,0.7699135013694159,0.057378179252953965,0.815474371032531,0.19942521983787287,0.8215773589008404
worldcover_00722,worldcover_00722,6,-0.2775820881197726,0.7631408445762863,0.7670519324866203,-0.022197076119482465,-23.493754062642918,6.975993021857613,-15.29973560879443,8.426675148658454,-0.26916288789150183,0.1001825616473243,0.10465264154805101,-0.007944671888022715,-2.1235157139081515,-3.894026192118598,-3.8519571401457062,-2.5838146755850864,0.09485994099808201,-0.018510232949669775,-0.022964879031821317,-0.005037926137447348,0.33863751885551546,1.3998798208880654,0.8578144162075114,0.8576806763213904,-0.00766165528616452,0.00042888476993098944,0.0009744527062984489,0.0008594263862404554,-0.008773075950574924,-0.11161650390014503,-0.04239373403951284,-0.06544839816607684,0.5086728094415862,0.7546033373919268,0.6953990584687488,0.616168048531682,0.5332299371749454,0.791113495024153,0.6490851830769098,0.7360390911066601
worldcover_00723,worldcover_00723,6,-0.049594524995712624,0.7066222411213497,0.7176242669423419,-0.012816958129406027,-16.28842391106175,3.1378661525391625,-11.257597988433526,4.9084871323114925,-0.37544973736640747,0.18192652695708786,0.16433819229640667,-0.030698523531475674,-6.210216645683362,-0.41380818838153915,-7.227750545714609,-0.0446820098048126,0.1239946754838466,-0.0643113720597643,-0.0578079578422366,0.0054235563480428215,1.4034330237927397,0.5834942969679646,2.105376419128462,0.3865712272811043,-0.010307136128962668,0.005568000704351104,0.0050341122680240364,-0.00019811259375678117,-0.0831336039298701,-0.06587529334391783,-0.15488253392950313,-0.04589635982952681,0.7607300786899215,0.6487239806069317,0.6118190940764991,0.8194790978204363,0.7425051248856619,0.811272329997407,0.7553055440265765,0.8786670913048348
worldcover_00724,worldcover_00724,6,0.5255125763360212,0.7640506950291718,0.7649151104869257,-0.02454235622038453,-16.82908040969701,2.626835925048341,-12.574787062443969,4.115199958060654,-0.45586638407269264,-0.00017955260617350636,0.010897681826637353,-0.018819670858127625,-1.5623129592487868,-0.39543419486061315,-1.9884373580967745,0.06069914990518935,0.059200263746353475,0.009963439204991991,0.003706643656218583,0.00746762175999934,-0.8715724327481075,0.5507597038040896,-0.35340733314732914,0.3779388065925013,-7.36205924221262e-05,-0.0017590567921147062,-0.0010566327607992813,-0.0007895991827050827,0.1473213534664358,-0.06418802672001833,0.08997069542137463,-0.04768314440011616,0.624226134873237,0.7241446696942277,0.6367695382752661,0.3668360121641876,0.9105645314181698,0.7889721451202119,0.8893179257262536,0.7971617526753995
worldcover_00725,worldcover_00725,6,-0.30696061910849776,0.7486919941324177,0.7700418504801666,-0.017467759493173925,-16.055474962361124,7.212209533786504,-8.159251971254227,8.507280061256354,-0.23599155503672795,0.1381757652002665,0.12724744232874052,-0.007468149849464953,-3.2472179224984195,-0.010524325521413025,-2.232771055891113,0.42123317707721025,0.09560374891718679,-0.04777234973329485,-0.05143116259729713,-0.012061858692839442,0.8887441505482102,2.0318583667025893,1.2492988154260483,0.5514879493988535,-0.008878790503196381,0.0041335718800323195,0.004858228443848976,0.0018936918832060691,-0.06665436389266846,-0.2887291947773941,-0.13750017584948784,-0.08659427052389602,0.2107453565649443,0.3707910752316419,0.3351177799839007,0.8254201851558065,0.22028822287888228,0.8974196394922771,0.6319268830622646,0.8928749804759661
worldcover_00726,worldcover_00726,6,-0.05655467256434225,0.7178705113403707,0.6975082727995772,-0.016651471851000462,-19.221509141957625,10.94023023548953,-8.472054799674686,10.252109009963856,-0.06545661191374465,-0.7357011685177428,-0.7163192670910588,-0.592412004084694,-2.4816055549191725,-1.597059783961944,-4.42452455704021,-0.38045300194215215,0.026601697936791922,0.1283483730580701,0.11789169525767904,0.15182419791333812,0.3024584653508693,-0.09229814830427091,0.7079638463926107,-0.25490924329967635,-0.0024250379588540037,-0.007234916984658607,-0.006150989416949041,-0.01149351590999746,-0.0018133608481673295,0.04091991235986988,-0.02448058313291522,0.04190116178821235,0.9734718754621999,0.945493229439734,0.9593819701140391,0.8834681046836782,0.40192918104168096,0.4148101780632184,0.5847739657913722,0.3975052522757597
worldcover_00727,worldcover_00727,6,-0.19466223937414906,0.6913446025979357,0.6939990213423102,-0.02097782478526719,-12.758454138069142,7.47819195276296,-3.6333495984134982,8.03824570593237,-0.14927616462578652,0.5413372932253228,0.5432965768767223,-0.06745762359498714,-12.152952654257478,9.36318510208321,-9.78660329247478,3.6296181172786244,0.09188431164474153,-0.303253897289378,-0.3069959935405611,0.032863084456653494,4.4165820598565535,-3.3183703441824433,3.5714426895546123,-1.1924550847960758,-0.010158623545399974,0.032411338519210874,0.03289952724607602,-0.0033351109231436454,-0.398169076462064,0.300464285491376,-0.319969781620275,0.1054960210263279,0.9387518272449714,0.9402230917457646,0.9478548245739048,0.8981907657124135,0.6546488032199087,0.5317757716297535,0.6691759993715485,0.5915472881389201
worldcover_00728,worldcover_00728,6,-0.05200810900385162,0.11838258577115604,0.03501713535550894,-0.1431481531172091,-26.14808580411831,3.0744747264600862,-21.95569604003864,4.347048122836468,-0.068175644369485,-0.15254722695265524,-0.06735604711704825,-0.3112589481567577,-1.7085381118825855,-1.4180192450477123,-5.176592658358233,-2.7546348626214274,0.01917596754850183,0.0012373360623788015,-0.023124099551857166,0.054756671383783394,0.647144947505425,0.3258749406509054,1.6338938564157235,0.6921917316956397,-0.0012597411949283042,0.0011698012099121474,0.0033665458963374815,-0.002488865470043336,-0.06421871548690186,-0.01748204819899354,-0.13326158652497266,-0.041803751622336516,0.857199154713143,0.621875356869195,0.6035139500880602,0.7778690750285082,0.8346182510345126,0.5982670206421377,0.6175551971512904,0.4916779915929741
worldcover_00729,worldcover_00729,6,-0.45258604847661155,0.7433720998691791,0.7516662406198904,-0.019340813272830215,-10.811831063853424,3.500886398053918,-6.083066871142726,5.444148710088417,-0.04207089051584113,0.07895858018171215,0.07461327432640033,-0.01460810285061598,-6.930352644744222,0.22325998015303716,-6.170509838434876,0.27009697772061997,0.011084377774482441,-0.015630494141991563,-0.015837469400265595,0.00027472288367939423,0.12991118550549863,0.10834245857794052,0.11557601766707565,0.06600052902860493,0.00011428934176752117,0.0006759013190414012,0.0007896295400581047,0.00026317849529511984,0.10607233609787432,-0.01871018500385323,0.09411878754734333,-0.01332647009808773,0.6520124175834523,0.6924977454227728,0.6771288495323577,0.6986630658331221,0.8378352930641171,0.22337240084346122,0.8599766843758183,0.16302024618883726
worldcover_00730,worldcover_00730,6,-0.19196757348683136,0.7479035809184563,0.7586124972863624,-0.015166825586647777,-19.234033441133665,8.81655239220767,-9.007895095975988,9.669623895958205,-0.3260694907454337,0.09344673440569919,0.09030651100098185,-0.036271411895988405,-3.441818798183462,-3.1862369192834867,-7.577624368399829,-2.386619214951388,0.10848522524459284,-0.014063796375220976,-0.014075220276267121,0.007246148335098307,0.6766264262726637,0.7960678229652807,1.889798323944647,0.598604801875955,-0.009083760155220255,0.00022709956674864707,0.0002870996191044165,-0.00032264956113214427,-0.026203473042986168,-0.04013512426524391,-0.11356190951629998,-0.03344320278568585,0.7087056685132469,0.7206538054014248,0.7230594372848305,0.8977782382056839,0.6251107511129547,0.647394092666647,0.8392745831592084,0.5983050112654509
worldcover_00731,worldcover_00731,6,-0.19890427456128762,0.7101798012401116,0.7190843016812295,-0.013690868025702062,-11.849155447872736,2.968402446281585,-7.530267824124762,4.7680737645620175,-0.12704109751128662,0.08028358670454164,0.07218051098641914,-0.02601679493599227,-6.248788335134634,1.4914756448182969,-4.6668295650400875,1.6338300143621869,0.00486226358174838,-0.007500400403877354,-0.006797575718396741,0.0007057941329233953,0.3341301914689501,-0.5834072425803647,-0.27079912655303623,-0.6558434152239548,0.001954617828065657,-0.0004602280831096137,-0.0003880081754742199,0.00041883165543579216,0.0482093214918366,0.05880745063586716,0.11125665349702456,0.06676935744552027,0.44711417981809265,0.6823322733545862,0.5935172021892663,0.8087055779672289,0.8110949694622481,0.6824074209845234,0.8682494141586405,0.7776816973029999
worldcover_00732,worldcover_00732,6,-0.21512183412605732,0.6644976938312727,0.6621754365888549,-0.006630456216182164,-13.252902189891453,3.163455779015989,-8.107245258587383,5.125880547181866,-0.34961103774608504,0.6445291381743182,0.6914001953980246,-0.09876833148744092,-9.549905696703549,1.3979141805290496,-7.907362402409481,1.3459940007081515,0.15979567004980985,-0.31534736168074845,-0.34425063010353485,0.04086792015861629,3.233845117018741,-0.4696060516919617,2.682107217870287,-0.4853338741246891,-0.015918603147171202,0.03192720486961226,0.035140391815491355,-0.0038609024786362077,-0.2767139861135309,0.041143026140149225,-0.22827598130675006,0.04416533512261651,0.8332673076626669,0.874679136836465,0.8793333357433952,0.8070433165340017,0.5715212162456309,0.12079411895483494,0.4762885240467387,0.10589014908680539
worldcover_00733,worldcover_00733,6,-0.03485979779019885,0.06037178793639785,-0.01784240939852075,-0.06841915800715936,-12.841476686364922,7.985315155714955,-4.447208087049045,9.115128209981501,-0.04040381195503555,-0.131141824130382,-0.13639726049991044,-0.1213533741141124,-1.3071664124374476,2.2850656541353422,-0.2600388418886752,0.775330391485102,-0.019050041734091885,0.10538079674472592,0.1005593416123807,0.022049059567255447,0.3662765739597763,-0.43565485912930707,0.3769731129937706,-0.1500892974300548,0.0032548065515120386,-0.013133596313759828,-0.012511564865520203,-0.0014354519621290421,-0.030042208767716815,0.015789494190620902,-0.055229145896635363,0.005784623647289994,0.6301350424459566,0.9247890953913138,0.8863812225885679,0.522798720780119,0.4593674394892734,0.1539803502825371,0.2710782156662157,0.11364182842913806
worldcover_00734,worldcover_00734,6,-0.0899038195756287,0.21322797464601984,0.1490171402692802,-0.3084415508942163,-27.287434060681168,7.532420504761042,-18.326248922051796,8.654612877867045,9.901719863315289e-05,0.22827463898630299,0.23697569126647544,0.13052606582641527,-0.5861921263840937,-0.3174002520897365,-1.077882980785262,-0.0259783956899983,-0.0026866939344655258,-0.12121525926120345,-0.130983799341179,-0.07525402939680836,0.41366499672102336,-0.08518427874103478,0.38323024058218624,-0.10645390603212644,0.0004863987432813986,0.011968003755266014,0.012969098157352876,0.008011363220937316,-0.040893742416040484,0.011693499341267042,-0.032072273306471326,0.009887167572462921,0.8562998497696832,0.7071153790992383,0.7509265858408125,0.8659228587002721,0.9624951194599036,0.6513532974150804,0.43017434726077386,0.6909568043597217
worldcover_00735,worldcover_00735,6,-0.06991553606508484,0.6033616584697468,0.597805203023283,-0.017762728374113104,-22.924601238774574,3.1108387756998734,-18.104517401890863,4.876061939325002,-0.018612329299024857,0.17633140994058327,0.15025723474247912,-0.03490429613295733,-1.2929083421021788,-0.324822163923518,-1.3011971294473286,-0.38835341199299905,0.03234305111487044,-0.14289223457569653,-0.1455795815077434,0.040598104352603116,0.10162679171603474,0.40163227038309146,0.4505363263422879,0.4446750565930499,-0.0041393367575844435,0.016560752156444553,0.017352236811109246,-0.005072230646019854,0.011572366140774445,-0.049687037255781864,-0.03625287569093616,-0.05420868262900671,0.8438347635485747,0.9366652495579737,0.9453520672901978,0.9372857232422724,0.6854724440898281,0.7116314340042023,0.8343349157134339,0.7384891468142021
worldcover_00736,worldcover_00736,6,-0.32868861185733467,0.7119766347336042,0.736593461397922,-0.016390893269668975,-11.783715886534605,2.41037313337282,-6.638651523641638,4.11378907619377,-0.1378992724363386,0.07340389726653941,0.04714437940764053,-0.028136882310112254,-6.4861050713781125,4.232737557034062,-3.8672460194947145,3.7980667574366733,0.02422883764449505,-0.0005788170285039417,0.005371681926570399,0.004539852901422341,0.22931588605886313,-1.368230261000621,-0.5331110973078629,-1.1591528367320791,-0.00023828990703994395,-0.0012063454798977753,-0.0015476749400899856,-9.139155912579774e-05,0.09235644527215103,0.1237936253050555,0.15178141318722177,0.10169412490819421,0.30055049827540037,0.8923558712517791,0.8629180713959476,0.7843585990461319,0.9107460353734301,0.6217336189691895,0.9235607728107768,0.7288053960486582
worldcover_00737,worldcover_00737,6,-0.21800035967208126,0.6628394287192474,0.6751359473123701,-0.016553961413482136,-13.098093268330114,2.6937269161664514,-9.816319133374286,4.287572244121469,-0.14221918461476374,0.2715813467308628,0.2531271781181047,-0.03309539432146772,-4.0774981900728235,0.20994707514346422,-2.769027698153708,0.3751523490970475,0.07460041858118119,-0.14229760649593848,-0.14972890701419064,0.010732172875341547,1.101067158008621,0.02202433297438987,0.9412942915906606,-0.002558524191040538,-0.0071669707622535085,0.013620663622413,0.014779931066012135,-0.0007519703962536728,-0.0771499674825451,-0.004070807284147147,-0.07322577190021788,-0.0027479075034981975,0.8392586337638572,0.9460805989476058,0.9601309619128168,0.6587173691426491,0.526159252645296,0.7091465041726817,0.5455020318107662,0.7491010587005099
worldcover_00738,worldcover_00738,6,-0.27691271949551494,0.7186355112176958,0.7306968718767168,-0.03625203705759663,-15.960722639672978,4.740391705427812,-9.560460301397715,6.241700857354996,0.12021414344474853,0.06947632583360748,0.03531081324058779,-0.003005577635670446,-2.338841639095048,-3.8704091816721595,-2.6834884406654225,-1.2271319435184758,-0.015364943988646962,-0.08572651158808621,-0.09848953357764634,0.002385727117781512,0.5280308431003117,2.431021603274987,1.1137026647107242,1.0249453201180172,0.00044500279671469466,0.010874181459046376,0.013252388272020545,-0.00023692060788773505,-0.03314056509581222,-0.27131340942923765,-0.11188799358964333,-0.12238058847202635,0.9143220360069078,0.934985383505361,0.9362678981307001,0.36211184962656917,0.37465651537989875,0.5282278631804911,0.8166089794404277,0.639665708169916
worldcover_00739,worldcover_00739,6,-0.21725402862700255,0.7274276194247338,0.739053065126593,-0.019291466214891684,-15.102822730918033,3.4095718358443268,-10.771888085218757,4.974675815559241,-0.3096433131970232,0.17834159010459452,0.1653415960451908,-0.029636091833549778,-7.458679956053404,2.4968910496850993,-5.322611314766132,2.9378170008285682,0.12316626187825938,-0.10437704813041723,-0.10333558536453165,0.006913853585478151,1.7470324523880996,-0.29351611136804223,1.5369786402371695,-0.6113832154625326,-0.011101196880337599,0.011418525167185856,0.011536620482049816,-0.0003990201571147247,-0.10699137472481951,-0.004336576884691113,-0.11571144761006108,0.033686859875912044,0.6450800930021643,0.5668385140660753,0.5680639193178985,0.7833791107706141,0.6514352546530702,0.4918410699779344,0.43158636786581817,0.62915361814658
worldcover_00740,worldcover_00740,6,-0.06668707893413917,0.5402466176134221,0.6767558394507946,-0.017684234588435654,-14.768495229223948,6.296693327544605,-7.075994411491616,7.687024848278805,-0.44815361002191784,0.7706941478545662,0.6401170484485095,-0.09687359665062165,-4.557660545713757,-5.491246223492066,-7.52882434940762,-3.196599813576031,0.1785636990654784,-0.3941856659626281,-0.36212725305195925,0.04769821926846571,1.016334390898764,3.001687205600488,2.602299559112043,1.6755435727056005,-0.016648788107516806,0.040890711764193496,0.03866836740964586,-0.005154539412357883,-0.05926765333055679,-0.31341577027911094,-0.22364917598178868,-0.17220713448818398,0.5287351357050074,0.9259033628036261,0.926128981812057,0.8175524057204077,0.43145867570006613,0.94867022373759,0.4687002773635286,0.907567385374093
worldcover_00741,worldcover_00741,6,-0.03146433161373688,0.43788019155688157,0.38966081291436977,-0.10914073105562828,-23.051148776418128,14.042384714541237,-11.708973931156002,11.100965376799667,0.0087496634847824,-0.5325252537759715,-0.5244725381452873,-0.026819588889973867,4.573519465889126,-5.894981656154233,1.1115266650588986,-3.3517519971333254,0.00017116567810579177,0.1414874909192147,0.13987738035974023,0.017167747448081572,-1.2709809022014318,2.2953894963833763,0.08707314744835883,1.3026079143402693,-0.00023279951389921754,-0.011188555775196125,-0.011071317311790238,-0.0029409163480982044,0.10747319175363196,-0.23824725475466682,-0.02832404426499667,-0.13082554544688457,0.7629478050363122,0.951458605727582,0.929913804473385,0.8135238095606246,0.3198233882079784,0.24680456014687102,0.3117465284451558,0.3029090770396835
worldcover_00742,worldcover_00742,6,-0.22794617267534142,0.6488578744006894,0.6455746740102777,-0.01913204755295437,-14.796429107491612,4.841463150499587,-8.125932778888757,6.786296555757769,-0.3725771543090456,0.44049817016200216,0.4969131358204352,-0.06871638357609716,-8.5827002977905,-0.5915463865621368,-9.168978501486922,-0.20137980646676187,0.17207585237686587,-0.18010980045640582,-0.2125370878548842,0.028302108897178404,2.240097746168747,0.6252919244883829,2.698120069147372,0.3602094483708755,-0.01719200731691159,0.01689752650381335,0.02033156363500485,-0.0026776771945408464,-0.15584663884212827,-0.07332135523954278,-0.2064498523823981,-0.04434537840479664,0.7716386370997541,0.7179899657367614,0.7319103107483205,0.8152073681742261,0.7222471878803823,0.7993942444526092,0.7194469229132809,0.8489120412037082
worldcover_00743,worldcover_00743,6,-0.03564206196164451,0.6483286312132182,0.6641415100206041,-0.02175732545738081,-0.04234856672069137,7.132111075977742,8.713689109560852,8.872051408538175,-0.16661441402716073,0.25021833441560076,0.2486169521534241,-0.0010776224182105368,-5.910306785828768,20.701406251072243,-0.4182390565153772,5.851100033240865,0.05878306902858669,-0.13062847034755684,-0.13658842499250948,0.0010557061699279446,1.7292458135876334,-6.95505133465413,-0.2016117743220269,-2.078842682371304,-0.005026673404710613,0.013656596192205767,0.01449344209348311,-0.00011497940174350916,-0.13217655622934807,0.5827613481942513,0.03253913154125244,0.17845254254664764,0.4415849723205638,0.8509418653726533,0.8601212205999968,0.09484233053907931,0.5020393574665658,0.38816126879823787,0.37106234134535787,0.36850085407129496
worldcover_00744,worldcover_00744,6,-0.27464843563298075,0.3534407016792983,0.3405722508376289,-0.32970468474156894,-27.12898472304352,14.41290520788465,-16.118498060190138,10.952164290890542,0.22412800476572517,-0.08806767629548214,-0.23311483466790758,0.1645701184040968,1.1358534562067468,-8.186804633239337,-2.3375045653478446,-3.311375099784519,-0.05911473652456562,-0.008427858856623496,0.031447057309862816,-0.0474033982400254,-0.44171555709685506,1.9121157924466337,0.16562269851268382,0.5568972055561304,0.0047025150719362035,0.00010644960584062017,-0.0015883898230815148,0.0033931003300228515,0.038784654844736366,-0.13580956425024857,0.010041444637401763,-0.025126513277436344,0.7734824249378252,0.9488371937926178,0.9405204660183916,0.16179393393233155,0.39304888194784937,0.6158037379086425,0.3791171368331684,0.3998776488690359
worldcover_00745,worldcover_00745,6,-0.045777363551549204,0.6155969649553286,0.5769229552172339,-0.023572356327238895,-18.05709627357751,5.907788246016782,-10.256486267561854,7.731453865812954,0.09126111640622622,-0.37928750330493477,-0.4116683890340872,0.06064494074662252,-0.1325976450435016,2.2259098786317177,1.495640169601223,1.4704322492394704,-0.04765494788827423,0.09939057096129356,0.09524818598917667,-0.03306118389833468,0.18080874966037067,-0.8377427626722536,-0.4693582761632669,-0.5686979353659563,0.0050060228000393045,-0.00776127725839614,-0.006619285676872934,0.003460424350141871,-0.021176483600723724,0.07805750677040982,0.04156309298958229,0.05375749944761351,0.8302876786742587,0.7821531310914949,0.8357426505541937,0.8167002261484273,0.5015479534437743,0.4753890300986944,0.8074121354396324,0.49548338272091075
worldcover_00746,worldcover_00746,6,-0.48152736978302213,0.7292040162014236,0.7443593216664861,-0.019094955542999684,0.23988072784336165,2.39807262620858,4.515741526946364,4.106259870356521,-0.15472618703122593,0.06286742076987356,0.04414758251772994,-0.015723797766166524,-3.6872129390307182,3.7714568080163033,-1.4543371195907187,3.5628344836128205,0.09393359868320324,-0.006246720622112407,-0.0019429736323171287,0.00040898118289065856,0.0705946544916608,-0.7226516628637916,-0.2198543871656252,-0.773894701654503,-0.01174813826787548,-0.00012988393956963029,-0.0003717811119676786,0.0002151160510350968,0.051962328959387225,0.034700353035001075,0.055499719043316464,0.04752628521832386,0.4760473311048704,0.44835219366790524,0.4256480725908903,0.5682292038086755,0.8245999303915199,0.5602279093834001,0.7828115542409456,0.7373894003256655
worldcover_00747,worldcover_00747,6,-0.06742657447315178,0.24952630427750638,0.16601895473220105,-0.1801370580991124,-24.16326050374017,4.594968417166591,-18.186500609357832,6.181102551138338,-0.14364579799188026,-0.12274739462586592,-0.10425609246724173,-0.5231128631839659,-3.679324974567509,0.12379830881863958,-4.248067110378213,-0.3058787134653936,0.03964664661946095,0.03279891299301534,0.02909861082509482,0.15239871967406463,1.0499690208569523,-0.33818547153426076,0.9037801069369247,-0.2280266119486662,-0.002520553088951053,-0.002397335792957528,-0.0017561216208368848,-0.011250009967221128,-0.0886117935816298,0.05089317248871479,-0.052548075877570495,0.041727594336854266,0.7157683882770558,0.1795885963967584,0.37875000989180085,0.80203591890306,0.7303009075273998,0.21988978076158916,0.3208026041902875,0.15670233311693782
worldcover_00748,worldcover_00748,6,-0.1596439823457094,0.6773563957575593,0.681012731609922,-0.017269012179564388,-9.293776563112454,2.6723174541941592,-4.724475922837057,4.444680637369332,-0.01374200910562152,0.10047564809284507,0.10284467041492487,-0.014129724760081501,-7.1067841697748735,0.7165917031009519,-7.113849011320371,0.8913150414839189,-0.036222379187541974,-0.019426186105389636,-0.02290934143644401,0.0033737101563901485,0.3436980189799187,0.09838267152509288,0.9097708538770675,0.00017387692578106932,0.006701629594857795,0.0008029480173130275,0.0012720213695006026,-0.00034044516940761005,0.09008186202923993,-0.024023717052246384,0.010967660488442412,-0.012901098058063736,0.5154799256439784,0.49196279507455276,0.43559781786220764,0.51350366128686,0.9349150043849019,0.4485924979543585,0.8517246540153076,0.48937984792606415
worldcover_00749,worldcover_00749,6,-0.1555163660873598,0.6142566827210515,0.6104962482596888,-0.04511559641722482,-13.53769248444231,2.070111710790895,-10.588479961284255,3.221703707991308,0.4238829418491664,0.20417954737231775,0.2088952014843619,-0.013894441552341862,-0.8957879081508298,-0.102300292981614,0.05388066442696249,-0.1258172510654054,-0.19240340286864002,-0.05777066249351981,-0.061996967568025925,0.008497049586516819,-0.589183948981891,0.29354599645580026,-0.5641653628463037,0.3987225181297867,0.02063915029771987,0.004728138898358191,0.005255958347609551,-0.0010242797105074533,0.10197408859661711,-0.039518143114087106,0.07912391605362877,-0.05340005979918427,0.6398274240324262,0.8616210417658595,0.8557777628276098,0.5730714682799865,0.585958575095352,0.5054365538081529,0.5518775678967995,0.5993897051018948
