sample_id,group_id,class,EVI_a0,LSWI_a0,NDMI_a0,NDVI_a0,VH_db_a0,VV_VH_ratio_a0,VV_db_a0,VV_minus_VH_db_a0,EVI_a1,LSWI_a1,NDMI_a1,NDVI_a1,VH_db_a1,VV_VH_ratio_a1,VV_db_a1,VV_minus_VH_db_a1,EVI_a2,LSWI_a2,NDMI_a2,NDVI_a2,VH_db_a2,VV_VH_ratio_a2,VV_db_a2,VV_minus_VH_db_a2,EVI_a3,LSWI_a3,NDMI_a3,NDVI_a3,VH_db_a3,VV_VH_ratio_a3,VV_db_a3,VV_minus_VH_db_a3,EVI_r2,LSWI_r2,NDMI_r2,NDVI_r2,VH_db_r2,VV_VH_ratio_r2,VV_db_r2,VV_minus_VH_db_r2
hardneg_00000,hardneg_00000,2,0.017404483924662838,0.41114286220434887,0.32598546282811536,0.029834432245204347,-15.161499120982437,4.294176694690262,-9.523491153177913,6.32458955836717,0.3153206873335494,-0.0940172818918074,-0.2306709856031426,0.47443392012445657,-0.11582805977327776,0.1267951668616287,0.46053568324134,0.14422776126165657,-0.0513496412564427,0.050342436460576526,0.07999936218708098,-0.0758845621792526,-0.1390353864567442,-0.10734012923601775,-0.2935362055968685,-0.12188889727549887,0.0017427629634196998,-0.005513861963544231,-0.007520694887698295,0.0027788232334635403,0.022339454803005036,0.01104990108660254,0.0320906788624209,0.01263496355779061,0.8372161806697112,0.16385407366756144,0.26653179532051896,0.9226923276320662,0.4249232940869526,0.6051367005487237,0.4372652358086454,0.6174739203893064
hardneg_00001,hardneg_00001,2,-0.010422324979526006,0.26504871418530257,0.2104008852532411,0.07008685792485896,-15.930914737109244,2.9172197884515065,-10.728185168219847,4.685532578684949,0.46051490761504743,0.06125075509402121,-0.08231420945080485,0.47847469289979216,0.4825621016605898,0.7383986386251352,0.8852251948026615,0.8971817030921946,-0.10396912255323398,0.016278887569231102,0.04194579008982813,-0.0789990866822854,-0.22926707499441487,-0.17901345549683806,-0.2872655337363124,-0.21495985044954471,0.0063960028085883296,-0.003396029081995221,-0.004646238203000546,0.002731694736414472,0.020208686516640643,0.015251358040238458,0.023985660104052023,0.017954854063198123,0.8445002926097467,0.3160496261872633,0.1133099759922912,0.9373693198432225,0.46929474572106267,0.8306500344991429,0.25788273299283326,0.8690599435750781
hardneg_00002,hardneg_00002,2,0.044526804847642265,0.4048780753757002,0.3938749950717784,0.03539686187198682,-17.38880415313507,4.851362362371997,-10.50594785862386,6.829727473265558,0.06717404952741143,-0.2207853493413747,-0.39786171885059335,0.20562435263797413,-0.20747463684989217,-1.714346044942601,-1.6442754597508387,-1.5136723823307086,0.003750475302690643,0.0918644576724536,0.12488746540459626,-0.006370636340214615,0.07405885113010335,1.0521774344017754,0.8294133887749231,0.8661076638042848,-0.0015289965580597904,-0.00899141967635262,-0.010829684639707038,-0.002149605032319972,-0.005991407989020285,-0.11644202744115775,-0.08489762995712434,-0.09381253729902565,0.7419508265812247,0.2544155337331716,0.4265771549243401,0.8540480991980183,0.09668934199367174,0.8804144703588566,0.8074941784860346,0.8535662884863267
hardneg_00003,hardneg_00003,2,0.05301764398786072,0.5700588966860902,0.48033181826273474,0.05663871844158049,-14.855138733255906,1.984518800368831,-11.141213715256688,3.201727489182394,0.1859445934812651,-0.3732560863570552,-0.4188435092450124,0.276595717473399,0.42581155671990945,1.517872584799948,1.7398386570607505,2.0421896778487563,-0.0004106767649715866,0.14385869610425697,0.14222839536766194,-0.005992797433168829,-0.15666953396059366,-0.26067121960593,-0.37317894072862734,-0.36951166977408006,-0.002866145306929208,-0.013130253877001574,-0.012470606921447639,-0.0033014121493606906,0.013717658472245394,0.010927524773948363,0.022293457341892947,0.017789351777779308,0.9441174317057083,0.4939599157485871,0.4310348638056597,0.9576045873049173,0.2875804185618305,0.6209728703550494,0.8097995426604845,0.7079987986194703
hardneg_00004,hardneg_00004,2,0.22066228393141873,0.6472885635766112,0.5306763206467475,0.2865138907324189,-12.155455903834495,6.488881930392011,-6.863806515431221,8.030452137129636,0.20363546350670075,-0.08938818803382317,-0.22932754214557374,0.37005251657868105,-0.023881485356287542,-1.3905190730953054,2.1369172657340854,-0.9868040450096484,-0.054299143211183024,0.022508942880929902,0.05647502547670239,-0.075758941987634,0.20815700579773785,0.25399444299444346,-0.5748240829060706,0.1514024138436622,0.0037755629622578018,-0.00223508763192881,-0.004464802567404936,0.004439009710995821,-0.032716566056849104,-0.012043418685807501,0.039841422186729446,-0.004286722002065414,0.7644392878116197,0.4914795354608842,0.63390071594923,0.8972796104545978,0.9510210042184638,0.6258227605349815,0.8966730469653936,0.5949825484296414
hardneg_00005,hardneg_00005,2,0.03561509230507541,0.3780379448876232,0.30672886403221,0.045081706209617455,-14.098273298123578,2.460205978142007,-9.547229546150497,4.021687673592914,0.3453018835152693,-0.05782489348498571,-0.19429919957404998,0.4716109334239877,0.17975093261429,1.5100724283364417,0.7648267174060122,1.8972562919415814,-0.059181791270103846,0.04481712951288594,0.07243447523418957,-0.07470933460828014,-0.3759289772520542,-0.39719434463564607,-0.317325429338541,-0.5046619138531891,0.0023390961252632634,-0.00530967936672346,-0.006974551939603054,0.002554166873898154,0.048432345561747414,0.02991707020641882,0.026697222426898565,0.03872013749100592,0.8466860734297053,0.20846050817017914,0.19752832950892518,0.9192807951536606,0.7768661585856199,0.5410411354168766,0.6490995303380778,0.6159409522248851
hardneg_00006,hardneg_00006,2,-0.014785595723271068,0.4875075112689617,0.433264710234872,-0.016931840980594543,-15.94852094343886,3.526690709166945,-10.593328175012614,5.394165052451749,0.33506772835167764,-0.146147128904149,-0.28051008130349714,0.5202526907540022,-0.40448988930702934,1.148759938627064,1.1537006040041367,1.1555274975757637,-0.037202592020556424,0.08271237860284578,0.10507276942913135,-0.07788655437625824,0.012758797828635315,-0.38288380435363595,-0.5152182726158614,-0.37341787290687384,-0.000850981919853353,-0.009754466457348883,-0.01063770217576412,0.001659642208856745,0.004817560035151869,0.03339705097360716,0.050751963904715085,0.03237756991251734,0.9048440140557765,0.36185773574161006,0.3734528484550603,0.9410394586250197,0.5005864996523852,0.30150738443500713,0.6845537431789693,0.26543687271048
hardneg_00007,hardneg_00007,2,0.06083034155348065,-0.08458269232263145,-0.24356468891104052,0.19126631635608118,-15.006371846139027,3.028123942445419,-10.095678255787638,4.76642532076774,0.20053704173942044,0.253924809448007,0.21456691437947822,0.2736809114142069,-0.419292880933608,0.524245997427447,0.6465463959792255,0.8948933206178019,-0.002682920685312067,0.0020585093824636944,-0.0006819780516836575,-0.010985104133298415,0.1812695642820745,-0.03540547466233322,-0.07318541368700758,-0.16762147246767153,-0.0033610377369529755,-0.0045759501453075235,-0.003693959934429998,-0.0032073237528704598,-0.0179934976559091,-0.004197583862936597,-0.0017367672929148078,0.007636056495945887,0.9118535198145924,0.8997292512886212,0.9012959919482392,0.899894589355788,0.11306202000406573,0.46753822965385317,0.5062785648090382,0.5429295296854131
hardneg_00008,hardneg_00008,2,-0.030763343876032318,0.3929837088693266,0.3242438569890723,-0.006774596700613242,-17.58336674013976,3.6752233667234515,-11.936824054823866,5.633751854659213,0.40536599953511226,-0.08355554345522104,-0.22178403638480618,0.5633874878967323,1.1552239615216344,-0.33487037432263,0.7857407592035157,-0.31894612340413836,-0.08611657411658302,0.04419018909762497,0.07345426017902303,-0.11418102132519332,-0.5371205963249344,0.13446055039818397,-0.38763393532569623,0.1199025640403158,0.005026471163429724,-0.005090473525489526,-0.006970240409965767,0.006610183901332235,0.050448627048565294,-0.012317449455255976,0.036621808847891325,-0.010627120121905826,0.8472205752073435,0.129390652534077,0.269308901168685,0.9357394913739168,0.7896988616384489,0.07175186031868741,0.7317921471714812,0.040998870831706835
hardneg_00009,hardneg_00009,2,-0.018286593977468568,0.42160696423414934,0.37156386188033774,0.010338873235565793,-16.427850394485855,2.5949666811620045,-12.458436305011395,4.330833084311733,0.3987380693031466,-0.047474347173221264,-0.21259846093340004,0.533555987601478,1.3514611768548772,1.7408077139652325,3.147038475456069,1.8365014598657399,-0.08778382756142206,0.02152291944984229,0.06111797005405795,-0.10301892509385607,-0.6773766465861593,-0.39782298302036007,-1.0415758437747233,-0.4042654522230926,0.0048917248845870625,-0.0030322921170730754,-0.005858898350987769,0.005317767969135076,0.06832417548011234,0.026343847206576287,0.0912498799034116,0.02616914935397728,0.8252372919971109,0.3144322885963715,0.5291206535826225,0.8642305088782798,0.7057254045417416,0.728138864191252,0.7942565795502157,0.7577899597760808
hardneg_00010,hardneg_00010,2,0.024487788381695554,0.4783728754881648,0.41489623915968393,0.013541322878816665,-16.935671085942758,2.5790427402255998,-11.66775719711629,4.245280624329747,0.34009272788969847,-0.12275942627872674,-0.27857981243776797,0.5032994091096843,0.2806639687649803,0.9024394022321247,0.8429700259700437,1.0304993488853877,-0.0557008136248821,0.05494845221504492,0.09288884613872586,-0.08603964554089472,-0.4104306760359107,0.0688131425033521,-0.2981182824921255,0.037043719400418514,0.0019425951049541936,-0.005775939898960511,-0.008517406165900845,0.003576805100145956,0.05455691261495337,-0.024272410118169045,0.02786198857886911,-0.021444151217372375,0.8479233195290994,0.13792240226728436,0.3028193667862773,0.9325178003585428,0.7068466728901532,0.7566951583445737,0.28771033046074757,0.7631968542317603
hardneg_00011,hardneg_00011,2,-0.0046188466266481485,0.4390497979792677,0.3688575535109541,-0.005671451827791985,-16.461130894744848,4.354811624268158,-11.203375638378757,6.332708837909508,0.4371173758453987,-0.05933697279247008,-0.1944411541852682,0.5646175685678673,1.6624845957432164,-1.5691849365934034,0.7649013168697761,-1.6890019633813487,-0.09718533945106539,0.03274761526583335,0.05869009604604982,-0.11455837422699618,-0.7537916605622565,0.6123140827510969,-0.2714889555029582,0.6549412725891263,0.006169597433663763,-0.00393481031436511,-0.005394146316731817,0.0066386638679588545,0.07242844107822097,-0.05548157054840022,0.024439928858985438,-0.05925583125807517,0.8574411528366653,0.16987386232128499,0.3527911541995312,0.9282174881851699,0.6983144463133408,0.5044894007478469,0.5201872470862214,0.5419154382985845
hardneg_00012,hardneg_00012,2,-0.03679389233349328,0.45315942664941106,0.39788337312920885,-0.018312756056811662,-16.58093017522747,3.112164891401151,-11.50965798975257,4.944809511986156,0.4655408057478145,-0.058578597056487186,-0.21976396868870154,0.6170282039628722,-0.04215846536337601,0.43650339697703844,0.025897597599291992,0.3171138004436268,-0.1040828847197193,0.031506397450963695,0.0666838423953718,-0.13162405761886056,-0.07391985368334769,-0.01544890225818428,0.08879022861334496,0.05226461108867907,0.006261176186817534,-0.0042345410005913894,-0.006450494924193306,0.007959181325265532,0.010222690781558172,-0.005663030079405266,-0.014763598798541427,-0.012654455827011515,0.8517613024233375,0.30440648839301065,0.407465312661097,0.9321951859094202,0.05968367055327428,0.28751838463370005,0.4906566233103593,0.27785810682273615
hardneg_00013,hardneg_00013,2,0.007844222285710769,0.3052250205567385,0.2875566270315281,0.033119608055462185,-13.803335059837964,2.507353302670875,-10.03208862014498,3.788257928535426,0.3676019994965087,-0.002251128606971273,-0.1709699383567246,0.5070008413186142,0.04015543996846275,0.5402277751738416,1.262355465279346,1.2061312332311904,-0.07317491245374005,0.030814304099180383,0.06315612302714094,-0.0915978510271418,-0.22861961754620605,0.01589492799256785,-0.3903200460279189,-0.16253314555051593,0.0036833514676086533,-0.004263134367500598,-0.00611402282510141,0.004130770612244646,0.027078626611926213,-0.008185789889739932,0.03262754742983989,0.006039848796519634,0.8516762813667652,0.22684349674593673,0.13386120135328328,0.9435804865325192,0.7439682289148286,0.6819521306617709,0.49187992023339266,0.7267804295350282
hardneg_00014,hardneg_00014,2,0.006397523213829123,0.558274030233874,0.49856182865121024,0.018109030795820925,-15.748005674641409,4.154437744320553,-10.92138130237746,6.216481183284564,0.371641824269925,-0.20412397656648834,-0.3462724996996767,0.49637710267589125,0.1756023405555538,-0.41076981776530186,0.8945785136029405,-0.5680687080603579,-0.07117700738656312,0.07525461405773695,0.10731082035881725,-0.08691681518312123,-0.2680549095655422,0.29345788124505723,-0.33281353877935,0.33733445860364975,0.0032007311263079954,-0.00779486620667005,-0.009894742122427974,0.003587307577783398,0.03231183182466737,-0.034123724579424995,0.0313534715426189,-0.03726595898862429,0.8444393303891835,0.38683919616590456,0.5256600749794444,0.9164973342048326,0.5616456881501176,0.40262573628166654,0.13527046022175004,0.4291292497861716
hardneg_00015,hardneg_00015,2,0.033471465072160596,0.5607420896941955,0.5076594160813265,0.019390077019732332,-16.48186203930729,3.5159130249752026,-11.325325084145682,5.491670965699646,0.3609199204406067,-0.2139409880730364,-0.3760032094423721,0.5495015726764751,0.321314784569451,0.18168945615444174,1.0105855707014337,0.02100416087346766,-0.07290664862822747,0.08096805732955274,0.12008735401257532,-0.10891155871961775,0.026361750586344355,0.06851630716958723,-0.12275691941200796,0.1253887500265892,0.0040509834975430824,-0.007882038724016063,-0.010666386214922163,0.0062711233687069495,-0.012782407795250111,-0.011345289331651364,-0.00040152232336566494,-0.016038645672325585,0.8585241417845908,0.15009843684066615,0.3355689389733284,0.9398067056827349,0.6190944732846768,0.2981086243007598,0.9445073576876362,0.33742412787722664
hardneg_00016,hardneg_00016,2,0.045092194657702936,0.5499377589334137,0.4777590901111104,0.038380377897711475,-11.577400620224578,6.138563460913086,-3.787338075196809,7.893909039547121,0.3121080878918323,-0.15060001174135812,-0.29544988073526823,0.47416909293286313,3.1819217680429173,0.4216353554155284,0.9495821847166104,0.2278246610808115,-0.05942174335659021,0.03919894654642454,0.07795441016812854,-0.09186542653418193,-1.0709133018005843,-0.30371984338831604,-0.048103497916701134,-0.18163101599613507,0.002745537661441385,-0.003172169279570536,-0.006157575871306233,0.004576418699339174,0.09302192360300265,0.043124832273220115,-0.008695116431450472,0.025649929946516124,0.9516929242400936,0.3559847248904986,0.6016384694449903,0.9796387691297311,0.4865885658374347,0.40893111508476976,0.18334298275068717,0.3192737394539874
hardneg_00017,hardneg_00017,2,0.044415305529455544,-0.16852983471118993,-0.30266373446493405,0.19313333928585044,-14.69182670823037,2.7169487845965716,-10.083095480083829,4.42636034178017,0.24414913460426113,0.32845330297473846,0.28768957849769333,0.30704222938844106,-1.573227229715267,2.3085571401843494,1.2960730598019239,2.6625139007308585,-0.03111643767665454,-0.0199480364784533,-0.026635747064243563,-0.03072394856384813,0.620472853222471,-0.547381742507468,-0.20391247262816684,-0.6778988073669658,-0.00036095839717490834,-0.0032425044913484686,-0.0017003447494723682,-0.0013027265667915437,-0.06054025950504393,0.03163176260775336,0.0002834559179149028,0.04343915191313375,0.8659210999201822,0.8704579491727209,0.8757199830665809,0.8438764176941161,0.6299440061129671,0.7229564707048262,0.7474764322935324,0.7383613222015022
hardneg_00018,hardneg_00018,2,0.03183137310058266,0.3557757523023715,0.28033823294169885,0.043708106672222954,-16.014572306354882,3.5188735002061793,-11.014141843637661,5.452091628047667,0.32977433420844743,-0.08533856225392138,-0.1987309969133795,0.4886602573392402,-1.0083110686208991,-0.3234043744777112,-0.8928988981157733,-0.3167681831581374,-0.05908962919717987,0.054292980113844834,0.07472884482442033,-0.08605040069588836,0.14687144363320767,0.2443840468501016,0.27532948869609036,0.24185394319152587,0.002605723875436146,-0.006185103019680642,-0.007281625398782767,0.003962552927509692,-0.0047354126639431,-0.027417250070836497,-0.024237106306063683,-0.026936814459332187,0.8297108382496688,0.19278919713743214,0.19192200855390185,0.9382214072246522,0.7727687038331061,0.515226583284911,0.6221043911896831,0.5381829817851826
hardneg_00019,hardneg_00019,2,0.10226834158176548,0.38173003291541824,0.29044374688105085,0.11590512458122193,-15.553758496055487,5.124223539688574,-8.780763835111253,7.1142045070350886,0.24557184231933926,-0.10239026069434129,-0.19090137678006305,0.4105223971936432,1.9062191177931291,-1.2878348542792997,0.6920014430299638,-1.2867087852790566,-0.039504250367213375,0.059439198177477205,0.06980269089405669,-0.06632799613269366,-0.5658234948005378,0.4540311769677131,-0.1962482267753286,0.4552983372568771,0.001453237280629063,-0.006171696666496427,-0.006274314616063631,0.0026333147678712344,0.041795294266758626,-0.0417155565591595,0.012704571936444536,-0.04187103672473341,0.8448161165422712,0.27282960864038763,0.16088868304255421,0.9531839812475873,0.8966671704861825,0.681831973272681,0.7429505497218508,0.6984630814537769
hardneg_00020,hardneg_00020,2,0.015400849858932994,0.4057751418740454,0.33818872431010844,0.002705270593817955,-19.00225819165884,3.847760142620898,-12.75398764600214,5.840801893304602,0.3483331019634616,-0.12229874769654364,-0.2391724468223624,0.5286753350307062,0.4749240389425887,0.0293393157678954,-0.25258583466580165,-0.1384647055134901,-0.05548596143415303,0.06772010905307292,0.08856239478664207,-0.09398061117697569,-0.19924539469074642,-0.008138069500643767,0.0586883231877277,0.0456423495712148,0.0014556453662500255,-0.007692025552240355,-0.008633141245956367,0.0038744508467539263,0.01698130405918019,-6.276041703389494e-05,-0.00435543546773945,-0.004484402211662095,0.8850207582577356,0.23865842340720822,0.2560088677892042,0.9309253496732747,0.21655822810942205,0.018313487578470178,0.3380712179596115,0.010457139448053598
hardneg_00021,hardneg_00021,2,0.04645345939412363,0.2554416855176288,0.18611817287676186,0.15292615940173493,-13.191707884416623,3.3554622250249113,-8.068252564124602,5.296342774320533,0.2888966173696317,-0.024492540352401216,-0.14513217101967502,0.3635038463250985,-0.5310101705804202,0.43617444393808563,0.648117793080083,0.4378873431706999,-0.04028987647471929,0.05524521720196526,0.07448132774788584,-0.03991665052516122,0.14758274839112676,0.15616031082745213,-0.0750729827326186,0.12141952258458963,0.0005016916609257879,-0.006961317732930193,-0.007910715660663575,-0.0006304105950726393,-0.013583050992708774,-0.031079898088062764,-0.004670508937213697,-0.026541289272646866,0.8577853364408836,0.4479229502336276,0.24841346717512613,0.914402584451241,0.06544583471016385,0.4089149032909998,0.42934466539113003,0.4096287992732973
hardneg_00022,hardneg_00022,2,0.05129283981603765,0.5341860516504799,0.4625980790817362,0.042683506102273526,-16.069844108036076,2.926388504811594,-11.716028501688884,4.6294352609253,0.25537471539422246,-0.23996730317317258,-0.3563318878767028,0.40486304118992733,1.5072538811780736,0.16394475051113178,2.5737479312835863,0.4487900789590292,-0.03297273870044436,0.09326698629032346,0.11460291157230662,-0.05289361538825084,-0.6808046234051952,0.310368382498659,-0.6631667797226609,0.2282632841659162,0.00022618196944098202,-0.008757584502525404,-0.010056652354471611,0.0008503172283220679,0.06962977942325657,-0.04744458788113864,0.04592901106720712,-0.04106041755007161,0.9111771840954074,0.18853063488494903,0.2838514625754024,0.9592004488224871,0.7027398242885109,0.864553404608163,0.7211326579726897,0.9063885686900345
hardneg_00023,hardneg_00023,2,0.060119811689424665,0.3273698116342222,0.30899728473388705,0.049240608558510646,-14.989504422518666,4.097258009718681,-9.37007267005601,6.152168591149452,0.3172649521280376,-0.111478348565657,-0.22384180116748012,0.4793924960115592,-0.1942953650714927,0.8371034340993714,0.5401767378780311,0.6988799434405221,-0.0479121215717074,0.06901955426049726,0.08382742845521861,-0.08309600618365506,-0.03712930387793937,-0.21120133951985565,-0.1706211760163808,-0.1677128933056208,0.0012414287319562518,-0.007152079268255171,-0.0075566178620463725,0.004083663977757837,0.007304133573965526,0.011982312011553383,0.011553557072936817,0.008440360717038227,0.9328647408472863,0.4821982868209993,0.2545117380781051,0.9805406509787977,0.34992847337322286,0.48258036371891655,0.5442507481405627,0.47621543836795066
hardneg_00024,hardneg_00024,2,0.09017019065296372,0.4312261063041097,0.42558268254453363,0.05447653906815017,-14.400759230929719,2.655088607070384,-9.941640685800783,4.332383750704829,0.24735714395225486,-0.1644630424737449,-0.3499599223335571,0.4627734507241889,0.4081001048905573,1.8222252196993272,2.153566419375712,2.166789024219522,-0.025508707621753644,0.10142915765654073,0.14080909542836129,-0.0666977176483059,-0.40166895975121186,-0.3701375185772532,-0.6895926976890184,-0.4852954120878415,-0.0005182595586468977,-0.010935372371941497,-0.013626812985449115,0.001980351867398828,0.049154141246434094,0.020909449973958834,0.057037637730989334,0.03141742066987851,0.8856507143739665,0.4864917913626653,0.3872494219447048,0.938731158760692,0.913258656613056,0.6793163732145042,0.7253481819981925,0.7415137059328116
hardneg_00025,hardneg_00025,2,0.04382864564086407,0.27061867804238343,0.1749015312472531,0.1455542445182805,-16.21874688067267,3.1048390939174637,-11.430832560297805,4.870356684842385,0.30636241212884313,0.19337531882855535,0.04660505090474229,0.3679071220140604,2.35522651866561,0.06907896802365279,2.7358869484560278,0.1424122094686293,-0.0577380348561617,-0.06286083355352452,-0.027426383401003993,-0.04810814453022808,-0.8214826422769381,0.029414455986119276,-0.9298836952516563,-0.005911561117126818,0.0022766656379787312,0.005293038720735379,0.002974907071223808,-0.00017823196119733453,0.07666364908782007,-0.006223827601786475,0.08313486052618335,-0.0028139114993599498,0.8290790624862414,0.29695417300313887,0.1315643243468433,0.9177576159753841,0.7408556389729817,0.08745626065314804,0.6860539824755589,0.05255077380037476
hardneg_00026,hardneg_00026,2,0.019978124444786017,0.3260773555798957,0.239341708633935,0.0709583902675101,-11.099988187955246,7.327311591882729,-1.9005955567997475,8.563339974590688,0.38415490614854475,-0.03393184528168661,-0.14842526024828295,0.42647981841767535,-1.3306082599705489,4.138237846242587,-0.15373134869240943,2.652055620650048,-0.056785694647293314,0.05822581101362126,0.07756879646532651,-0.05202114957816146,0.2661664715714017,-1.787285115972247,-0.3475920548072504,-1.1987791731519293,0.0007647102977157718,-0.008047400630370837,-0.008829704725719761,-0.0001550379839509516,-0.010054991748935904,0.1681615990443247,0.050079884304181,0.11544884395914103,0.8655501178205843,0.4635309265575557,0.3710264599520037,0.9092918582197507,0.6269803191953653,0.7393242894867875,0.7265029931528881,0.8057775716168931
hardneg_00027,hardneg_00027,2,0.024589664766059012,0.5973906200943564,0.5511043979363,0.015201063770237258,-16.893986948733936,4.055621123850104,-12.053402192770175,6.114071408760316,0.34436467307768215,-0.22669080390580063,-0.40788576562726203,0.5351141135370908,-0.32960731695517825,0.7990150477621587,0.8703992677950967,0.666758549246994,-0.059672153402880596,0.08116111821329693,0.12697896514555576,-0.0915676468572056,0.35015588588721547,-0.289386668424542,0.04689089060994406,-0.25266553915982215,0.0025698057755760063,-0.00732592585487197,-0.010784749543727039,0.004037149551540888,-0.04446024063246156,0.025911400968608157,-0.02159030610034413,0.02329355688026163,0.8902518145686025,0.13017520193391197,0.32819198128666016,0.943579857416095,0.7039864316935422,0.2129736538478887,0.8499567916130183,0.19757874162279065
hardneg_00028,hardneg_00028,2,0.0157886657208286,0.33220692114396516,0.28739380723599195,0.04113194583491991,-15.051588673554773,3.237571414704216,-10.227169789998122,5.194333804189663,0.4968099939333129,0.0632810982919873,-0.09403136050299035,0.5860012606791549,1.2355414517188592,1.1229618412423457,1.9991088858133883,1.1639547808983213,-0.11937522996759292,0.005926975117617451,0.03711704335687484,-0.12435839052646683,-0.5341443436090642,-0.2942641496411808,-0.5723480510885284,-0.3234083850098467,0.00769077359464609,-0.0023235949602994164,-0.004176992904206725,0.00712457628487937,0.04987948906229309,0.019552239812430094,0.03955194809648118,0.022923893314781965,0.8474906835046362,0.22738796350637258,0.19749653725532013,0.9546199427012726,0.9253468282942504,0.3607972380720508,0.7065897474323877,0.34311443836720346
hardneg_00029,hardneg_00029,2,0.05278783499989731,0.5031373650117795,0.4447471038861699,0.05150836265899979,-16.09846336241785,4.694954108126072,-8.21560984561069,6.731325757632245,0.24869247940821457,-0.24270963389518804,-0.3475409983879037,0.39322972761851427,0.13108313842652308,1.2021366195023764,0.04435624929287906,1.05803526940679,-0.016867721473015723,0.10364346464153966,0.1178874510675023,-0.041864717080866566,0.05324044848684584,-0.51186091770541,-0.09723361396297592,-0.47289047100910914,-0.0018346312928838409,-0.010049571850833324,-0.010586670515212143,-0.0005771570622620008,-0.00950950772774338,0.047594916811677046,0.007561816501268978,0.04496872390457236,0.9277191191842563,0.2801880454236564,0.30211784461726177,0.9624019349313321,0.15078202881841485,0.6043558073775105,0.7192025255646928,0.5964701894278683
hardneg_00030,hardneg_00030,2,0.1083684766286324,0.6019185596343241,0.5128182217930294,0.17270713412400465,-13.446130258584436,4.351680226210815,-7.286179593853556,6.390851817627201,0.23015144467428233,-0.065587918673243,-0.2195601324358627,0.3786748266882358,0.16106606713129407,2.2961732824913117,2.0504036101910446,1.969022201958198,-0.03978990096363105,0.003065496618613596,0.03848671663987943,-0.06363797110396531,0.15554708812616294,-0.9539000917674831,-0.5517011431386343,-0.8207059934454597,0.0013210751895188979,0.0009084818038073392,-0.001236785899358565,0.0029308950961238122,-0.0260880708828955,0.09509346229012602,0.03743781268467646,0.08165570040669688,0.7746178692385322,0.2570167636438434,0.5430781943881973,0.8717358149288041,0.5475853602863262,0.8800812290355624,0.592083795419351,0.8605331423658913
hardneg_00031,hardneg_00031,2,0.04115334474592162,0.4761183684070899,0.3810005278298337,0.06743297771070979,-16.96420887636421,2.9926398223257316,-11.65345822060469,4.840506840437175,0.3226994362892542,-0.21605327978937097,-0.27337365017996823,0.39672171212141427,0.9175396265788658,1.5199920961803088,1.7630477976084367,1.562858373423356,-0.03278484525055813,0.10704223979042747,0.1099654395149383,-0.047352271323854105,-0.12268316742364142,-0.5128550924634492,-0.4502312061246702,-0.5469947669803902,-0.0013806603973771556,-0.011204193216852017,-0.011007187417661301,5.123399273311898e-05,0.0032941159952019215,0.044646804938452814,0.03419157975181237,0.04918578207763597,0.8733467937651004,0.3219088861267476,0.2600197243440808,0.9613701651872276,0.7190382792889671,0.4403682885104332,0.8741406757961336,0.36272928391578385
hardneg_00032,hardneg_00032,2,0.08958971367697147,0.059912648390640616,-0.05300034924099781,0.20817513312354285,-15.688733232284513,4.4098769953473385,-9.347960899510115,6.365431663865671,0.3326564165483395,0.31861664183319477,0.21728771740555824,0.4224795142099965,1.23402519073271,-1.1793201777741444,-0.0733724274984408,-1.3175391128698883,-0.0743374625555006,-0.07112075549699505,-0.04906285280317407,-0.0843445969930974,-0.3114763427893247,0.35330290764471867,0.10664336631015975,0.40633311579381637,0.0040557254271143825,0.004109656080754099,0.0026372779264218164,0.00417549998471231,0.01995564737741024,-0.028360304528787898,-0.013691508553160904,-0.03304213947037081,0.8674642002135142,0.6720082905399167,0.6128700479191862,0.9735624288581803,0.6709156692745986,0.5542249751255461,0.5816334444802361,0.5037683678424529
hardneg_00033,hardneg_00033,2,0.057095189900377694,0.5600530997370222,0.5048705438772827,0.05530616629755945,-17.553750173200065,3.039226407773221,-12.261305986075023,4.947554221966775,0.3158022843776354,-0.19836204889274722,-0.3579435519992351,0.5020925893137845,0.20914760024165902,0.7211917072704869,0.974211410084823,0.5963064835430266,-0.05253270076728638,0.06863252294463504,0.111164072439784,-0.09101108330991346,0.13275229028048993,-0.13315336952432424,-0.05023242878796865,-0.08487452130674986,0.0019629839362810923,-0.006367238520672823,-0.009687658813264634,0.004449425039417804,-0.022556515334192336,0.0070856615184480675,-0.009754142764842886,0.0030944406397071574,0.8735465661031209,0.1380772678859652,0.3605889408111145,0.9357291329285224,0.7085898987991748,0.373689044473812,0.9029287103601525,0.49192872875096594
hardneg_00034,hardneg_00034,2,0.2015108816617407,0.5384761609814379,0.4372441827347782,0.32344623135797923,-13.776736881123968,6.674866889222349,-5.775413946880376,8.156415143895412,0.12129126000340643,-0.08893260868295763,-0.20158745212450838,0.26336492314225085,2.6548720257455964,2.953436825580805,2.981949035525767,2.1499774863681553,-0.024956996293018844,0.00831837387699063,0.03568444402638447,-0.051530924452331525,-0.6116712072075031,-1.297955340736254,-0.9872297381802718,-0.9669599249616886,0.0013085430410633109,0.0004202743070294208,-0.0014280567717070483,0.002969771172061102,0.037338838602912185,0.12446747531926368,0.08510674213232677,0.09363310555602632,0.8870609715463681,0.6392432301489982,0.821783254189032,0.9700319437490997,0.8753403060999757,0.7246862643299278,0.5133674869161127,0.7263172717826648
hardneg_00035,hardneg_00035,2,0.07996966457456561,0.3801948784878754,0.2893444733186194,0.09975889257409434,-15.193462562834167,5.902930999571029,-7.812320359539082,7.737927322264922,0.2641647478906688,-0.09012614521715338,-0.17671697959303825,0.408878317014092,1.6430609745595888,-1.8838194534123638,-0.07367764638591508,-1.7550072802787104,-0.048938455839866196,0.04979701749819179,0.061176040141290876,-0.07243784939571883,-0.543839430396657,0.5740589811568545,0.058128870674453464,0.5419788749015925,0.0022878340331020184,-0.005218220103268672,-0.005547436179988313,0.0033560046418146575,0.045298706103572575,-0.046904791322214735,-0.01064077843057168,-0.04442834198463747,0.861491880832787,0.185550781808836,0.13604298278954208,0.9331250793014559,0.8344656701176465,0.8539084968291926,0.7679411108139804,0.8392278167271624
hardneg_00036,hardneg_00036,2,0.01980953193718793,0.4028107754208822,0.32693104084693947,0.032586667686701896,-14.219396994327017,3.4758656454061003,-9.598354116934187,5.421977352381264,0.38037916748517203,-0.0491732493161208,-0.18970750709847747,0.5133684061408509,-0.16411954720056615,0.5322356396393956,0.8505426404083861,0.6113020263246451,-0.0750017039958582,0.03160348948236412,0.0631063668565316,-0.09231027765643016,-0.2346548332968517,-0.15461147015001697,-0.47035125275445827,-0.1858543113777948,0.004161340022981027,-0.0034675756375295986,-0.005639574368192692,0.004434368055727738,0.03514947056869454,0.010163039796962134,0.04834762064522108,0.012673104574309329,0.8274379342785211,0.09563789266548539,0.14223225265732775,0.9331576923290701,0.7273758112459816,0.33623182331991097,0.7650562330578908,0.34366903033528484
hardneg_00037,hardneg_00037,2,0.0339044746895672,0.24003523001165095,0.13238570534370148,0.08915657177567538,-15.86968656494717,3.815415900976416,-10.126273948327345,5.801169136988405,0.22589385585903538,0.022102124693374577,-0.05721995097747651,0.3103557616058319,1.0121515529670113,-0.45452705972687857,0.03100310459561262,-0.566840092261933,-0.036251676123003874,0.02253986086325482,0.03248805159227168,-0.038303449927341256,-0.2397570219605675,0.22252507885071834,0.12341910977134851,0.27451899800853286,0.0007049045697589337,-0.00423914602383822,-0.004258662297606782,-0.00012439385884339125,0.016457779525375922,-0.02424403926829449,-0.017687716369936365,-0.029898141200862517,0.6922933888721914,0.4033364738386578,0.2982908299959096,0.9283468887643397,0.619550238454524,0.27336620137828305,0.6690568774871811,0.3025157889491973
hardneg_00038,hardneg_00038,2,0.031029424989332845,0.36058187439586087,0.31159965106935106,0.0795773001331271,-13.81728642030476,3.6558092337240864,-8.88276840149527,5.505368164202245,0.23428925796639832,-0.16393697288419443,-0.2851844414595567,0.2449628451750394,0.739718774579731,1.2330249348370084,2.2293474417636205,1.4286344613726631,-0.01925870068209928,0.0942035467682397,0.1120114377760267,0.01013380818036722,-0.2337098422228768,-0.31516335978891064,-0.6954108944928014,-0.40807828997223233,-0.0015588800849237036,-0.010192849334668025,-0.010957725496605189,-0.005413851277394727,0.019184139585277548,0.020976130659451277,0.05876653963099733,0.030259847246885227,0.9204036961378943,0.4191770968328399,0.34326892065815495,0.9699492761298596,0.161744135000923,0.21520685936961514,0.5507642696529331,0.25958036227022163
hardneg_00039,hardneg_00039,2,0.02584125361027982,0.43566206007292796,0.3860151777890588,0.04401345392971389,-16.978871107757,3.900970022779568,-10.11609562850572,5.894825103530606,0.37774427069197475,-0.021437629939072153,-0.19447653106458102,0.46021956400502256,1.3651398359361397,1.2776013160827147,1.5865461875348785,1.2937111625343807,-0.07557136657529388,0.004980576164149763,0.050784422036308736,-0.07024619088092919,-0.25150603883204486,-0.4808742914556476,-0.47093771055036165,-0.49145251303923676,0.0034875719576350863,-0.00046079248340444176,-0.0041674277604077815,0.0012952181877511878,0.012271108591207176,0.04354513524084637,0.03682102265927284,0.04481774947826696,0.8682766292520006,0.014726981101769065,0.25407327704095073,0.9605583851032019,0.6478994788436454,0.5566651920072239,0.5181235453814667,0.5226562734576501
hardneg_00040,hardneg_00040,4,0.08050852384672037,-0.15682436898350602,-0.21990163748462907,0.23232467291933218,-19.2570698419447,5.0166466961693486,-13.333273874797968,7.059094492145213,0.3109835161029623,0.4533653839210423,0.32572661715722173,0.35578918492510114,-0.2369795398107991,-0.49653074876563785,0.6613063493233172,-0.6830276564736261,-0.09026071598202619,-0.13179255964323147,-0.10168920847631614,-0.10362994141908935,-0.0018794287089061042,0.10848013328439329,-0.34966332694586494,0.16592251776856684,0.006649860431661111,0.009806720332966897,0.007962992828753247,0.007576851908004634,0.0025449481467536388,-0.009774646463645538,0.03370221130080987,-0.014405653904772615,0.7826337834433702,0.8117992112814021,0.807607332643967,0.8127637736500802,0.14157075249762396,0.4419458967065837,0.6583689420160606,0.3828664055896316
hardneg_00041,hardneg_00041,4,-0.08316866791182428,0.7996057486443787,0.7470677923834429,0.017358713839767483,-21.779636700491903,4.629904760033496,-16.081390807030797,6.733279815732892,0.14811706811245973,-0.8279304359374274,-0.9072062645998147,0.1828302192826952,4.082781356111142,1.5964670450338279,5.688085102487235,1.065961955093362,0.032958717232939985,0.2894625908400842,0.30016437476753793,0.02802295567169454,-0.934153418602578,-0.46942538957873714,-1.3975705401049354,-0.3155621888256499,-0.006618888505484581,-0.0263433961875059,-0.026702388176210002,-0.0064194116957786655,0.05811532503522873,0.03693600681738658,0.0980811368698419,0.02526214396860869,0.8656121943877471,0.8166735768905085,0.8278692035622846,0.9182812143911847,0.7048239310002316,0.19662777332628456,0.9913045311076873,0.14919245923019897
hardneg_00042,hardneg_00042,4,0.04486531678292034,0.17084615241566867,0.08759981396636282,0.09988445901509632,-23.818763772715894,5.358435723711047,-16.72622893146389,7.3423115362420495,0.42926239789217485,0.1252424042793873,0.01589876306169298,0.5213482204883805,3.6987790380311587,-0.8529755791834261,2.8995904139972386,-1.0147499356973746,-0.12048361112224758,-0.03432855858503792,-0.012513718583915298,-0.14297737316651754,-1.2119509235891626,0.2937885375063004,-0.889596024080597,0.34372076415915703,0.008827093424446097,0.0016205204601371273,0.0006049465849017168,0.01034401914086003,0.09894534694253586,-0.027988274702885358,0.06722479593390522,-0.031643722788862294,0.8494470473895931,0.4531026959991954,0.45176039296249504,0.9051593940201815,0.8879001586813945,0.16185348020082369,0.8355892390072797,0.21177504846829576
hardneg_00043,hardneg_00043,4,0.015914077805708034,0.337380133738571,0.24335167660010978,0.03368580883199565,-17.427641183990023,9.41503563737025,-8.544295825494896,9.801240265361244,0.18941045498639317,-0.20717529275469315,-0.20507354476666487,0.22161205219370914,-0.3628524777356463,0.08675117330709481,-0.17314599984491047,0.10764056448489155,-0.04613757598146849,0.048709769082130615,0.05012966875285228,-0.0621874780269153,0.21078533303487348,-0.825069945797035,-0.21107387253225107,-0.592659154426744,0.0028906580651693824,-0.004123115314716337,-0.004215290029109878,0.004718112110188507,-0.019902443991403146,0.11739555507186604,0.03691565967233924,0.08355586927902156,0.7657346441678473,0.7042956074349265,0.6730618001774038,0.6911109733191056,0.6262025073782865,0.8776029414593302,0.7017414387752063,0.8158914343082808
hardneg_00044,hardneg_00044,4,-0.02625728362408793,0.519753829096302,0.5129702710969868,0.0015671731494945535,-26.524541367190572,9.793097019785858,-16.5992440440988,9.991864038695432,0.46655247024714325,-0.18862787350302584,-0.3865975592255817,0.5533879512370303,5.637253393845189,-3.217075419789108,3.9907276920896098,-1.8131753918694693,-0.09417926729986145,0.07519525583043235,0.12072385630058308,-0.11213032335942007,-1.2700873431025315,0.5116096386242119,-1.191617013783339,0.2179756022032314,0.00473027254429224,-0.008138337821671452,-0.011239107665276579,0.005927014297504683,0.07397229809010121,-0.007130011389602771,0.09780924320327736,0.006094142542459544,0.89057073705386,0.3737918439311557,0.5149264726566807,0.9638735962318217,0.9919362300876647,0.8861352592006195,0.855095620677909,0.8977022324187516
hardneg_00045,hardneg_00045,4,0.03749258328035753,0.4401819507280976,0.4031183624809432,0.04332950818493511,-18.588565104690847,3.4114522073325624,-13.350352569712735,5.37355386641703,0.2797930289157763,-0.25017403515558323,-0.3695730748512433,0.32600911220328677,0.5085201127207365,0.236982718921022,1.4742587826326523,0.040364852837445175,-0.03325423328379985,0.1099744616519836,0.13178512055700975,-0.022160545338219425,-0.0789868111762709,0.04728330720246336,-0.24997436312371793,0.16099355944873772,-0.0002595724113831677,-0.010968276196055941,-0.012218450431269824,-0.0024474143436310223,0.0065503180396517275,-0.015207452552132333,0.006296066301148069,-0.029647550319389617,0.919205719838917,0.3534439476527863,0.3862987309093113,0.9679930015235653,0.6638441857904719,0.7124743485144889,0.6920180906482436,0.7738376611186075
hardneg_00046,hardneg_00046,4,0.040405588929391806,0.18974770199168794,0.0823070884992677,0.09951796563285796,-16.73174706317637,7.411624961779367,-7.764998082205035,8.910219424532624,0.1964335399172533,-0.01641407419764815,-0.09447924889594544,0.20109954825232873,0.7159285899752248,-2.8884871542872146,-1.7388927335786488,-2.6284559117682247,-0.02092698474368853,0.01485763633728549,0.03158229246868619,-0.012850062445902642,-0.3210064089310852,0.7119652716892805,0.2649891473201647,0.663326071797883,-0.00086897404117298,-0.0020247327935214057,-0.0029546490922156346,-0.0020825648774402384,0.03225855727059113,-0.05521494551331939,-0.01376696871462158,-0.053377901064272974,0.8789388658798307,0.20320535245031046,0.21496045906908667,0.9044407131775347,0.043430205217282025,0.7348902528872993,0.7426943510324258,0.6588927986021964
hardneg_00047,hardneg_00047,4,-0.08742402297068129,0.45682816252563824,0.4007165117019948,-0.029126015943333427,-18.954132003400094,6.945614203317611,-10.647452611546145,8.439682950825189,0.6061889288986886,-0.10198392346501282,-0.21904517962996395,0.6303975127918249,1.9380963195279692,-2.079218848002374,1.578694813241838,-1.6272771331838853,-0.13883465668075348,0.06047027062189256,0.07640027642064595,-0.1290613011582006,-0.45278864190781387,0.4821687393307201,-0.6464080447455018,0.34986951078751766,0.008301468186575341,-0.00737174572140881,-0.007705903428634908,0.006648786445947897,0.02915894352639175,-0.03243435070362545,0.06270366630471566,-0.02104481763300862,0.9289238801785057,0.301942811130548,0.3593481012220381,0.9567162704404999,0.6851619297446445,0.6918473221254644,0.7764745750421479,0.6104115273281785
hardneg_00048,hardneg_00048,4,-0.10213492567627504,0.48137953606518724,0.4309227109858469,-0.03563889869573419,-21.926829066854253,3.392273013517189,-15.895289478218096,5.303368369457154,0.483608479474083,-0.28538234608750424,-0.4152977485209694,0.3928990578204983,0.27247547520008686,0.2561792723235978,0.5200043076728025,0.31697495905948214,-0.0690051249672572,0.13107363848233378,0.1524799740933752,-0.027667102621650494,0.17684508099284502,-0.007374377335057334,0.07631954915651402,-0.01842950283868316,0.0008202635051890553,-0.013638046297310587,-0.014561831894697565,-0.0032633184079043235,-0.03045638350703824,-0.003105480363606121,-0.020366092061275064,-0.002510805983377771,0.9396829267543486,0.323944322577954,0.34107247922495154,0.9813081702788737,0.6760493890434042,0.63031188028563,0.8917510666905312,0.6508517074043043
hardneg_00049,hardneg_00049,4,0.06581220522320773,0.05483161420984747,-0.07113769391876139,0.1381443763772651,-15.18571048549208,5.807173716555153,-7.5177403411120425,7.6741694201149615,0.25423780755173553,0.16967720018019694,0.09265697495697674,0.2874422778804144,-1.4378807064579109,0.27956285813576315,-2.111283591965527,0.01068411182450134,-0.05947417521696694,-0.05009833578971799,-0.029188860571152907,-0.060436429012389256,0.3239485416099516,-0.32745064724214196,0.39717077348357455,-0.17151596877092481,0.003496591522302187,0.003761976976135753,0.0022438173352815885,0.0029732464916176152,-0.02239717286977293,0.04653831015718654,-0.01756044561292968,0.02630608869812615,0.9122914076461072,0.6245048448292844,0.5122466799433809,0.9077613724636115,0.16248636179215392,0.6653993101787486,0.45405458988173797,0.45931469630066335
hardneg_00050,hardneg_00050,4,0.057141010357893464,-0.011748773243390824,-0.08680776732437503,0.12225596674464015,-14.252105357950821,7.779614151759744,-3.790050784265737,9.042053037724829,0.34719751283074096,0.30293244173720624,0.1721870275805623,0.41764092415807663,0.6618279166984824,3.349275702398237,2.3385872227794144,1.2470089664691335,-0.09192210404879782,-0.09115927486611887,-0.053849105275683394,-0.10086645561701794,-0.3190962194627597,-1.8247307286837793,-1.3199977526865274,-0.7353675417933416,0.00618611846325849,0.006425837487584398,0.0037693434460746985,0.006095190541912807,0.028233376938728235,0.22092396064892864,0.14170705293847213,0.09001590484268084,0.8867096740839602,0.7645123728742156,0.6715426813568,0.9136341869812085,0.5333734031619934,0.8930722552903512,0.5914780287678233,0.7938097866032305
hardneg_00051,hardneg_00051,4,0.058304995830225644,0.3413147930846066,0.29851872383645023,0.09041847988511635,-22.261387265036234,6.314292417014349,-13.492492518482491,8.072209043237471,0.45517523683087835,-0.02563426087773006,-0.14655236635238833,0.45195331536824673,4.114343276386522,-2.7723985943303475,1.302479844118137,-2.5061133462933887,-0.1033686424685443,0.021463822137999786,0.04602640246956308,-0.08499914559321993,-1.2902550058257634,0.893724993240866,-0.5436730891168525,0.7907189138095511,0.00594433953510669,-0.0030117042437948324,-0.004515672408307739,0.003649146531266393,0.10258710939917061,-0.07751139516100823,0.0497811052239319,-0.06727257559816593,0.6324257504184558,0.1407377743823277,0.2739215788844689,0.7491492651610572,0.8005758546807908,0.4928257051661006,0.39415588207615093,0.47094538148713017
hardneg_00052,hardneg_00052,4,0.05604928165971113,0.30684880641373685,0.2774259765265558,0.08458492927479026,-19.21358904133785,4.2165776663363745,-10.248418629949354,6.489930288555504,0.28953520446021314,-0.011192918474239047,-0.13703283125032015,0.3250112381009826,2.26644425674543,3.077227451586722,2.4363404108637274,1.9380383031774067,-0.03591527897493157,0.03391589015496505,0.05301126328929938,-0.03164523746415125,-0.503417286697935,-1.5501184018761476,-1.1487085822741274,-1.0409940614647082,-0.00047029239250106814,-0.00490606352310591,-0.00558045940153828,-0.0015966887726928344,0.024218127718611728,0.18031480419372325,0.1179449246097418,0.1217559393310184,0.8908355622724581,0.32974191821841636,0.2754105492598049,0.9555004222144003,0.6610137244244059,0.8822485342662992,0.5538214033951421,0.7570600408028639
hardneg_00053,hardneg_00053,4,-0.03070775750836264,0.4433054290711877,0.43266517352877193,-0.04246601781271329,-18.540388532637778,4.545617739734148,-12.580081352249836,6.416512313227965,0.6141971287242031,-0.02769104716560253,-0.18002512799723758,0.7433005822896345,1.1813982841217308,-0.005462517498938738,1.9501535342676741,0.12077266216137397,-0.16928184074009497,0.026446821278937077,0.058311501993632525,-0.21081278525954025,-0.38594736705722926,-0.029765144043598042,-0.6595217824924352,-0.06964093262055421,0.01225011865930318,-0.004466355209135373,-0.006267747851182731,0.01628306548045286,0.031386427858554264,0.008738022065496625,0.06225261584029582,0.011599820928007775,0.786585938955719,0.298880460315605,0.3441364016641273,0.888388728436062,0.4140798788835778,0.20618059591608606,0.5772634830175913,0.23456639864766315
hardneg_00054,hardneg_00054,4,-0.18977931597877734,0.6096629229458878,0.6118775120738763,-0.03872385542049454,-23.9237743127229,6.308494006586013,-15.028582671593206,7.826125597555273,0.5481493409250957,-0.3887558282160797,-0.5648849027320018,0.4821630033649613,1.177071143107575,2.264228446883819,1.5717500449729291,1.3329174801565542,-0.09653490101204154,0.14928789186650201,0.18470033333390862,-0.07493554579811675,0.4895559032299042,-1.3837004909823662,-0.1485074134601008,-0.8591385993445021,0.003831147709884019,-0.015147769009939041,-0.017196429963929165,0.0021870944724239343,-0.10361984898383156,0.1681469770523968,-0.014217127210672396,0.10501281745025752,0.8751693462003882,0.40926232090772374,0.5204146398164247,0.959243874115723,0.9006110477774014,0.7588150226647196,0.5986509348561043,0.750428387653856
hardneg_00055,hardneg_00055,4,0.06646611717052106,-0.1833214217966246,-0.24807678129185257,0.23125484314831857,-20.34707602795108,6.789387323545741,-12.470744948704406,8.398145342672043,0.3343199984045638,0.4200960239247658,0.29824197487462045,0.4181188773068159,3.00818870588342,-0.5995685766089656,2.5881000458252412,-0.7747650196958774,-0.09439721952551977,-0.12565408417253496,-0.09257471412258987,-0.12518004492505785,-1.0667029416200207,-0.23732055820927686,-1.1252984510526383,-0.04341321258605601,0.006756627988451388,0.009194894515053174,0.006957928396084079,0.009337934731232992,0.08002499248600878,0.05360223254854877,0.10242656553533006,0.025676236118686517,0.8413339929289003,0.8473480684124967,0.8234749468476519,0.9124680443170043,0.887826801755176,0.8289501449937127,0.787678762318094,0.7928253059274817
hardneg_00056,hardneg_00056,4,-0.20812726587383087,0.8019533024141283,0.8389351693066682,-0.16660744576912292,-25.598607816288585,7.306312843056946,-15.201828180896003,8.512967975715691,0.6954399624375233,0.08693326036963162,-0.1287312474515701,0.6895089952925586,8.7342136421464,0.6931857839321205,7.292819624507142,1.0229326968870636,-0.16426196706751778,-0.06804094491808702,-0.01933569544966617,-0.14807457203353866,-2.1912042502508116,-0.9029942830827256,-2.2907125270417468,-0.9201366674551856,0.01006679436898755,0.0052916480585782225,0.0021702047399800406,0.008209184102591728,0.1497816761172539,0.11575808881070222,0.18540973636891625,0.11057210155436459,0.7685771920230803,0.9147409498372427,0.9413522244134391,0.7468256495714107,0.9086125155806364,0.8083879945130719,0.7544571376375486,0.7646972691343314
hardneg_00057,hardneg_00057,4,-0.0037793297842112165,0.5198305526917624,0.4578628237500323,0.02399315227839241,-21.41532027751797,44.89457561566172,-3.410322230969708,16.597524263126445,0.439596897455895,-0.2348308042283093,-0.36862027979204515,0.5683671058495587,3.3565982281635627,-16.491306145071057,-1.5544900283103855,-4.778336150251543,-0.1310507251950178,0.044531807222794616,0.08040461657383344,-0.16801670899219548,-1.2194752087241505,0.3991403121435934,0.05406304753639069,1.1042352531460966,0.010225211807689477,-0.00349873296841226,-0.0060339509744686244,0.013167832319558844,0.1009689700992363,0.4032164142524677,0.015945175223579716,-0.05305886428807529,0.9176485209573106,0.6837599718586749,0.7610555380546337,0.9465141174652546,0.7005381685880752,0.8159771128653835,0.3096297821780871,0.7980010561251226
hardneg_00058,hardneg_00058,4,-0.015335444190413328,0.29944834248586083,0.2879730328691718,0.010686126622287394,-21.12303951736553,5.1954148211038005,-13.015492706135397,7.127073937451336,0.46851692220268215,-0.04955286047761393,-0.1857719562267733,0.4313272405711424,0.4516622666699609,0.36299193000038327,0.29334741024256883,0.41121015838080976,-0.09561363261460794,0.044043667549952856,0.0692265345311816,-0.0643050470651484,0.24639436107907592,-0.31119976339375643,-0.09711702024734178,-0.3345744722702483,0.004597780532573982,-0.005825670003288933,-0.00719735503779969,0.0011646113913468474,-0.04281146411363259,0.035642007405865345,0.00783923159226504,0.03829227662668318,0.8892954989190979,0.24668787606868703,0.30321959936973997,0.9736949942326318,0.966988660823647,0.4814282399984342,0.05081076240612881,0.5341469187139818
hardneg_00059,hardneg_00059,4,-0.2318746710798384,0.6001546540558611,0.6164435897812685,-0.07516888462740738,-20.967079953474762,19.16569225243912,-10.452781020728866,12.825676734194886,0.5802130932458093,-0.2522640759120727,-0.46691622942804273,0.49264393011773205,1.336395630025245,-4.105119745080362,2.0932812118874238,-1.8420840360819883,-0.11989430002769812,0.08331528162031615,0.13406280899073642,-0.07921568920948725,-0.06491769764237558,-0.02894057369884901,-0.6858507156657144,0.11802896015158905,0.00618638566417165,-0.0088730227498213,-0.0122622898544627,0.002033001595092079,-0.01831974048428997,0.0693069701504427,0.059343062986750066,0.015377406299150931,0.924064048035171,0.5011548540840195,0.625974034847611,0.9305406846785318,0.5233037165212691,0.744141368845642,0.19346808513130698,0.8665695924835999
hardneg_00060,hardneg_00060,4,0.010436596493960696,0.46005736607493736,0.3909775556036914,0.041970777917992926,-18.605171999822456,4.421697610345974,-12.474844879120273,6.493117301606422,0.40787556712129674,-0.11768585801242813,-0.22205071270998,0.484955384676891,1.7689305421534736,1.66558101236617,2.9411531482801343,1.2535879636619416,-0.07897693400883023,0.058093990965290804,0.07191671702196392,-0.08498643106454368,-0.4514097873390407,-0.7558596148686052,-0.9930617079215023,-0.597574239404938,0.0036113441576352745,-0.00663378709607354,-0.007003924908172907,0.0033180777246903837,0.028169732346894984,0.08328829855111845,0.08969841890365847,0.06683010140259561,0.8397130488976106,0.18716866878851746,0.2764284434368639,0.9251314508600865,0.6090868255039318,0.5969623459442397,0.9336457697210696,0.5288508881567855
hardneg_00061,hardneg_00061,4,-0.18736016570086922,0.7037753444729417,0.6799102786815513,-0.0019137910708329194,-23.476394931540096,8.683072152452391,-14.079270289316254,9.419247224474132,0.5877947736584119,-0.40560978905312467,-0.4957801630454394,0.46546347121456755,5.165448804065565,-4.695610202541727,1.935187872747616,-3.4677491702329286,-0.1112579685393291,0.13616513910005856,0.14089631007831058,-0.06924278873676087,-1.2794999693393816,1.208873351283919,-0.5348884471640755,0.879081080798636,0.005755732621861295,-0.011640645657675426,-0.011012948202815915,0.0018835777341566964,0.09308882244102934,-0.08659482573259747,0.04783485498756696,-0.06099731209163294,0.9031858606734965,0.3086760090851355,0.38544153623041366,0.8522858618200541,0.8996132273591397,0.9220376159413203,0.9259922708849281,0.9215788368449147
hardneg_00062,hardneg_00062,4,0.03700987492626493,-0.21720672350828304,-0.2815742920519714,0.20225186329899486,-21.708032178208057,5.494249845104991,-14.646957981839027,7.404042798467428,0.5015968328868917,0.625798333920389,0.4980203672829587,0.5024270381009759,1.2274010895347618,-0.7299326074014602,0.7054823732210342,-0.7544804465221036,-0.14494893969869344,-0.1730281121976412,-0.1499999385827028,-0.13696510447955212,-0.6084653620800885,0.18504240655942628,-0.4380853500964529,0.19738199299563922,0.010753591062714497,0.012362521195859446,0.01153053954770466,0.009557575288445043,0.0643531614053437,-0.015398051063666022,0.047994028661801934,-0.016370736581215996,0.7396854646364563,0.7817788384514622,0.7495790634670028,0.7827340301152977,0.7267150110919329,0.1929074158532147,0.5159393400270376,0.18867062518466693
hardneg_00063,hardneg_00063,4,-0.052374456262903914,0.6481942358342074,0.6390471564549368,-0.00390186375289191,-23.796509277826885,14.119778561817627,-14.653253909766256,11.576592252971444,0.33353237141808334,-0.4675856900830105,-0.6022367846693768,0.4596517541046648,1.4278900054883283,-2.4951285265487857,3.0122379307351848,-1.3328184436243742,-0.05640837386861192,0.14929752472739696,0.1752542828641087,-0.08257609359049167,-0.1202557990524427,0.1420131283723017,-0.9026961675957951,0.15560996105156272,0.002110419553050755,-0.013363563389790166,-0.014907406012743993,0.0035790913371425625,-0.01807988802197144,0.02520677966851352,0.06899883107058578,0.0028049371428264,0.9789300050282049,0.6969208293400436,0.7954177783517214,0.9785858246739246,0.9272499212397383,0.5251569957340716,0.7655500551961592,0.5489865426960585
hardneg_00064,hardneg_00064,4,-0.025442207653701712,0.6316470404465975,0.5878240400643037,0.012388572879982036,-23.01082785155199,8.825289564704208,-13.301067234990748,9.444317184473995,0.15842641495836837,-0.5813183218004193,-0.6734068434655884,0.18088168114800757,3.4827247229119385,-6.242341001320345,-1.2844559530489565,-5.0019595736600975,0.037415080290196065,0.2155279651993794,0.22275732530208345,0.04106822958744214,-0.9616090316744456,1.9472747453093742,0.399440700856712,1.5564238002201,-0.007812129955963502,-0.019866515364911807,-0.019492046239625912,-0.008739885821176518,0.07588472165301537,-0.16791603009377504,-0.03350542952554663,-0.13348438509245591,0.95218561727519,0.6801297068288235,0.6842097815096311,0.9861977420862449,0.5215365331041137,0.6767990051849414,0.8528295274137729,0.5017363844591691
hardneg_00065,hardneg_00065,4,0.06163790517507289,0.11802151121876478,-0.014314231265223033,0.09119359652201382,-16.319495140061992,5.426552599368937,-9.036435260257727,7.2949369465463025,0.3027037125101152,0.20476383103855963,0.1226909237485079,0.3529005205583944,0.4299756278247514,-2.283223911820902,-2.2806122776124966,-2.303487151080519,-0.0660031893524097,-0.050092179892640996,-0.032791551869781776,-0.06498082088572622,-0.316828907292168,0.5675275833190768,0.3882393861920886,0.5598960191894694,0.0034493561931388207,0.002826890089746669,0.0018857967230782873,0.0023533039622836522,0.035051608327930195,-0.03373190892411066,-0.009457049063922503,-0.03194732386389876,0.888338348892883,0.848601901888815,0.7584474011172939,0.940818987019772,0.414100753251319,0.8841049633158194,0.9133419394985877,0.8694811587556125
hardneg_00066,hardneg_00066,4,-0.11653904703165407,0.5623556512097508,0.5200102573091318,-0.07210466676306873,-17.41123254319022,13.3121950111877,-3.968392769089167,11.448805228156543,0.4699454743387999,-0.366765481508558,-0.48706413805484655,0.5258767781668287,3.611585983107455,-1.4998674125477978,0.08571265988749345,-1.2071930221465574,-0.07847618196179526,0.15852641952889304,0.17399836375148253,-0.08117717196681058,-1.0410145509838167,-0.6249013406319328,-0.583555423926332,-0.15749750398651538,0.00197978420070909,-0.017621740388373542,-0.017570957202803005,0.0016601130041773305,0.08087733870570755,0.12115864291625957,0.0832951193477326,0.047637393608751834,0.8906741118397563,0.6347764925988193,0.6173214076239429,0.9424478129882283,0.3705211185084405,0.7264011735761164,0.5850894381184667,0.7430260725448783
hardneg_00067,hardneg_00067,4,0.12867640441677466,0.12267484049891354,0.01405876033911214,0.21512905101884547,-18.788382061584038,5.356019623307396,-11.674782288010295,7.168839391065337,0.17348113883547928,0.07765666005249652,0.04426804174565585,0.21636136195489272,-0.4006972830022783,0.6308487581251523,0.22874386192681628,0.5508535572008408,-0.061610534394079514,-0.040943100065238776,-0.02846881262232339,-0.08087527271344021,-0.10126788874142699,-0.03819698997235083,-0.20271695271291815,-0.06011080451140269,0.005348802203073348,0.0038946233942606114,0.0028593612063412687,0.007279882151069057,0.01870585355036461,-0.007021161873673744,0.021938348818327003,-0.0019320356598045208,0.850373115132786,0.6741860343822288,0.672670232416279,0.861544928300691,0.7477024959219798,0.22842200177371663,0.473693748654168,0.25416126109212733
hardneg_00068,hardneg_00068,4,0.08836716776724943,-0.12186301189164267,-0.16441310891373564,0.19853029106602554,-19.033060122457876,14.793074425963281,-7.695550116474888,11.488969985573288,0.1260105158415994,0.1739266706512319,0.107164276006173,0.08903304298245687,0.3185852157043027,1.32776905341809,0.440701192537134,0.09046237004083094,-0.03941636662088885,-0.052577964384995624,-0.03445257271087654,-0.0328155105925483,-0.2694155694686401,-0.7837042599412105,-0.4629645994486169,-0.1126671323760485,0.0030677825513973443,0.003923464773429756,0.0026834979206511733,0.0027157601458255663,0.02756585856497804,0.09826764218575718,0.05867089101879376,0.018461488195616875,0.740140982610521,0.738492910193943,0.7148470665819439,0.6947221275705815,0.36718941993554277,0.127203330265933,0.5219211270388563,0.16099927382908008
hardneg_00069,hardneg_00069,4,-0.35175994070802985,0.7311037130879632,0.7128661410375069,-0.10705643624180003,-26.300652718264246,6.589823854878976,-17.798153279579797,8.353446411076687,1.0567610038567083,0.0215638244140241,-0.2165215470133318,0.8423691514569002,5.9981970977091095,0.8820200039383176,5.456150125813192,-0.06029211817747724,-0.2812498472453726,-0.03159221204489594,0.030691361740167025,-0.21938845513235256,-1.145085998295748,-1.08305152938913,-1.5065495452037745,-0.5245041805263528,0.020089182063596892,0.0014374756602325812,-0.002944855452185932,0.015258960976180668,0.04146160334840475,0.1546728326418893,0.11313565808259739,0.08434257308925672,0.9189513517762414,0.7768890730782669,0.7572471424069303,0.9024054157300938,0.9156389447478432,0.9454433458514893,0.6708404090827539,0.9559064789731734
hardneg_00070,hardneg_00070,4,0.00832643354509225,0.5428651869297014,0.5360207453821634,0.016247643016730706,-23.459687014783093,5.782590116695301,-15.300462821560313,7.459449011132279,0.2853748980910241,-0.3411972352436599,-0.4798862447163875,0.38162500692886203,2.5124332585823734,2.692066566291654,3.7648131278711343,2.126476623589057,-0.04097187727805392,0.12850934284783525,0.15110425175736067,-0.057911138501808415,-0.31534489957741,-1.2091653981474006,-0.9823271681265248,-0.9514609287170988,0.0005519239680481677,-0.012794880817333846,-0.013738695503861604,0.0013888200716764589,-0.0004035461641863786,0.1189751903538382,0.0671447373270476,0.09337991577088549,0.9680606053609142,0.6336940891505655,0.7182314671120893,0.993707328971185,0.830661582239523,0.7908682744714294,0.7270031259805441,0.8236914258823655
hardneg_00071,hardneg_00071,4,-0.03615146972895233,0.21701018286473833,0.17114029632824806,0.051232903631348845,-24.502963831377773,9.029780254582434,-15.636023033811616,9.574008849810975,0.5642301074635989,0.10990111485478399,-0.038513051183332404,0.5377876938039814,3.0162775391678434,-2.72718977937238,2.5434413348377967,-1.5454749536104233,-0.13244192381709083,-0.010179306775557175,0.020783550714775608,-0.1134223663348913,-0.5237866500320426,0.4170398630346564,-0.8546242096033186,0.13630898733042446,0.008127986464470707,-0.0012304582774187677,-0.0030607655738489822,0.006000336165530508,0.011331500860746756,-0.011177476363177768,0.06881686106387364,0.007718409944144245,0.8643308814333621,0.3806383549548896,0.35667776641793125,0.9162240759993341,0.8325785571848086,0.795027913675341,0.49592176117074793,0.6954918860262149
hardneg_00072,hardneg_00072,4,0.030938965931045677,0.6667966350461493,0.6071490999875638,0.0167256384579986,-14.84930556956397,5.911367669601067,-4.982287654555606,7.951484226516838,0.38391337080545146,-0.15638335551770874,-0.3549569454044096,0.5710345989699271,4.529731297595513,4.141894268500513,3.859975491699186,1.7068328846014174,-0.09603234169320717,0.01381994793554394,0.07325209066416905,-0.1419773188528494,-1.4940387864698312,-2.0254854766025696,-1.4594073327571664,-0.8157963242782253,0.006384785224288355,-0.000571798457942817,-0.0052938500532146516,0.009802140638871913,0.12184084425237453,0.2422703617931116,0.1396549281968106,0.09599823281898406,0.9486695846825071,0.9343058518419695,0.9264346252816025,0.9958714094725543,0.7698915424531512,0.9665739227481303,0.46329923824515085,0.9522751400113076
hardneg_00073,hardneg_00073,4,-0.13660160681568992,0.6230726856173885,0.6003396152095353,-0.07003106995288058,-23.21759177160696,6.142521059259773,-16.435984496341344,8.033602105908887,0.6910776265225334,-0.1445970393658156,-0.2915285314536752,0.7459244998171909,4.128907162502027,-1.9290898719238965,3.228484046061755,-2.206127593848511,-0.17319397238646458,0.04538994272404811,0.0748067210182483,-0.18547979709228624,-0.901840655081062,0.2660280627426544,-0.8897366658612299,0.3817218276339845,0.011521833053899892,-0.005205825187566917,-0.006916678181350839,0.012366340890752532,0.04981762991797838,0.003632288523775073,0.06787896704264815,-0.008396354924871764,0.9018825684433005,0.3316582486451506,0.43812190993414957,0.8846410762210332,0.9066915645509382,0.8705543884560123,0.6769521123936739,0.8396184629325183
hardneg_00074,hardneg_00074,4,0.05147270186843059,0.0850411278731898,-0.05655270891094721,0.10175021489461328,-17.166138794164212,4.9972395692059814,-10.297710561921077,6.956026878423794,0.2394505322436072,0.12207370780644865,0.08153496364441974,0.27123538446095197,-0.35031177793788976,0.8070939564436944,-0.23243558569433015,0.21315238746105206,-0.04993601649190871,-0.03075689401525943,-0.023480065707197847,-0.055015725748879425,0.04836721134861369,-0.6565068177251637,-0.26524259395231536,-0.39041463105915053,0.0024289595470405874,0.0018489544627943316,0.0016131656681836473,0.002513912402921241,-0.005715956841160026,0.0860473558369504,0.041949949233872526,0.056733416717492886,0.8504825321577916,0.5236704054665553,0.4518993126405991,0.8574873877249333,0.22713692806596686,0.6373405403151364,0.3547383867456938,0.46147118311766344
hardneg_00075,hardneg_00075,4,0.038486068574444324,0.03860968114300245,-0.08659179429664723,0.16769597927729354,-11.405783885532472,6.8052324027084055,-2.455348958483111,8.340706840390142,0.4569575264392352,0.36109995049616594,0.26849211239448095,0.4538264328998226,1.1882797421084903,0.4248582626754935,-1.1227309333719206,0.2767961512175817,-0.07713877259172824,-0.05314300991836679,-0.038882303547549416,-0.07675163944562262,-0.4864166636564528,-0.6409742988530673,-0.06019770146498829,-0.4987715692576456,0.0019106913928481706,0.00022679207037493363,-0.00012143864061195392,0.001988129483328915,0.04563971886762262,0.08522583225405823,0.03331484610946231,0.06705239317427754,0.917370000999325,0.9563704708917281,0.9297809492158439,0.9736399534075706,0.19704090903724636,0.8479759449051798,0.7257342853011888,0.8347194977469493
hardneg_00076,hardneg_00076,4,-0.18175873964195138,0.7414811488071594,0.7187227625188136,-0.045201711243751816,-22.916841870982967,4.938195368764948,-16.535855347295286,6.93640627670563,0.3789473906834849,-0.7031682205778189,-0.7815615672951669,0.2718267853238746,3.684769873050611,2.683661153810567,5.117244475302278,1.893357873976666,-0.06975845302311244,0.21772269371622802,0.23331006693510603,-0.031909104323748196,-0.8712547251610158,-0.9619661203580366,-1.2845911960329837,-0.6641876189565434,0.0030472372257864416,-0.01935366722002549,-0.020216784873598646,-0.00033955812228450035,0.05406283718976553,0.0915230210167759,0.08960529838875413,0.06238609870606222,0.981102177259388,0.7068759582449634,0.7459372962276765,0.9707107189558377,0.7374229985886588,0.867276281224722,0.7891306643619133,0.8519466824398279
hardneg_00077,hardneg_00077,4,0.05348643040178123,0.06488640911199836,-0.013305861531107658,0.11058928591735476,-19.806240924806943,3.434610501139087,-13.920741768514542,5.368773722887622,0.1977496654474503,0.12879610695831803,0.07218045994476771,0.22305783978293764,0.43435050927890795,0.5029172537753858,0.7917904249256369,0.5155697191664576,-0.0381546736285214,-0.018000276128305785,-0.008414644271727934,-0.045665732580861935,-0.17425722879144434,-0.15052753437458263,-0.2879796078643501,-0.15140703007388553,0.0017008422203939227,-0.0002660316302243593,-0.0006545385160022514,0.002536213270040469,0.01637615562509229,0.012354544849434804,0.025930670011606455,0.012402488258143286,0.8570287484651328,0.4753216781593834,0.4842402702902011,0.849010670201878,0.03897260452756479,0.1393431793292852,0.1834468324621067,0.12457062485985015
hardneg_00078,hardneg_00078,4,-0.19524058958918025,0.7501931188232952,0.7322049545067716,-0.036483256372086215,-26.61555979913296,6.506334875595127,-18.23552360504463,7.810303130872418,0.45581532673626435,-0.5946672315901458,-0.685110591647642,0.3304566988307562,4.719722450970331,3.6099698615207108,6.718695224102928,2.1925916759389734,-0.09456388844172273,0.18525667605695822,0.1999797568821801,-0.055865458571613916,-0.6589078554221468,-1.821337076569828,-1.9347587746100654,-1.127881290283579,0.0050527908051116515,-0.01704210807296512,-0.017490734957685355,0.0018499428030065638,0.007748132923966267,0.19408094883996718,0.15717303454060044,0.12144129209795615,0.9846719990425306,0.7280484161764128,0.7681696979065826,0.9303521863804548,0.7980574856938693,0.5988139257124612,0.7787556150808407,0.6847050783052564
hardneg_00079,hardneg_00079,4,0.07818265502054322,0.34816800419128274,0.1904282125108162,0.16876046133763853,-20.333651040832336,8.37952601284647,-11.17199341974325,9.25588239571061,0.31628246915943153,-0.0936608675808184,-0.11129592223063306,0.3107059311772148,-0.4676851285679498,0.5373883935075936,0.19758931540260036,0.19406651724602458,-0.04580577511735278,0.05897173868468053,0.0567251715760726,-0.030685371715269014,0.5333344034348712,-0.6573985266454234,-0.10597989762131674,-0.40475298470943943,0.0003898811174841362,-0.007244610556899902,-0.00665879411378292,-0.001390971619673453,-0.07202363803961115,0.07974434704960806,0.004343334277555644,0.05199789543444499,0.8697440907847082,0.41786854545646257,0.44528992048905436,0.9299692498390563,0.8272512155830221,0.7246996048739645,0.5585941923696213,0.8364148267122522
wildapple_00000,wildapple_00000,1,0.0689206101055693,-0.0346742035595319,-0.0834606588592369,0.13235331258990413,-22.053826038446985,6.013732013796378,-12.277813831747771,7.771958276424275,-0.12660976813468228,-0.08828240408310702,-0.0669305755873205,-0.1792253208538831,-0.05267244067049115,1.2644396578433525,-0.3919709289903583,1.0079811879462153,0.13256841954637227,0.12599295061343688,0.0935864915387922,0.16453634933024244,0.6525431422188682,-0.782498995121297,0.2814187698585499,-0.6425314781921407,-0.01627672117205058,-0.015614174266411643,-0.011633054746639435,-0.01986176863011687,-0.0860564898661534,0.08690566446657032,-0.029191269403894785,0.07149025637105225,0.950612397582289,0.9594302439211555,0.9551627440118009,0.9352452203774662,0.8689841170219856,0.6646027474967153,0.4225567387143856,0.6129738439534014
wildapple_00001,wildapple_00001,1,0.08414693763617125,-0.012293627792546077,-0.09639560036135436,0.1842266014128021,-19.82060769511277,14.040515944171771,-8.978217347273823,11.248580347537455,0.08320284755352632,0.0764788492658501,0.06861126130180702,0.10042840786396505,2.4985101226771484,-8.478445528024388,-0.16079114244959017,-3.9079427602580217,4.8363248089372536e-05,0.012146410203208243,0.006009836330429299,-0.004028059026121567,-0.6270738397670702,2.2290081731475153,-0.05975454218995269,1.0157433961497466,-0.001381122069053451,-0.00265875299557611,-0.0017689493005022866,-0.0010741081352185738,0.04803996502680846,-0.17005309499092988,0.01028795129606168,-0.07588721071788038,0.976189099856736,0.9904801656216443,0.9866239194254665,0.9899792141925438,0.9129993552133262,0.8143185361049982,0.24306511327730307,0.7343454234065898
wildapple_00002,wildapple_00002,1,0.19449038670868984,-0.00042826248064587987,-0.0765451392666855,0.3193482449560462,-17.664751198431425,4.563573385398859,-11.341655092026077,6.6011234880049345,0.35926609256625536,0.42521709376217914,0.31134831772318833,0.30984446832111867,0.8659780700593986,-1.117811192324477,0.2500574959183193,-1.1379401068041965,-0.0957751396242959,-0.1106402534982429,-0.08384214193273919,-0.06770538025862204,-0.30724892674359583,0.4337041104320785,-0.09131650217328169,0.43932309219934124,0.006915182133436977,0.008410565153521591,0.006489310808705554,0.004113468708414017,0.026881814497404143,-0.04127500846683694,0.007245933875941097,-0.041978921391906274,0.8178662952342823,0.8713735837411695,0.786305886803692,0.8512373035477168,0.24176291828820962,0.4293823273840779,0.35278811226751505,0.43324474319109774
wildapple_00003,wildapple_00003,1,0.10748334074038889,0.020843860467500808,-0.06594697769844177,0.14279634979638225,-24.084045421293517,13.074526888342527,-13.049791860865238,11.180158900957286,0.05905282766671015,-0.006490664911412122,-0.03937363707356977,0.11854168110423587,-0.7487939267605641,0.689398204748861,-0.6991570698343657,0.16040650520047098,-0.024111104343562187,-0.0101680135549937,0.003948039129311891,-0.04697757121578693,0.07897977864850694,-0.08006802376619249,0.07318389736325394,-0.008035926289233037,0.002199801034307518,0.0014284946320747788,-1.3883554875247303e-05,0.00433436839493236,-0.000806253323248779,0.0011233129361136113,0.0024395683208932443,-0.0009937850635237668,0.8455607671825037,0.9975664844875395,0.9980201812067154,0.7671419987962117,0.12129790752549008,0.1589990894580685,0.1103646128754382,0.16774441406566587
wildapple_00004,wildapple_00004,1,0.10748334074038889,0.020843860467500808,-0.06594697769844177,0.14279634979638225,-24.084045421293517,13.074526888342527,-13.049791860865238,11.180158900957286,0.05905282766671015,-0.006490664911412122,-0.03937363707356977,0.11854168110423587,-0.7487939267605641,0.689398204748861,-0.6991570698343657,0.16040650520047098,-0.024111104343562187,-0.0101680135549937,0.003948039129311891,-0.04697757121578693,0.07897977864850694,-0.08006802376619249,0.07318389736325394,-0.008035926289233037,0.002199801034307518,0.0014284946320747788,-1.3883554875247303e-05,0.00433436839493236,-0.000806253323248779,0.0011233129361136113,0.0024395683208932443,-0.0009937850635237668,0.8455607671825037,0.9975664844875395,0.9980201812067154,0.7671419987962117,0.12129790752549008,0.1589990894580685,0.1103646128754382,0.16774441406566587
wildapple_00005,wildapple_00005,1,0.0904509431137385,-0.008112615764593165,-0.04849472715321869,0.12025181000882922,-16.09056636538973,3.670173633119111,-10.615140287843378,5.651940199537279,0.008330284180935453,-0.17514018665644335,-0.1272701637760274,0.0038536117663459917,1.5795599475181925,0.13083628062214697,0.9467498727624215,0.1628564382502048,0.008285569729445951,0.05616736705556051,0.042316480471200166,0.007536490677626081,-0.6758540186946682,-0.07713803160133709,-0.42328981151424494,-0.10368575783544377,-0.00111712609132688,-0.004612570035864002,-0.0036762602194541595,-0.0007404125474318091,0.06681525198002135,0.006734369870391013,0.04230471734361428,0.009183374011724976,0.9310931194661722,0.9240535000358981,0.7548197729163587,0.9678525539762257,0.3896692893102789,0.19356601844328514,0.664855562923671,0.22365987983386226
wildapple_00006,wildapple_00006,1,0.09395394615402015,-0.024512042545459557,-0.07439525515744191,0.1305102794572259,-21.0045135174155,9.285644219627342,-10.978029485130948,9.58410905029633,-0.004600484681600256,-0.02130254116352815,-0.01633791304710822,-0.020404693995794518,-1.8049448762495428,3.291345534068706,-1.6938356804802657,1.8797720192859166,-0.002730647187671185,0.005738972476582738,0.01071542907844886,-0.000735490546598098,0.5877051302036705,-1.5738392311109872,0.41867683698378916,-0.9113598977368329,0.0003339786794781026,-0.0004410197760796889,-0.0013132058554375988,0.0003555384229379506,-0.02285206337956516,0.151716682164953,-0.00766376745387966,0.08862065313979693,0.7607195840482979,0.18177450849510723,0.730406808620738,0.8671259090761673,0.9595545441277517,0.8401676772366383,0.9379139810281089,0.8378531087765811
wildapple_00007,wildapple_00007,1,0.09872169773334742,0.026061648728721323,-0.030295702544125412,0.14194379814646482,-14.043436910030822,3.173870495725496,-8.878072084169533,5.0425711009572325,0.10401369096410895,0.11590773519128535,0.10227196818099346,0.15682223433303413,-0.5801196863923733,0.9493090313774712,0.3895303088548314,1.1219973189273829,-0.013977920837952356,-0.014744943225538506,-0.01881286090953487,-0.022621589434611233,0.14876879249875727,-0.3734971637375011,-0.22935774112958324,-0.4429116513138485,0.00030565220011143497,0.0006506649325742804,0.0012652668984362223,0.0010673620107799996,-0.016945758015136224,0.038673120917869605,0.021816796176065564,0.04480624221780079,0.9194005892146119,0.9438289989623181,0.9362877005593265,0.9626591665507888,0.4700858247317181,0.243712492875246,0.4491437076632433,0.18169486571174953
wildapple_00008,wildapple_00008,1,0.09872169773334742,0.026061648728721323,-0.030295702544125412,0.14194379814646482,-14.043436910030822,3.173870495725496,-8.878072084169533,5.0425711009572325,0.10401369096410895,0.11590773519128535,0.10227196818099346,0.15682223433303413,-0.5801196863923733,0.9493090313774712,0.3895303088548314,1.1219973189273829,-0.013977920837952356,-0.014744943225538506,-0.01881286090953487,-0.022621589434611233,0.14876879249875727,-0.3734971637375011,-0.22935774112958324,-0.4429116513138485,0.00030565220011143497,0.0006506649325742804,0.0012652668984362223,0.0010673620107799996,-0.016945758015136224,0.038673120917869605,0.021816796176065564,0.04480624221780079,0.9194005892146119,0.9438289989623181,0.9362877005593265,0.9626591665507888,0.4700858247317181,0.243712492875246,0.4491437076632433,0.18169486571174953
wildapple_00009,wildapple_00009,1,0.005972417421838566,0.44746017156902435,0.4216975314316857,0.0175045373299245,-20.752993124713697,10.54807899355791,-10.72499716160062,10.269069347644736,0.13965843263906966,-0.5205467628714215,-0.5448465383286382,0.18570672714572728,1.4268727577114657,-0.45476768788837163,0.4214207901347494,-0.8304725044598666,-0.015527243392297623,0.16481601835119622,0.1618836898663083,-0.025885365120219838,-0.16387247872060706,-0.5992832075878797,-0.24816692856859174,-0.04326265836505408,-0.0005428613602685651,-0.014577147790767018,-0.013851425728073912,0.00012515381924017196,-0.006003568625283795,0.11105469054716112,0.033332565479353905,0.028711630427251222,0.9435927416895643,0.7987361506933763,0.7987060394487834,0.9344880339921258,0.3036748539748987,0.7500680261098887,0.4962698286443076,0.6997932280966668
wildapple_00010,wildapple_00010,1,0.030817700043282083,0.13241089812733833,0.07612050832672501,0.04895040844426006,-17.30251213396732,11.653257865602498,-7.101189173726077,10.652141217875627,0.027981134867139743,-0.21896379520850454,-0.22529676139709426,0.018102466113983657,-0.37100776722879325,3.32588303123178,1.8752486637361367,1.0835083245788535,-0.0013990118363557081,0.06775934820051303,0.07115962137004497,0.0032578190885387405,0.22668740354457145,-0.9045580242129077,-0.4544556174951399,-0.29613931017529116,-0.00039066799275033396,-0.00597713091834024,-0.006484544920650387,-0.0008007991362852277,-0.021628446191477586,0.06535527585506433,0.03386724612493073,0.021611844461204743,0.9761258624296167,0.8642180893949059,0.8655691407649541,0.9836177342304964,0.24332961421371868,0.40801363057493545,0.8113403396064656,0.42225309796721733
wildapple_00011,wildapple_00011,1,0.02078684260009537,-0.03064938284682545,-0.06328759031285644,0.037052819279558544,-12.599362045289208,11.516645362680217,-2.1165336266354218,10.618165877415983,0.012615724076374166,-0.07414557431484463,-0.06453708654716729,0.022099445307893692,-0.3074090469016759,-3.055189485531751,-1.3772069658649078,-1.517268826609156,0.01683752399655113,0.04318246253850777,0.0343515764038961,0.024117009000634942,0.11004294911102633,1.2486341962475913,0.5701854882610607,0.6444404620447067,-0.002520524942507373,-0.004675877628603364,-0.0036312362050985652,-0.0036798297907366874,-0.009994566446109195,-0.12584116812087406,-0.060225190807417325,-0.06717432413378623,0.978925255991282,0.9750219933703281,0.8906301106645982,0.9753361102752991,0.03468691920683087,0.5365202061295654,0.8850586228143372,0.7152917094370177
wildapple_00012,wildapple_00012,1,-0.02843372145430081,0.4943633246602428,0.482615251206989,-0.0196033652702504,-8.060503492057316,6.451960332060671,-0.9096264938783531,7.617397686300791,0.5402745326555248,-0.16142948101910295,-0.32291433173749123,0.5972947071838578,0.46015014351018285,4.17608810134425,2.9099401807299055,2.84066375371328,-0.12359999797212899,0.06898189117543367,0.09808094735414558,-0.13268006011214706,-0.12728804270062835,-1.6155915416821964,-0.9972519786893245,-1.1125422647089895,0.007110217968712287,-0.008344682874252104,-0.009500671055807609,0.0076609702188182765,0.005986487040158597,0.15231248635897024,0.08638037718199662,0.1065116620533867,0.9290556550992369,0.5732379710675817,0.6233501505458261,0.9778918174350113,0.3035774052196447,0.5415624218157629,0.5080621944232677,0.7667835089085254
wildapple_00013,wildapple_00013,1,-0.10799841484403244,0.5578466189573649,0.5415526455776247,-0.021614018319681665,-25.444515594994837,11.726456559353274,-15.10303381757845,10.4145104910203,0.31587485294476214,-0.5098353579736465,-0.6002907584465672,0.3039034635035522,-0.05631783532695357,-0.22269981443907172,-0.14887081777423147,-0.015662850110302853,-0.08458613981565193,0.13193670323459222,0.15772908644597483,-0.08333972418172782,-0.07143881974498527,0.13459525846731876,0.005728948756119485,0.05512093726720915,0.006283306066377214,-0.010501624255516373,-0.012541274624791997,0.0062696541367907675,0.010844872898023333,-0.01508510204317953,0.0016519773157730828,-0.0073113630749906625,0.9628214370639602,0.8677569822445537,0.8725249002143275,0.9356513199604772,0.1376146135500379,0.012250472981830574,0.03801477372876705,0.04958623301510823
wildapple_00014,wildapple_00014,1,0.08962818726172454,-0.12462879322243449,-0.16889637166803517,0.1252398320445508,-28.36323332640098,13.54806943842198,-17.361731292648386,11.01471489655409,0.03876353061958933,0.04339106694336909,0.027462051974402428,0.044067270551172544,1.8759429486919572,-5.49651110925195,-0.34570885469810425,-2.0964634928164854,-0.004661562182875744,-0.008909574705800935,-0.006357988334579357,-0.005920476872812633,-0.6359483354574231,1.703845764799215,0.06584645941069579,0.6711473728766647,-5.050839805233131e-05,0.0005653571299832252,0.00043259485803469024,6.471124637608693e-05,0.061407191818977,-0.14585536451873152,0.0022149905784613604,-0.05785188038117375,0.6353804602224675,0.6559671908096754,0.610688455297802,0.5706537277170285,0.5914300699667894,0.4321555524920222,0.4212683004540263,0.3558030652008167
wildapple_00015,wildapple_00015,1,0.07730822735496082,-0.10622108174544367,-0.16943552333748663,0.11881870460329683,-17.284553884143453,6.091647818493725,-9.162047914885354,8.05419677324986,0.1175241767653051,0.11682472126151847,0.09406940594670272,0.1449104968221884,-0.011694404498668303,2.8041352981714947,1.1638213755859195,0.5116731059215998,-0.03843873855510007,-0.034118680450742636,-0.027850432652028474,-0.04986857677289799,0.0918079652377317,-1.5705643012840498,-0.540696711170274,-0.3665747478633211,0.002988499778925849,0.0024583497016474206,0.002075763645045675,0.004015315314660768,-0.020617935437115348,0.20279185880125342,0.05779108496383137,0.05356024804117726,0.7786401156912617,0.6228453735506454,0.5654922909595712,0.8134097292918638,0.7963638270851913,0.8217078888225569,0.5616340898863796,0.700651281160676
wildapple_00016,wildapple_00016,1,0.10821615297835832,0.03295828706838892,-0.06630080272302442,0.19214205127773934,-13.691253598819957,3.146754435488232,-8.444688496406862,5.088768043246903,0.1920601999282642,0.1799976866810563,0.13689059808495463,0.27227406676799487,-0.5981521608955408,2.219052360578142,-0.010654021280376218,1.753970642552445,-0.02751429295538941,-0.0377741524893225,-0.028183887305455714,-0.04403216601450193,0.16779745023493287,-0.719190819405928,0.10510643169212798,-0.5332185574033145,0.0005572465763049178,0.0028330072045627186,0.002086709225268068,0.0019147051404220768,-0.01597206112743187,0.06944355658637318,-0.008955564475301143,0.05057244310116988,0.8775274975646428,0.8781236019430664,0.8576190414805237,0.9165613108884744,0.15179897084534788,0.4158403690537752,0.6266996618837786,0.5210111974904954
wildapple_00017,wildapple_00017,1,0.018288772144140375,0.366629765792327,0.28188905457853175,0.06714177944443489,-14.51208174776784,2.4458353762934673,-10.6501896397236,3.925059489120584,0.38784947359948846,0.1813936598953736,0.027148921058386975,0.456248178841575,0.11443115672425727,1.3266227671090636,1.7404128157844203,1.5465192659709017,-0.08883941726407488,-0.07146172870547199,-0.032763214628675624,-0.07900539363101428,-0.14026170082540879,-0.5394081267203689,-0.8097801874443223,-0.6402265610550626,0.005226120968495835,0.006534462399554956,0.003928541529787259,0.0025515288415581153,0.018153527572357924,0.05498454575407526,0.08717646341361296,0.06653090379900267,0.7845194336470505,0.3725216209852126,0.3383800805383732,0.9173114650137244,0.14779177542505006,0.3811346130351614,0.584376345984337,0.3506225129013093
wildapple_00018,wildapple_00018,1,0.07000436619815556,0.32649841137004604,0.2203537750227204,0.03931423366972955,-12.391965650833022,3.609980975647774,-6.79932820295349,5.5692581010633635,0.2626189449021667,-0.033520181618985574,-0.1126654806809261,0.3845943585629494,0.005507570563508887,-1.0796823435572238,-1.345269469373863,-1.3499480387879375,-0.043570441997141905,0.026743223221400096,0.03569813553285199,-0.06350962443527186,-0.2744429503935787,0.4571832948697262,0.30014749679278757,0.5667025007835748,0.00110442141443245,-0.0037075273241057565,-0.003545913569549232,0.00169956078282509,0.04126983774202039,-0.0442564182164186,-0.015014684830368967,-0.05476204839358528,0.8912885170748398,0.4812942382047164,0.4234074595416838,0.9467449337767067,0.31012788332838315,0.8311362403600732,0.24175090201728122,0.8423186180675253
wildapple_00019,wildapple_00019,1,0.07212445298562341,0.2137091545896099,0.06698319473952971,0.058234196720701556,-10.553120990681448,2.9842400945233387,-5.95667373082865,4.778654841454437,0.3278065179780796,0.10480070542839752,0.042953569737691544,0.41169825657492487,-2.3640133441010414,1.4294298081228638,-0.7474099900152805,1.6418419313667079,-0.0723360053290992,-0.024553063301393653,-0.015242557988796342,-0.0856390956998901,0.4692571224422907,-0.5814698202197061,-0.12526339498971487,-0.6567022409165094,0.003881267977487524,0.000830591675082234,0.0007488378370651045,0.0042470978064970384,-0.02400490966333617,0.060710260210161175,0.03506681469059333,0.06696125440500175,0.9063228250601896,0.681265644448886,0.5914584044351895,0.9345960156572767,0.40266627543125477,0.5303457494415909,0.2500233123400748,0.44202325014502375
wildapple_00020,wildapple_00020,1,0.062291276497249706,0.14484337694717198,0.005136851898648696,0.09253967892039983,-13.30778168560117,4.829975170416737,-6.401628449630563,6.943874175953479,0.2910531444518029,0.13920243386001788,0.06207567082333638,0.37441304550757415,-0.5508663652888856,-1.316861014643286,-2.1455864665135427,-1.9528445016572666,-0.05743434734037692,-0.024943658686948474,-0.009895154861612299,-0.07057137697031989,-0.11657139759832214,0.271253802895555,0.2664682836368851,0.5096742654634151,0.002566641744026516,0.0005761529460097746,-0.00012477626083325248,0.0029347697743261586,0.021083904348032975,-0.004864126993529862,0.0038011526445785445,-0.02828469253179161,0.9232145182843134,0.7766487997407674,0.621225141256659,0.9503476390369231,0.46983342622591207,0.88224876757835,0.6258044827801481,0.7978221627145182
wildapple_00021,wildapple_00021,1,0.06940041692459864,0.3533135679635133,0.23944107691446903,0.10048095859361529,-13.238089918209702,5.8278706994693925,-5.716813895066824,7.487084721669158,0.2639959409649811,-0.06177795838032462,-0.14836007482298302,0.3850256335285912,-1.3962738011445242,1.219314539977884,-2.49729810780634,0.6806730805432152,-0.06469592919985222,-0.0011767174209995725,0.022291619197598533,-0.08815381095393897,0.2858356670440314,-0.8672245755451309,0.4423295463622585,-0.5446654666033771,0.003971440864696726,0.0005273134306524698,-0.001159568834635948,0.005023509226363108,-0.02111795160799189,0.10613121844183374,-0.01676016119864476,0.06769091502622439,0.9529403927689291,0.6049385627877213,0.6562418873435547,0.9766124045336908,0.22803099795727566,0.7061235620697275,0.4527289195666536,0.6650278083847366
wildapple_00022,wildapple_00022,1,0.07981717382693745,0.009664336953199926,-0.12606242084593453,0.166699721506148,-15.17280042093033,6.040639276729727,-7.426613587817494,7.7303783186335835,0.2540758413170902,0.2480939810888629,0.1607669806107874,0.2757030239417435,-0.5721925055258549,0.6134467891942492,-0.9954204792226578,0.13931198351413207,-0.04898901984243842,-0.05860119567805026,-0.03697152030593764,-0.04649247567762017,0.05074315120975224,-0.5492303635797058,-0.0420968691799306,-0.320355697244825,0.0019509508563689498,0.0033824025944928825,0.0019596833171266407,0.0011744580485603918,-0.0009854207543397821,0.067728229256556,0.021296028811558756,0.042991554761150685,0.9267917677571968,0.8726336198835872,0.8210023900276172,0.9218362936751799,0.09535760330563903,0.324842461461588,0.5028354172279728,0.3020377119428117
wildapple_00023,wildapple_00023,1,0.11376994739232098,0.10024236533508678,-0.023819979449564543,0.15851456942883488,-12.153607762586258,5.6190820425777614,-4.449677252869907,7.600248064159279,0.305398042113348,0.25250667348940103,0.160890308519204,0.38181041920232295,0.09489074997637867,2.243772375990987,1.2049510776076577,1.0177023619370498,-0.08161211808940026,-0.07835211766101569,-0.054816214182289026,-0.09774317215015345,-0.38465598833274983,-1.0226623646711839,-0.9250425316669938,-0.5355587943270116,0.0054394559660755955,0.005611623784367252,0.004047549301476183,0.006372499834708483,0.05569643531402773,0.11227634403415346,0.11386931332540931,0.05972446425564312,0.9534529896323007,0.9637066474329853,0.952482564498595,0.9497409688784844,0.40158360555568595,0.27652265254937103,0.2776999469888831,0.16585476105089392
wildapple_00024,wildapple_00024,1,-0.05555426632945924,0.6133398371889734,0.5746836170102605,0.010101551980232115,-24.252278669825678,5.689941093563588,-16.871299036359385,7.282767541006958,0.3286807462835074,-0.3032228168809703,-0.418333163248405,0.35605105670494175,1.532723057279837,-1.2750830602149386,0.436325295919685,-0.8137613430705289,-0.0776002661360952,0.019063718608899254,0.046807448520805116,-0.06966467845572143,-0.33767309720023914,0.12102845376970939,-0.2965080924108633,-0.031456487978539345,0.004785024594276186,0.0032095068106145377,0.001559210188611569,0.0027937000485682697,0.02377163515709505,0.005530135513238964,0.03677476578872344,0.018369829750167013,0.9864495482782092,0.665004353626528,0.7107616886823909,0.9675551069565043,0.7346399892668348,0.575651393826058,0.36860711322500317,0.5055359618721937
wildapple_00025,wildapple_00025,1,0.06868439242537377,0.4316809926972245,0.3559072812962711,0.036479789989464884,-17.767282218049825,3.321105169147832,-12.545874516497765,5.2708570714980345,0.27696711701181664,-0.09161427581594143,-0.2081248786315207,0.3885606457257551,0.715764225683341,1.0122070093121902,1.7728290840843965,0.9345810586965372,-0.048176507404574596,0.004702975981550455,0.0306800032554607,-0.055028718803481064,-0.37592204769338133,-0.3042029911080308,-0.7316661369384386,-0.3245527092999725,0.0018277639713999705,0.0013148607403942888,-0.00022103584776022353,0.0005707453484788061,0.04661063141584683,0.02193901973932916,0.0744295413042314,0.0261029466149125,0.8818737983534456,0.3158639211197385,0.4774050916857707,0.9311223241864461,0.5826092227293052,0.17661374936601038,0.4455911875304298,0.17014594333031763
wildapple_00026,wildapple_00026,1,0.07675062796090182,0.47884637749556264,0.4083541435838643,0.012619672794685892,-13.091944342913132,4.617923142651803,-7.183512169692109,5.830421034853593,0.204177030517438,-0.23458506237892843,-0.34939441748244265,0.2879193958988971,0.7782310425157881,0.2800561966200871,1.5091680138178765,0.9850671616100706,-0.04083928435218963,0.05297092111273243,0.082059487583543,-0.049645756496301915,-0.6489661729746684,-0.09093276999922387,-0.7657564660021897,-0.2685277423413071,0.001945928357999345,-0.0036181420313589514,-0.005603570521649236,0.0015735828759844827,0.08315908526058119,0.006160810215254244,0.08583891775444907,0.019025921292972686,0.9335687433905563,0.5066907026326861,0.6485246981176437,0.9897023725458766,0.45486877697273087,0.07090413492126957,0.35406968613447876,0.1699998091469217
wildapple_00027,wildapple_00027,1,0.08678935703186977,0.2902296059059372,0.1912729275045974,0.07732549501639474,-13.66073202248606,2.3993506415299963,-9.977652481422144,3.807679913726064,0.3364252676339032,0.024548536255245956,-0.01092747152443015,0.40428974801704,-0.6764961222266308,1.1245638531179774,0.6778046303313262,1.6676722475129884,-0.05945606874360657,0.020396408709612863,0.00859690041914277,-0.056757094459487116,0.14861893777674182,-0.43651839469869413,-0.38320601534790005,-0.6678134202881846,0.0015890136299594657,-0.0034900858546748426,-0.0009935458821028332,9.644022117358344e-05,-0.004631022483512095,0.04254648211577757,0.0486194673266987,0.06551390956114773,0.8862646485969572,0.35140981529929893,0.017171887219026183,0.9554844532228262,0.4505484394994027,0.20148429486399955,0.6825316168639611,0.21657542269591878
wildapple_00028,wildapple_00028,1,0.05304031264740475,0.5315073234113773,0.46569229205223583,0.011661073080067431,-13.40835496870445,10.059111661384952,-3.499281718986375,10.006408794956219,0.33894671162999496,-0.22206127182358754,-0.34585738576771197,0.44613460305013725,2.9030888464134135,-3.5825488868753026,0.34320567538953406,-2.077232480543905,-0.07967341521726416,0.046900121100021085,0.0786438687619837,-0.10391067982010231,-1.2324846962932168,0.7456315953599084,-0.6324359288712998,0.40750052605232484,0.004790997271772192,-0.003211507743055169,-0.005426021433915151,0.006269279331194617,0.12568540339413048,-0.04024065494531454,0.0887494249770451,-0.019310031398250393,0.9501808870509583,0.5633084172045411,0.6822105888153934,0.9727666834310404,0.8303826745430984,0.6438868239093207,0.6664262501447717,0.5714233048931057
wildapple_00029,wildapple_00029,1,0.11296466723604795,0.348596612612406,0.28748036813781064,0.07282217038851818,-10.295546779583987,6.662244564781356,-2.234521209352493,8.17402085491502,0.2330520794104505,-0.11365465263998682,-0.22714479499688653,0.3311079213366147,-1.2979613714733014,0.09572850924860159,-1.6261273041855855,0.13080961576794467,-0.04517277161504118,0.033862371352456865,0.05890379650155441,-0.04987841546212955,0.10204542294982107,-0.440006132443367,-0.13328232026165465,-0.387326536457531,0.0020253056921002285,-0.003187140242920984,-0.004618745475932203,0.0008447384555833539,0.010166064553021447,0.0609203460141326,0.05052233456151956,0.05297272258335023,0.8792647034183367,0.2736867670729628,0.48904162441680954,0.9356446744611435,0.5540564745054287,0.6287894016020581,0.8137010106213234,0.6632126106034414
wildapple_00030,wildapple_00030,1,-0.04296861486245988,0.5862936453160006,0.5652848538575742,0.000475401355124602,-23.29614108553041,3.9970879078469634,-17.431853155594748,6.0337066783947435,0.4321613287825847,-0.2037512410639059,-0.41559108970538905,0.5859433865980302,1.030161384674783,3.2654614713048455,3.8396716792847783,2.7609560375175435,-0.09225927666157524,0.05254694243118944,0.11045249854315278,-0.13314625342856265,0.1546078636178395,-1.2883115455724827,-1.0590527043640927,-1.1077039316226776,0.0048845850323513814,-0.005392224250380143,-0.009579922994504678,0.00789502666407083,-0.0463143936248129,0.12574026555312218,0.07433546511337079,0.10845130577879213,0.9317392206251638,0.6793649204118208,0.7206465183458526,0.9426893815163292,0.7326437041157837,0.5142145630916594,0.6686497209073159,0.5938015774700082
wildapple_00031,wildapple_00031,1,-0.1473462366890787,0.5742875111896091,0.5599064706034499,-0.04557096252612762,-24.201212641734195,14.568649301866662,-12.90908588657092,11.239327759243505,0.6999422099441078,-0.013091819295253703,-0.23463627846453255,0.7712823318258382,7.238858062858658,0.9869485098296392,6.958447472322437,0.228748511244841,-0.19282793836266832,-0.027778513492331805,0.03367167317965653,-0.2109592674437149,-2.4639127077958625,-0.9481876415408289,-2.5671551526856584,-0.2917264996846152,0.01415125248607864,0.0023976585223936726,-0.002230320278686859,0.015518617439977426,0.21056141360205094,0.16070768754156683,0.24128218856054529,0.04754409350033886,0.9044853870457794,0.5892943230050505,0.6364596395329266,0.9613503971663905,0.8242920695346361,0.45740237917693394,0.8090373640781479,0.36226466667554413
wildapple_00032,wildapple_00032,1,0.13325924225088226,-0.06086146425117123,-0.1634498396606155,0.24383643450159012,-19.057478321344846,4.386564882556132,-12.404573907805696,6.408418959233377,0.07500744391369128,0.10876446694786093,0.07956602216683428,0.09141290873762152,1.301265053505218,-1.5980775354331485,0.4422507831028266,-1.5923463944779281,-0.009923803972678722,-0.01718042754806025,-0.013350466016309043,-0.010632315174841778,-0.14478920512221097,0.6872722959560229,0.20322874087218265,0.653176284394767,2.518502852274259e-05,0.000698368380203689,0.0005788399574506736,2.681245707502441e-05,-0.006328123904919018,-0.06520470796453683,-0.038615577500757226,-0.06060802436855772,0.9081851297512651,0.8820799996643889,0.8707602872332739,0.8681085315181047,0.6413991742742307,0.4915037209604881,0.8638963721074129,0.5054615823854314
wildapple_00033,wildapple_00033,1,0.009484222101630467,0.1545562740754004,0.05679520823513041,0.028052527118813758,-24.73962573526115,3.240662936595206,-18.901461482835877,5.160728622491091,0.42473777874223156,0.22148777448409526,0.10568756483761274,0.491936194459123,-0.4777285953525092,1.7588631313459853,1.0964443706848033,1.6573774351906765,-0.08792719035184561,-0.043361901245140166,-0.020804746922113423,-0.09521738722017287,0.7190695967558403,-0.6386129305131936,0.03781929036087313,-0.5818507367508753,0.004089736416849242,0.0008680756777675278,-0.00013088135076970718,0.003928385825470216,-0.09521281647186244,0.0605094066477869,-0.026014638733710318,0.05305958288852401,0.8148473394135415,0.7392503565898609,0.7060713270456627,0.8579898796589442,0.9110336541095584,0.2564201568750971,0.6811491690492931,0.1707467457609383
wildapple_00034,wildapple_00034,1,0.08079505689664598,0.05855588242411538,-0.01772905524933014,0.13069501880443446,-16.18114569762581,9.23541675965141,-7.283911086654496,9.689526457752091,0.02309589656654001,-0.09302603811143847,-0.0508217125214516,-0.012540596581640627,-0.8547383496881845,-0.8937250595142843,-0.4005274968886875,-0.7501856065125698,0.016097104944343837,0.062992395921832,0.04061811277441258,0.02736941749205837,0.38698213622364197,0.056018250687499084,0.06261733277960596,0.12042995257765515,-0.0027197429974107367,-0.007279958369003403,-0.004920619041329684,-0.0035935530834125765,-0.039673787587049814,0.0039331679157274925,-0.0033569000312215834,-0.005688204934521064,0.8921024406557573,0.839396294690385,0.7934711707384927,0.8657634013360311,0.1785007450185705,0.29531766771448464,0.7324714764376683,0.3077288488964054
wildapple_00035,wildapple_00035,1,-0.021408870423478586,0.4765751585364332,0.41790791646097575,-0.023093573579732896,-21.499592029984157,3.694339260796877,-15.78008052522596,5.6532054193194785,0.4925381378916255,-0.14412249985431835,-0.25380720242503085,0.5762085754217363,0.5390148009514523,0.40182885130584406,0.8049081306096916,0.30319015840624575,-0.11220662145022949,0.06839703644315404,0.08018546570011797,-0.11594634308798209,-0.19941408799621968,-0.21609731122607223,-0.3291495700147114,-0.19721986226746666,0.006503362088991397,-0.008290021576815186,-0.00798930013270089,0.005691519863150921,0.01719922321073162,0.02338351941810785,0.030729819272982593,0.02282312440721943,0.8544862012660629,0.46649711046021247,0.5168707491729931,0.9360961461937682,0.13099290385557116,0.2515687743196925,0.24518557533282392,0.19443585087683823
wildapple_00036,wildapple_00036,1,0.022309847326824804,0.11287049813704048,0.02632427599393944,0.06027161600914986,-20.02505121700873,5.011976030185281,-14.42811885527777,6.992280333052027,0.3594142096627251,0.09008223474735291,0.009984928434566843,0.45630209520459114,1.6367243422336524,-1.2194282465371016,1.4372801226259224,-1.1270575284283593,-0.06843691242287772,0.01114155810923037,0.021399062062367788,-0.08346345430457733,-0.6429269451798414,0.4418384737488271,-0.41625104470019836,0.3914952908903618,0.002838196453398353,-0.0037720571977622654,-0.003868973484695568,0.0035817044025117585,0.058429956533000996,-0.04286493784236538,0.03007456732881536,-0.03758624400573354,0.8391611001991857,0.47528346995429127,0.4173479758160634,0.944575165098256,0.7149281963241195,0.26666898090321955,0.42204986280420753,0.23123601580798947
wildapple_00037,wildapple_00037,1,0.09158451336936699,0.27149791665600986,0.16777945411476178,0.14612852782011065,-23.727914135467493,3.271364657859129,-17.896979765306,5.149236444226174,0.258719420943757,-0.0811776492212499,-0.16305221294215483,0.3449771675680356,1.8109131914041086,-0.42322347841130636,0.6039228908036148,-0.5720278664291171,-0.07952165646524569,0.004690999790090747,0.03089055476218329,-0.10805745209966366,-0.6580233270471876,0.22655690518284927,-0.19508280541223819,0.2853275603362225,0.006322529578297646,8.986469809756233e-05,-0.002058142575087268,0.008851263672113408,0.05597927417766733,-0.023998090113661403,0.013383017152979666,-0.029493652741652946,0.8693382109671788,0.6961162958521516,0.7538320512900989,0.875662058809706,0.8259125852184226,0.21259104740635448,0.3012840925263004,0.1749156720289493
wildapple_00038,wildapple_00038,1,0.06612608139224632,-0.02406588766836648,-0.1470050752501589,0.15681087812691125,-7.202653700342047,6.376660835809713,0.9140717044008361,8.029646708841737,0.47178142570258785,0.4380011987088919,0.35718255427237233,0.45134476034177584,0.8727135259991868,0.45891721647188016,0.3344736107954118,0.3877436350521438,-0.11288698425828085,-0.09989581703010814,-0.08925598781572003,-0.09642515312154552,-0.48699492831214,-0.39214480525449286,-0.3657573929126015,-0.3133567953875163,0.006724265105562652,0.005503717480660071,0.005503569216928387,0.004907116030502785,0.0525197919329284,0.047747139130241076,0.047643982373040385,0.03743932816390233,0.8081432718681235,0.8939663099295977,0.8855438462435729,0.8594445961139372,0.4278612266923355,0.5256678124956166,0.5203493811395317,0.5198789364124161
wildapple_00039,wildapple_00039,1,-0.02263360385119841,0.3135481513613325,0.2126521359790452,0.0034786003331349234,-11.093740458081891,11.254063495858963,0.8786233555675104,10.564400572161189,0.3531165742824605,0.0010052498685020226,-0.10019400630087114,0.48742072275351817,1.575150220622355,-2.1599880069611457,-0.01887067490801928,-0.8400730155072641,-0.06319654982475567,0.03786444846864234,0.049468650599514274,-0.07344720317494283,-0.26761793295025404,-0.034961806318652804,-0.4368211632006322,-0.23740879185009736,0.002068603313807899,-0.006510920655052884,-0.006202891205597411,0.0012846309691667427,0.009728960884545173,0.035238414444223445,0.057578565582320156,0.044161770907134315,0.8488213112303219,0.6229224568898283,0.4832099548388762,0.9050397810642441,0.12815878012385173,0.8245515250782715,0.36405467600663266,0.7870088317991504
wildapple_00040,wildapple_00040,1,0.0482203004111408,-0.13157145231679912,-0.1976130378968783,0.1399766753117244,-18.852345886366262,5.581771601668873,-10.950779499283195,7.4344981420502485,0.23910154918252885,0.30962859644621,0.23378029820464838,0.19558705992641873,-0.33514130670603587,1.256473485187686,-0.3877245744085415,0.8348962862055644,-0.03290824646372283,-0.05173013027297772,-0.044524021398324266,-0.007821883651472182,0.20671449136990924,-0.7142948066834286,-0.02381382515499837,-0.5029569765496544,-0.0002318092550896092,0.001081646712863744,0.0016414788410518944,-0.0030770115554332807,-0.026744065983797867,0.08177339803038085,0.010642489571808064,0.05827928479293731,0.8862262480312025,0.8643520292467471,0.8041922363925368,0.9198620336195629,0.7209166947998482,0.518506977837367,0.31588141760456256,0.4659404065078484
wildapple_00041,wildapple_00041,1,0.08715081262279595,0.0985946262424641,0.035075512573574295,0.08207473678119293,-8.404412455169894,3.616194565964408,-2.9496018440648655,5.564408614209302,0.26591093864963855,0.12429743786416367,0.008606132031196869,0.365421431582598,-0.9561203683778089,1.2801681482850924,0.14180211977549592,1.3201389367475254,-0.02484178645807768,0.012111036735889173,0.02839946320272365,-0.04169448797320893,0.29514940543868956,-0.4554243286737219,-0.13010376301570567,-0.45695817420310736,-0.0015032298777565936,-0.004393667528274081,-0.004587180573831903,-0.0006483552808111484,-0.029250875003234637,0.044615586408735794,0.016233914290014827,0.04393655678417216,0.9027919515286716,0.8639916367491175,0.7858689856060088,0.9372683331633455,0.2873059739829519,0.8400147168806493,0.25684671179922625,0.8253859149125644
wildapple_00042,wildapple_00042,1,0.05220617604486766,-0.21848261932080348,-0.2578740971106467,0.1761599758809274,-22.52330830913427,5.783121400459142,-13.630938029127151,7.66060482276745,0.38663589053255826,0.489706847269737,0.34767891655838584,0.45063593877213204,2.744574286108472,0.44210265777761976,0.8402619872620538,0.019424279450210382,-0.10503469350138808,-0.1274201863453401,-0.09757380272983449,-0.12305899132123728,-0.7985702222635638,-0.670877284421898,-0.6295547525986382,-0.45450963153942003,0.007197747560641106,0.008182995251822024,0.006749080174198037,0.008405393271735197,0.05123977630004951,0.09430589991308583,0.06597853234553035,0.06893445399386447,0.7983772331272551,0.7943760639032005,0.758679166820349,0.8434885666438238,0.8556368803742997,0.7933361351518438,0.6106012887147692,0.751534405012382
wildapple_00043,wildapple_00043,1,-0.1880086203611072,0.692145988683808,0.6646842209227142,-0.06674267509669828,-22.3929601128049,4.042276077484301,-16.813973000183573,5.997023405805738,0.5737651027697294,-0.38492358391660925,-0.5594877986799145,0.6071586363490595,4.066575269143409,3.212033690952667,6.52422747198916,2.6716443085283226,-0.1331507763279108,0.11492107354620562,0.15869351152282232,-0.13805728244446017,-0.9082155574049131,-1.39308303601448,-1.9678344246757373,-1.152633703966569,0.008346517458095688,-0.01093364904888651,-0.014032105228515578,0.008590551450698035,0.049879732849757906,0.14430327003964405,0.16277443471573227,0.11904058631441398,0.9652996648087505,0.5812525749019479,0.6632203696593801,0.973629464705334,0.9678220379396462,0.8404957165393596,0.9145088212895772,0.8038866955918703
wildapple_00044,wildapple_00044,1,0.09945202991302228,-0.10461066262514235,-0.16811337412306726,0.20739944933941937,-19.538109185343526,32.54627301092104,-7.101547784044529,15.231764919873434,0.2547611411289352,0.2097811142041801,0.15031590577333176,0.27265341420258715,1.6057489028103733,-13.85302325476183,-0.042916455277077166,-2.8110845194737406,-0.08233886683677462,-0.06780291728481833,-0.0528057346370441,-0.0927848636910512,-1.075714946376529,3.5003078613770082,-0.1079204416230716,0.7821716043931716,0.006663266560492694,0.005392343887701774,0.004465344832325817,0.007711372705120028,0.11440901995674298,-0.19218779198819974,0.01629185063899059,-0.05183421832124664,0.7324531235880113,0.6587158524570411,0.6874414193017628,0.7076112480874561,0.7422736527580094,0.926185913045743,0.03907308199600046,0.9110518754106414
wildapple_00045,wildapple_00045,1,0.0951493120216566,0.20234761725772546,0.127657141056702,0.14220508616982197,-21.58528876428773,28.116650212527915,-6.995932025978652,14.428851110936563,0.37616919966410284,0.08133391524472827,-0.02905294651143442,0.4592601778724825,2.426893990008425,-7.95991473997286,-0.33039862120104857,-1.6593943321723708,-0.12274235862956717,-0.04906567991650711,-0.01672145899499107,-0.14751424105007388,-0.9991779435028227,0.1288910810795348,-0.7032555324472484,-0.08850996831993478,0.010151323775638951,0.004490786279090719,0.002024210631409941,0.012128631574938981,0.08586890834671684,0.14548117108234312,0.10253956680743077,0.046609620399305905,0.8638420898490821,0.6774910662604294,0.7569962911803765,0.9139143639326585,0.8217970452927736,0.756826736551088,0.5920413180746615,0.7204466982870047
wildapple_00046,wildapple_00046,1,-0.1730648775904406,0.6381412961830685,0.6016592114712241,-0.07194290056147164,-23.621289258511695,3.814154798676198,-16.559317632938303,5.838806165167851,0.56754899512707,-0.29040458692710724,-0.46263505015817796,0.644670693721207,2.1036722232123743,0.8957440614432511,3.0761303320062297,0.8727329743309065,-0.1346921371239981,0.08206277518045323,0.12230736683263906,-0.15163633470056606,-0.35925238465639947,-0.4111609556790571,-0.9012869938224977,-0.40576667987288473,0.008501666010845668,-0.00820507631740636,-0.010690980412141234,0.009532438186608759,0.010005009163959645,0.046075305557922774,0.06968909871152563,0.045389791303898745,0.9540704593128065,0.7024516045575578,0.7459970662024134,0.9664123239978262,0.8383659856868633,0.77521936527067,0.8632686568234991,0.7300832330459394
wildapple_00047,wildapple_00047,1,0.11741772622278462,-0.06622316236748832,-0.12269201965043018,0.20562852332086293,-22.428805232341336,8.610973674774675,-13.467410555410343,9.288847583094022,0.09374109465735528,0.07528189890500549,0.04149879969006004,0.06526263951072596,-1.8462899742115588,1.205994772689572,-1.4977925117669502,0.6008554869648906,-0.03298379743278639,-0.025243572654904043,-0.015463308136894038,-0.030519337010331958,0.3456397492432102,-0.7334647969799055,0.11339654887890559,-0.3928368853983968,0.0028334175791973966,0.0020020288283550945,0.001240006290526701,0.0029962909868871293,-0.01557469962536154,0.07553044155092123,0.006440180530057267,0.04127931317559926,0.7957476112696809,0.641640345558899,0.7358277587852922,0.8217770700778905,0.7460338084845992,0.5371933587841713,0.7762159552256549,0.5745144233574477
wildapple_00048,wildapple_00048,1,-0.015100296713508593,0.8046284832737621,0.7849346665721908,0.022508457415933932,-22.176755467243865,7.573387008194346,-12.810401638726104,8.720374786414768,-0.07489277330056049,-1.1923037183781422,-1.1608793640302248,-0.10167001362239406,0.6766178410045146,3.389451247148001,1.4515942724379767,1.9790385910945825,0.11694675337272804,0.44429126189965096,0.4067538335709724,0.15203971178694167,0.17692878938716455,-1.6265276400340467,-0.465366736567225,-1.0110213621123603,-0.014764872407469891,-0.04132248596711587,-0.03714182508187458,-0.019085701536199037,-0.022291326113858277,0.15482499619603837,0.041651563998147415,0.09734241305134636,0.9453644319840285,0.908400419611293,0.8851669055057346,0.9632837599565599,0.7312378018310167,0.8199291262125625,0.24828317374084707,0.8506028341180942
wildapple_00049,wildapple_00049,1,-0.029224623417983212,0.5025399191813028,0.4443355734939816,-0.015511075034736616,-13.491592825816277,5.013011333389101,-6.570039561109585,7.065156512870824,0.4676773923773301,-0.22054519625528374,-0.35877255679270736,0.5622592557605998,0.4639440468142841,1.8226076962184314,1.2704007945444669,0.9321722195331907,-0.08444916502862064,0.10560132596577258,0.1284613464928727,-0.09735807288615454,-0.01319913574499741,-0.8967615274486206,-0.4616153273105689,-0.5029038580917872,0.0032453295213341698,-0.011664074205915732,-0.012515014867684002,0.003803284942275931,-0.010005159736425991,0.10279858668138338,0.04658979771742728,0.060166729280132836,0.876341512536819,0.34147054606794225,0.3566779905065611,0.9457402713151305,0.5671867409329409,0.6828875041514635,0.42230095187736194,0.6435949330758647
wildapple_00050,wildapple_00050,1,0.11716801629447582,-0.057124397209421945,-0.1262524423725673,0.23868958290779263,-20.102371836322813,13.867101995816586,-7.696817532653893,11.519603492927942,0.17941893463000985,0.1998814173589736,0.12397698389868857,0.18995466863825158,-1.206907141884604,-2.6781540892188964,-2.9572759111620224,-1.5346446467369654,-0.06115291289067324,-0.06773228781676773,-0.046736824854369745,-0.07096025088068203,-0.043585284416150685,0.2628855424653248,0.2274952659272389,0.2686268202244009,0.005064957780781793,0.005474485903790196,0.004042855191110356,0.006107304471008703,0.0199746475104947,0.01954241412289844,0.013460392575303229,-0.006450932554609656,0.6993141605368206,0.6607445761014816,0.667876013885828,0.7380801315394195,0.6627064836141547,0.48589516015066125,0.9244963532702978,0.5102348286257036
wildapple_00051,wildapple_00051,1,0.03955786410479508,0.23485958587491138,0.14674275097521836,0.10858040822274802,-8.809479406629553,3.5737820753469896,-3.9601702398709198,5.574320142300894,0.2842346906356508,0.04209933111754544,-0.07464793945352223,0.46131001353736817,-0.4129485207424735,2.8840286783627462,1.8585541208950138,2.509440721723582,-0.045099590847834846,0.013783478762176442,0.03522840758293741,-0.08668803117233936,-0.03135099104111471,-1.0880332207731298,-0.8204868783142929,-0.9295627693774551,0.0010925825639502339,-0.002793501177097145,-0.003846135442004064,0.004524459065210927,0.008961351989652032,0.1092333989314908,0.08679277920838574,0.09201287423614365,0.832746602191471,0.2808079450807007,0.13945830618170663,0.9216111453685903,0.35874737822995917,0.7366742340404299,0.44981393692795557,0.6527792747775865
wildapple_00052,wildapple_00052,1,0.053450080479502844,0.7096045793908979,0.6786957751169322,0.03683654027003146,-20.631986836021508,9.173518673659215,-10.662514092376759,9.6682127473076,-0.11337607882670173,-1.0541145877232596,-1.0203551550262713,-0.06483699319263166,-1.5380009570495063,2.0430689125459,-0.6363020952738885,0.8659934627482271,0.11779653306237416,0.3773691091541341,0.3499407210484045,0.13185844023699853,0.8186095220017842,-1.2440962211936704,0.15105460384773714,-0.6425479793728073,-0.014230481088048632,-0.033957872840792214,-0.03116586599781203,-0.016883067278699423,-0.07227803404931471,0.12221921747193996,-0.00868443114293351,0.06376677167084588,0.9609472291715708,0.8744935805149228,0.8486888606319389,0.9723446518997785,0.6571047422302487,0.8092918584789579,0.08799047855475473,0.8228905973881266
wildapple_00053,wildapple_00053,1,0.07726166091154303,0.5700995443445257,0.4934143612556376,0.07610250648224051,-14.629688520048136,6.169471393697973,-7.074263224975158,7.973014106647287,0.23188106269595155,-0.16110470843693525,-0.33073972722899764,0.4660047045539286,3.491198288952002,1.43347315417359,5.571929149227189,0.6388988751340815,-0.02969060089784762,0.03018802194755306,0.07777841529280777,-0.08850897074519795,-1.0120363042254814,-0.9274252847025046,-2.049433079338034,-0.4836267838862468,-0.00017741730120776416,-0.0016918452550666449,-0.005328233471384848,0.004534912004013242,0.07513964584777012,0.11825559510228889,0.1916191654978485,0.06355240614267597,0.904075235010228,0.4497686514287341,0.6326047032665861,0.960040539773785,0.6439357873534012,0.8744966929476781,0.7266558498976221,0.8297082262237301
wildapple_00054,wildapple_00054,1,0.018719331448747017,0.6447961781964153,0.6150128439520339,-0.03900269915660188,-14.831646257220056,3.355870881275727,-9.273907793224131,5.313014206142325,0.3977268456631921,-0.030287392319194608,-0.13767213202894632,0.39882584785421676,0.37108188823952365,1.3348402729013924,0.9133932152147745,1.149350537481018,-0.04395151029244785,0.017674752740890833,0.022631473387732498,-0.014880200049706839,-0.12206414416501817,-0.3973055680612551,-0.18146448860119715,-0.33013905553165035,-0.0016574490413945205,-0.002984022025508097,-0.0017019912525258751,-0.005271541575590774,0.013219913255329287,0.028800992355091287,0.0077566178441319175,0.022575131348150854,0.8714200128124931,0.9747578944927762,0.8795065752594975,0.8780559289671319,0.4327925682295334,0.32451813959960474,0.7129686981767971,0.2657301293456118
wildapple_00055,wildapple_00055,1,-0.023815969749504975,0.3898240347025967,0.3101348915899337,0.023337550461293002,-11.987496787425926,7.735894495997437,-3.714140023837042,8.956756737642234,0.3947186568832023,-0.0007022402086663784,-0.1539531767087439,0.5167250629100526,1.1652168993152225,-0.43714646516934863,1.4031768667396742,-0.392781093018728,-0.05653803482863465,0.040137455699908946,0.07078254465981351,-0.08279305412655762,-0.38788497759929347,-0.33966310045626946,-0.8152546103714144,-0.23876475806353964,0.00029244342689090607,-0.006976248635298983,-0.008514592033632178,0.0021548846529589557,0.028411314287785275,0.060325013699650216,0.08811539469915008,0.04307835142135916,0.8879803154144799,0.796553291544366,0.7009320502579364,0.9523273093772344,0.9843862282861741,0.5323680464493001,0.8258093019681902,0.49193928937286535
wildapple_00056,wildapple_00056,1,0.07334216541925855,0.02057998503247949,-0.06916562560945728,0.19650452561450793,-17.718819611204992,16.734206277895474,-4.557716159443727,12.237402975085933,0.4778409903470104,0.3137068316517834,0.20595843758108795,0.49281095677897935,1.1436737490009412,3.212018331801089,0.7750628693888459,-0.3125169032474767,-0.10706449129355317,-0.056956075664077295,-0.03771003748157185,-0.11100714995618485,-0.18065216898156417,-3.242232478760687,-1.0162936254592407,-0.6167088067634818,0.005647763093953627,0.001339766507347409,0.0006577216813133744,0.00597569549625569,-0.0012233010524306566,0.42105458730333634,0.13235710836290915,0.09904443896366222,0.9149108749287728,0.8822401949085973,0.8226696859980971,0.992747066987904,0.8813361371679391,0.5928152532334097,0.5397542023595701,0.6102038625213935
wildapple_00057,wildapple_00057,1,0.04690664217986052,0.3686558813082451,0.28320229685667775,0.0648978804097048,-13.869214906307219,6.877036936927557,-4.381883276399244,8.27021445861141,0.4442123307714756,0.11095554087429241,-0.02436230414443568,0.5890774272737034,2.264523465008952,1.4998697305612858,1.527265286805196,0.6470482368171595,-0.10636578107384537,-0.028849783424062112,0.004302152501040305,-0.13283136725683717,-0.8362891854102968,-1.0605656054314017,-0.9067261866461541,-0.5317515537466059,0.00641072297799183,0.0005384625801157955,-0.0015339865678488693,0.007679120609254523,0.07760345746574582,0.13762618675655025,0.10269418874052547,0.07076871081284952,0.8762005041058757,0.8118502352946293,0.7819963391636209,0.973345239763241,0.3742162565369047,0.6973560351380312,0.22871501343511802,0.5618279801232555
wildapple_00058,wildapple_00058,1,0.11218398812886347,-0.019987446312425335,-0.09108219696491031,0.18887227525313746,-19.82815082137981,15.946426314219877,-7.743393588956949,12.175858449365037,0.1430815747676299,0.11144813774375303,0.06783537477594856,0.14839761101064186,1.1031956347822927,-4.421903499007317,-1.2764542462820216,-2.046243794306273,-0.04427064240976721,-0.036156657053101185,-0.02548334097239744,-0.0494854400555292,-0.7407986686441849,0.5421616619588356,-0.19104609369082726,0.3858974772117288,0.003432909809592888,0.0027461970493084516,0.002135887669135973,0.003997825086116786,0.07758843162383143,0.024186260570833642,0.049722076960517565,-0.011068722118502492,0.8269736264813479,0.660392008468556,0.6819295790489956,0.7122983267409295,0.7546032406206622,0.9035824607945806,0.8676503996257586,0.8659757315011544
wildapple_00059,wildapple_00059,1,-0.038450782466932565,0.6723849430228684,0.6047885815302515,-0.004978031098179863,-20.820139258103307,8.017330582494989,-11.740808651613657,8.922644919527894,0.07066368800665374,-0.9893850480753249,-0.9206794425845121,0.10267092950137674,-3.692644697512823,5.557542772410228,0.6852306456100564,2.9460608889731623,0.06296879610201848,0.38622874864961626,0.3383019898264175,0.06845967623418259,1.9998946706581666,-2.4356452403910613,0.042897177835574965,-1.329599993149745,-0.010161430494170266,-0.037212859763942556,-0.03200178220868107,-0.011403726876861501,-0.20201592815836583,0.2340456849484993,-0.01359623838423186,0.1293937609821226,0.889407569605976,0.8134267079463882,0.7905195788049761,0.9449581877023989,0.8824692151465676,0.9001104573487483,0.33990967816500983,0.9430325128451282
wildapple_00060,wildapple_00060,1,-0.19699551355017667,0.6644177626479739,0.6762867532106029,-0.09457116670003302,-26.250779792409354,12.182896470585073,-14.913905181845083,10.963583314135832,0.5047370661053531,-0.6231641653215585,-0.69830877220051,0.5694169608343911,3.908616658653475,-1.2328399554819751,2.13150677446696,-1.1341333238709523,-0.12493770847020726,0.1973781239168789,0.20412449515323855,-0.14510111305136925,-0.7727400684311929,-0.43290809062443786,-0.542954059359984,-0.019469263870711396,0.008295392381352417,-0.01884873174695354,-0.01826129730489819,0.00995323770312646,0.04062431827442997,0.08918694410047004,0.04338835221725667,0.026698637344691686,0.9202173596604585,0.5826351017394397,0.6439564028233382,0.9196960951738072,0.5151700670213343,0.5593004089814454,0.3343646209693658,0.6063533226129937
wildapple_00061,wildapple_00061,1,0.08035349393051777,-0.12141834700367163,-0.20332346145402277,0.2679732238704511,-19.880447028858107,34.617839873810404,-3.5135653057434975,15.632625526814813,0.16450379918893798,0.1815552118895866,0.1200329727596704,0.1547508735268829,1.4600503475258761,-14.365706356221411,-1.7014494634423505,-2.7988205483308346,-0.03713066995372733,-0.043447666608242515,-0.0289947091484869,-0.03916089760857213,-0.4115384356766801,2.364432468342368,-0.06619623298735819,0.356001587504719,0.0019881629522697673,0.002437608742808933,0.0016197892790189845,0.0022141001366003505,0.025571620218272285,-0.0653836968351119,0.04023770794885075,0.003524355963466335,0.8966871698492553,0.8675515045181732,0.8458640976519279,0.8334489860243867,0.34024080576734383,0.9128718465111347,0.7906670160341728,0.841204273615171
wildapple_00062,wildapple_00062,1,0.04413465587566718,0.17560923810709603,0.10074157425851518,0.07466680906487315,-14.90854207452819,11.351200743750415,-5.935097869577902,10.510410476128945,0.3360703150254177,0.08820076638995271,-0.02883846064408617,0.4696679592191691,0.15265083662457601,8.327845380655035,3.2116028140086232,2.40668114173305,-0.07696953857123433,-0.012806973719941061,0.013245201609157915,-0.10682222003609051,-0.11670713241142423,-4.00774151699869,-1.4801819765599848,-1.2372650557397582,0.00427561060182333,-0.0007770693157752611,-0.0022153543364821088,0.006091788166550662,0.007972505989143964,0.43950617184705876,0.15374938121276147,0.13814460431068257,0.8666844503870068,0.5548431913244347,0.49918877556452534,0.944461723450715,0.24733121191426521,0.6519363751311089,0.3844002398100679,0.592281310929632
wildapple_00063,wildapple_00063,1,-0.006774448852359581,0.7633229100681561,0.732995545322241,0.0014146483136386258,-23.147983835738682,8.86682734077717,-10.507745046304844,9.511919668854835,-0.061963818610548824,-1.1811354602982682,-1.1295600299324269,-0.0012881118612030238,0.14275884589293564,0.1506515059477541,-2.6477837104906063,0.060194618829006896,0.11724253431404702,0.4537870831237253,0.40578273835378215,0.11694521085637327,0.5580596442001745,-0.4348758535994564,0.9849111892032073,-0.26481650509695426,-0.015251002442487081,-0.043273528118269726,-0.03776354500741665,-0.01622709491280744,-0.06859941527206825,0.04800667884347021,-0.08756582170144007,0.029194221809647786,0.9262742981073804,0.8687173468519429,0.8497037576812619,0.9599929073507485,0.6494722999591919,0.8002719370820017,0.2710047847338123,0.7975511528974932
wildapple_00064,wildapple_00064,1,0.10325806746415267,0.2197229731263526,0.08173465119166727,0.13640080482670752,-17.017589757966544,6.935942078865547,-8.047263552897435,8.415586827248543,0.12778264655204633,-0.21356657021752765,-0.1574659406665763,0.15661776219568593,-0.800922215712801,-0.12158553415836441,-1.2043432563423468,-0.030830781504299964,0.0012217806516339963,0.10563912944368245,0.07962692779734776,-0.006847835174112744,0.498345245346816,-0.3390917217084094,0.3068993830889181,-0.2929456716449985,-0.0024260957212596614,-0.011087898847016702,-0.008603202781141394,-0.001578267927121624,-0.056447603365010784,0.04956910538448053,-0.02187609275662316,0.04155555502342696,0.750266439059648,0.7246298720704902,0.6896357839997909,0.6534707511579605,0.49229147976844645,0.9191025284052765,0.22647294086822256,0.9237683625486722
wildapple_00065,wildapple_00065,1,-0.08117828251781653,0.5046979699170937,0.48346715533371915,-0.039752210617403354,-14.694087066139188,30.390825454920638,-2.2933836706532755,14.98152871826225,0.4711425157255149,-0.3307488584329208,-0.4717422418355458,0.5264009565063222,1.453492783116597,-5.935003216889254,1.6584242801164524,-1.3907993807834043,-0.08354243345311715,0.1431331091935372,0.1674883245647727,-0.0941196954970394,-0.3593960599728811,-1.9063725480134772,-1.2401907035685504,-0.5311187884828535,0.0026504291944255336,-0.01590778552597823,-0.01674410371542579,0.00338264914803355,0.01834722173147077,0.42099189779847035,0.14947750038830676,0.10707517120005586,0.8498505547298877,0.5022649336921065,0.5317725245231686,0.946241630455907,0.24673743472025278,0.895263187455468,0.5325650110660876,0.9116355207206331
wildapple_00066,wildapple_00066,1,-0.05129300123712273,0.5532235539320732,0.49850890198440084,-0.030550714469316276,-15.989125107227212,16.460092169975894,-3.32690205582454,12.2148102846167,0.3190710886849869,-0.4294751536633276,-0.5397836808115231,0.4619120602451611,2.383103121016357,2.833736956526238,2.1486440263914894,0.6945653227059466,-0.03524649643431198,0.17339465924381423,0.18716051587552718,-0.06656731529669305,-0.6157406443077921,-2.9288864655069373,-1.2312532219229144,-0.8611608325647403,-0.0012010090145280798,-0.018342300854397538,-0.018270711047631314,0.0009605948897925063,0.039661777744863014,0.39100456453300453,0.13821465710780556,0.11471645306131797,0.9205109360075578,0.758377922239837,0.7626128461405423,0.9695008304149901,0.38374296552405796,0.9069221527474339,0.5456300360014247,0.9177069318334594
wildapple_00067,wildapple_00067,1,-0.21550495516748558,0.7572346041825657,0.7433843660083652,-0.042799153788522754,-24.60060520039813,9.43668908031029,-18.15724064796402,9.655679512986449,0.4321490264377837,-0.7000124503429664,-0.7686369556135344,0.3105344748094906,4.477748273690871,1.3369157100688092,6.877020669965672,0.608508668029604,-0.08835270262005301,0.21527816971272065,0.22312554182258937,-0.053507404248693574,-0.8185059843527381,-1.3856571471937156,-1.9011519624322153,-0.7536033829006847,0.004646068189369961,-0.019303086251396706,-0.019079130749697925,0.001768268005113389,0.027228766149891243,0.18820505068180537,0.15037012897503435,0.10258738603721568,0.9615285880942941,0.7668948829949506,0.7914246590075559,0.8744320348655689,0.5808316008329344,0.7018244563813313,0.6051808671747465,0.5746582880362318
wildapple_00068,wildapple_00068,1,-0.00946069564137846,0.593336749257463,0.5464595024911398,0.00936502692374603,-20.964752723529443,3.138813759261973,-15.202632650726676,4.981418764291397,0.6024362954230692,-0.013201511154572057,-0.18507088959265092,0.7174902118978977,1.7225226231264887,2.1804346404411468,2.7023661880420735,2.219259559270072,-0.16078408249385154,-0.014308016247305558,0.030038104373689534,-0.18836562712858215,-0.3451700487038122,-0.8696847191912511,-0.8149204959714492,-0.8769372550702322,0.011383305189646845,0.0010673231021924494,-0.002165995882777026,0.01369916561125502,0.011207095682544015,0.08895818321447622,0.0669922554878454,0.0892611981507697,0.7864774704772178,0.4378180357558591,0.5255114453881664,0.9608056560093098,0.885033557891857,0.7308664712519084,0.8074932763899898,0.6551952488323803
wildapple_00069,wildapple_00069,1,-0.054372983336829266,0.3215788249490831,0.2665759533551994,-0.01621681567507135,-14.277615644978498,12.53236696204471,-2.0677877237135185,10.753524915263137,0.3638782606413495,-0.16555990833079476,-0.27436991722026344,0.49652044169811627,1.3178406691118951,4.207465235197864,0.9581431643324889,1.565772392649987,-0.046441220623987436,0.09859531946093232,0.11418472170588873,-0.0852331372816516,-0.44619809926083165,-2.7636224574786956,-1.0687977130312374,-1.1367297333794295,-0.0005757329635697758,-0.012476518326862298,-0.012488554208451236,0.00264565223790327,0.034675690617359346,0.3148309276517713,0.13403435795258622,0.13271922010776238,0.8176241813292969,0.6639726073625223,0.6117758764762702,0.9395263820498606,0.4300164460824015,0.6087545283359186,0.5387919708372622,0.6864607353109743
wildapple_00070,wildapple_00070,1,-0.05825559015121467,0.5781537292130055,0.5260833924297572,-0.03404124057146032,-15.660800751564992,10.553994306815932,-3.6368283257294123,10.12864899859854,0.33203955861893625,-0.3161293564711706,-0.5142603074292834,0.5781295526188801,2.7451626670924534,-1.5332736817692316,-0.38955662309675715,-0.27741598020667046,-0.08062411377943,0.06411990486901825,0.12848553044350552,-0.1386165035529729,-0.470650436139777,-0.36675117138097746,-0.08889894709596768,-0.4798791676914582,0.005201873336560164,-0.0047588297930273235,-0.010365639304074291,0.009456511575145383,0.017063947375010508,0.08140943561226956,0.01783286054433728,0.0735499877133833,0.8341363707271351,0.6626686355993125,0.7068251510079464,0.8935421629662506,0.8609852669895104,0.8925742179841896,0.29935917820001035,0.907333511377707
wildapple_00071,wildapple_00071,1,0.04674138120916107,-0.01021532316438152,-0.12271693202130705,0.2076623279488451,-10.677974711037962,15.59479821386443,1.4018736349274314,12.035797629059186,0.26770287567685846,0.18894232730455093,0.1376188052152947,0.2873958470447667,-0.5802232530032246,0.10819304009153748,-2.05872856145155,-0.4967415672428018,-0.022620907676207058,0.0005683539580409126,-0.001058595583600722,-0.028016989849088455,0.21832379679390404,-1.3937662648798048,0.46832972710956333,-0.25534715206408354,-0.0022898700796312402,-0.004570077338039581,-0.003179973781560414,-0.0018628936900635018,-0.02626958878471913,0.22328609859076304,-0.03278166084101139,0.052381711078193074,0.8398125969964677,0.8951708243427183,0.8511593220348613,0.9680243400049232,0.24020036137419798,0.8858186109150695,0.21290419202025346,0.8343528151509205
wildapple_00072,wildapple_00072,1,0.026357382582084664,0.09395761020255801,-0.007069573935234369,0.09647459830298599,-10.559630993032258,11.133829813720155,1.2888493730794506,10.558671576367097,0.27397357545229173,0.11215480097702547,0.04465344610313566,0.3559279199393964,1.9734769279256925,-0.1698698855559476,-0.23324314209272295,-0.3197666990159435,-0.004743814367637526,0.03053784968726575,0.03480853870091766,-0.03204246955516518,-0.636999926582126,-0.889056654384759,-0.340707302853501,-0.3344183225294746,-0.0047909501565502055,-0.007116464728658864,-0.006434354705340944,-0.0023148141876615834,0.043620480824752554,0.14291759473757074,0.047864377112244255,0.05821600472168231,0.8509086689041307,0.7891007522979843,0.7405827786088703,0.9408781338957081,0.6684773206470254,0.9423588728244938,0.48514375497039786,0.9479587848492944
wildapple_00073,wildapple_00073,1,0.04866645416855993,0.4847280590258753,0.46941652874264644,0.029429889566293842,-19.006665367419664,12.12171565848443,-8.429077618762518,10.846941069695877,0.07396733657973918,-0.41725202682354035,-0.4891301214617355,0.15381211312192025,0.6339069044138017,-1.5792279263436855,0.805587874198136,-0.5206594345462444,-0.019815410443371876,0.10719312875313879,0.12865428557721237,-0.04358899764700491,0.02533409789729998,0.2724113433293007,-0.1976346222451508,0.025352868197304448,0.0014879093939295241,-0.008326075338485703,-0.01012139610953233,0.0035326797468117344,-0.009244726350172943,-0.021222038616665044,0.013206694499906827,0.0003852593041274645,0.924952458924424,0.7321208382924445,0.7671050075104799,0.8867275708891267,0.744440980656893,0.39063802231225164,0.22543477458629435,0.37037078207150687
wildapple_00074,wildapple_00074,1,0.12236649479544462,0.1125073432922364,-0.0347227967753441,0.2728443981120077,-9.631092869668253,5.609180730387983,-2.866066663860142,7.409208345214156,0.15686618957460305,0.21455876742090485,0.1423536707103872,0.15474847609561618,1.4201940010302103,-0.4328732114885194,0.5888232775797185,-0.3692270605602318,0.024749622342610807,-0.014427555813675786,-0.003548485893167477,0.025115334368371278,-0.34978288883773656,0.0621778079825563,-0.010887592458922403,0.05346598065185108,-0.006522519072630773,-0.0014629388848940582,-0.0017539200648157489,-0.006195706776296247,0.023973199518352067,-0.006846398401673705,-0.007638032783578235,-0.006498600866063792,0.9316834145658264,0.9419485357988409,0.918638113308778,0.9337478211555597,0.2964856230161126,0.41997352917931263,0.2980745751789643,0.4351137459737566
wildapple_00075,wildapple_00075,1,0.019178267742620353,0.5330874493811261,0.4927622079849228,0.026439428103692344,-17.88877716376906,5.718581515571514,-11.141709737616058,7.475905874420281,-0.025869290117202903,-0.5684096879068942,-0.6164789712499987,-0.03449201808562326,-2.050169519200818,2.627887249126088,0.5402214644543241,1.8312825589409143,0.015035379902431003,0.14219146889323964,0.15428689530207965,0.021689968889183994,0.5435628794884242,-1.0930239239857775,-0.4075508556865835,-0.7620252900787277,-0.0014435107796550318,-0.010249907493643034,-0.011143520474433876,-0.002037273654055711,-0.03845374978264543,0.10490499534788174,0.051518673414546516,0.07338510131101694,0.9191641469749652,0.9645027854172831,0.9389379969323233,0.9145511148362191,0.7458918943471433,0.683851069239638,0.7490322076552459,0.6844869440415964
wildapple_00076,wildapple_00076,1,0.07894378487769466,0.06399727595800689,-0.03566058317312239,0.1438689678907397,-19.941236644740997,12.963227757782654,-9.392648239537255,11.264750776859035,0.08292681394466238,-0.02564776495158193,-0.012859148686633475,0.078155862374438,0.5990083756500563,-3.247730954946613,0.4177091767534201,-1.5611124718752525,-0.01935215544652566,0.009373519422478358,0.003624230709926794,-0.020680527956712776,-0.1655841020855986,0.03089432385283469,-0.699799042680627,-0.07612871624647881,0.0011045359038480242,-0.0012373387992306796,-0.0005785953700354324,0.0014034985668129362,0.007144457031172135,0.055609768280980076,0.0901082092213104,0.04012241500468414,0.9143316347958602,0.4995083989172021,0.4989173734730926,0.920241298492741,0.6476936678061722,0.9181409307226167,0.7888307764996196,0.8546047038853561
wildapple_00077,wildapple_00077,1,0.21071968746426556,0.6969564024246097,0.5855274340420049,0.2686412063511941,-14.133695634335083,5.85602642564676,-6.051029194343253,7.730977165147187,0.1398397752896849,-0.09804575570992038,-0.22539772459911872,0.35575412450328625,0.9081748823202315,-0.08868836548566669,0.7954122223820129,-0.209811928027107,-0.02579246704761332,0.0177418716671146,0.047296742404694066,-0.06706160674621513,-0.04989584700264463,-0.3047328504365414,-0.37000214352763405,-0.21755266619803987,0.0008353103504715258,-0.0009986929821245514,-0.0029494275498871793,0.0036034870027291496,-0.009720080017714454,0.04859039878745827,0.04110330093258203,0.037396073379891814,0.8835210358677535,0.6135309884931476,0.8415321415443587,0.8753281485368801,0.6149879562469192,0.8343146753336477,0.15565922759527018,0.7962927408275985
wildapple_00078,wildapple_00078,1,-0.228130605516679,0.8755580385526015,0.9033857942699929,-0.14480153378099064,-26.534598429931638,4.431029266563097,-20.37195026317881,6.578878121503211,0.6248378540486803,-0.13544849205821274,-0.3299914671159864,0.5722749305460288,5.711093862289196,1.4251014834266045,6.828931507313912,0.8417664198160852,-0.1356708993689103,0.008296198921189431,0.04602726206064493,-0.10014475491784819,-1.1827813496825343,-0.7116701839254569,-1.6862830448699917,-0.4273868187173226,0.007585316789700079,-0.001301924284133645,-0.003187264119406613,0.0037345585620237338,0.05568149185268414,0.08645843153328729,0.11603937579097529,0.052417082030951585,0.8892258794761274,0.8912540813615695,0.9206058562408901,0.8199885543810235,0.9058097607445085,0.8141972326806388,0.9123354674754793,0.7960391025521307
wildapple_00079,wildapple_00079,1,-0.2045829244636966,0.8152645005646979,0.8376087934681857,-0.13777592157324042,-26.449199401672608,6.984414351030732,-19.27920140581813,8.57794149602715,0.6937784581444477,-0.028201341584679927,-0.2500708457969482,0.6724781819456608,4.5559264727757265,1.037727939636424,7.032796877121816,0.10402752319107379,-0.15747917044480989,-0.023787954979418876,0.02499504119673847,-0.14316733873316173,-0.6011638169373965,-0.9983414888812855,-1.8930632266847631,-0.44874816441528115,0.009396338222019004,0.001518937843767079,-0.0014816019119638355,0.008051858800980749,-0.004610307440176751,0.13602417404213182,0.14107552075706634,0.06860284027736127,0.8560932282196129,0.8745932670230884,0.9099767929712904,0.8229402526623552,0.8788772614972546,0.868635696827994,0.7841115843509359,0.802088472728849
wildapple_00080,wildapple_00080,1,-0.19819232734937503,0.8294923354053138,0.8698550539486333,-0.15677541954386298,-25.31072831865404,6.119930359575871,-19.032813939419135,7.9288202322153545,0.7470772440472775,0.06537214265988422,-0.12794595797147068,0.6740757209278389,3.78941137087745,0.7813495559816831,6.19195454211391,0.15910527199937238,-0.17698796929639646,-0.05817151732855676,-0.02030501722708929,-0.13928479380760442,-0.2558069346613887,-0.8295720987354128,-1.4731971265960027,-0.49862875639755755,0.010983718209496934,0.0043729595237910245,0.0023122533704295393,0.00746795199717382,-0.04346926098166997,0.11260860950603961,0.09494624220091653,0.07393691853697117,0.8343552330535164,0.9032534180123112,0.9240924418855642,0.7774963175140415,0.9239282417658994,0.8589046630893481,0.7345434495031579,0.8451571950781311
wildapple_00081,wildapple_00081,1,-0.17198477932983694,0.8046328916468403,0.8453221299939531,-0.14925480540841668,-25.181277660006636,7.433362929470698,-16.705216085311317,8.654569446507388,0.5748244016829808,0.05619470055200238,-0.15209198097461857,0.6077064073104989,4.935834279852632,0.43748591322620284,5.873492318068188,0.7772614981957681,-0.11999813876693557,-0.05423251777742194,-0.011033565431401923,-0.11072402746261378,-0.8012491920859858,-0.7516601578562043,-1.6812043350139836,-0.7993017179847279,0.006065315510370954,0.004193797613484686,0.0016181874571067141,0.0044903631917097295,0.02166019154747704,0.09768566247501563,0.1284619746457223,0.09847018192288964,0.782703183004656,0.9088041551511331,0.9245597850879285,0.7836215604892256,0.8115022622423624,0.946215967565901,0.8298753822390127,0.8861171789029507
wildapple_00082,wildapple_00082,1,-0.25039290980218176,0.7152126606440901,0.7382287690133751,-0.16208154609370326,-27.54940001187742,9.050587953168899,-17.262765819911156,9.879448932997278,0.7694241313565068,-0.030924557323848672,-0.2505814099595656,0.7054838579488043,8.573736086071504,-4.258193925768481,6.214501421633085,-3.576233369942547,-0.1857769007463647,-0.01085551289107756,0.039819154549728696,-0.15707395969611826,-1.9921207410777129,0.9279172919894826,-1.7843806955356203,0.843478141495102,0.011883579310048015,-0.0002993456831183128,-0.0035833772836309464,0.009288434000365931,0.11731705368351208,-0.04284066018181482,0.13735636823380845,-0.0466646493636025,0.8146643757654632,0.7336186027035201,0.8165233090526931,0.7523569320052488,0.7855085980027895,0.9409315399496628,0.7062023844561159,0.8769520226201548
wildapple_00083,wildapple_00083,1,-0.2994788331925928,0.7401594439464986,0.7245892950079648,-0.11262883635406844,-27.271603001875445,5.630201608881691,-18.35606632438788,7.540542060377674,0.8997693005395043,-0.013196415859200896,-0.2672412706509466,0.7863740615753644,4.676681736741301,2.3523333044403767,4.777953987292324,1.5080783411168162,-0.23060902358549396,-0.020530844849102847,0.04653418723703464,-0.192440773396716,-0.6906060724627554,-1.301527865811712,-1.1573350189796443,-0.8466684686609095,0.015976965409649487,0.0009679572957784168,-0.003936443176835477,0.012612864760813651,0.0060006017273868326,0.152202115911521,0.0733605084532278,0.0975869070660042,0.8946032588973774,0.7357479680357313,0.7334303103100441,0.903402834440192,0.9591103849297609,0.8600113635274332,0.6810837598576318,0.8440525146822118
wildapple_00084,wildapple_00084,1,0.06203240313965884,0.10884592885320883,0.045259677776784725,0.1835426243417197,-16.946976622635162,5.622501075183425,-8.679092721106558,7.53712612703198,0.45284188731553543,0.26598726011930907,0.14552175871554815,0.4853008369959531,0.49877955537156604,-2.141780199691909,-1.759910975207217,-2.0861697828700807,-0.08559603013145461,-0.034499385978752316,-0.011664653225152768,-0.09115967557672809,-0.12166819322462749,0.7544973634862683,0.6273912783516116,0.7228594809975534,0.0037695263918980644,0.00031119411942934075,-0.0011257239043562111,0.004321954354192269,0.005369153874427249,-0.06004456415216287,-0.05840792319505627,-0.05811799709396576,0.9020280198728754,0.7814328801799091,0.6375749523726693,0.946012797668985,0.6300497338552323,0.6678171388295057,0.34077872198346193,0.6494634705153581
wildapple_00085,wildapple_00085,1,0.10037550787166383,0.3338683401093337,0.26149294056901384,0.15020207225373355,-16.564760829937835,3.392611999001644,-10.968670224083981,5.353244806821756,0.22432274651966091,-0.03384845999498235,-0.17540148539941677,0.33211575028678664,-0.08755891583301201,1.966884595662853,1.9855302492815214,1.8359172163716244,-0.046730890187795304,0.015507787740204849,0.053078117574770746,-0.052779215980659704,0.13226020809415726,-0.6544049498698857,-0.6442081933382987,-0.6053238472080616,0.0024282427521885746,-0.0016496772642689624,-0.0047119759691107805,0.0015900336356476001,-0.016047835512639184,0.05488893323823803,0.053261370128801715,0.05048610776183091,0.8660271207376147,0.020372327859079498,0.24714977863958265,0.9858998137538756,0.3734808293343247,0.40195742288023784,0.6475504162784231,0.4153663313194915
wildapple_00086,wildapple_00086,1,0.01495271306489295,0.3115432095347031,0.2875448566381681,0.022475199435244803,-11.59795761963553,18.91564998015094,0.022121422689094197,12.831740860580625,0.3371028487009471,-0.039200702253434146,-0.14482664871805737,0.35220657417639384,1.350252157918644,3.2635247348730885,2.2442527689586664,0.6593489061886314,-0.045725423837060325,0.0017293989557565588,0.010729749706670823,-0.031256724753743644,-0.3470590322728522,-3.281767780322466,-1.139571374503625,-0.8900237896564767,0.00018891750378347878,0.001231058251413712,0.0020204457581381664,-0.002366591611820642,0.018406641431450557,0.4244486846227404,0.11506774166646451,0.11713260517800538,0.8569555308643669,0.2158403246222239,0.4032057425521042,0.9572693110088407,0.3539525791220475,0.8156275523398685,0.5495618549673649,0.7551066354718221
wildapple_00087,wildapple_00087,1,0.03855175869350297,0.43501261870066255,0.3935915375071938,0.07608452721527167,-25.689175005491716,7.978145123271047,-15.471351706431369,9.263747687037931,0.4759765996750769,-0.09931216755556634,-0.21472325963189853,0.48303117984462285,6.985970414554558,-3.3964688544671677,2.7275723872801283,-3.3185055269253976,-0.09966235052158708,0.04612601619391206,0.06753616072781761,-0.08723587225074367,-1.97479726600386,0.7800678796587944,-0.8153612692062583,0.8389849452089777,0.005038275530266796,-0.005230607257948977,-0.006432298535593978,0.003390938100038148,0.1473049304842798,-0.04588482041139608,0.062169524507494994,-0.05505561529443168,0.6687566355348056,0.15581744014023047,0.3167969840845113,0.7595036461362925,0.8581208581912145,0.7226962531694536,0.7918709260026177,0.6730207384049985
wildapple_00088,wildapple_00088,1,-0.01788197346744526,0.38678736939574676,0.36075414942972467,0.010390241771484928,-19.09915105469169,2.6040554714418813,-14.933892552542934,4.275781716961316,0.3597339353194477,-0.1466054496843188,-0.29369238917789714,0.3790224692562507,-0.406802420370144,0.7451956940122683,0.5434424486930837,0.7257251478423793,-0.057096765188264446,0.07378649138704398,0.10012718427168339,-0.02417908501670223,-0.06908904842050455,-0.06291744990741643,-0.12756778310211497,-0.006702607456548758,0.0015865373310334533,-0.007691616164238172,-0.00906132496517114,-0.0034848656787565204,0.013613805973894975,-0.0063898130942855865,0.004682487469370656,-0.014227958488001423,0.8820976201958839,0.19268934838757779,0.21276057392680592,0.9606504376698464,0.513663688212128,0.5714351966265245,0.7459748836604001,0.5902726276985163
wildapple_00089,wildapple_00089,1,-0.05933301132538854,0.36821801373452784,0.36189176057549954,-0.022221305492248444,-24.42347431193622,5.370173681450139,-18.675459487065712,7.431794548397153,0.4119641789399713,-0.19639316804352241,-0.2873667212838804,0.4915870780805262,4.169356409371696,-1.661843970855377,5.08274817410966,-2.0094482333755472,-0.06392850250769806,0.09466428751553306,0.10187727638250174,-0.08375789149305492,-0.7855177508141483,0.29678146777431175,-1.4423759027357845,0.41662170610655846,0.0014893589855218083,-0.010225156265677849,-0.009941599214204943,0.0028853199510562063,0.030007137401405204,-0.004505042942290075,0.1166123807793741,-0.01577882871352098,0.7697278065185127,0.18880326585507812,0.22841100615871957,0.8249655087341595,0.9670805545525952,0.9408068333492919,0.9376690675893494,0.9014693252133119
wildapple_00090,wildapple_00090,1,0.027028565851284637,0.36474882201714814,0.338938652791759,0.02269085287822032,-16.394847880060617,5.518083408120025,-9.463904709596635,7.311714394653929,0.21097549671377772,-0.2669200013790803,-0.3743776345536813,0.2972892570560649,1.281347000522064,-1.311156715531038,0.9101344217744846,-0.823327121177152,-0.016928460149015497,0.11629320710123343,0.13145628131248718,-0.01658122166507429,-0.4513017510379845,0.7883169793064088,-0.20671471355492832,0.5004044135482236,-0.0012396734436938893,-0.011676137420264153,-0.012217309438821036,-0.0025480535878527055,0.041124991961216086,-0.08228421833502292,0.018024784767828983,-0.05190805372569475,0.930673276027899,0.3968719793119605,0.4435470946218366,0.9791552907439239,0.32553467662559743,0.5980084100373613,0.37805209242803883,0.5865943498029882
wildapple_00091,wildapple_00091,1,0.014228913604413317,0.46473398804664406,0.41341263100956244,-0.0010601340256856397,-20.76112411148073,2.058543240841954,-16.845932582688608,3.313331992166892,0.2576476389355169,-0.4006898089770275,-0.5017894506158795,0.302648924128522,-0.8467491635039273,1.906041332740606,1.1804505342123195,2.5528801726870833,0.0014858285214455296,0.17840373799914386,0.19075522581478196,0.0048056030605649405,0.34109302598809654,-0.47975076858549875,-0.20097615586167342,-0.6374299961215828,-0.004866532819654876,-0.017971889012389712,-0.018201783845069423,-0.005993325197410702,-0.03030910479929321,0.032029091896622335,0.008182693577882075,0.04281249802055415,0.9227636492052342,0.5200457585743166,0.5053866049131144,0.9787722466553861,0.728825437840705,0.9251521853386243,0.8685138317176362,0.9614500330420804
wildapple_00092,wildapple_00092,1,-0.0470297786297112,0.36063079129565784,0.35387981423374315,-0.017704181845835533,-23.607519548911537,3.538206711964054,-18.437579513436233,5.293824934547755,0.41147073352708646,-0.1700919687984481,-0.2715347940397873,0.49895486368849357,4.265991783446531,0.2471610629270212,4.6076551394551855,0.27657900323624574,-0.06888327395409387,0.08194261915110933,0.09368347751129888,-0.08989607275149139,-1.0424000843028554,-0.0746359030544274,-1.0958777687498984,-0.07450365520664358,0.002089132377866903,-0.009036631897242398,-0.00915126690659861,0.00357539599850734,0.0662673786856069,0.012880116676305809,0.07526404645467306,0.012330086378247118,0.7755096873363444,0.17084589032648245,0.24659767085890683,0.8180159265574385,0.8772893828774057,0.31160217255804235,0.9205743854120717,0.32514936813016804
wildapple_00093,wildapple_00093,1,-0.07162035392984967,0.3482740842031704,0.34370093437080973,-0.020912137334092806,-23.240261281901933,5.261208295733524,-15.606356907493984,7.304384111763969,0.5012437809988737,-0.1389879651722453,-0.2660516560861156,0.5179882163388851,3.7983984746435113,-0.9799958934840239,2.7080531333480176,-1.4492690452683212,-0.10204118988533227,0.06857714779449242,0.08951812429611623,-0.09694490431771623,-0.9137917983929376,0.09399608455225673,-0.7959380020745666,0.26934457688447855,0.005144839559300041,-0.0076446264530673335,-0.008592189675328713,0.004221474262650545,0.057326232997026806,0.00836112799259071,0.06247609966948715,-0.008036516664049285,0.7176565624326336,0.13251882597865794,0.2289152182472608,0.8101639195770562,0.8210111182090749,0.6104925549824476,0.8159647795359741,0.5523956254851505
wildapple_00094,wildapple_00094,1,-0.04608014876846787,0.3258669611179462,0.3216654686962782,-0.01663633733352719,-22.464177617507563,4.660138555216091,-15.000050933023523,6.833325205829682,0.47914687458493727,-0.11268543351500775,-0.24665960976077847,0.5229586158917894,3.2348392250857576,-0.4840485649166368,2.366571430372569,-1.1741591208618596,-0.09484921368374528,0.06100515371341744,0.0856312260160715,-0.09827234665006447,-0.6765295657738729,-0.10402151147926614,-0.7314908904596512,0.15290206340207135,0.004473407696809408,-0.006947406689928057,-0.008269898025460099,0.004287980660923138,0.02987944540723176,0.03312607530783262,0.05831315277420897,0.007815723557907116,0.7010089332828744,0.11479499645256797,0.18550182596896214,0.8056579698265229,0.8923336741475033,0.8874257397558808,0.755429175421747,0.8458931655456661
wildapple_00095,wildapple_00095,1,-0.04608014876846787,0.3258669611179462,0.3216654686962782,-0.01663633733352719,-22.464177617507563,4.660138555216091,-15.000050933023523,6.833325205829682,0.47914687458493727,-0.11268543351500775,-0.24665960976077847,0.5229586158917894,3.2348392250857576,-0.4840485649166368,2.366571430372569,-1.1741591208618596,-0.09484921368374528,0.06100515371341744,0.0856312260160715,-0.09827234665006447,-0.6765295657738729,-0.10402151147926614,-0.7314908904596512,0.15290206340207135,0.004473407696809408,-0.006947406689928057,-0.008269898025460099,0.004287980660923138,0.02987944540723176,0.03312607530783262,0.05831315277420897,0.007815723557907116,0.7010089332828744,0.11479499645256797,0.18550182596896214,0.8056579698265229,0.8923336741475033,0.8874257397558808,0.755429175421747,0.8458931655456661
wildapple_00096,wildapple_00096,1,-0.04608014876846787,0.3258669611179462,0.3216654686962782,-0.01663633733352719,-22.464177617507563,4.660138555216091,-15.000050933023523,6.833325205829682,0.47914687458493727,-0.11268543351500775,-0.24665960976077847,0.5229586158917894,3.2348392250857576,-0.4840485649166368,2.366571430372569,-1.1741591208618596,-0.09484921368374528,0.06100515371341744,0.0856312260160715,-0.09827234665006447,-0.6765295657738729,-0.10402151147926614,-0.7314908904596512,0.15290206340207135,0.004473407696809408,-0.006947406689928057,-0.008269898025460099,0.004287980660923138,0.02987944540723176,0.03312607530783262,0.05831315277420897,0.007815723557907116,0.7010089332828744,0.11479499645256797,0.18550182596896214,0.8056579698265229,0.8923336741475033,0.8874257397558808,0.755429175421747,0.8458931655456661
wildapple_00097,wildapple_00097,1,0.011268250215447072,0.41495744974324134,0.3742492578246367,0.03242071887308912,-19.162893735301417,3.081304881974486,-13.937869117882501,4.972436948298216,0.42211183129692376,-0.13497227295819209,-0.24488255239668277,0.3631811227412922,0.869234948998301,1.5290034306786318,2.4501887395053252,1.5887259097974815,-0.06697125966653818,0.08001602187680149,0.09740485708950912,-0.02817673598984618,-0.16574549893790655,-0.449763335227891,-0.5847948572006629,-0.4618809659647281,0.0017730449088558288,-0.008761478903129548,-0.009620163476828373,-0.0022630647314016263,0.01325899858494538,0.03290153503753925,0.03634861325370276,0.03311137905890166,0.8498312093651523,0.32218092735256,0.2414317414513445,0.9359745041511407,0.8025125798625854,0.7262251697525723,0.7115757636563235,0.7441085489409535
wildapple_00098,wildapple_00098,1,0.011268250215447072,0.41495744974324134,0.3742492578246367,0.03242071887308912,-19.162893735301417,3.081304881974486,-13.937869117882501,4.972436948298216,0.42211183129692376,-0.13497227295819209,-0.24488255239668277,0.3631811227412922,0.869234948998301,1.5290034306786318,2.4501887395053252,1.5887259097974815,-0.06697125966653818,0.08001602187680149,0.09740485708950912,-0.02817673598984618,-0.16574549893790655,-0.449763335227891,-0.5847948572006629,-0.4618809659647281,0.0017730449088558288,-0.008761478903129548,-0.009620163476828373,-0.0022630647314016263,0.01325899858494538,0.03290153503753925,0.03634861325370276,0.03311137905890166,0.8498312093651523,0.32218092735256,0.2414317414513445,0.9359745041511407,0.8025125798625854,0.7262251697525723,0.7115757636563235,0.7441085489409535
wildapple_00099,wildapple_00099,1,0.05190773444078589,0.30675302208824545,0.22031952350428552,0.105527016701121,-14.633349278525788,3.8010836732487254,-9.533609303425381,5.832325730168758,0.312285220477827,-0.008229208411648705,-0.13061598197571794,0.4272746295919489,1.4415721867708098,0.663620501252724,1.8395465327378955,0.4882716914703422,-0.052400910764734354,0.03947362409817917,0.06238689555814775,-0.0705531094368401,-0.5183579777962407,-0.2719343410090503,-0.6097157611745601,-0.21816548148654638,0.0017526778206373595,-0.0054170180105068055,-0.0066997907077423315,0.002684638430975895,0.04391608952895875,0.026743494519701778,0.052578901947195104,0.022625812972096936,0.858521550259074,0.3199464317180606,0.20620378084683588,0.9506052956448693,0.5103911615986853,0.119491552827926,0.6255292628649165,0.09848925299315747
wildapple_00100,wildapple_00100,1,-0.3267689553493642,0.6180763113679302,0.6277482030969667,-0.11682553228103523,-24.554101082584168,3.947616879386535,-16.253967182006093,5.922281391860628,0.8812345682247513,-0.1460560219628469,-0.30197286357482234,0.864326955070569,6.68735917251468,0.48040256867654924,3.275510088704277,0.07761612202674331,-0.24166653758284293,0.04796819808969515,0.08099007166244768,-0.24651838584250657,-1.912413814926887,-0.3615484034791741,-1.0115796952868576,-0.18471782958857144,0.01782583419478336,-0.006472392120596148,-0.008317376289403808,0.01861546579936535,0.14429121303015605,0.05307251621668733,0.0846926042016004,0.03385026913236921,0.9032397317824645,0.4684900697674216,0.5304395865918161,0.891113476610321,0.9400990082287106,0.7053788878427707,0.5597779879906543,0.6202281698998799
wildapple_00101,wildapple_00101,1,-0.2756615902271012,0.5185232923337902,0.488658314853003,-0.10557580107089082,-23.690483868302437,6.425267516554902,-15.858251954854865,8.12138345238094,0.8458467114322122,-0.0932386759077274,-0.21444602706839147,0.8269934813299801,3.9013041968819655,-0.6236405358761766,2.045023064033316,-1.261081977496257,-0.22904773209498808,0.045170708942465075,0.06392202377158072,-0.2298984469692681,-1.0148352589517338,-0.2025007261972173,-0.6457005099248867,0.07836708442636076,0.016575415596828347,-0.006898284315912427,-0.0073304955066755655,0.016989811652838548,0.06762099607428126,0.04318147158098415,0.05567598471437796,0.01563258370287285,0.9118955039118986,0.49999758817118556,0.5218015714742195,0.8778913384243732,0.667626847437488,0.40510001866549694,0.3788161155986216,0.4534658265942527
wildapple_00102,wildapple_00102,1,-0.22321473567463074,0.5610988360236985,0.5254426684343443,-0.06464783234916742,-21.606608793098253,8.867020108149596,-12.324457186753195,9.463776854875123,0.7346720013906007,-0.16107851207359786,-0.317145402277154,0.6552105428695308,1.9039475397733423,-1.1969155827916547,-0.07534023220702697,-0.8165959554761913,-0.18636576089338316,0.05199405818107217,0.08399581292531248,-0.15582408196820938,-0.30716760504906204,-0.45639995814310025,-0.04961403287420113,-0.2729604575268616,0.012836426175124956,-0.005679388056659723,-0.007536709689619865,0.00996161840686742,0.004841300065936454,0.09785070948613948,0.011935293037520037,0.05836281810065088,0.9194045754889043,0.3259004647879863,0.4543856732891729,0.9328129821213064,0.9159789626664923,0.8209415281951111,0.2097776174311876,0.8072115572991576
wildapple_00103,wildapple_00103,1,0.0044394151659055015,0.5851565987774813,0.5317051519047112,0.026410226907694595,-16.18060148979989,5.63815154221108,-8.224602917842871,7.49131647199388,0.3823348062147431,-0.25666126478759016,-0.37949409430462117,0.46432005764827783,0.5712464142401869,-1.0266687916157056,-0.019501296946346617,-0.8212813650643374,-0.06796184720059872,0.09584255018211023,0.1167056998842721,-0.07525682531587478,-0.0796478308076253,0.28429633568394924,-0.025866461452487315,0.20624225344234762,0.002992898930263229,-0.008837309713014444,-0.009942185397099963,0.002680235006140931,0.0013228645239752208,-0.02783959278312434,-0.004217353770154246,-0.02105439661504548,0.9671570793739154,0.23975168151953064,0.37038147039650604,0.97268493028227,0.18733379617746948,0.5064690648520012,0.7536738923171888,0.5049986713198853
wildapple_00104,wildapple_00104,1,-0.18900083704132203,0.6673246581446028,0.6489900327993146,-0.04698650617942555,-19.2429203663701,4.18272664852498,-12.22197615171603,5.976004497617887,0.5370137576439609,-0.30631210193747505,-0.46430672096117964,0.5148894921950394,4.604892725900149,-0.8303206766290933,3.006542528551614,-0.36651701530812336,-0.1174744163417234,0.08584982655071584,0.12453175766707991,-0.09897984253057131,-1.641272233954737,0.6256723339272193,-0.8244408484675899,0.4054203088951223,0.007226161478454422,-0.007072321506160676,-0.01003451517435034,0.00509186034476515,0.15066054031068893,-0.07318507377401763,0.06272513114171191,-0.05063983497473852,0.9587245801398198,0.1923647084700414,0.41606405639972144,0.9396179121143743,0.8752307931805189,0.38324980799656394,0.6256942013359036,0.3762026995355968
wildapple_00105,wildapple_00105,1,0.01069342913768349,0.52210846261093,0.43229787096832645,0.026119645233408203,-16.53864791384847,4.2191638097942885,-12.157619913308153,6.15901924601852,0.39906503039688784,-0.2102692203470573,-0.2774199623437146,0.4790957581606643,-0.19664257439998603,-0.1713472865009514,1.565566789858631,-0.14893550778080086,-0.04212039608544944,0.1060084545469814,0.11426401077023819,-0.06825897515271638,0.21648916894702,0.016901105018370916,-0.2864683249107161,0.0070745773885934555,-0.0013926959108743508,-0.0111797868398799,-0.01156115193258632,0.001580397005785587,-0.024975236262167234,-0.0024657057186259737,0.011788424747911669,-0.0018973913935192497,0.8996410653431186,0.2867422143015034,0.25438293340640905,0.9457764289894209,0.5951515401263338,0.3596859851623426,0.8385439250268603,0.3346524747664752
wildapple_00106,wildapple_00106,1,-0.09790911641970043,0.5867931106776895,0.5725695102503799,-0.06238645428057745,-19.550507283314538,4.015098615295238,-14.126844844255437,6.042757844823105,0.5486484348547565,-0.17280420678712066,-0.3090380989606417,0.5759337187877709,1.1457278787528382,0.23080705383563296,2.3000263029480865,0.20081990035491418,-0.1317221136479009,0.05620701098209862,0.08495569962492118,-0.1336168704223836,-0.29529962545306027,-0.17667583560730138,-0.7466493938916793,-0.1723005942316574,0.008335249862745388,-0.0061103497264963355,-0.00781743099555525,0.008458553728732174,0.020753543465712523,0.023618360102547635,0.06786802963344718,0.023542705683554058,0.8401740631122945,0.22759808377974833,0.3419788399256779,0.8875508093653289,0.5997887296433397,0.7488676333406505,0.7019649279048961,0.7237157811166532
wildapple_00107,wildapple_00107,1,-0.12728234622787798,0.42165958204052617,0.3686481827136238,-0.008032902172117686,-13.439079347100828,13.659218958041077,-2.470347530041286,11.273420656826355,0.4514744088239708,-0.1371231280592461,-0.21666693196646755,0.2238860780757575,1.8517524335526185,2.6993349677498957,1.139851582262498,1.2661746586568274,-0.06600236254442449,0.05572532706196499,0.05750362533124507,0.02430686444947202,-0.6352538424783338,-2.253478187650302,-0.8312559983255917,-1.0669472232573203,0.0011967010903292446,-0.004730183259593424,-0.003521374718408408,-0.0074892729671314434,0.05665781767738026,0.2663522979516558,0.10041458771627201,0.12637323281913426,0.9500766941622751,0.2929519234601645,0.3500027137951729,0.9670014621035615,0.7452552656078276,0.9392539415840477,0.5306368266399413,0.9549355173482815
wildapple_00108,wildapple_00108,1,-0.15524063019411827,0.6999723694541216,0.6966110856244043,-0.04645529067651718,-24.043624825828367,4.18798504924132,-17.962010740077943,6.249604434765071,0.5168215776503563,-0.4683293052135943,-0.6220647051102571,0.4569757887797925,4.479060757111657,-0.14077989504436983,3.839747125219041,-0.2795104532319563,-0.09453317750314628,0.16277154443132402,0.18964137064365577,-0.06492954312755156,-1.1089598188749692,-0.09041062217030826,-0.9393389276547883,-0.05839461741242973,0.003867998238916952,-0.015816948367188676,-0.01705272014092917,0.0008608942211727768,0.07491149652501389,0.01877098421289387,0.06704473051821774,0.01690862936028234,0.9341935971501126,0.3956571848386803,0.5459524097932964,0.9641013728568675,0.9315863023410964,0.8109555425259086,0.9374150490889269,0.7743527565904602
wildapple_00109,wildapple_00109,1,-0.054477676890781764,0.48576233332807295,0.457980025559663,-0.01859177520611469,-20.643676990196536,8.892035663624531,-12.650328992972774,9.783196993212185,0.46957499085628107,-0.1530606086765013,-0.2846963867722518,0.5133608469909552,2.9774156941307037,-4.327185262477237,2.157310908743066,-3.524254984706285,-0.09591583125413507,0.05286854266862328,0.07644453201265558,-0.09767093088324631,-0.7528477717494299,1.1996755359537,-0.7817604913748076,1.0115971741774363,0.005295814358973776,-0.00447070508292227,-0.0058542098850011826,0.004875560660347936,0.05645270635088781,-0.09899517755045224,0.07458598275399649,-0.08556550183455501,0.7821106131430833,0.06326514334039812,0.18435937748214049,0.815755272545985,0.593694495806413,0.8875723062840165,0.6014933677921819,0.7442100630929865
wildapple_00110,wildapple_00110,1,-0.18884482041386455,0.5074770554448614,0.5010319221200358,-0.07610951189064422,-23.558779944545307,9.549952470553388,-13.685790051607329,9.84322116878789,0.6915661624201983,-0.04966018236582281,-0.22002339386750766,0.7210292609645007,4.39958272565163,-2.766750404605244,2.7210972729009852,-2.0511309439572685,-0.19580852883721012,0.011490305361551843,0.05377488391417452,-0.20941477839016512,-0.9810422127606712,0.34260463119629453,-0.8896197221663992,0.26620006253785605,0.01471029611154189,-0.002903967606599905,-0.0057436982263820435,0.016251608400107004,0.05575987096558693,0.002081173430001085,0.074253741489231,0.0013460179520838125,0.8274881062338295,0.4343094302932621,0.4852277619411355,0.8199493886661662,0.9242605877548605,0.7903607736915437,0.8168037943848018,0.7016824376732949
wildapple_00111,wildapple_00111,1,-0.003466053115687714,0.4987650965199313,0.4569550752639754,0.0026891445741061095,-19.42442193380875,5.236623496856592,-12.200582180607736,7.166989931809181,0.3082862519602996,-0.2933635852403103,-0.4227082827498032,0.3759210380755124,1.2776586917616857,0.46588989910353634,1.2884198058481315,0.32142135793607646,-0.03712201181595308,0.12108798175082568,0.14464287725942454,-0.03773293364793054,-0.09033728380994405,-0.3217582654326023,-0.2739447370399402,-0.2639846988372219,-0.0003346749844960761,-0.011942511970045588,-0.01325512387686305,-0.0010728998006218095,-0.010782355357317568,0.03929667543283003,0.017636824998333692,0.03362787703428615,0.9113788752821247,0.29776274745128195,0.4014885847410251,0.956315665137835,0.6805201078451727,0.3036044078572495,0.6151520144328264,0.3108976212325387
wildapple_00112,wildapple_00112,1,-0.03800340282184984,0.5521481416442169,0.5136538523841971,-0.00580914401816112,-20.11317277857549,3.7872066246123475,-13.479469110672456,5.881019026197813,0.43654338687611133,-0.21510842016764994,-0.3929842348757472,0.4516920113588666,1.226319817217696,0.5716625038287234,0.560223990462914,0.2890810663175548,-0.08864096781856173,0.07223715594449592,0.1154653081243042,-0.06335015722562543,-0.4112076439599395,-0.11452645483874731,-0.04292329392606624,-0.01696167970496624,0.0045363514213249845,-0.006823948161168529,-0.010042433156584846,0.0008483413357588636,0.04049008817549305,0.0012340105470172778,-0.00478963578172289,-0.00827127449085365,0.9020467830218969,0.21531471679401892,0.4827620690485769,0.9309675467679237,0.447532237859232,0.45169011088072764,0.30241586166103174,0.6089745050710614
wildapple_00113,wildapple_00113,1,-0.04748976846835433,0.7430771067738499,0.6947362219745448,0.0492469094637212,-25.462319375956667,9.33430179033461,-16.71967485053206,9.13327265504573,0.01663093508132515,-1.0002452071963053,-0.9680457666871068,0.012103605328039726,2.216480372037986,7.2260767022327235,5.708786250929392,3.130437851312668,0.08314304234249534,0.35842807868140747,0.324056655249167,0.09208305669117911,-0.08914797177464631,-3.441228376732525,-1.6698748739095313,-1.5947320795365505,-0.011802840075424164,-0.033061379515048506,-0.02913837473500858,-0.012823234354569146,-0.02116668694867331,0.34383610927914765,0.13574843302591563,0.16480204917767294,0.8310166072690299,0.7638675667181972,0.7730802654182722,0.8861075140885644,0.7039689551281143,0.7465033167447279,0.7581773214997654,0.8043726118837174
wildapple_00114,wildapple_00114,1,0.030397532877852972,0.5913424672502454,0.5585948328177118,0.0293132499650574,-17.837456097990984,5.122014376768915,-11.700619471131024,7.033896197364046,0.23706300599814764,-0.3793074769219229,-0.4816829349904769,0.33610756545963244,1.4169650685441384,0.3126797519698261,2.7063502647556863,0.2751035514381647,-0.041684935744048496,0.11346113274994729,0.13198109787134882,-0.04269738459064586,-0.5171794807065627,-0.18131181378227823,-1.0021160140291465,-0.15988570042985306,0.001921654802584701,-0.008950546374450427,-0.01021798161996735,0.0008956102579079462,0.041950560539473,0.023075268963473883,0.09286559887990652,0.02014367551208197,0.9499604765091155,0.3812250941763782,0.5547108194179744,0.9831139301024453,0.7373163135229592,0.2751648753123963,0.6482493178644577,0.2639015950736341
wildapple_00115,wildapple_00115,1,0.04638271001032176,0.522310666965715,0.4497993258039712,0.08598791153142044,-23.364125915736075,5.341249642044838,-15.33707760704605,7.182110711116625,0.39893272890915527,-0.14025930811961485,-0.23582291310848916,0.5074992606800692,3.6706981060752004,0.11138428276991114,3.6992363140284907,0.18888853970823608,-0.06562427908616174,0.06219588207218044,0.07634926883269952,-0.10481697301585938,-0.6283071276421961,-0.31444760864856225,-1.1919760515447992,-0.33260271261926205,0.0016698968470414397,-0.007249486491535658,-0.007679953514433683,0.005464659119495229,0.018992138428258077,0.045454914621150026,0.10126388810457732,0.04542443009439874,0.7095806663431228,0.4029599504906455,0.45450168004295144,0.7360150528450806,0.9280046742830477,0.4423253539185388,0.7784490072885585,0.3634714949013429
wildapple_00116,wildapple_00116,1,0.10692168753564689,-0.17260929896975988,-0.24717640543751618,0.2894212847406209,-13.639642929162612,25.543299411985814,0.38981104449361687,14.089196574712824,0.13272052792776734,0.19967393257788218,0.13910690620024144,0.07666603842424999,2.0114948718075962,12.267124314235032,3.9763824885833885,1.9880374608375446,0.021048291670806036,0.0014655452657056677,0.003088238165266434,0.03892003309417071,-0.8266403321881379,-7.686996898901636,-2.113794016310457,-1.4872695095275943,-0.005679292533752739,-0.0030014232704133827,-0.002487215874340358,-0.007310161235356563,0.07726545758109996,0.890476089642823,0.22283774062312614,0.17785271908904263,0.9197565144607877,0.9341879235816322,0.9052549647856354,0.9681197425821301,0.32920008778614807,0.8531952137930735,0.8927660837745036,0.77018256803263
wildapple_00117,wildapple_00117,1,0.07660400064139748,0.23702068446260446,0.13825037714206784,0.1814239289272914,-13.667078326419219,2.7110877574415735,-10.253459199524691,4.300377765422955,0.18707120714654554,-0.08907903565300838,-0.1294456733361122,0.185779242111104,1.6328823821647616,-0.24750083765415062,2.814897588338223,-0.23877029703283897,-0.01463317500492435,0.06382447602106389,0.057726848096429584,0.019135046024601147,-0.6722454997528012,0.2470971454951442,-0.9550039381269338,0.2843418538657242,-0.0009416694581305681,-0.006618014527390715,-0.005352392153005416,-0.005511301823637703,0.060512502511827715,-0.027392498603541225,0.08371653958030054,-0.031885532490842174,0.8928311329235067,0.46163812237393675,0.26369346925519166,0.9719113751932982,0.5577017910155948,0.6535011496023606,0.611094808668856,0.6693629927005114
wildapple_00118,wildapple_00118,1,-0.23829507967316277,0.6547659737142638,0.6389451612520838,-0.08222790954239395,-18.895091927546527,4.020160800201443,-13.081337769958116,5.7959315435665015,0.5649946307410885,-0.3670875690655689,-0.5035200069163223,0.4298283478156435,-0.9632667204589841,5.7329273992325005,2.8543741942502847,4.365570325074011,-0.09760662140591245,0.1182657144227956,0.13652670216944177,-0.053022424783154276,0.6432648349575594,-2.5313446384766816,-0.9489497215826286,-1.8608128095485292,0.00347906828747725,-0.010511069339841158,-0.010704620320331117,-0.0006074990625634512,-0.08070579428712092,0.26661521162715585,0.08330605338164439,0.19127595457508745,0.881665729742992,0.19786698014099846,0.36826112996665616,0.9090450311669555,0.5532023643637801,0.9383950568363276,0.4901709647734319,0.9554285184862941
wildapple_00119,wildapple_00119,1,-0.09449323699412075,0.6299529111746571,0.5855864595734699,-0.005982475708041705,-21.820552878877102,7.318712466392223,-12.30987420854874,8.400995855347558,0.2000518144234164,-0.5196623919561258,-0.6154890629270712,0.15862301588871577,2.6498262083614965,4.672356582428398,4.084908455042934,3.1297467935640446,0.03581577941483241,0.19014385229307193,0.194701297982753,0.058536195153878465,-0.541342726664238,-1.9459582173745293,-1.4988390670794849,-1.3873641798325538,-0.008517509484738046,-0.01737678704802135,-0.016339030135611096,-0.011211980244784496,0.03681053167443152,0.16978074355979994,0.130985215182157,0.12220097119151287,0.9509464182368159,0.5184622271041659,0.5336793300751835,0.9797984131703461,0.787966531675435,0.7688009797499273,0.6758829518432166,0.7993323906912234
wildapple_00120,wildapple_00120,1,0.07486808419818633,-0.09191550778676533,-0.16278807085120214,0.1588680572582022,-27.396537424695172,13.118925104714732,-15.97931666401385,11.356411736274534,0.44521424128196424,0.42453688092987946,0.28985674898066144,0.4491112305531419,5.141608980709465,-5.936793531575352,2.200311817964643,-3.0209256677928953,-0.10819346955704608,-0.09761534703016518,-0.0704609920246549,-0.09643687356215003,-1.1468659990085004,1.441369619085323,-0.6066165863131595,0.6791283113280219,0.006813326705301223,0.005792996382829954,0.004293219322771423,0.005037333853919084,0.058160807848728305,-0.10674606688115441,0.029535925941545478,-0.04733513913842785,0.8241737609434274,0.7416484953358649,0.6672893137436604,0.9005051641534486,0.7186615895023942,0.8072760503501288,0.8667317969188555,0.680016193828481
wildapple_00121,wildapple_00121,1,0.02488288908466074,0.5291335189884344,0.5223942087455214,0.030789116679719637,-20.841874940705637,8.087701206184807,-13.172106516327894,9.041547754425329,0.3333064295561887,-0.2811858062706285,-0.45489194666937105,0.45354333688460574,1.6769565547278906,-0.5991540266698473,2.7704992651910194,-0.34418387241090614,-0.05670523033082322,0.09997685760001575,0.14157067720266234,-0.08897115891694496,-0.08065949951908526,-0.2602675350158904,-0.8345342764926114,-0.30108202081046453,0.0019009140271405718,-0.009746440507546805,-0.01274579527289276,0.004521078063231522,-0.017260261223910077,0.03780679141239765,0.06508442224178318,0.041367681557965344,0.964348412181607,0.5294523600374479,0.6965749086068385,0.9662349010826792,0.7334247599652208,0.8633289550028155,0.714405210556592,0.8260400569295827
wildapple_00122,wildapple_00122,1,-0.01739568850473996,0.481705731966278,0.4776419048959549,-0.003386734448598454,-26.529714101581117,12.450887724581444,-15.984235618317866,10.618706220485949,0.5169954079456203,-0.10450831416343792,-0.2696668940285832,0.5488329409429472,4.766667031181394,-6.710080807149167,1.8525152333302433,-3.3233976606081077,-0.10575800043891437,0.05802905039450546,0.08897034184466944,-0.10052087898184717,-0.8670781765378526,1.661723404283142,-0.31354376651771404,0.8010258498791755,0.005245905694481263,-0.007375533701946026,-0.008980162723949445,0.004218202328892663,0.03296491381848113,-0.12244636872368019,0.005534331093305521,-0.05706881964121488,0.8029148085853639,0.40287984342325933,0.4930977416571254,0.9048936652488702,0.8058566171495106,0.7406576496240657,0.6516243112056848,0.6104330435345608
wildapple_00123,wildapple_00123,1,0.08591072485446383,0.4962971260150259,0.4857032234695805,0.03751435537229944,-18.064398672038354,3.287113514439369,-13.078976148934425,5.238547513410943,0.17974843424074502,-0.3300260048182226,-0.4807016838430633,0.34350757164851026,0.10151150685373941,0.6162336355687471,0.7020632851821351,0.6645537032251083,0.0004608513685966586,0.14010332249814536,0.16977244592977264,-0.033197578058872294,-0.09315712354525742,0.02239360318812183,-0.0010574443918054093,-0.020442734341190157,-0.003593536106454696,-0.014742866779367118,-0.016445571076915105,-0.0014857696839655373,0.004860846026019876,-0.0076478464200398725,-0.013665827535226976,-0.0034239955254088635,0.9282285724774545,0.6717563059172742,0.690756210653122,0.9959672728944448,0.6533134903218936,0.5226288960716718,0.5629684536440922,0.5422223872714738
wildapple_00124,wildapple_00124,1,0.05352636867433145,0.5295911214568384,0.5203940797258493,0.02789971486411398,-21.091934272973344,3.419452753011978,-14.970476071845024,5.55636641530804,0.26242747887519785,-0.29270541608806555,-0.4342765395662601,0.39495893888589373,1.5923044003846085,2.128169286478401,2.139806519414776,1.5629746645482558,-0.032843626811215026,0.11391236984626542,0.13959639389229136,-0.06255081822507048,-0.2926774748712709,-0.8143542372092959,-0.41150132750453183,-0.550685926802411,-0.00019799518426914626,-0.01154068390829394,-0.012849273724537893,0.0018312850440240875,0.00340857055765864,0.08961518459122156,0.016931970027076727,0.058270550701042347,0.9289441579411369,0.5782684778287628,0.6568333955060474,0.9776603850841366,0.8251814336959262,0.7476104912931058,0.7281785619697078,0.6757232740283243
wildapple_00125,wildapple_00125,1,0.07080313734129819,0.09486405867518774,0.017013833096081274,0.13392235067757693,-15.381031484585419,2.610071929956417,-11.289635080542485,4.48505992100854,0.11042884925968842,0.024470599427346452,-0.02036393322198392,0.17037220784122972,-1.073734730686179,2.0147581476599243,1.5264223851440344,2.028857559350756,-0.0010359034449612186,0.04600788325926055,0.0395748667515718,0.0028086667840099386,0.15626141528689558,-0.25626870774305543,-0.3629319930273106,-0.3206859342819574,-0.001830229227082242,-0.007182739044756003,-0.005657655831351132,-0.003250042221160856,9.506513175634491e-05,-0.003172032459500987,0.02331853620782075,0.005860773633483987,0.7521944941328587,0.7175866665033754,0.5378362312028127,0.9256314893585302,0.45873052610796305,0.5421362909698079,0.6531349229896197,0.59357358006078
wildapple_00126,wildapple_00126,1,-0.18061307188786452,0.6171812001954408,0.6183297796682861,-0.03169024484514236,-22.70148650655866,6.759655302354914,-14.076898759446564,8.042612320463482,0.5188749990678151,-0.4141429517314654,-0.5825681419126556,0.4677383097051269,0.9372306678454628,2.7219764719386577,2.9293122299557424,1.8110227081247776,-0.08783124226428746,0.15639228518403145,0.1891178087174116,-0.07031835559594289,0.42120315462387703,-1.4548191574997391,-0.8229524737182806,-0.9768185195093105,0.0031704231983163108,-0.01559443345453326,-0.01742485225802719,0.001824926900103532,-0.08574086739295052,0.1558449472821504,0.053539438249219126,0.10521748147838113,0.887723856903273,0.4047868390067164,0.5236247495665785,0.9682515757426562,0.919750820876084,0.5838774260278989,0.7283742399836375,0.6892823364367537
wildapple_00127,wildapple_00127,1,0.010336511693187203,0.6238462699182091,0.6170261972442698,0.006205679580682758,-22.118369341805067,45.71613432171057,-7.157432180748933,16.231797059644784,0.19929392711735172,-0.47214113731705815,-0.610627669404954,0.3738764140880587,0.443593742947276,-23.940144458496686,-0.7721753422910698,-2.2603802473506254,-0.01075656038703055,0.16008220874256876,0.18878039762829263,-0.05357753015546623,0.04901972242570735,4.902902343415229,-0.18933365426153476,0.03555795942844712,-0.002159227190815542,-0.01499290395565706,-0.016786283479457837,0.000800717836057738,-0.013802347922730952,-0.3157248831082125,0.02824861386619224,0.024178032785292587,0.9600786373569252,0.7034828305705358,0.7852562889356349,0.99199690425112,0.19318773304325643,0.8846362074695744,0.7378233226295974,0.8826010974060245
wildapple_00128,wildapple_00128,1,-0.21698078847340624,0.6808608156262008,0.6867059752288627,-0.07797479527917704,-24.953907608065567,9.992191762394997,-14.949841311895202,9.952439001641455,0.5647095123082833,-0.26741433179094604,-0.46554668529683424,0.465072181046245,3.9205471668582734,2.2688831975742976,5.710029437640434,1.3660197756899886,-0.08806902113372367,0.0942053890331482,0.13844727553040162,-0.05894865579419304,-0.4528372190538226,-1.8409478553703005,-1.7079446919880332,-1.0831422337687946,0.0021806848364845084,-0.009555753207567963,-0.012554842839958233,4.3564541923861504e-05,-0.009069380801237072,0.22644349454798418,0.1368808019651293,0.13011691474574505,0.8919803311776355,0.49341801730843127,0.661916893059942,0.934812603853057,0.950034583451168,0.8653269170569831,0.8323474817772731,0.8468539334793194
wildapple_00129,wildapple_00129,1,-0.1608045162600657,0.6472502152125033,0.6643015859705018,-0.08144834465488288,-24.687806686491292,14.67750137753948,-11.230475422778879,11.77407672432614,0.5904409076267177,-0.13585308643560515,-0.3173272654650698,0.5257397310675247,2.611619438075724,0.9859016533564496,1.144449334522345,0.3374902070306122,-0.11607247805170882,0.042416458860749184,0.07697597920926863,-0.07924175622481913,-0.19404787317589275,-2.0122562792646224,-0.519984336352191,-0.8766365836552316,0.005308707611791227,-0.00489540853434138,-0.006757599931925226,0.0014996679471523306,-0.023235911254709796,0.27851456098480987,0.04711359456933893,0.12148649356294594,0.8911088274671913,0.5488149397637421,0.7185362419957786,0.9126971784650835,0.8589014882670575,0.9549730592157583,0.7339648381512899,0.9222821878661169
wildapple_00130,wildapple_00130,1,0.013113369488274483,-0.12494141216192102,-0.2415655143558971,0.051353131054026786,-19.69541488185315,2.466076297504141,-15.656297903863395,3.8794003238997856,0.4489856770005816,0.5293746128574826,0.4316324679594889,0.5018970192306558,-1.3778509522344955,1.908472547009046,1.4593215411125997,2.8790030456087536,-0.10042701150123116,-0.12507119298271505,-0.10845204538089147,-0.10589036519651256,0.9469245602195411,-0.6853038012703507,-0.2952043300791155,-1.067201126295349,0.005306613462954891,0.007302407518668878,0.006804526214384347,0.005044310344289021,-0.11292285815098002,0.060334245123806994,0.009483348113782293,0.09578676391643287,0.7601895558529376,0.8262778613038542,0.7893256473891286,0.7971657658001526,0.5421556876541265,0.6184769617718194,0.3697878510580307,0.6246942773329869
wildapple_00131,wildapple_00131,1,0.08927808838852523,0.09966051623676798,-0.05876839052264862,0.4707528948783871,-18.56118276116253,3.5921809231698316,-12.941078683530774,5.516929067720682,0.1758635603396542,0.18252891497242965,0.12708247088206268,0.11654657574873134,1.3137887866903264,-0.9372548772223593,-0.3744676286155654,-1.1293862772407497,-0.02720692307744873,-0.03051986996874651,-0.026569570946906172,0.0040790999219530956,-0.3013856491517286,0.3079674506980726,0.2797146888677904,0.34545272010391814,0.00034961614846921237,0.000700292149276433,0.00120091539186735,-0.003014670477973091,0.012446782958266598,-0.02421763327708303,-0.03500626163858206,-0.025439457507088634,0.8369066435867434,0.6525076412855916,0.5569648380659582,0.9067071423213735,0.7487384143582747,0.4660786069503772,0.5298173821063807,0.4419415710733162
wildapple_00132,wildapple_00132,1,0.1388220514714336,0.07056264003569475,-0.08543723027193607,0.4235860380259429,-7.623363167498426,3.4937924479599847,-2.6886915044817696,5.056032458931371,0.21176176609540193,0.24160470733685105,0.17424480971281495,0.14637318797527774,-2.8767841759681643,2.699498026397828,-0.5626189464793603,2.756516431931503,-0.04478290450080793,-0.05265111431027892,-0.04136019223873607,-0.023279587653550177,0.9359529771177333,-1.0800440938041918,0.1669791015271688,-1.026100547629782,0.002184072957485234,0.002832975520780584,0.0024936880782302925,0.00042910745950659816,-0.07924716219850378,0.10714236395269691,-0.010614805863756523,0.09701749182477043,0.8497962618911481,0.7787890821667444,0.776962514868791,0.798901903485384,0.9220198812534222,0.674215353954144,0.15128738108698847,0.613755719953084
wildapple_00133,wildapple_00133,1,-0.09694827225282164,0.5210192383012984,0.47056165337562517,-0.0761815483371401,-18.80114173286082,3.469535790218077,-13.029774725967124,5.624760243752048,0.5852739661044196,0.022768227605237733,-0.16507232118220547,0.6641285525309646,0.3584886868684302,2.7303367044314206,2.076421445655965,1.9643805718316507,-0.13509322502637092,-0.004284809000822308,0.040864511259964584,-0.14873785241728707,0.1882393760222997,-1.0909647391259416,-0.5334157372436494,-0.765213762917507,0.007864263979072833,-0.001458015716211368,-0.004392181833585111,0.008364998218086008,-0.046063725818568095,0.11549428036669906,0.03209301800130058,0.07922035691276079,0.8523796140976836,0.7098989118950425,0.6785538371689201,0.9008725975532265,0.7916724925362427,0.6978886847270322,0.5502449276343284,0.5520483714356396
wildapple_00134,wildapple_00134,1,-0.09694827225282164,0.5210192383012984,0.47056165337562517,-0.0761815483371401,-18.80114173286082,3.469535790218077,-13.029774725967124,5.624760243752048,0.5852739661044196,0.022768227605237733,-0.16507232118220547,0.6641285525309646,0.3584886868684302,2.7303367044314206,2.076421445655965,1.9643805718316507,-0.13509322502637092,-0.004284809000822308,0.040864511259964584,-0.14873785241728707,0.1882393760222997,-1.0909647391259416,-0.5334157372436494,-0.765213762917507,0.007864263979072833,-0.001458015716211368,-0.004392181833585111,0.008364998218086008,-0.046063725818568095,0.11549428036669906,0.03209301800130058,0.07922035691276079,0.8523796140976836,0.7098989118950425,0.6785538371689201,0.9008725975532265,0.7916724925362427,0.6978886847270322,0.5502449276343284,0.5520483714356396
wildapple_00135,wildapple_00135,1,-0.18055284035753066,0.5748975133579773,0.529001654986516,-0.09325851810475112,-17.80334757685286,12.558909474286368,-7.100044744546234,10.67058995994177,0.4719778432641255,-0.3322465049162024,-0.48010551246319083,0.4723339166699175,3.4466194268937764,-2.49000994662167,2.3956712362793287,-0.943999665077038,-0.0525905205404663,0.15116845679900784,0.17718937331850892,-0.04999455179841717,-1.0008487616855117,0.2610382627376655,-0.9269231757949427,0.02769056427950792,-0.0014327909162828087,-0.01673713746490051,-0.0178167587910506,-0.0018246036229862368,0.07294426489605015,0.006792543060035836,0.08240634983124008,0.01370444235950286,0.9409609371920977,0.6217057054319941,0.6019047763594194,0.940925524913895,0.8016085382962997,0.5329458465389008,0.7086998588286391,0.5149371817732291
wildapple_00136,wildapple_00136,1,0.05826325717731184,-0.09196614649033918,-0.2577691859368122,0.22934955539125373,-13.829419425627258,2.3839494316069816,-10.010979839343813,3.9037736386715567,0.25249152917742873,0.2800545534710328,0.2546503892138837,0.26883184200241456,-0.8788830126620704,1.7739218167382165,1.4700861105062186,2.1508589549041406,-0.020176294796621086,0.0003629643711950689,-0.008844121024657639,-0.006600114883798558,0.1884226701065008,-0.33231423766113805,-0.3124003836579014,-0.4573277118068351,-0.00203888223178015,-0.005012610184047563,-0.003345316464100223,-0.003974225484963619,-0.012404705595410966,0.01832319711583505,0.01940800425953761,0.030056799774992697,0.8755077873941699,0.8570764898309684,0.8519073553297606,0.8522052017927858,0.4438610465455797,0.45928558964479116,0.8013893776234001,0.5306820800784415
wildapple_00137,wildapple_00137,1,0.049570606623244064,-0.07960357512770684,-0.20074651141961383,0.213682283506249,-12.496379234647982,16.134698213508983,-0.5654424478305795,12.1662284001899,0.33888963737893285,0.3012766795462022,0.24277903825517644,0.2999086875527619,0.06884431842109019,-0.4965139308935913,-0.0359012370212433,-0.47823512331007734,-0.059268530225779235,-0.04417920693779327,-0.038852003092567026,-0.043194439181517594,-0.28066674447169637,-1.5256769940779777,-0.9951313447850976,-0.49508477214567176,0.001814782568939103,0.0004740273133108319,0.0008184758739338896,0.0003590533378148203,0.032626227205707015,0.24832853981398562,0.14082251710097912,0.08545255831975226,0.8835386019825648,0.7922350359155763,0.7546247940304441,0.9340278755238108,0.6792220864458156,0.888176922762405,0.9302805767914489,0.8894578598024605
wildapple_00138,wildapple_00138,1,-0.03831307309419616,0.5947008420797903,0.5487344757173992,-0.013230708773444021,-19.78698933222595,105.28838378854691,0.6761324249811769,20.713749670791863,0.48042022969392617,-0.26943938916046417,-0.4234896335336889,0.6277309534461445,3.1436206266115563,-42.714122181741345,-3.6226996844889805,-4.243843690461589,-0.13997984159604995,0.051114911439292275,0.09285244548862616,-0.18172325228453784,-1.237869829936003,2.850173873275662,0.42442263940943503,0.45927806260789106,0.01076842595180848,-0.003893133215229915,-0.006941100036857097,0.01402942041485484,0.10564297653279554,0.4640905208166401,0.0002628679372394537,0.020039208460387106,0.9243223028547688,0.6502813953170952,0.738399177517276,0.9452339038844797,0.5647303808253096,0.9366024398988753,0.5706174236387953,0.921902272592381
wildapple_00139,wildapple_00139,1,-0.019482683532874384,0.5632304635011786,0.5333164896759565,-0.01537858183975408,-18.79218069704097,2.6669342941906327,-13.991346781236338,4.3916570979855685,0.5471205341778939,-0.07849739202194726,-0.25045703761353466,0.6891356513924174,2.4816970593125833,0.8780304670952876,2.4605691872556914,0.9694649806085281,-0.1340155209394202,0.02401147842471734,0.06258143097750875,-0.16163399712751025,-1.121469815205583,-0.03233902114425167,-0.8090825115866153,-0.041019925843044,0.008849275092307957,-0.0029588683386041694,-0.005463969961956447,0.010598449163477514,0.11196851687297273,-0.01042194171603019,0.0695933145275849,-0.010272137695968485,0.8478746302266689,0.2807753952102666,0.4501854762289337,0.9676953917445597,0.8769494918328892,0.6760518293618554,0.7650524720239198,0.7018480164022408
wildapple_00140,wildapple_00140,1,0.09358260354579132,0.10403302323186062,0.028125005181540236,0.19006272586006173,-14.8112033640009,6.072036893559753,-6.592407000267243,7.815356281952074,0.2321371633126253,0.1540241500747109,0.11570210575998294,0.2239059947194557,0.8219739655249537,-1.6225632361918485,-0.39415048944197434,-1.1958421612306356,-0.0468415473974734,-0.02036159119500226,-0.017121662091447668,-0.03337983783834417,-0.3420453272934493,0.8856336618592138,0.15159567142351868,0.6204570432169005,0.0023422308348409458,0.0002466378300779985,0.0003938564767289639,0.0009365693261526988,0.03240863016620237,-0.09581602032338388,-0.015233907475284894,-0.06583075262587808,0.9661706571397111,0.8587838690685086,0.8478891318615426,0.9517334601341993,0.4824555230660582,0.7071078399076312,0.21519121816784637,0.7168653846219833
wildapple_00141,wildapple_00141,1,0.09358260354579132,0.10403302323186062,0.028125005181540236,0.19006272586006173,-14.8112033640009,6.072036893559753,-6.592407000267243,7.815356281952074,0.2321371633126253,0.1540241500747109,0.11570210575998294,0.2239059947194557,0.8219739655249537,-1.6225632361918485,-0.39415048944197434,-1.1958421612306356,-0.0468415473974734,-0.02036159119500226,-0.017121662091447668,-0.03337983783834417,-0.3420453272934493,0.8856336618592138,0.15159567142351868,0.6204570432169005,0.0023422308348409458,0.0002466378300779985,0.0003938564767289639,0.0009365693261526988,0.03240863016620237,-0.09581602032338388,-0.015233907475284894,-0.06583075262587808,0.9661706571397111,0.8587838690685086,0.8478891318615426,0.9517334601341993,0.4824555230660582,0.7071078399076312,0.21519121816784637,0.7168653846219833
wildapple_00142,wildapple_00142,1,0.09358260354579132,0.10403302323186062,0.028125005181540236,0.19006272586006173,-14.8112033640009,6.072036893559753,-6.592407000267243,7.815356281952074,0.2321371633126253,0.1540241500747109,0.11570210575998294,0.2239059947194557,0.8219739655249537,-1.6225632361918485,-0.39415048944197434,-1.1958421612306356,-0.0468415473974734,-0.02036159119500226,-0.017121662091447668,-0.03337983783834417,-0.3420453272934493,0.8856336618592138,0.15159567142351868,0.6204570432169005,0.0023422308348409458,0.0002466378300779985,0.0003938564767289639,0.0009365693261526988,0.03240863016620237,-0.09581602032338388,-0.015233907475284894,-0.06583075262587808,0.9661706571397111,0.8587838690685086,0.8478891318615426,0.9517334601341993,0.4824555230660582,0.7071078399076312,0.21519121816784637,0.7168653846219833
wildapple_00143,wildapple_00143,1,0.09358260354579132,0.10403302323186062,0.028125005181540236,0.19006272586006173,-14.8112033640009,6.072036893559753,-6.592407000267243,7.815356281952074,0.2321371633126253,0.1540241500747109,0.11570210575998294,0.2239059947194557,0.8219739655249537,-1.6225632361918485,-0.39415048944197434,-1.1958421612306356,-0.0468415473974734,-0.02036159119500226,-0.017121662091447668,-0.03337983783834417,-0.3420453272934493,0.8856336618592138,0.15159567142351868,0.6204570432169005,0.0023422308348409458,0.0002466378300779985,0.0003938564767289639,0.0009365693261526988,0.03240863016620237,-0.09581602032338388,-0.015233907475284894,-0.06583075262587808,0.9661706571397111,0.8587838690685086,0.8478891318615426,0.9517334601341993,0.4824555230660582,0.7071078399076312,0.21519121816784637,0.7168653846219833
wildapple_00144,wildapple_00144,1,0.19416661475589927,0.1027184307123677,-0.03480840310680111,0.3203250020742419,-18.396123664493143,6.545621967690969,-10.26511475055143,8.20678599908185,0.13775073937350682,0.15519981860877968,0.12125517589054859,0.16003637737224946,-0.1425366938005022,-1.5995703389542575,-1.187810420918535,-1.7443040535254724,-0.016971900974124904,-0.0218904840546253,-0.015100002425896073,-0.025644938505831185,0.0704561363891181,0.740322093092272,0.5487806514447539,0.7228802695838278,0.0004637184663232029,0.0011712847409224272,0.0006628471774735779,0.0017401741610632991,-0.008782047666396576,-0.07732958597337278,-0.059135000246621786,-0.07144179036723805,0.9994095309059596,0.998753025623312,0.9929693467944942,0.9983047626541275,0.1084903653513336,0.22161594067605184,0.43054646547218456,0.20681795905199263
wildapple_00145,wildapple_00145,1,0.19416661475589927,0.1027184307123677,-0.03480840310680111,0.3203250020742419,-18.396123664493143,6.545621967690969,-10.26511475055143,8.20678599908185,0.13775073937350682,0.15519981860877968,0.12125517589054859,0.16003637737224946,-0.1425366938005022,-1.5995703389542575,-1.187810420918535,-1.7443040535254724,-0.016971900974124904,-0.0218904840546253,-0.015100002425896073,-0.025644938505831185,0.0704561363891181,0.740322093092272,0.5487806514447539,0.7228802695838278,0.0004637184663232029,0.0011712847409224272,0.0006628471774735779,0.0017401741610632991,-0.008782047666396576,-0.07732958597337278,-0.059135000246621786,-0.07144179036723805,0.9994095309059596,0.998753025623312,0.9929693467944942,0.9983047626541275,0.1084903653513336,0.22161594067605184,0.43054646547218456,0.20681795905199263
wildapple_00146,wildapple_00146,1,0.19416661475589927,0.1027184307123677,-0.03480840310680111,0.3203250020742419,-18.396123664493143,6.545621967690969,-10.26511475055143,8.20678599908185,0.13775073937350682,0.15519981860877968,0.12125517589054859,0.16003637737224946,-0.1425366938005022,-1.5995703389542575,-1.187810420918535,-1.7443040535254724,-0.016971900974124904,-0.0218904840546253,-0.015100002425896073,-0.025644938505831185,0.0704561363891181,0.740322093092272,0.5487806514447539,0.7228802695838278,0.0004637184663232029,0.0011712847409224272,0.0006628471774735779,0.0017401741610632991,-0.008782047666396576,-0.07732958597337278,-0.059135000246621786,-0.07144179036723805,0.9994095309059596,0.998753025623312,0.9929693467944942,0.9983047626541275,0.1084903653513336,0.22161594067605184,0.43054646547218456,0.20681795905199263
wildapple_00147,wildapple_00147,1,0.19416661475589927,0.1027184307123677,-0.03480840310680111,0.3203250020742419,-18.396123664493143,6.545621967690969,-10.26511475055143,8.20678599908185,0.13775073937350682,0.15519981860877968,0.12125517589054859,0.16003637737224946,-0.1425366938005022,-1.5995703389542575,-1.187810420918535,-1.7443040535254724,-0.016971900974124904,-0.0218904840546253,-0.015100002425896073,-0.025644938505831185,0.0704561363891181,0.740322093092272,0.5487806514447539,0.7228802695838278,0.0004637184663232029,0.0011712847409224272,0.0006628471774735779,0.0017401741610632991,-0.008782047666396576,-0.07732958597337278,-0.059135000246621786,-0.07144179036723805,0.9994095309059596,0.998753025623312,0.9929693467944942,0.9983047626541275,0.1084903653513336,0.22161594067605184,0.43054646547218456,0.20681795905199263
wildapple_00148,wildapple_00148,1,0.013857260064735054,-0.12017343170715104,-0.1027376847059438,0.01930336453810793,-11.305416459143277,5.440997221229829,-3.751960417146537,7.394183895660099,0.0153044358879024,0.008583325035278738,-0.004373499680133046,0.02043304829636492,1.0040708811077153,1.751454046929995,1.368114767480689,0.5848671570939399,-0.004003235683412584,0.006487354817618826,0.005959908506183913,-0.006269541998430098,-0.12520084652121466,-0.8360289916621472,-0.41456714834724717,-0.3453341718047588,0.0003312395976546411,-0.0012782440248011373,-0.0009357587180354385,0.0006038515800327948,-0.00924358764296549,0.09660336887534116,0.035846772497923084,0.04464360941118243,0.4617193883396963,0.7969184687098978,0.8135720085330602,0.6241505484478751,0.2605417422415607,0.4256668492980997,0.4803399698210621,0.3487498343009169
wildapple_00149,wildapple_00149,1,0.013857260064735054,-0.12017343170715104,-0.1027376847059438,0.01930336453810793,-11.305416459143277,5.440997221229829,-3.751960417146537,7.394183895660099,0.0153044358879024,0.008583325035278738,-0.004373499680133046,0.02043304829636492,1.0040708811077153,1.751454046929995,1.368114767480689,0.5848671570939399,-0.004003235683412584,0.006487354817618826,0.005959908506183913,-0.006269541998430098,-0.12520084652121466,-0.8360289916621472,-0.41456714834724717,-0.3453341718047588,0.0003312395976546411,-0.0012782440248011373,-0.0009357587180354385,0.0006038515800327948,-0.00924358764296549,0.09660336887534116,0.035846772497923084,0.04464360941118243,0.4617193883396963,0.7969184687098978,0.8135720085330602,0.6241505484478751,0.2605417422415607,0.4256668492980997,0.4803399698210621,0.3487498343009169
wildapple_rect_00000,wildapple_rect_01_SE,1,0.01344411558032669,0.42943935592969207,0.36199073719255775,0.023094928117865312,-17.653455678772037,3.703450933033507,-11.930887036019723,5.705495481602344,0.387288101303569,-0.08508641651225451,-0.2156237036817599,0.541512621344909,0.16466770281804557,0.6058790245601925,0.4605657939028142,0.5911717079201019,-0.07954757951641059,0.041960621163958614,0.06771886459192925,-0.10524711034611434,-0.24109727482810697,-0.24804016587526648,-0.365133674400261,-0.25852774406354323,0.00449849905059686,-0.004545267257425527,-0.006058114514958977,0.005803604440932914,0.029461443546244373,0.02480356167439506,0.04275432303643255,0.02679157119468524,0.8309627540044501,0.09385344396143236,0.226204946633642,0.9392032839185892,0.4596637135143026,0.16736892880499055,0.9060668884172142,0.15928450558598872
wildapple_rect_00008,wildapple_rect_01_SE,1,0.026030596381284646,0.41729596708760053,0.3464772428075466,0.03535796747063258,-14.618184806597903,3.143214375842113,-8.824666787281965,4.991682389008716,0.3487162761012924,-0.08501697112880029,-0.23168825736594517,0.5151085728217676,-0.7198318465028853,1.3312665543088833,-0.6508406562787197,1.487599876384251,-0.06882847468015875,0.04370136593682167,0.07688833870703253,-0.0982060435014368,-0.001285204672584144,-0.403718451151387,0.03162117150702644,-0.44792182463695773,0.003691454970310096,-0.004781290343162992,-0.0070633517785204745,0.005276669305984408,0.011732445176221379,0.03065195405325831,0.003186217483813027,0.033728436633228054,0.8353378854563221,0.11945276567871121,0.2694948699137101,0.9370153243776556,0.6252145354241593,0.6843941282137689,0.845935161473243,0.6818873183496812
wildapple_rect_00009,wildapple_rect_01_SE,1,-0.012135463108573682,0.5482048712896571,0.48788163562615605,-0.009217262211620461,-16.642535964162615,3.016893868380791,-11.184959224627178,4.880539637542946,0.4503247860619738,-0.1316575229404461,-0.28330262933695055,0.6026488656828551,-0.7032678391604182,1.9365677200915616,0.017296559268851205,2.1456932210963786,-0.10798342797261286,0.0408740699517004,0.07653918312419011,-0.13776376695892228,0.10299097913962757,-0.6333528667475103,-0.08749893689354887,-0.7084994868867546,0.007387869448043954,-0.003912247755009717,-0.006406993501716179,0.009171027906540051,-0.0031049853243947643,0.053827684625886434,0.00931410916913879,0.060601961956757544,0.87046008951575,0.21273811610209148,0.471356131748885,0.9301905499883214,0.31414600785390845,0.6207843405772236,0.4354935458707109,0.6211933474143021
wildapple_rect_00012,wildapple_rect_01_SE,1,-0.10403870282454203,0.6336005655201986,0.5788597791935444,-0.028803041628137745,-17.63044999617577,3.3969210789502613,-12.491513579609949,5.258949916293233,0.51673940532732,-0.2632907589986204,-0.409000268061866,0.594072260132561,0.4405415957315165,1.7102985160444464,1.7259053494660088,1.916160038870559,-0.11193982747880303,0.08644790703922628,0.11888156899148215,-0.12254585199525715,-0.11550855950329343,-0.581962058113739,-0.5369742758379384,-0.66001167264634,0.006662474229158953,-0.008295690810138524,-0.010439620808359562,0.007152119787842632,0.008806478538419926,0.04858509038996003,0.04503201994547754,0.05575014606074187,0.9355968414423869,0.49595715928410766,0.6408873270179414,0.958419360632798,0.193882629474319,0.5339096259987584,0.5513342531194965,0.5544634214807171
wildapple_rect_00015,wildapple_rect_01_SE,1,0.029544281946236057,0.4613130237116952,0.3859926301873085,0.04582746959093902,-15.918977301752975,4.116058541570559,-10.524555863567665,6.111267276832426,0.29735553005322407,-0.1339233244458831,-0.2755145045026893,0.432763016294865,0.891754757180085,0.9812788376072104,1.2928492549660373,0.8876789607920046,-0.04807388229610646,0.05496574981839623,0.08847379793304115,-0.06215893057904713,-0.4585841720594375,-0.29858242491376213,-0.4490563115465795,-0.2568082244121548,0.0017508168692591537,-0.005248665470968595,-0.007712838117672934,0.0013601558678077923,0.050457287829554935,0.02007849285696142,0.0401850816665345,0.015616584519371958,0.8691004048880112,0.12015282678368588,0.30466221962644036,0.9227324707235062,0.8465193755813714,0.6608664232081345,0.4724970477240584,0.7085176689491086
wildapple_rect_00017,wildapple_rect_01_SE,1,-0.02008044977398613,0.5023392339547469,0.4396093489997305,-0.008933528128897776,-15.119731777669829,2.422776255029771,-11.312413993692383,3.8769009102547956,0.3970101366522027,-0.14581072076208984,-0.2951367850459751,0.5687980734048371,-0.8046156716154629,1.0535981885796413,1.6707812985753248,1.5996058980497272,-0.08245713886680425,0.054805442956941466,0.08745070117086293,-0.11309688638299037,0.00441881852383277,-0.15391857765935868,-0.6404542171222201,-0.3009556322491848,0.004738480497342351,-0.005502690664596031,-0.007633868774229827,0.006375535682897359,0.011851274500214936,0.0016542677749854609,0.05686383802954052,0.012380193796155839,0.8696920546402488,0.15867886528625674,0.3831166746153437,0.9499959225377962,0.7383754950240848,0.6164815554692562,0.5940121737308586,0.6469943598226003
wildapple_rect_00021,wildapple_rect_01_SW,1,0.08588456804117267,0.5234221730268359,0.46705294852003837,0.05693600078423889,-17.12096969985291,3.531258954615653,-12.327176129066494,5.446993697420593,0.38733574501558604,-0.10907164251520497,-0.25986365305762393,0.5221392317187207,1.288831713791095,-0.5575159104836821,2.0250588353901113,-0.6133844763556485,-0.08785283790090172,0.04196840340827966,0.0780073368752544,-0.10773022543816314,-0.7163009887631345,0.3963867136312697,-0.8464555237385638,0.42463553906659646,0.005388807654134975,-0.0045015188780697935,-0.007060713934326412,0.006208258370558401,0.07626632330520847,-0.04328218888503909,0.08511877829690348,-0.045998814473640195,0.7986932418453038,0.22038829475996347,0.44110009858973265,0.9253642376728988,0.7156361817950423,0.7839970182360836,0.8857979006264135,0.7844847067168739
wildapple_rect_00022,wildapple_rect_01_SW,1,0.01656676525918763,0.4682948833162129,0.4078732789917418,0.036147984591397696,-17.959364449351852,3.546309959174806,-12.077799115501548,5.4996041105871685,0.42991604069725325,-0.07823280511157836,-0.23736495894217255,0.5337083375170111,1.9880142462534331,0.07726817560710363,1.283554046317116,0.11148741372057862,-0.09425182532419653,0.031964570808010705,0.07238847586967337,-0.10386452623905029,-0.9450592809031071,0.0725272027909134,-0.6032043488443737,0.06426282158781654,0.005816182181141203,-0.003313860827774715,-0.006380169464256424,0.0055547038262540585,0.09479031023834047,-0.009806347045839586,0.06286520265783821,-0.009067076821641488,0.8378205638889905,0.05849544857568045,0.2773017802701996,0.9277501031238953,0.8391788146979022,0.5722188129080845,0.8267613828365685,0.5837520523052591
wildapple_rect_00025,wildapple_rect_01_SE,1,-0.003536875094383134,0.49935718241966087,0.44831157588597403,0.014226011706121994,-13.87378491808142,1.9410194814207902,-10.504565843126834,3.089387529833811,0.3843921432462548,-0.13253788165156785,-0.2833174808719558,0.5526374215407969,-1.3085214737474995,1.9142737113295416,1.6621374897319476,2.773825402732043,-0.07963311945085509,0.04775349802269051,0.08268671034678031,-0.10794357481327907,0.23849029616102904,-0.47964793594647376,-0.6349264019880109,-0.7266009559519575,0.004558620496870864,-0.0044784962077333524,-0.007023247546807979,0.005880259353705119,-0.014642849679847232,0.03495655491380086,0.05877231856189081,0.05506190220744429,0.8648257609586788,0.08920839041745421,0.3962818734236122,0.9510243431419053,0.7905483952504909,0.5206924138199112,0.6138720154089308,0.6167954208684187
wildapple_rect_00026,wildapple_rect_01_SE,1,0.013115347522048144,0.4914247551650703,0.43180098926479044,0.01952615436731049,-14.745458325667133,2.1666134829631942,-10.861457021929805,3.502474150627477,0.3536402577381453,-0.13578421894519982,-0.28518917597830235,0.5380222703078901,-0.9639174382475167,1.994829253433285,0.9923635304299716,2.657217551359747,-0.06677350764616496,0.05286181418152586,0.08651191648902176,-0.10409277975881752,0.1058448599139117,-0.5729364442369644,-0.4151128754747829,-0.7653366404922279,0.003158619366570053,-0.005312071755678961,-0.0076786689742496484,0.00567113990058199,-0.003340563626962477,0.04697675829400992,0.037747962854525086,0.06289862141442096,0.872180073110092,0.15603919755726114,0.44198410402449584,0.9507228549353621,0.9360813525613522,0.6057957485561436,0.5644414659344026,0.6818826292168533
wildapple_rect_00028,wildapple_rect_01_SW,1,0.004438415873505968,0.5259947537472743,0.46873803978616435,-0.005031553379287467,-16.345545625179735,3.847324437928942,-11.301942325333723,5.856837529249424,0.34279607920856564,-0.20372356208307368,-0.3502031453840782,0.5253981590522296,0.7633488148264054,0.3268719861318224,1.5974506650837148,0.2763846650517978,-0.0668649923134372,0.07606452199513516,0.10670617733602261,-0.09664323479662836,-0.42395196549020137,-0.04353739308037476,-0.5491785497914167,-0.02508496247022832,0.003298009838500421,-0.007679497258681239,-0.00948494489332943,0.0046144230338283744,0.04536855431290737,0.001055901952679752,0.05023219823156781,-0.0004911592016904145,0.8683698061757412,0.2709356303855516,0.45465986386203516,0.924761508151747,0.7871569969907176,0.2144472792909632,0.9928280220779783,0.21337605761140954
wildapple_rect_00029,wildapple_rect_01_SW,1,0.038134868075742755,0.4336923559506729,0.36993429335680783,0.04978543836059109,-16.626142051783667,3.906686488735919,-11.700871494755926,5.89838416696718,0.3666513011527772,-0.03680618462108409,-0.18086840641049104,0.4965904604584441,-0.14555653727475099,0.8629740146489371,1.1209076764695787,0.9685026972012002,-0.06559929109958973,0.031162287862527904,0.06504647833299186,-0.08549373529174091,-0.19815309847557847,-0.31382997104410404,-0.5624505912036805,-0.35632800074273535,0.002843242074208358,-0.0038009410103162136,-0.006172235707065668,0.0037006939751933164,0.02869338630404573,0.027617814728417817,0.05890376029323262,0.031471746458179926,0.844606388827789,0.13783461947533782,0.16714822536253793,0.9212745054949403,0.8124633006142123,0.37618472338486764,0.8460062899393078,0.36568453431219117
wildapple_rect_00030,wildapple_rect_01_SW,1,0.018883568412063623,0.48437771562373944,0.42214795947074835,0.026475986014262057,-17.39243685594161,3.387656460614965,-12.164522882066741,5.295705431214166,0.3753056364885735,-0.09988627748356904,-0.24334965882793258,0.5465200273615726,-0.4492059941459542,1.2494417867558612,0.5329921639091076,1.4009814189211791,-0.08130883408656221,0.039766918932333625,0.0718072512674899,-0.11519688705700014,-0.0038885989185699923,-0.4700775431125738,-0.3750517765548212,-0.5257784799309042,0.004765999090820759,-0.004375335882709483,-0.006429610980881588,0.007057272960817555,0.007251444014783903,0.044151582032002215,0.04415357643526377,0.0492453950411976,0.8454507254034335,0.20453185317882583,0.36746986328863285,0.9384369860242097,0.7973029910781664,0.6050304276122309,0.48149351821108866,0.5677552750802979
wildapple_rect_00032,wildapple_rect_01_SE,1,-0.003048307461367467,0.5074620996460764,0.45237457946958776,0.01594671403819919,-17.468933775733642,3.0958105140165912,-12.861813680609378,4.976111214214089,0.37140847186934095,-0.1261853954739982,-0.29712663271227824,0.551130891733225,1.569260412621384,0.09492720168952545,2.7164955071357886,-0.13002583389096628,-0.0866745451418414,0.0310935824303141,0.07418362084106891,-0.12290314043110033,-0.6081721028107095,0.14095247352718052,-0.8410530017341873,0.25301034884773665,0.005533542966047159,-0.002760748821075511,-0.005897171651906882,0.008004349628181143,0.05804939140935019,-0.023595185554261048,0.06916365013219386,-0.035751662071826416,0.8105685598794464,0.25337033051357183,0.47365969020887044,0.9239654881906278,0.48764449516342756,0.4809617326757364,0.7928897681851677,0.5620266417934714
wildapple_rect_00033,wildapple_rect_01_SE,1,-0.0037980815687728964,0.5094278061931776,0.4515910380040142,0.022503288857865508,-14.800846129055488,1.9997708908418432,-11.305257629142922,3.2154383678075034,0.33007353519435745,-0.17925262675871886,-0.3570889453477557,0.5053756742013816,-0.1953104625660324,1.0207240317822708,1.0557263608233927,1.3641209416220375,-0.06082530765220242,0.060786696158962275,0.10753660703690712,-0.09305785654427151,-0.18147431605569792,-0.10954048048486961,-0.3368105433809083,-0.15598674371441945,0.002625787772619564,-0.0057608815606194266,-0.009439819412437643,0.004580208373190163,0.024445607535255997,-0.00012758211322229203,0.02774780457743133,0.0018025742452825034,0.866153284224448,0.17517184136164998,0.44486615476181945,0.9366083645386081,0.7611503124006442,0.5728757494739369,0.16007141394203828,0.6604784193096611
wildapple_rect_00035,wildapple_rect_01_NW,1,-0.0014122903301104083,0.5298897605953788,0.47634419426321883,0.012491948281725715,-17.97425394787126,3.3696488750675617,-13.235624063016084,5.323136785230895,0.4524985443201567,-0.12737471385607627,-0.29357198313883787,0.5772180509502203,-0.35195051674451405,0.7821308231524704,1.4402056826252416,0.8091444151350102,-0.11754397089976634,0.02789790942877918,0.07309430469537055,-0.1434610584484676,0.12104607557823906,-0.18640636723917559,-0.46340196388588084,-0.20540305965312897,0.008480522017860976,-0.0024490959641307306,-0.005924215954211019,0.01026833978378109,-0.013382501516510416,0.012416734541021322,0.038380796922501514,0.014766388916708053,0.8732275428632319,0.37519941162476866,0.5553463274034338,0.9423265313119396,0.3820443625178731,0.22286592622549262,0.5741608118996429,0.21344801724869755
wildapple_rect_00040,wildapple_rect_01_NE,1,-0.07901619638437758,0.5782944248481225,0.5277083463345956,-0.03067448366941221,-18.236321067779915,3.341608264306397,-13.308205162685393,5.309962052636482,0.5156192318532337,-0.11185195639966025,-0.2937083138810791,0.6609697877392453,1.4205279806195366,1.295069235346503,3.0324801734611917,1.290295353580079,-0.1325066573911978,0.012898461159431617,0.0628393406902129,-0.1642419326409405,-0.55944167282114,-0.4433931651135341,-1.06193616723738,-0.45542685784830167,0.009472336030193035,-0.0007937412069301463,-0.0046723779265044445,0.011782882055455825,0.0531979330549116,0.03921403919591266,0.0951389873017833,0.04105917009757538,0.8606034891315444,0.383442359047781,0.5375375613855721,0.8993437118984415,0.365450420786229,0.18976600795131238,0.6381393264830204,0.18217518243581377
wildapple_rect_00041,wildapple_rect_01_NE,1,-0.16036197735503582,0.6431234018369146,0.6074481668571622,-0.053393713509041624,-18.906970526599117,3.6530479362137807,-14.008075278940437,5.683368305141949,0.617348839831433,-0.15359879007178612,-0.3338258704466236,0.6980382546279861,1.7091725788027035,0.7285079024323308,3.6232084316495543,0.6648692811428363,-0.16380958667626258,0.02509196561426565,0.07007808054220811,-0.1844039318994395,-0.6600022855353566,-0.15897486379971043,-1.261483473790205,-0.15145889812703212,0.01189744460946,-0.0022693851943870937,-0.005311517303602563,0.013563531864848391,0.0615009992781407,0.008088634190165655,0.11343096124754505,0.00821672106164566,0.8881696344128001,0.5713315433434929,0.6416898813408806,0.8522584804763945,0.5287432518294197,0.19446149013927794,0.7339068499424813,0.16858196887175503
wildapple_rect_00045,wildapple_rect_01_NW,1,-0.04978597459238174,0.6350308110316589,0.593523255270679,-0.01304495870841104,-20.18157245176255,4.671818812697878,-12.931585588918361,6.70588625708815,0.46391397739592904,-0.20493685247169588,-0.3857263378093996,0.6045764959786845,1.798047524615979,-0.8380064042906308,1.0674483889764872,-0.8676155560513105,-0.11985960235544288,0.040615360651697435,0.09054865566044742,-0.1543598381229936,-0.5549166689783998,0.22748235263907216,-0.4413423919598257,0.229528871096074,0.008522952299703191,-0.003261570715241963,-0.0070883413972838635,0.011152200128017636,0.04511692974014924,-0.01611982437254376,0.04135319809524796,-0.015789577718567285,0.8960542689167517,0.6146843067092433,0.7121969843543593,0.9277290610137955,0.6645769690856843,0.4069710437744922,0.7959214178598035,0.4034385893970227
wildapple_rect_00046,wildapple_rect_01_NW,1,-0.03396011168499919,0.6251435185020617,0.5816184300364862,0.0028270948801743584,-17.753688499823678,2.8024922080886805,-13.43491674049661,4.439591489261654,0.5579005492592879,-0.10335801778331656,-0.2711427425374347,0.6712593376827746,1.691700883610909,0.8638905391753992,2.973430021686742,1.1548974485819423,-0.15420882205181105,0.008706950280186507,0.05052988150144932,-0.18070584741694165,-0.6298866439819182,-0.28230640676803337,-0.974894018659446,-0.36936580130731894,0.011632563221927834,-0.0003130745631877896,-0.0032749069534768927,0.0136679520708805,0.05580240674585301,0.027466627071826316,0.0852934210212295,0.03526238135447231,0.8628543808888567,0.5178689666927747,0.6423367162703166,0.9296273993717021,0.6099388361477938,0.5527485677232628,0.8181231517895182,0.5618825096687889
wildapple_rect_00048,wildapple_rect_01_NE,1,-0.06671619769604964,0.616640596227212,0.5694823751621165,-0.025837267837202797,-18.84438063010724,4.210763644923744,-12.54353600471052,6.241636080735226,0.6533101779671128,-0.08708612786398989,-0.24611081442396524,0.7061964569803649,2.064346609903928,-0.12970221683926783,1.917576315922438,-0.3561879648331759,-0.18360266855313523,0.007061710911782813,0.046371814765608595,-0.18772677822165493,-0.748987514945815,0.057817721026433296,-0.5969802188800709,0.13242356258940455,0.014005968198303345,-0.0006207325166524091,-0.0033820927439426832,0.013972680651785014,0.06687354443762526,-0.002760351304548017,0.04683062318537979,-0.009030424029735423,0.8295695467153805,0.47342943960685446,0.5756589929276109,0.9212950736869561,0.44241998800256954,0.2181779712204176,0.6998500689383154,0.2836386875547261
wildapple_rect_00049,wildapple_rect_01_NW,1,-0.01883979010723087,0.4984287592497735,0.4503675990483971,-0.006276118117524135,-16.302114323829635,2.436125985706584,-12.381458771509717,3.9033627291372843,0.4563721556391585,-0.09074638405489531,-0.258630151490843,0.5781163794491131,0.6835896617211601,1.1359621295501818,1.8396100491780194,1.6099195610309733,-0.1048221041174083,0.0239677941386318,0.06718185290016902,-0.1264564377574239,-0.5072063738561066,-0.2550865345229788,-0.647956190852119,-0.38346376030127904,0.0064668011882787185,-0.002340974530788388,-0.0055260495894183985,0.00767110942420783,0.054265480216482594,0.020087007937935445,0.05718103342733729,0.030416852895695106,0.8172281587266437,0.19201716528855528,0.39862514533131743,0.9208179140789008,0.6508244902011125,0.6116127535992618,0.6560884163453726,0.7156966763024097
wildapple_rect_00050,wildapple_rect_01_NW,1,-0.008997566844373826,0.48357328185529386,0.43418564974810026,0.009689371468443982,-16.839351009990114,2.4490124092717442,-12.48224635627518,3.7213722134204645,0.37480577517158703,-0.12814862440739336,-0.2936842559674187,0.5340442496041448,1.5806501274011053,0.6110000311202798,2.677362926111609,1.2847900839296413,-0.08256751941242789,0.03409372703111791,0.0768138566638999,-0.113406554251522,-0.7974896389237615,-0.019029400758427805,-0.9755099897691601,-0.19778186796132222,0.004736099031644756,-0.0032617523701805083,-0.0064601521242899085,0.006760214878754172,0.077970884472922,-0.0037327448491255985,0.0894210749163781,0.010310039353329298,0.8281584407148979,0.27760570516937144,0.4787396958077058,0.9043331549913578,0.8021583701134006,0.7309814988555745,0.6341920252101296,0.7896254422085411
wildapple_rect_00051,wildapple_rect_01_NW,1,0.018144495165320483,0.4262460005102731,0.36442836701418324,0.03637438690797925,-16.943598223995462,3.831164414115862,-10.835420159621284,5.8293852002544435,0.3402239537192628,-0.09737100304355682,-0.24218886416582783,0.5163798186011485,0.7086540184878128,0.8424982894178438,1.6521209798211913,0.9049038669397078,-0.07363613326740474,0.032349804916229616,0.06698413281116901,-0.10363920177312884,-0.22707140613414314,-0.34433827235662273,-0.6825137230846153,-0.3750216163056467,0.004326224357363918,-0.0031541222612364167,-0.005675783042203293,0.005894605982860522,0.019181790518813337,0.031630288975234844,0.06324127756143816,0.034658078975859284,0.8293681905966148,0.09144769954939291,0.348546187842098,0.9298424487990624,0.3563433556690617,0.8185236168142951,0.6785248796396404,0.8269876628130373
wildapple_rect_00054,wildapple_rect_01_NW,1,-0.011238863442592562,0.48335974144213073,0.4319398333177414,0.005168369999439381,-18.675478119913812,4.9061548404626105,-12.871738405478052,6.902473185322976,0.3920326928301006,-0.12820207162035824,-0.28903782973805064,0.5728453380602679,1.270049191290454,-1.1077421225318822,1.5831998813190271,-1.1197749379786146,-0.09084435845739065,0.03558850070679345,0.07553663894985656,-0.13145472093190955,-0.45455338455554223,0.3591691591979429,-0.5810758817169025,0.35940586969506605,0.005769492474842092,-0.003531923762174573,-0.0063744176254428965,0.008675766751320658,0.04022424970532932,-0.03166327692080926,0.05324269923114837,-0.03139122024263953,0.8669397107948424,0.3449417368842902,0.5321159341402422,0.9395937551609689,0.7428639453101408,0.31762714742228815,0.6824810980594553,0.2894686042280057
wildapple_rect_00055,wildapple_rect_01_NW,1,-0.0056608905686302705,0.4781082624738861,0.42443505100284945,0.014442205090415456,-16.526703640943463,2.48920799821454,-12.237854893645776,3.9914374818587324,0.3565742124516438,-0.1351784414478708,-0.3059086053251535,0.5404961204067572,2.028866805443419,0.5074108283827334,2.369571908884557,0.6673653468937676,-0.07838563575316364,0.04254761135036292,0.0857230343722871,-0.11391978354487564,-0.9083562981169486,-0.008301660600387636,-0.8176036149132352,-0.021394776737445935,0.0046911706628788765,-0.00430417467247356,-0.0074784483165583684,0.006928817623040883,0.08893158187126661,-0.005457751244972455,0.07471569872661245,-0.005619407005413171,0.8509852408388611,0.26171976332939817,0.4648935608757766,0.9267968850744376,0.6437218475519795,0.3676740804452714,0.9289156728871399,0.41446309692792094
wildapple_rect_00059,wildapple_rect_01_NW,1,0.005900391396151945,0.4422226015365481,0.38486830579737735,0.023601464814309716,-16.519030360275185,3.826691779989935,-11.3710981582261,5.822093640627327,0.3307534157683225,-0.11458368336279216,-0.2681974102225562,0.5213004736495859,0.6671436924295258,0.1028212613754467,1.3501754159559016,0.055791056378477276,-0.07314722892617175,0.03444271204485133,0.07116089166984663,-0.1078412622632658,-0.3308591020384703,-0.05177537533705855,-0.47957100342381154,-0.036757801395553916,0.004423783232128725,-0.0031878406821627824,-0.005879996861848564,0.006429708647457022,0.032137413163049924,0.006143694251102771,0.042351196086394156,0.0050096887569495065,0.8219524298903083,0.11677146970558305,0.4012723042949332,0.9212368816964505,0.9300718400866533,0.05885190617089231,0.639505782096542,0.05888805350443338
wildapple_rect_00062,wildapple_rect_01_NW,1,-0.03486749478176223,0.6122910696448697,0.5785784103597191,-0.0068261398348214795,-18.838606047969677,4.617097777091842,-13.011101695051112,6.6119390656951085,0.45333862033127703,-0.1748620530679111,-0.3667899981983709,0.6070135097631004,2.5899601754614254,-1.7235152535212437,2.730129771316454,-1.6354350916467655,-0.1166713772074617,0.028439355070714812,0.08023108958843199,-0.14826385038592368,-0.9435244919197663,0.664518353862986,-0.9307840457306741,0.610243778865031,0.008312068225698934,-0.0019182601209842792,-0.005861212654660139,0.010451566621383659,0.08295573274370759,-0.05832924701672109,0.0806135435143299,-0.05260827323717597,0.8652658003303675,0.5452632258063892,0.6731489382605951,0.915537797067472,0.5506068788459022,0.5330961492609314,0.9479957836807078,0.5419247772979632
worldcover_00000,worldcover_00000,2,0.2171582520966451,0.33648313040083083,0.20885445437196498,0.3060953802231585,-19.71650754757615,3.434581291110704,-12.651114514287801,5.381997910708844,0.07855712113993876,-0.05142377098164847,-0.08998392676077173,0.15230297108018193,2.059620824720575,0.16079626779532646,-0.585106162223344,0.11484002052371192,-0.017736078407151697,0.012611582068911838,0.018200741306721346,-0.017988186087701197,-0.5303800600893498,-0.009502747980019481,0.5116124559708805,0.010665021508614826,0.001029141920595775,-0.0010715040820415537,-0.0010639573776661708,-0.0003731145401193665,0.03625617417589633,-0.0019559495707020496,-0.06377831764324257,-0.003973609041490349,0.8718294024135107,0.76976048297261,0.9086283329100774,0.9246246398779809,0.5412297489815376,0.09956494377392422,0.8771325674860835,0.09294002696507986
worldcover_00001,worldcover_00001,2,0.05250047046558101,0.11854159470760466,-0.028178169307383528,0.39884737585530083,-12.754446818507043,3.3055556106037294,-7.7325112961245726,4.960938104051843,0.14402000335620593,0.11400828374520182,0.10655364410449104,-0.022881157577983296,-0.7298984346541914,0.2671121588227903,-0.30642433778556105,0.558144402006714,-0.012205662274385807,0.009199408128922145,0.0002131199069095898,0.07271945147545295,0.4335630626599393,0.13554528022794343,0.5031748968651003,0.05221837977159765,-0.0012294056611971656,-0.0036026787652511847,-0.002341621593017175,-0.009559248131935033,-0.048175273977401775,-0.0240511523713202,-0.06563224918116659,-0.017030238509863974,0.7641411452575416,0.7722097429296885,0.714497169095017,0.9318763494457194,0.38838458567629464,0.5170931262003988,0.9413661580603585,0.5272419577343714
worldcover_00002,worldcover_00002,2,0.1327964885288011,0.613315908746286,0.57203876949621,0.13208877069480515,-19.68050507455365,3.669947089844895,-14.190276089436308,5.6657402795427245,0.08690975895757326,-0.018811974970121312,-0.10898543912030416,0.22367823803945167,-0.7398256738793093,1.4659281803407724,0.5987841958648579,1.4416573399050658,-0.014600232087780555,-0.03531163072947306,-0.026217993840704307,-0.01363322346822,0.498698651169732,-0.5923513196439547,-0.12247313813653157,-0.5805430530559526,0.0005347553707083575,0.005791172987282888,0.0059699442689166065,-0.0012557841461114298,-0.06121370754963019,0.059683243085043,0.005848780130544738,0.05796559999309724,0.952138795475408,0.5927692090856308,0.7104636683547161,0.9372230288767319,0.8844776105259994,0.4633607845861598,0.38562830634747836,0.4218757406901169
worldcover_00003,worldcover_00003,2,0.01590473924505029,0.01178603207297462,-0.11102263685880237,0.17526269229975644,-4.417577930535205,5.029757795521362,3.619421351268317,6.98794916278924,0.28807610523114724,0.2496415717113344,0.19396747063313152,0.34828361868858243,-3.142207699304083,1.7247436992008063,-3.7006485383918664,1.5118679924015235,-0.0639764411406895,-0.04745796273635825,-0.04526909514939099,-0.0697607434802239,0.9757127899936613,-0.9045354845698425,0.9014897959119145,-0.8325193381552372,0.0035887969091584256,0.0018098254340013968,0.0025935633616013835,0.0035989785736257247,-0.08283757980767875,0.09846935760871935,-0.060360594664312796,0.09117736489973563,0.8359967631274667,0.9449010109647819,0.8296732542259891,0.8605426329016351,0.6671252627810316,0.469236332910016,0.8253527133424559,0.4912840626967617
worldcover_00004,worldcover_00004,2,0.010772175702081761,0.33712883203318583,0.25910302502752197,0.057078331426689964,-15.719549599852956,5.485515333916085,-8.486408641115025,7.322424220586338,0.2578178911391102,-0.18984294001249535,-0.25752508976600186,0.42767466709668134,1.8171479428096957,0.8676838154787425,1.5253789830486812,0.6872427874899428,-0.05559244914487109,0.057530171376979564,0.07403145143480007,-0.111236268138408,-0.4811219812845808,-0.696783599995276,-0.6669462716019414,-0.5932452905455108,0.0030003357184197575,-0.005184603850310198,-0.006494466210668436,0.008066112956389627,0.03476413123780277,0.08760403607841875,0.07074484012953022,0.07447621302003678,0.986307712826169,0.415290545362486,0.620010472461642,0.9548178320918813,0.4455450016754292,0.7231351274416751,0.39783832814545605,0.6516407489774214
worldcover_00005,worldcover_00005,2,0.08699826267014399,0.37057472471937974,0.3211181049771378,0.10306547040289007,-20.19506487908963,5.028063863802415,-12.809919755618216,7.00550793323217,-0.023776283749763163,-0.12523840818672416,-0.15840510617468562,-0.07184057511270896,2.15528334013726,-3.215585927311178,-0.36639690799350144,-3.2072865918428444,0.07779940199081613,0.05196144085103302,0.03635916978249821,0.1212126350038365,-0.5603947302344278,1.2519520613923845,0.30791344528702935,1.1845659524314913,-0.010805528309394474,-0.005102991822617828,-0.00238711111285169,-0.016144521402740718,0.03446867102661369,-0.1180610861448625,-0.04379510114147845,-0.10846844520925837,0.8380054790557203,0.0832531505443661,0.15902497256484371,0.9474853158414247,0.3687240959481858,0.4448738656290563,0.7992395711436645,0.5181466276611947
worldcover_00006,worldcover_00006,2,0.11608838622073159,0.6244357350197701,0.5907654705824273,0.13001585977547084,-9.028109095970464,4.782564636642569,-2.3001655405612786,6.7810149205062284,0.1646924337797533,-0.11012841169796268,-0.19857573686611082,0.18085443683796482,0.8351608742866267,3.615702247938152,4.009847237661265,2.3687141248466634,-0.03824269261102046,0.0022146795348170776,0.01816272862997402,0.0036567961756800685,-0.07903607864698282,-1.5861691373183637,-1.399390419607657,-0.985199606565375,0.002380719679374289,0.00138916361211527,0.0006178815030690464,-0.00370319191404063,-0.009283335711629601,0.17342577098920947,0.12672141393711445,0.10383246238330161,0.8171731152906603,0.6107137112978396,0.77570803045741,0.9609643345961538,0.6030427673212785,0.8700186299651185,0.7397937995336537,0.8413712517238517
worldcover_00007,worldcover_00007,2,0.24771464945956911,0.7577501363826517,0.703837104367487,0.18504329996578542,-6.863937521227198,9.750645156017379,3.064821052695254,9.914466168059707,0.03745149515477054,-0.11923554504201526,-0.189046058655968,0.047852779132507045,-0.34362858970936166,0.19694800871055507,-0.6275619138907967,-0.02070011138331641,0.007481916093163371,-0.006200299505547559,-0.006848884077170144,0.060832964828906946,0.24586264543098413,-0.3584334925769849,0.348624015591757,-0.11652469442196492,-0.0018610269152693447,0.0032511233831896994,0.004539880318322565,-0.009418382864407803,-0.02969232112476015,0.05637925172554697,-0.03846680113991936,0.020489205784155612,0.4856145144947932,0.6423793195465879,0.7102235531161598,0.9077054439490627,0.28854697122986417,0.7389642068648162,0.2465075384709967,0.7014285988254509
worldcover_00008,worldcover_00008,2,0.1190157068626208,0.2716126983815978,0.1836505211663976,0.17813586703304027,-18.711682693851067,6.859126274542431,-10.052010807663166,8.161328081399333,-0.034336215242404794,0.0310111867175206,0.03017036364753653,0.04405164356446991,2.1497807326426193,-1.1006157877365599,1.2005224923270554,-0.4798776610069641,0.05160670171686042,-0.014310068769372072,-0.04325386669660076,0.0632132382728803,-0.3848945963966925,0.015849908996996842,-0.3368455379146094,-0.13661189910024746,-0.006864377781440007,0.002378158609975441,0.006659889450259091,-0.010374922027830214,0.013451135810450907,0.017644593341712086,0.02241662523132207,0.027682293695318612,0.7096426657356676,0.33420197552326036,0.42703903016526745,0.9814719592966575,0.47875928432944115,0.46575945610577174,0.8525981076024587,0.41868913161314647
worldcover_00009,worldcover_00009,2,0.09226631710733628,0.559625790877775,0.5133088025631316,0.048570124601776135,-17.53197430722364,8.661885270591478,-10.351637788388018,9.397840448695831,0.08368559107663194,-0.2890495100901235,-0.37260130760333776,0.17409261815722962,5.050677807036749,5.294550635821213,7.651137523677076,2.24385428976893,0.0037964005200280732,0.07424052407989244,0.08665550184069244,-0.010281381249685802,-1.0602897787148244,-1.8930887565059193,-1.6445626311154538,-0.8382134602242552,-0.0018399296032989398,-0.005383372081048553,-0.00570395331114831,-0.001088021812264368,0.05271456048287556,0.16609264313607908,0.09164200515815916,0.0754900266111389,0.9256375627272779,0.6035049933361003,0.8118849568364622,0.9743359279455598,0.1924862679283933,0.3980087973596619,0.2916977474193412,0.3965591881589098
worldcover_00010,worldcover_00010,2,0.17492885269367067,0.7371481232570887,0.7114410925317897,0.15034804335146296,-16.506597423667788,4.812727398688997,-9.883597446867567,6.7062354009803595,0.1082973164927969,-0.03137734145044413,-0.13597663489007814,0.2886195463084034,0.1795829175192616,2.8893365714854395,2.146677065009308,2.064063888286029,-0.022102824279986992,-0.0749478408042743,-0.058715400612586385,-0.055902527008221674,0.1434574617170254,-0.9999913820059109,-0.5417557768855418,-0.7324719399527079,0.000898679171204878,0.010902407024093343,0.010338404996678078,0.003308121679407172,-0.022952053870660793,0.08446100709760065,0.035839383865730295,0.06343779993878672,0.7151438942969255,0.8414368661061774,0.8246935877199346,0.8547783872320887,0.7085621850450448,0.7376206953397899,0.8263327353538489,0.8712199786727463
worldcover_00011,worldcover_00011,2,0.28260933798321164,0.5597917342727834,0.4971679485205445,0.24157933484424218,-17.45683178941287,4.919437571745745,-9.48357587389273,6.899022006391034,0.049780081484726096,-0.01611373195099435,-0.11656603063382766,0.22988011297725527,3.073429781043431,-0.803026749033657,0.7975019338336257,-0.8016905017628387,-0.009381063067636922,-0.006445738789323188,0.007585946712400877,-0.02073976449120109,-0.7132872326817321,0.1718978621552253,-0.02709302894196225,0.16829781460035043,0.000281670019199449,0.0014974641227963113,0.001448784211669319,-0.0010671994902870753,0.04336449124082114,-0.00918949292193462,-0.013089524158252553,-0.008752973297098818,0.5249018528288298,0.2458297575247419,0.6149140952483514,0.8481617848703074,0.9117642037278152,0.25008918309349326,0.7727055145758426,0.222387899590047
worldcover_00012,worldcover_00012,2,0.15052278651943787,0.6036972701549536,0.502536377841325,0.14375668583494192,-15.173705674629884,4.366502096214411,-8.897735745672248,6.332468726537682,0.005934905412269589,-0.009886305956614369,-0.13272897945162665,0.1491229927965579,0.8454485315363923,-0.2379938797005445,0.7515339238462542,-0.48512282333530327,0.0011276983523896902,-0.05740620018470838,-0.03009468885022712,0.02840191849962956,0.15497166840492219,-0.24398103126020879,-0.1611290548125106,-0.14671753156418807,-0.0002650885157367726,0.008384572962919862,0.00657600692339298,-0.006039917356137062,-0.043470204070704524,0.05523741398767714,0.012747034073632181,0.04054241520280896,0.23476773335830659,0.7276896845474989,0.7986020820323279,0.8856016161784138,0.9179147880574342,0.8860178499176522,0.2843041709316183,0.6134391829467094
worldcover_00013,worldcover_00013,2,0.1270656617687421,0.3865880144364906,0.2510079700838437,0.30157135833393417,-19.245824942207598,4.287220738641485,-13.30690380613548,6.006110769771892,0.13410445587261158,0.013670432011759149,-0.02964950654478332,0.13597613194632177,1.467832962484551,-1.934059972022915,-0.8383040627277989,-2.2487373602504666,-0.012586213365237651,0.004140775957148935,0.0036436017941345964,0.009808912679746512,-0.37873033651930194,0.6750423101924694,0.48826948183059493,0.8268710306353843,-0.0010972286772829394,-0.0014595439412979252,-0.0006029587803465045,-0.0044579110061279455,0.027771290835021938,-0.062034686100011366,-0.05498122719686018,-0.07867472884284954,0.8613213496172429,0.5445935331280884,0.5357908949402936,0.8806556925652756,0.31135624152628005,0.5165317002509253,0.7753634060293422,0.42785661866599023
worldcover_00014,worldcover_00014,2,0.11573801551448504,0.37549258407318187,0.246717522993232,0.10285148837349668,-20.697469561405658,5.890392724345598,-13.12259428547287,7.507066318445953,0.10663151979513646,-0.018057259893606428,-0.060581031950220125,0.2790363733730614,1.242247469423924,-1.4642049652285871,0.35887190904181065,-1.2415110637917788,0.0061967765433690565,0.0206001648655185,0.022690435081268782,-0.023540759757483536,-0.19419438744186182,0.29139975976035565,-0.06410028801082182,0.2551214600329933,-0.002913251906664515,-0.003042937754982645,-0.002608916543499387,-0.0010583271281887933,-0.0028981835289251783,-0.010807763774687913,-0.0030897256369216797,-0.010425876164800672,0.8172775093874296,0.6714345670729236,0.5679148455354157,0.9088832649203124,0.7958402509162446,0.6207759808891877,0.8720292668922507,0.517407866140438
worldcover_00015,worldcover_00015,2,0.14677903303484177,0.3684020277225607,0.22759396052270225,0.20874602912050272,-16.305060144643235,5.872944557928553,-8.617494538662283,7.694286845320447,0.017916880016536796,-0.03349375411395033,-0.03312013063964177,0.07362962868951638,1.0773158222759782,-0.6740730058106637,0.7208889459376986,-0.656919254598925,0.035948022282681506,0.028077928147790733,0.003395864756140957,0.043689425470250995,-0.14469753721473186,0.08008143650385594,-0.12846606362844395,0.09446621422137898,-0.0057032901916081805,-0.003263063540663382,0.00046161996351196783,-0.00701572858926022,-0.0004222737686702693,-0.0009546409233339065,0.001238489048695849,-0.002957737075273316,0.7565786064337989,0.19664513044379073,0.17902586593916647,0.9461126419611956,0.8744879700307486,0.2773159508951083,0.6359181663521111,0.28741383039693547
worldcover_00016,worldcover_00016,2,0.10528125667333606,0.3712419510790792,0.21375112596786341,0.09695749504096726,-15.035441084363423,4.219166696203796,-9.156908346530043,5.920149747018124,0.2927682483947639,-0.04599882508554121,-0.10752402588961589,0.5202917532906632,-0.2902031482616258,0.46207760394071906,0.31283152258937025,0.68361248312108,-0.03950332378448619,0.050100851610496384,0.054121665721073804,-0.10944906564114897,0.2316387813734002,-0.3144703564281971,-0.07735930293474466,-0.37312675540957657,-0.0003535440320984816,-0.006877053679540904,-0.006291348298992777,0.006071849867249954,-0.032857778712697336,0.03613414017044863,-0.0009771108736507015,0.03945516496736088,0.9059730074089954,0.5988688180776789,0.49887657721991363,0.9374135904780846,0.7115340447158656,0.402566629423766,0.8646113098791208,0.3595670464655687
worldcover_00017,worldcover_00017,2,0.0979279269751688,0.3340903619925176,0.23105788592136245,0.1639339165254077,-14.353733808880701,5.3538019816820785,-6.745763534770173,7.258366069958864,0.12100802650505757,-0.05313935592060988,-0.11701042072049185,0.3052986112851946,1.8940352376995784,0.2630834355939577,1.9970361078573529,0.30772355411843827,-0.006261181621173742,0.029148700336615235,0.03517076290853609,-0.04046504015659367,-0.3215041475236904,-0.2398622216746665,-0.4091852999689547,-0.24260959446726416,-0.0016570640104308248,-0.003374345600605012,-0.003100074432564503,0.00012516621688400784,0.009392873273646959,0.02799116500559644,0.01705705505667536,0.02759969694539254,0.8675122162423043,0.3454342100212705,0.3045641565202458,0.9275064451910604,0.678936468496253,0.5773445598600895,0.9573193594399159,0.5638117174093861
worldcover_00018,worldcover_00018,2,0.13564155749842327,0.5968894037333404,0.5540060233889209,0.31750810913967337,-11.03460891509416,5.635247519579113,-3.4881856558416984,7.486397430313947,0.10191718266516316,0.04245317348885112,-0.05855472208488642,0.1294995862103647,0.4692244592763983,-0.4304347279503333,0.6195987163400785,-0.2906579536695769,-0.027872614752900243,-0.05968790807765278,-0.05334545178459816,0.011924141090669601,0.02660107317968112,0.044840257822145665,-0.12071361601255003,-0.07856482630950896,0.0020629668203882056,0.007911199045301687,0.008875818415121585,-0.0041551212921287035,-0.011942650976769414,0.0014038746203382775,0.005613856553170094,0.016411119025111217,0.760449514955352,0.7268518360217524,0.82565049817186,0.875249036197567,0.35658184177094354,0.025196228723749048,0.09984466448828688,0.08638721657248805
worldcover_00019,worldcover_00019,2,0.003959650124432905,0.3020907622395132,0.2336123188336686,0.026503708665118742,-9.835931788117588,7.698177029942558,-0.42015075288818515,8.985438314951452,0.2841395955954825,-0.03601833625090476,-0.1677917452558634,0.5127579058623968,2.7616330330181538,-2.872923278235526,-0.24128067403074618,-2.563859223818283,-0.04922669982278725,0.04909247640133291,0.07092436615909845,-0.08688961438737887,-1.247128403513468,0.6621523201673106,-0.396999470659501,0.6937304663934143,0.0015524720455050418,-0.006824035602010264,-0.007619267122613061,0.0033824790193877894,0.12207591813507665,-0.027133804767926758,0.06347179429209343,-0.04309615203128231,0.8745721135584339,0.4506510026577699,0.3943876417774087,0.9792139189683177,0.7674402313621063,0.8939469196363669,0.5909007668582575,0.8527793233751277
worldcover_00020,worldcover_00020,2,0.0729902207558101,-0.01750853437591663,-0.09901702240335215,0.1737581520821112,-18.247287863822915,2.2296628633735756,-14.645970392406078,3.5887977371530626,0.20993054130684421,0.12309119343343689,0.05493175590943003,0.2765644255966413,-1.782176149492993,1.695190607737619,0.48789456438181406,2.2962404220910266,-0.042228561323798326,-0.010625354562648112,0.0022930471252779576,-0.05079479718750149,0.3664821634303599,-0.3925911939646001,-0.21503074191127428,-0.5788403165205165,0.0018639455113006803,-0.0011423169588199846,-0.0016568252520466453,0.0018617052095706828,-0.022038298065777444,0.02574103346501499,0.020743983768529674,0.041832078686537266,0.847191059470671,0.6916977936515464,0.5964534224915192,0.8162408902788993,0.531219966372795,0.3499063635621028,0.08849333800811654,0.4008218017001709
worldcover_00021,worldcover_00021,2,0.31011944373329026,0.3922864361242809,0.28309829126704755,0.3460876639142185,-11.95756734759707,6.252056693390435,-4.166602926986234,7.974347437091731,-0.04161754235120533,-0.06136842131141581,-0.10475947441799259,0.20747874074038974,1.8691564144637538,-1.8718360906899083,0.7440788826137722,-1.7340378528380724,0.03448323785279603,0.03955831886692465,0.03627726792063539,-0.03874442877965568,-0.2799966903019182,0.5868983938836709,-0.09326948818378634,0.5125487251777329,-0.004694934644233058,-0.004826217250089441,-0.003473732056039746,0.002187829803336748,0.0040327771662828586,-0.04627202313062376,0.0007199048825693213,-0.03857037606567888,0.9855810955034877,0.7414154734988656,0.6378926408101269,0.8834546504009122,0.7194793541392579,0.11230505346129283,0.29050630984668824,0.18109597841156155
worldcover_00022,worldcover_00022,2,0.09285826536390276,0.3523559067398312,0.23620860363272123,0.1834913198695035,-18.656419167211382,4.960337224993411,-11.864266184813891,6.72146771936653,0.06152687248649094,0.006191956699781135,-0.04679794177516509,0.14608419189850508,-0.3683238755957933,3.785219652906057,2.368741050374315,3.0675769034105698,0.0016459940135597677,-0.012797543158133733,-0.009995930779773565,0.003772492306831033,0.4308149635846401,-1.6355347577239812,-0.7669591453394384,-1.3266104734398068,-0.001623282602426303,0.001121472101658576,0.001791414040413609,-0.002966144771286934,-0.05633363748252961,0.16278313046708237,0.06374222845932713,0.13213666227879262,0.7587974908420597,0.4138486213251352,0.518568892018904,0.8592793663074704,0.9147133508419586,0.8955580568410981,0.7449033535130141,0.9160986177802248
worldcover_00023,worldcover_00023,2,0.03784690572580863,0.47662789893872665,0.4351516599682228,0.043217796775879475,-16.641339547148903,2.7208620280564926,-12.166294371469832,4.467390394208942,0.1598542343785234,-0.3948504331388637,-0.4963460431419422,0.34060453630924686,0.17573397264187843,1.878516974259361,2.337549876836709,2.182112662306587,-0.00840161147384661,0.12429099512645297,0.14193999545156813,-0.037850688135017595,-0.08101467207967349,-0.5098818462927067,-0.692499568324937,-0.6119227300872581,-0.0016648992817568302,-0.01011939084326679,-0.01097517795484475,-0.0007397321457363096,0.008585163229651525,0.040543434375401206,0.05851536880805722,0.04956251888482978,0.9852647811147812,0.5229911147348217,0.6507633634385342,0.9802062297487876,0.013741918869051961,0.5030448950082187,0.3741083019174136,0.5930854410678688
worldcover_00024,worldcover_00024,2,-0.036030397528839506,0.7169452616662705,0.7500389818892347,-0.06379181572772324,-23.586435608790584,5.184715019834363,-16.402376557454673,7.088916902295897,0.3519844606138453,0.22905520373393481,0.10350390573933785,0.36385190072709644,1.9624419469478551,-1.0361961543603013,0.809896888959231,-1.0049799643576325,-0.05168251855541682,-0.14487974610163507,-0.1387321759999052,-0.013647224465702578,0.022867066789909785,0.27494266271498385,0.30009969667387976,0.2881053036229912,0.00024171392941810076,0.0159715043023379,0.017523913202111142,-0.005141911144201374,-0.03800600380163582,-0.017236588755352878,-0.054226069255326824,-0.02073281214917787,0.7663133939727731,0.8326325280673289,0.81946064146009,0.8235648959604752,0.6228517017024997,0.5553157325477978,0.5055902473809128,0.4096427834745868
worldcover_00025,worldcover_00025,2,0.14427027187098798,0.4177847920042099,0.35935561087998485,0.16771846693573655,-10.667803654856607,3.746821309293226,-5.38276307117555,5.605978751422065,0.015504291818993604,0.07316753256415519,-0.05260592775921998,0.4172767293122074,1.2764367573693245,0.6123908160290313,1.872604366630183,0.7393707783879676,0.0022082012165822087,-0.019476095093535026,0.0013397115552838742,-0.07459082415738655,-0.14438711383171735,-0.1511420129782776,-0.24370153684362464,-0.18457912526062645,-0.0006986023873427064,0.0014345715142259601,0.0008866823833398122,0.002765766749478347,-0.0018586458097216774,0.010018425916754189,0.002921940261871648,0.012440964206733636,0.43772214191960523,0.13698573409222703,0.4233289201692998,0.958741544552819,0.7163353849161335,0.09125270379021466,0.9264649616473546,0.12703277306927596
worldcover_00027,worldcover_00027,2,0.09365043512819932,0.6470233716747975,0.5743076449090776,0.027402285825123298,-7.481151834504693,6.268767384040528,0.02049750733496838,7.930188396051787,0.40087140535838783,0.001894421520687403,-0.13778798471367484,0.48707521600382603,-0.9095928897726754,2.3369473479371217,0.9745060625950067,1.3834318856723444,-0.08227198080968666,-0.004016361743598832,0.027094797090147307,-0.08730565545298305,0.43865521435722643,-1.0820200339106347,-0.48747308248616933,-0.6969184093248484,0.0043029207069798635,4.2648252212644645e-05,-0.00197501115576184,0.004238108229456513,-0.04672968671907952,0.10589745696885705,0.05077267916193574,0.07058832356821997,0.7589971135273557,0.59810934806693,0.7663068803927175,0.8423081190841912,0.33594876878735147,0.4787476030050175,0.27004889498272155,0.4371493275372309
worldcover_00028,worldcover_00028,2,0.09625909766662225,0.5490911864873128,0.46786351276166466,0.02381725360949812,-15.572777112943953,4.4961117016323815,-8.731333445963852,6.457860477988348,0.06692638396994348,-0.2250921515718335,-0.24624135753228563,0.20575166665135874,2.93313551150473,1.048806636393743,2.7765401213138667,0.9579293225419235,0.02873401619014662,0.0789857488367464,0.056019213808563464,0.034347807012853164,-0.8765661589613335,-0.4445003517772759,-0.8592898173368292,-0.4018806288637354,-0.005301674057137093,-0.006740468845825001,-0.0032957601502086272,-0.007865510467025971,0.06841653503468334,0.04524356345558983,0.06973535401975642,0.04062508258171545,0.8008830970064391,0.2913079247545596,0.3636261022234907,0.9584778458636143,0.6490862198542817,0.6322627110531382,0.72136670970409,0.617062378328389
worldcover_00029,worldcover_00029,2,-0.042680236028738876,0.4812178250515089,0.44180570813742426,-0.01713399066251087,-17.488807015722784,2.0824007014136114,-14.08296397366331,3.4040967209080395,0.3401626678738605,-0.3056457427640749,-0.41190525123642485,0.3077968830734285,-0.8673314801074828,1.8057956907759725,1.8146953301765818,2.3799764502356653,-0.028038284749460626,0.12631436133378246,0.13581402515952198,0.0077824715385818,0.18165104155063788,-0.5386920148093758,-0.6209006316121662,-0.7023185603342307,-0.0022905213189706544,-0.01235865762062145,-0.011923191203462963,-0.006932917447299745,-0.013798295731429041,0.044263105775949683,0.053173983463998216,0.057699501794251665,0.9313193103145034,0.2944981106612913,0.3292335048202295,0.9813513818368423,0.7110231288680476,0.604820356400628,0.6114134666940916,0.6375008903578372
worldcover_00030,worldcover_00030,2,0.3768449838357818,0.5993493036790322,0.4708421194192127,0.30693169931570674,-20.971368458107385,3.541398874017102,-15.60251798324071,5.537082417934014,0.045170763454096124,-0.14421124921904616,-0.18887122696827274,0.2562956815910718,-0.7864490365485779,1.5604860631798045,0.721478612447493,1.367433755983007,0.017677454225249287,0.05534218612945431,0.05577435994367565,-0.02316991913886301,0.4495094154029129,-0.587879739492721,-0.08310596770034992,-0.509258544335914,-0.004165954045387004,-0.0057753881420751964,-0.005081246484710703,-0.0015907527671919883,-0.05529600935914411,0.058566093892202804,-0.00517194009157506,0.050136274398953365,0.8257798925436756,0.5957590766235179,0.6308495714772426,0.9735723664503109,0.6215291038202041,0.42534431953421326,0.8825793974534416,0.33024566225807095
worldcover_00031,worldcover_00031,2,0.16330179338549952,0.5695254965261978,0.4715461658708976,0.3960324697422256,-16.971926300095518,3.393402895163588,-11.856965363660386,5.34325302146864,0.12085591794399328,-0.00833301293471506,-0.09752401898777681,0.13267345348047843,1.3492864134284137,0.684235948375146,2.070224057424074,0.6949649209140236,-0.020973191188996206,-0.004912315444512796,0.004130235611102289,0.015015221196851673,-0.23200713842343,-0.20373311795643576,-0.4074649411777509,-0.20006863528675098,0.0007089862064657414,0.0013784925744991107,0.0017095494149911288,-0.0047765461483387055,0.004099553312155532,0.018852964105945953,0.017552384796486447,0.018166638287421308,0.8343264648830222,0.6682754923075082,0.7877049096338822,0.9476289930613165,0.9341177492803739,0.38989582120024247,0.9399750574487583,0.3700835230777333
worldcover_00032,worldcover_00032,2,0.17071624737784408,0.633818863919287,0.5072639859987029,0.2814982452175826,-16.615513743528673,4.140301818704891,-10.542033235879469,6.074670148391582,0.03539230561838001,-0.04140543417325101,-0.048771336911216906,0.05711330733602079,0.2911594387860068,0.2661825556845109,0.4409148020166877,0.185917073920111,-0.002670505048972839,-0.012683013558903859,-0.02797116919771411,0.05155052851030822,0.33967647290041825,-0.08741595023851641,0.2891743009431134,-0.069395064030819,-0.00021705021205627582,0.002601386621744953,0.004939011853150644,-0.00829872955577541,-0.05878450718598168,0.007953526976618707,-0.053476024283678335,0.007317486734214707,0.5595449891664791,0.7661363933029889,0.8397412398348539,0.9393882407544798,0.7928549452236434,0.007210493930840722,0.8238517256987908,0.010897333037562129
worldcover_00033,worldcover_00033,2,-0.013587440227195295,0.6773376175851534,0.6383185623721659,-0.03180669276326102,-19.58974257047855,3.5437967614837054,-13.914511515662456,5.429803861179057,0.0808556803223463,0.2952998843457948,0.3418593635220827,-0.02362042387193395,1.5683651112763493,-0.47884846911169865,1.0224691292510903,-0.526853505943294,0.05130355969277323,-0.15578603228449273,-0.20479901283334295,0.12056762224024956,-0.18181205072354673,0.33956184830996217,0.08358390611623416,0.3678714868003329,-0.009287950899857582,0.01651785289398346,0.022602640525108606,-0.016679556401813334,-0.003950420293943306,-0.03606039203432256,-0.026820081218624284,-0.038809351068210415,0.7059971471491927,0.8878624697034565,0.9229500833153872,0.8411560922919484,0.9808804296944308,0.6720864302289294,0.8139371993573404,0.6313378083718999
worldcover_00034,worldcover_00034,2,0.33602962432148703,0.7375252273949704,0.5903051978710923,0.48398419582482527,-14.432068133127418,6.434996505139203,-5.652337907451769,8.022910539403817,0.07985053803465245,-0.11668171118649191,-0.14075579931811666,0.15288384684494571,3.098672601816667,1.0543885888717868,2.23539737222281,0.8803881807188562,-0.018372263518349304,0.005820089733445695,0.002491387292678164,-0.028078574445340614,-0.7522884736558105,-0.6669592220613998,-0.6384317186474836,-0.5375096874960623,0.0009902482107904149,0.001365994037401807,0.0023339123587415743,0.0016077233083320477,0.05140412775192706,0.07509285486035404,0.046212057794484035,0.05960394396729031,0.9646722563918391,0.8303612036716171,0.8435521230759717,0.9215990379273301,0.8809575177517498,0.6031479303951517,0.7367050284576775,0.5978023364514253
worldcover_00035,worldcover_00035,2,0.01642274251430777,0.49757200479507413,0.44598087442643686,0.049138652781645344,-17.51777373800057,3.475410185373302,-12.11582109037282,5.378941406380875,0.3793796126464944,-0.027675509925872768,-0.12803425758130987,0.34663486616715566,1.4920780562558837,0.7765854624960976,2.322130904012517,0.6579902266355528,-0.059385641244187534,0.010278305482296813,0.016675730062511673,-0.008388331426041522,-0.29575861744322346,-0.2060482289523052,-0.6032376285103902,-0.15244948972150463,0.0013535726082249306,-0.00029546436336306425,0.0005415169277576389,-0.005365958644284139,0.016318504391957613,0.013915199707607335,0.0411594668236858,0.008539908192099908,0.8777708632818985,0.471663847007873,0.5715572788260348,0.9221784004011121,0.7032750662116918,0.15374309068117664,0.6605485385100103,0.12910597372815824
worldcover_00036,worldcover_00036,2,0.10482627197893593,0.55042322567015,0.44958822113094904,0.2749791393677391,-18.437567174964528,5.770012996549676,-11.251920494719078,7.674195799998333,0.23151976661356324,0.03955973968619349,-0.03401171226823174,0.11134370026134367,0.0567891610723174,-0.14592894236349058,0.3548303819431925,-0.27835253673599375,-0.051922309310700174,-0.018744627441162537,-0.01206023065429735,0.0420749050875503,0.309555446733108,-0.1667393402173132,-0.007893645096326436,-0.11992094065324735,0.0029288484300261796,0.002166958469333058,0.00272566606902112,-0.008293843517700822,-0.04661720961668333,0.02235680222398823,-0.008135628016597358,0.018757132131128677,0.8403119594241311,0.18912985982873154,0.5034310310305667,0.9456582555859729,0.7523175035508418,0.49086504769453077,0.7839190311999147,0.48720263675655273
worldcover_00037,worldcover_00037,2,0.12716109850132978,0.7426926358179614,0.7135657654567201,0.0728175546409499,-15.963879807468789,5.6341788968755075,-8.978220745583592,7.331339923282371,0.12321464039654666,-0.046009482490638444,-0.10277879711181455,0.19304747019140536,2.9432027519745296,0.6508443770363583,3.698218792694428,0.07288943451336828,-0.0039048619004465783,-0.023461788247673938,-0.041678728914751016,0.027807754452352302,-0.337573364719853,-0.4095593606473789,-0.8315199753363843,-0.11604445539514573,-0.0015780639136134542,0.004070568641628876,0.007844623780310754,-0.007565906384226044,-0.010884903184386462,0.05425045803992324,0.05551512132715814,0.02071087374384261,0.7286981132901216,0.5543788913951029,0.72346227816991,0.9263487543786869,0.9537368123177093,0.5543012785386197,0.8556837095431427,0.3774686521366949
worldcover_00038,worldcover_00038,2,0.1636338521273659,0.5910555192015385,0.5431622549552804,0.2984620874578317,-21.24314761853797,4.154494967998458,-15.061363474628491,6.1297599603828985,0.11774657310332012,-0.13288753337803327,-0.2901056727453592,0.35317960878213145,0.18658900440639195,0.4650773249768638,-0.06328785020713398,0.49285303496484717,-0.031060358117995082,-0.005546607399657774,0.03233070931602993,-0.09711321878742842,0.19535939825144297,-0.3351971472078587,0.08580775347974308,-0.389207992705611,0.0022130601276042373,0.003317220644517388,0.0009030946577438229,0.008086874177961627,-0.03447942497435495,0.03819054567416476,-0.013904383928085488,0.045433675214721365,0.8772265831741431,0.8842036650648287,0.8902682632504644,0.9811266453564329,0.6920800712397441,0.5384428052115204,0.21197876847856223,0.4723427808581664
worldcover_00039,worldcover_00039,2,0.31412649901851003,0.7136551177862915,0.6458277607505967,0.16805796550981944,-23.54809575244287,4.273302841454979,-17.61807133894955,6.262016275626086,0.14507745916783776,-0.1714120779245617,-0.28465063958650494,0.30934362988623315,-1.044666920204799,1.0106319054456925,0.8711013069497558,1.1766999556101019,-0.023212188357494556,0.03806128323852238,0.060039826189026535,-0.03811768961675231,0.595175851245944,-0.4722793761428356,-0.24411031523316837,-0.5554708646620937,0.0007956881791932743,-0.0022401323523184246,-0.0034410981743624577,0.00015866545715716732,-0.06328808860767783,0.045826546156165736,0.02120086622061249,0.05430279241610477,0.7566756684951593,0.4885370845241285,0.70744819286289,0.9927522363117528,0.9004892611700601,0.6625385081157303,0.5758822798436445,0.6812391444935866
worldcover_00040,worldcover_00040,2,0.18999273814788423,0.6808153770186688,0.6092676181684847,0.17512010534604294,-18.40551697898804,4.743515559935699,-12.522491840653988,6.783675798642776,0.09412848661874303,0.08024710948978078,0.10650896736317106,-0.051135335886288165,1.6995059100700836,-1.3565838875673444,1.0276927697569034,-1.4080827058498269,-0.0017287213431628906,-0.0642183795893862,-0.10281918462349716,0.10798558841148989,-0.34785328111733677,0.5392517429537645,-0.0801935411191598,0.544349692022819,-0.0014403362056027678,0.00775367405378457,0.012771842116960364,-0.014217161469989338,0.018240258842295513,-0.051574485215745515,-0.006069126790354333,-0.05122341987856105,0.38307152238945164,0.7066773267632023,0.8137608952736622,0.8964080870408203,0.5414565522223549,0.48380195907285495,0.6459512558484422,0.48768746413233643
worldcover_00041,worldcover_00041,2,0.18489067323701805,0.4383651988975924,0.24241438146793445,0.36987389624118727,-9.210790097875893,9.462496584575888,0.0921933070111617,9.460840267817083,0.04524731871679821,-0.10658966655295918,-0.09826304609813344,0.015116579594120681,2.055911802820445,-5.701767500251495,-0.08042113678865864,-3.3303539234510486,0.041852746141460145,0.06593637865085088,0.05539493540148708,0.06117538398220414,-0.34326811303389904,1.8557501873487579,0.22920056654049417,1.0761068036040071,-0.006746995352431175,-0.007096954894186259,-0.00572679003681799,-0.008454984260929948,0.010160377981479361,-0.1600734971214961,-0.03349465049842453,-0.0917778485022996,0.7760289371723192,0.7403480376565854,0.630394518896171,0.927999949461092,0.7815693853186113,0.6777205895128787,0.3328703438623024,0.5283617943711567
worldcover_00042,worldcover_00042,2,0.13075024570289162,0.5353431015303632,0.4281875744010455,0.17332099490996608,-17.519478889288102,2.787670703424317,-13.01802343619192,4.504830648585039,0.15477394196788924,-0.2745065076483614,-0.3177392432495708,0.31356755933827746,-2.03114656204618,0.7518249989641567,-0.7821895766056317,0.9516536947916121,-0.025504186096624016,0.0895709514424397,0.08955938099315014,-0.0553778072262737,0.7500900808186658,-0.09847227204045174,0.506714361084364,-0.1485311275172233,0.0006682098154719934,-0.00824481978861972,-0.0075698580047247315,0.002399441456854927,-0.07129363392247405,0.0015954233272260758,-0.05777432959114343,0.005552074757767821,0.7903439222831736,0.47005558222158184,0.6702339537552264,0.9581489415965309,0.5597836606985542,0.4867993216597096,0.8217858542955849,0.5280747874889986
worldcover_00043,worldcover_00043,2,0.3053443258236454,0.6210971655267654,0.5227492361357715,0.2605125064199623,-18.209376539183136,5.39852834510688,-10.774412201678896,7.347599572243098,0.01932494086670066,-0.05344031041576735,-0.14256215142825293,0.2120450122488867,1.5357940610014027,-0.6566524503357197,1.0159782715366446,-0.6803165229821017,0.008661562771199572,-0.0022153191236191027,0.014698244824812027,-0.029133423001735166,-0.24973724087831495,0.2379942963812236,-0.06671072917508629,0.2433355750285729,-0.001629461763585223,0.0013146513339245013,0.00041697189362362034,0.0008562183139300025,0.005740119916010659,-0.024672501553313363,-0.012875450685048702,-0.02507527648850949,0.8679940030883351,0.7204369248002742,0.8473069404956229,0.937925680860355,0.8288867316430719,0.20283302424138538,0.9337803382637387,0.2553250316171981
worldcover_00044,worldcover_00044,2,0.15834862597125215,0.6278451297319296,0.5264280885457989,0.31744653438076775,-16.341305610298512,3.11295790457976,-11.629774783777442,4.759637998575441,0.06660761266805239,-0.05501190502019152,-0.11132079516611373,0.0874971671709944,-1.5703850890642146,1.664587339517994,0.3524330444034433,1.95272493708759,-0.0016226523338125696,-0.004138719532396932,-0.0019277082312675984,0.03797615345293295,0.7919708332761449,-0.7065567805727471,-0.01667256145777807,-0.797438257541475,-0.0012644993157438795,0.0013742101463404626,0.0021593156788084363,-0.007318938847142026,-0.08450411133412823,0.0720273553722599,-0.0035308909133867743,0.07937419655002412,0.8865742742758136,0.6708077267191443,0.8055710864883674,0.9027109603713166,0.6760450826045117,0.6446085369152692,0.7383850789495416,0.5415012428400654
worldcover_00045,worldcover_00045,2,0.22953118902873,0.7212011082605877,0.5421428937803614,0.6606609487172322,-16.560669304828036,5.603918899169985,-9.04930806081031,7.515216027351357,0.03392877103994907,-0.07847248656409107,-0.08709457031791168,-0.06464378275568487,1.483371988597222,-1.1413106979921792,-0.21594896317966245,-1.290927457860236,0.001184394887848943,0.012072411256951113,0.006992569475462933,0.04380030923591536,-0.10554253087875352,0.21328708406941502,0.3596525093750968,0.3070993326724797,-0.0007964368060319578,-0.00011016157540407566,0.0007201956227572281,-0.004979442165355478,-0.020561880988994124,-0.0035419877788229882,-0.05216456995375586,-0.016689477301052726,0.5250514569681173,0.6450145538286091,0.6412855910097266,0.878075781832422,0.9712263620708675,0.6036700966018759,0.8561050050528949,0.43631999733018245
worldcover_00046,worldcover_00046,2,0.12230373196340615,-0.09884138653675624,-0.19922592959394897,0.21831620710365698,-16.949922080797688,2.707623806999001,-12.647809231766413,4.479386661828841,0.21012745537609565,0.3967462134739701,0.31224689287473445,0.3394050141057321,-1.6461955022996935,1.2413134512968074,-0.051136417541606125,1.343992104141702,-0.02849012205686899,-0.09123328425699732,-0.071069503863225,-0.04726836781997179,0.37927559686379225,-0.3012213538864637,0.08777974139540803,-0.30930713672452903,0.00013884878573078567,0.005792409388555403,0.004319684083733431,0.0005721615044155481,-0.025447824187334406,0.025374895238731338,-0.01004603881605369,0.024787298151750004,0.9678848924135425,0.79055641540036,0.7955201952597739,0.9552150160197288,0.8175764798967219,0.6659241830777761,0.3260079717001739,0.7208755982257917
worldcover_00047,worldcover_00047,2,0.0875700135476085,0.5138487964868538,0.43280973652321214,0.05825729916493124,-20.386913031195515,5.355758324895639,-13.616650605592818,7.166303547693854,0.14867526757165664,-0.17275854791440615,-0.2368865448700645,0.21098160725973897,2.827531460128316,-1.4414232794537674,2.0268944238593702,-1.285661447067609,-0.007680856888447714,0.058489646230425074,0.05941938346018001,0.023081260422865593,-0.5530044376446918,0.3338976672344354,-0.45271091228293925,0.2578148675441809,-0.0017991953634734009,-0.005861779881848225,-0.004817957430137225,-0.007045463969310132,0.025293465054256635,-0.021387711778292854,0.0277365856049345,-0.012913603563018133,0.821923277751039,0.5626350204150283,0.6856532719759156,0.9376776935464607,0.8879570953961377,0.2741789362964975,0.7879049336600977,0.26030027159613367
worldcover_00048,worldcover_00048,2,0.11723458545400751,0.05605650467402989,-0.03356919669066439,0.12642969507159532,-16.080172387102404,3.9664913472878225,-10.534719029818973,6.0593376851746035,-0.0435759065427598,0.12406517494292502,0.08391927082889872,0.00419100468593993,-2.846515989287605,2.7096753600074943,-0.7093422920849783,2.3146129782938996,0.06597437703549547,0.020852292714503402,0.02458297581315133,0.07219357803076883,0.9439983707434724,-0.8751569180332177,0.29486589934255286,-0.7750573436472725,-0.008220946625187985,-0.004646724880193221,-0.004647233107155471,-0.009955343160063327,-0.07672238191882327,0.06970301166311133,-0.024261732587556203,0.06333205261460056,0.9949220598808874,0.9554470325158948,0.9516487135663378,0.9819788316640692,0.8920225237579664,0.5442827610017762,0.4691233376838334,0.5712003599853825
worldcover_00049,worldcover_00049,2,0.2646506270501327,0.5276349539106534,0.4169608282320424,0.4767603856144527,-19.772703839951642,4.236292064503977,-13.443440819534626,6.205421517751737,0.08702199092394482,-0.1466095785772986,-0.1823410143454867,-0.0016231763930545093,0.655733706468114,-0.9118817442741082,0.06338539589920981,-0.9834043142633322,-0.017431619331263297,0.05164669499252775,0.0462875545863465,0.033171502220166106,-0.05625072478259716,0.2543911209244298,0.11658927778106361,0.27180642510545927,0.0009487426765519532,-0.004118860520497714,-0.002904948637341006,-0.003957985477014014,-0.006298261360745583,-0.01934946863045442,-0.021096363020977414,-0.020479659807824818,0.5770744745727887,0.6918871069634733,0.713750783058946,0.934620628183918,0.5899977632358968,0.28339212546770365,0.7309742426794794,0.2345343952528849
worldcover_00050,worldcover_00050,2,0.15791763952622118,0.7095082402229309,0.5958404568108644,0.23789873719215374,-11.669194575171343,3.7901897890584726,-5.936862857904281,5.584553025438769,0.10014473880972916,-0.0576057902404239,-0.12169760690321987,0.17353645085342365,-0.04211826208088801,0.19922075300197412,1.656813698433316,0.4896185638802942,-0.01964325606047229,-0.008892433983939128,0.0016199604515388932,0.0005173062284787001,0.3699438536912154,0.08311920176930032,-0.12223862985076793,-0.017292859616527368,0.0011360111429458513,0.0027019083499908564,0.0023559593040533796,-0.0028163699640168073,-0.05690608275834091,-0.008474574125786,-0.014876462102157444,-0.0005468447978056484,0.8121747865076844,0.9443579631816224,0.9492852586883331,0.8641113494530686,0.8149652808887439,0.6784170014084083,0.7391405429282012,0.743811122675839
worldcover_00051,worldcover_00051,2,-0.44857079461065497,0.6744062200640185,0.6723675148730921,-0.07826720914718657,-8.845377832569168,12.165072179645028,1.1683886806238937,10.155085827328868,0.8288821742763085,-0.14299414809497563,-0.28068947347087947,0.5307283118175006,-0.060461728043680794,2.9764635071376917,0.7730830082527859,0.9326087711168615,-0.19157557477932008,0.03399129361881836,0.06002868579708642,-0.10477118859736793,0.43561126237046527,-1.7622397014973044,-0.11855835685359227,-0.5393391906104855,0.012266318561757293,-0.003370256962800265,-0.004734143436030298,0.005325055488319388,-0.06182766096395438,0.18429498562704177,-0.0013452663610183913,0.05585408033717683,0.9769258812797821,0.6860745672973829,0.8129737746042349,0.9283481652813848,0.6024781732231173,0.3041180103794202,0.4427535544150699,0.25237305133056465
worldcover_00052,worldcover_00052,2,0.13966815092413729,0.5705702918948549,0.49684833238522186,0.18840651575363052,-18.790390274203766,4.326730874518074,-12.75638153618698,6.289306889427724,0.061820701431032916,-0.03659605920787846,-0.13832356816246386,0.22323014965606094,1.659807769084507,0.40714055979726144,1.6125875472608104,0.28212899535851216,0.008629820145335945,-0.002729606383290644,0.014468622349557403,-0.004308092742513188,-0.4463383980144455,-0.18121794430298258,-0.39019394733053303,-0.12793443455310324,-0.002523117636693249,0.0006975426968902049,-0.0002370551228523234,-0.0027604742784692864,0.03533032051979751,0.014939903471165805,0.023335509764032803,0.009605371274423277,0.8202157277250439,0.5643349141855978,0.7447213344569299,0.826654883486159,0.8103320127258025,0.26498620833486775,0.81807898884134,0.25817929002703954
worldcover_00053,worldcover_00053,2,0.08174740351596121,0.7076018136559101,0.6620924708743878,0.050122785184420426,-16.856235964546627,3.395862653810357,-12.241874639844353,5.170972626721394,0.278850893013259,-0.22893365354291917,-0.4079345964516191,0.47222840073444483,1.5240520675723503,1.786784068972952,4.2009587697634885,2.147248629233681,-0.05220277354320509,0.061791455252216874,0.10609264390188287,-0.09123658519480123,-0.42193333918927894,-0.6743692638918044,-1.371715899986831,-0.8053192463581272,0.002153172608803836,-0.0057228885289996485,-0.008868407613287353,0.004439961597925473,0.03145906384035312,0.061924373521000595,0.12033166676807243,0.0735775259316877,0.9018038470293605,0.8302421939356202,0.8294741457711269,0.9779394998387395,0.4983435178471026,0.4685759906829281,0.7547475619761741,0.4683397399792236
worldcover_00054,worldcover_00054,2,-0.004643210733595221,0.745193627747621,0.7019747470815957,-0.012316098870624487,-14.151760272957256,9.175764961842486,-4.363766518297428,9.693245792097924,0.22204875531090454,-0.41753552120829274,-0.5601189860867114,0.3698262188311972,0.30998665257264174,-4.0949089204317035,-1.023489632568388,-2.6893002423892733,-0.02914334509682054,0.1199114575853077,0.15347448452597542,-0.05724078027815731,-0.11454789461579241,1.1073728269026044,0.00686504309041188,0.7376204913762183,0.00020185847081152544,-0.010425626855305936,-0.012758234722746729,0.0019103943345588402,0.009155701424474898,-0.07296594885317538,0.01904393550328492,-0.04976545201928558,0.9752205927650219,0.8588678922750754,0.9092627697533977,0.9622706477512672,0.006546063466435159,0.9340009730993882,0.19372141164300216,0.9197345672986603
worldcover_00055,worldcover_00055,2,0.3510879333468103,0.5597632175142115,0.4363781778198299,0.372832820722551,-12.196747088680208,4.506839208402148,-5.577302212029412,6.476133444360878,0.07552526401127538,0.04409043017833951,-0.0025912802370767142,0.11365078448776202,1.497449253677543,-0.3224643536622552,0.5034024248855714,-0.30226544363230873,-0.019641526248192417,-0.022979250008409755,-0.02133941327854676,0.004285704005848317,-0.23195335368687048,-0.08105481395130384,-0.05622630305687437,-0.1368301703662928,0.0014801821817289444,0.002674194598438775,0.003302738371521544,-0.0020693514232683697,0.002478976468236226,0.021885410693821567,-0.0006347948741842864,0.029407003848087636,0.49778507402536787,0.17779814990924458,0.3763215144399493,0.8842054139157052,0.6651254888143674,0.5829789762748858,0.39881049979791083,0.5173760689939149
worldcover_00056,worldcover_00056,2,0.1018413146811251,0.21219327797492274,0.13225458282977304,0.16783927155263506,-28.521841614790894,5.009835760284474,-21.205709155662383,6.93320302370615,0.05907432059106033,-0.11390936398316913,-0.17139816464900562,0.12010115834455623,0.3880051197908595,-1.6166099683216786,-1.7861267461389994,-1.789884383887288,0.010095020857996937,0.059284710724438944,0.06682962241272125,-0.005215556268052057,0.06335970352106979,0.41009531118699477,0.6317457992773544,0.45742236521404406,-0.002515591522917391,-0.006529347557160594,-0.006637527840211987,-0.0012555432440054578,-0.01616846824672354,-0.031354056522643795,-0.06040151021987956,-0.034945293530231465,0.8397808626500299,0.6022184155860214,0.5910676881657853,0.9324558352029167,0.6470782606831113,0.7188369363385541,0.7142516273851925,0.6884262351380132
worldcover_00057,worldcover_00057,2,0.16199750477028127,0.185752533601992,0.03839304946560535,0.27983040159398864,-21.700296649013865,3.2340271757484804,-16.537421983438,4.959515444713453,0.160625258316141,0.06620153282133352,0.04312879853190772,0.12622564073119855,-0.11502084906342584,0.052598859823740705,0.43306381952417483,0.3115850322277704,-0.02793249620055373,-0.0031809829401247096,-0.007434533046179452,0.0018282065337354315,0.19388246143749024,0.07416703732989798,0.036147165345599426,-0.0012874292609684282,0.0006611158387438,-0.0009461260127900866,0.00016079425301421062,-0.002932612191547049,-0.0272475838032988,-0.009904842617252736,-0.013823751393683909,-0.003999369115656948,0.7587969181593226,0.6006845914776291,0.2509607880866759,0.9568054548732267,0.1892948810897881,0.14028935109715923,0.984491249487515,0.15124042911785218
worldcover_00058,worldcover_00058,2,0.36796800055425644,0.5079212328701306,0.36993079113237753,0.30103608378858243,-17.66687293846525,3.2343958459330846,-12.651308404221743,5.094373992547422,-0.018259809800049286,0.020674926539262298,-0.048432046104044904,0.21704830359371913,0.1790436132381188,-0.47252267672317155,-0.19196990475472475,-0.6005579707019474,0.007830815091197815,0.004643993169972325,0.016875518348825887,-0.009545736917943793,0.11133574328695982,0.26680723041672133,0.32997666306207035,0.3231444306047868,-0.0008800379069232541,-0.0011583535057125608,-0.0015451987132881564,-0.002678377911297951,-0.024039743439272128,-0.026208848357012527,-0.04245117243649868,-0.03122527177794268,0.23124258581269408,0.6868997010405631,0.2733141030591,0.9015749272636582,0.45151760851147027,0.7383439116114796,0.626853044399784,0.7697989576138139
worldcover_00059,worldcover_00059,2,0.18718665199919635,0.3547256376707182,0.23524620979459862,0.20979583308552222,-21.162890357030967,4.4723513250224345,-14.907156389830138,6.518363013730429,0.04730951033682045,-0.25052449219520057,-0.25962100357430684,0.14030565475187612,0.5043029299687147,-0.9248543961368374,0.23608479526705617,-0.9853071301870356,0.01998097882357954,0.10739923487881035,0.09280800607732746,0.02013127125186837,-0.18685519954338717,0.3803290192862445,-0.04738841721839686,0.3928446910393608,-0.0037347981031914017,-0.010945133676733634,-0.008753957980632254,-0.005463545445841974,0.01710607767013654,-0.037549042840176135,0.0009276878770141363,-0.038245030931460665,0.9114654584142423,0.6230511962607113,0.5473062087989355,0.9830562528383854,0.09684856535856712,0.5419150028397075,0.12564785063824147,0.5942714088498572
worldcover_00060,worldcover_00060,2,0.28834688816342785,0.506205630573359,0.4480129028811591,0.23500309749083026,-14.397133589951476,3.528281497546429,-9.12407987064017,5.36050187188989,-0.009197144331368277,-0.13523131076778622,-0.23623253144915085,0.10915364845404617,-1.2969258739846117,1.2314324200128144,0.3404506453255459,1.4434946820310328,0.011600209036436092,0.04661314131377564,0.06242950978281683,0.01637993511054402,0.7480939913966159,-0.2533640147827377,0.292851412099893,-0.3337301268774882,-0.0016875335827444531,-0.003967655653303308,-0.004453604909205669,-0.004039354020296909,-0.08478179082663448,0.015483141020956877,-0.047120753558182245,0.02319095006618058,0.8298003530004219,0.7631339358679348,0.9337470513984103,0.8898535954604517,0.932375901817577,0.4463445455251882,0.8223110660544948,0.529087497645659
worldcover_00061,worldcover_00061,2,0.147158259459105,0.46364152747573145,0.3575883932185884,0.08717358213933973,-14.50795233709457,3.121666715629998,-9.799511330382487,4.742431414377503,-0.0171383271297025,-0.3627025135571032,-0.34953462285181747,0.05303221411766573,1.0739131845232657,0.3948924525679017,2.2163113360568634,0.8045206519513988,0.08083069121697392,0.15559298612854666,0.12613992504291707,0.07875382984097379,-0.27070827455284113,0.04982790195439817,-0.4599263801360379,-0.06950696016265664,-0.011241092688850042,-0.015445175157351906,-0.011609451600698503,-0.011998644136268685,0.016670352259751695,-0.013295428230274024,0.023680368575446187,-0.0034000986349021337,0.8494113575188943,0.732012410555593,0.571090469056662,0.9713561704269548,0.530392739855344,0.5573481611152333,0.7361122570269802,0.6439878755151935
worldcover_00062,worldcover_00062,2,0.1240090041074661,0.6631209073644696,0.6093405957023301,0.2156374364188221,-19.334372394063692,4.077666142013699,-13.449558589421262,6.088377473003372,0.10979781150871132,-0.10179457813501397,-0.20623343010684367,0.14601717711914194,1.8822175050622172,-0.5613290429733808,1.2365243054943016,-0.5967018407824526,-0.018933638407054705,-0.013942491408292226,0.0001962751682316734,0.017895191214430256,-0.5106012676590806,0.3924758335075976,-0.07384703290727199,0.3818493609408108,0.0005969353898827236,0.003911245501402642,0.0038177047131789962,-0.005084812076705867,0.038245408445513975,-0.04427945600105486,-0.010304699650715315,-0.04220555327856404,0.7011856691776539,0.7535378653999849,0.8376941840739481,0.8170119399932338,0.6526667152850252,0.37271959398031507,0.7898844623012735,0.39078848323249593
worldcover_00063,worldcover_00063,2,0.1259222014451881,0.6799346073107273,0.5664638858852954,0.22550871561874028,-15.208548123295778,3.89813983425045,-9.42084308529943,5.906933385149766,0.03346997780483456,-0.34983547717805796,-0.4285292478780884,0.191868458120596,0.9335593192950924,-0.27911785892799174,0.3244232157643121,-0.3727195547881134,0.0196230232354744,0.11109901000281928,0.1204589530503076,0.006371452178789904,-0.2608501556900558,0.12369447296003952,0.028688001715557975,0.15641859867261812,-0.003450821563516038,-0.009238795875900912,-0.009114041397667876,-0.003972277722575448,0.017748798692491324,-0.01220000973906239,-0.01117193072451265,-0.01498908088610034,0.8819263664279904,0.6550836192621045,0.7751606393440582,0.9914175242834634,0.40606530534153085,0.07485193757532282,0.3294268420292077,0.08802451235689168
worldcover_00064,worldcover_00064,2,0.04891952168399721,0.8366015436071337,0.7933399799195201,0.09133393249728441,-23.194601937051665,3.2892667063885477,-17.534550758929424,5.002787144985395,0.23248397413964753,-0.15377696485273448,-0.22052922197395905,0.16301070712506793,1.4765557121808792,2.131601456499916,3.9146058924557177,2.4933879155093717,-0.029994788927103857,-0.0038492498975810936,-0.0098415924099099,0.0352085803824908,-0.32608110588207845,-0.8366230793408136,-1.248846947057062,-0.9645714607762562,-0.0003349445741563867,0.003330121964517263,0.005428508093411262,-0.0075452431302630565,0.022903991937944772,0.07841688077942352,0.10292820223484384,0.08999190474886334,0.774169247137285,0.6199387405125166,0.7500304296533964,0.8437674006489798,0.7329016026684496,0.6417761954426295,0.974007804754995,0.6851902095859008
worldcover_00065,worldcover_00065,2,0.27487070528304897,0.5274322976668674,0.4025042169924933,0.38649060238491406,-16.977428220236177,5.0666540333712815,-10.192417409615157,6.705065725680725,0.03729703013367977,-0.09960087447885488,-0.1250244783799323,0.1150469886405124,0.9251902802740537,-0.6160101360556767,0.40676182653229975,-0.027276357603468162,-0.006865736969937741,0.023438772984913446,0.025751098748538308,-0.00859680152558647,0.07538913163829608,-0.07090240188066667,-0.06853004620082064,-0.3286652480994429,0.00030784395376861164,-0.0019377701812320312,-0.001881308420890502,-0.0005570419810035161,-0.030056341739022312,0.021681464410276567,0.0013172941381098381,0.04772086893382958,0.3278059636612928,0.4413463494335774,0.6108783393433568,0.8574529078035065,0.8109180997260302,0.6412123770596807,0.2376994724518139,0.5648176342302247
worldcover_00066,worldcover_00066,2,0.3506237207387913,0.6413740393790329,0.5514559752561824,0.36101387350848235,-23.801130628491745,4.433485844425947,-17.140515332161215,6.4450911122350805,0.019437116695484608,-0.0677268269752697,-0.11590225669363155,0.2152505707409648,1.60671332293081,-0.11496972560559147,1.8066102107467612,-0.12057758884103931,0.0026319077744781185,0.004115748844105337,-0.001011134290592122,-0.02401770244945188,-0.24606051280618985,-0.04983068418890094,-0.4679250116255363,-0.051751272296243815,-0.0008896997569977894,0.0009918209127705632,0.0026652499506570025,-0.0005150596150244037,0.0046884561601204895,0.010206641827866887,0.03149036651536328,0.010639004491021932,0.5073137422756011,0.46287016282801274,0.7494818701788205,0.8186763642436764,0.7857133489707833,0.3278675585629516,0.8234904221570435,0.3241343250663532
worldcover_00067,worldcover_00067,2,0.15058394084402776,0.6439966925165871,0.5736702724896146,0.0907884152098144,-13.000447913534277,6.594048981320092,-6.884625517182649,8.15346596694415,0.1082873576306642,-0.09376371373969455,-0.2029803523217287,0.3690496759400474,1.626117451029793,0.49534842591145656,4.6809650266022595,0.38846514586995895,-0.024240328398482162,-0.021190200855721535,0.0015158596452633016,-0.05414898332321266,-0.46545516809940946,-0.22994981924213245,-1.3081506123721647,-0.18243127326578404,0.0014360332522458995,0.004672640614738362,0.003318038472736417,0.0010099346664818713,0.04108672036897624,0.019885206690741796,0.10021985013738408,0.016255975517090248,0.3638087936522888,0.6382445508896484,0.747006020616036,0.9326072232773075,0.21514885643032167,0.29470198194645525,0.4570491952846445,0.3111083987100385
worldcover_00068,worldcover_00068,2,-0.03189278696829167,0.7993908018776863,0.7682297762596252,-0.05025997125741188,-21.512377378436454,3.0463569697193753,-16.671232402136138,4.854780485143233,0.41174855933719545,-0.03475189894910887,-0.11392260260052224,0.37799410510157766,0.4001324940930359,1.081696327251455,2.1401852293355335,1.2604416835010164,-0.08398726069749667,-0.03929182729034701,-0.04127609971668798,-0.024919984128439016,0.21884768716485492,-0.34387366750232434,-0.4104647090974144,-0.3964232989313142,0.004252135201780252,0.0058909148128345684,0.007743633229925168,-0.0034456950320739996,-0.040820438994569816,0.02771139124685705,0.020119350191940395,0.03172055779377302,0.7441647435024205,0.5983772197759981,0.719854343888666,0.8929462520617719,0.8726741937022837,0.5347296220927984,0.8578162824427426,0.5588954572578199
worldcover_00069,worldcover_00069,2,0.25022374786015267,0.7853960999936769,0.7447635025689099,0.09493262523954552,-13.82425755120306,7.725893396648127,-4.682999807831604,8.780894764628242,0.014424701100445848,-0.10952380311394523,-0.1337442519882374,0.11082480150082798,0.670747393130053,-2.321336240249548,-1.8197225050697883,-1.4356885719983645,0.012603333932749974,-0.014771926422397774,-0.03486921834997274,0.04923528919875354,0.05859249492586745,0.6762891150615987,0.8227704924564889,0.4027324360904182,-0.001757629361067149,0.00422450915129498,0.007480471347919614,-0.008973908168498914,-0.019454130264871538,-0.05528878798458385,-0.08293140655914172,-0.03205615039187769,0.44937686172064617,0.6416995033797557,0.7827626226062451,0.9061524893304542,0.4763221398430739,0.27438947141462267,0.18798333372031284,0.2196796964658959
worldcover_00070,worldcover_00070,2,0.17726538010541562,0.3218585474021504,0.20408582303560124,0.2820571064949032,-15.728657354424248,4.735210733355015,-9.86325106129322,6.666448450624394,0.016147564212978454,-0.005172080818622654,-0.05854059335967844,0.09054613373582361,-0.8131231523861723,0.1673522119803839,0.06701968885197401,0.2010019092274922,0.011573300826599195,0.01934636148797481,0.01809669239244933,0.027788842008227333,0.401600226755169,-0.020047242819670723,0.20170030116378476,-0.03982351003741991,-0.001990418612869589,-0.0021153005837190007,-0.0010563294694881217,-0.005161442690425449,-0.043650301306734786,-0.0013006289596567003,-0.03199763535194749,0.0011223069294988147,0.7313344814973629,0.4748449804641701,0.3166616089287707,0.8982445072195553,0.48843963043049143,0.037642851330729865,0.7986293722014974,0.03563472458229322
worldcover_00071,worldcover_00071,2,0.14362107712412076,0.6469953507184983,0.5324570563706486,0.3047730398900582,-17.708572401514232,5.266238029819146,-11.79295757973375,7.186684796454627,0.13929348428936814,-0.014617152393810635,-0.07446030551005946,0.1944260351241578,2.2106978429902386,-0.5201104586668548,2.0818159561212575,-0.4231898618328451,-0.04449609427332587,-0.018400315017927195,-0.014358865137482075,-0.01242913434773803,-0.33349035069920413,0.11938286661065868,-0.24817286760547216,0.06056338947239622,0.004033950767052201,0.002830685840712648,0.0034052601667365658,-0.0015137166988970134,0.0041169043918468365,-0.006064505152085724,-0.0012794543217548877,3.3883565261454966e-06,0.5424489411919955,0.6010989200934393,0.7054554661504671,0.8970666790276436,0.775478016448024,0.03932337587413548,0.7837419801683808,0.06431538335239606
worldcover_00072,worldcover_00072,2,0.2908948813051502,0.615241474274433,0.48777490222092834,0.3659688595569495,-12.704259494758299,9.231652749279581,-2.335749105003584,9.383866903652992,0.2566643852737545,-0.030482161139685337,-0.09987279666321654,0.23504240645302657,4.026274987771493,-3.5620286129147307,0.8117286794218507,-1.7941327022883478,-0.06974936734459393,-0.006308113244962808,-0.0023465446837535493,-0.022871043065409644,-1.1508404144418798,0.7485641508794686,-0.36079917679925694,0.26410288958625855,0.005624040779349555,0.0019042560397976515,0.0028178093559814116,-0.0013537859976893712,0.09146221774938944,-0.04549734279087931,0.036243013235915805,-0.006901150809561515,0.645755266764108,0.4301234045951594,0.675446185392838,0.9704842231800375,0.6413754435994949,0.6419105802299709,0.3736209284726181,0.5231700942471615
worldcover_00073,worldcover_00073,2,0.2654267172127679,0.6462998372135736,0.5665281044714376,0.17340674138430406,-20.03636801375882,3.3618165551548373,-14.43110872658863,5.26514873984335,0.0472605740237156,-0.0883365713414686,-0.14169257069154362,0.23591695595828308,0.33912723295602076,1.6444138162636959,1.343302038819954,1.6994952685439697,0.016004083109587636,0.027930710609856975,0.025160971367771897,-0.0039229464608353136,0.05768969848265654,-0.5199884644243805,-0.2552361593332893,-0.5280767220815725,-0.0034518301350481007,-0.002488060431046906,-0.0011825279680767334,-0.0033882340849048028,-0.013646154732501213,0.04335381881907502,0.011556527914097977,0.04375133165376359,0.8799878667161476,0.08460374143082794,0.314746256383174,0.9827417847773099,0.6298129142138775,0.6731646385709958,0.8819772919691805,0.7148771237320699
worldcover_00074,worldcover_00074,2,0.1748181041283724,0.6635626671892226,0.5619646613345002,0.33276502155896415,-13.56769120283651,5.436284208639936,-6.167046462557284,7.375761135148727,0.16134953092298826,0.031731210767276634,-0.07012377123511036,0.2667136997694059,0.5444586459165002,0.2637587280851573,1.1433389694125695,0.15063341456810872,-0.043480966195057,-0.04135779430081841,-0.019198512650413446,-0.0439332488811377,0.22181392796975363,-0.2921124809410366,-0.12991611891111618,-0.24190437576876245,0.0031137714188640224,0.005191097957919354,0.00387931291503136,0.001845528456297786,-0.04223384725687819,0.035676703263809,-0.007428115757605637,0.030925195439328187,0.8234837334388199,0.9251297496855769,0.9474096676450592,0.8567411211272629,0.8945795658746281,0.5605876202635263,0.7437079658269135,0.5943356200476901
worldcover_00075,worldcover_00075,2,0.07366964629497696,0.5853814414956356,0.501955337173334,0.10039928013628202,-15.807338634867776,6.539327790230048,-7.552775346758002,8.195702880027099,0.19941893984212664,0.07048781198405019,-0.03462603446170148,0.3605729235070089,2.165189782336065,0.008320393079752467,1.332123869871398,-0.27346935762461927,-0.04498889559175329,-0.06682052519736857,-0.041453859791486095,-0.05801848509223945,-0.6631886147611242,0.02741354223829072,-0.29402497868165245,0.11392207065373919,0.0023576735032642413,0.007500254972414531,0.005648529656805244,0.0021577095895102525,0.05786819661961352,-0.007996360271879261,0.015442390236366173,-0.013850749449378693,0.8688214305252004,0.9307629485078498,0.9256608998162457,0.7459930611337433,0.6703523731139809,0.26826355878662955,0.7165262592805075,0.2926662082035686
worldcover_00076,worldcover_00076,2,0.2666963963942487,0.6462441267389237,0.5148990167812865,0.3537986197254878,-10.992064614626631,3.3294441120369362,-5.544683457737396,5.213003407356033,0.03269570381354834,-0.05206634600957206,-0.11210335933026801,0.22130635853797653,-0.027184285120840257,2.166327247920507,0.6875121277498673,2.0589827360653365,-0.0018696515569539972,0.014107377369166379,0.0181169243150459,-0.03028041192076419,0.06285467629624197,-0.645274451255224,-0.01779381043625365,-0.5938851699484061,-0.00045932391030460853,-0.0008392966154849847,-0.0002987134185704304,0.0009081143170896166,-0.011248970162577367,0.05047400140829568,-0.012416140766999286,0.045606609177748746,0.8325072466174519,0.6852229349866239,0.8735870999082576,0.9210551451320341,0.3307865490823282,0.5417117446718495,0.6807051469479328,0.5536788291573738
worldcover_00077,worldcover_00077,2,0.16368144030702106,0.38371418544909697,0.2774574545804748,0.1551001855369763,-21.38317592389863,3.5547892336824707,-15.109099684067926,5.503812495768067,-0.0036114372185439467,-0.15986209584026767,-0.1662942234145861,-0.025392586335775742,0.050274624907015016,0.30018382161190743,0.09797093721792426,0.2882848832859096,0.008235054042444305,0.024313793349325635,0.016398962260550456,0.05857041028219369,0.009510371802440045,0.07338835218970154,0.14148587204822433,0.08146474783801448,-0.000649331914814657,0.00014515959768265268,0.0012163257066423886,-0.007465909526805675,-0.004781011302388181,-0.013940525862840615,-0.02534482051677791,-0.014684483684328871,0.7814015439177743,0.6324675734312797,0.6828916766085781,0.9810487104844622,0.620933514722523,0.676899229663926,0.7109557565516303,0.655369405280671
worldcover_00078,worldcover_00078,2,0.11719844078125735,0.27880328667886356,0.14750882249438405,0.38098988072438694,-11.283499144109932,4.347775927720496,-4.564985357222412,6.324093231911391,0.11077134279881173,0.13845555507947513,0.06128920589588462,0.2523324549907729,0.09708936971622355,-0.46342612693429236,-0.3991086306608319,-0.37407691892711076,-0.017924062759512253,-0.024706680634063026,-0.0078088382150155455,-0.042328992834338934,0.11984872757896475,0.31502522798605265,0.42331741888678975,0.2771357356052383,0.00019142619977422366,0.0005901369332063056,-0.0005436068109114355,0.0016715131474263783,-0.022895095631237417,-0.03647945888805321,-0.053256978048022194,-0.03291289639007303,0.9324352318359818,0.9530480112624137,0.9264725064684206,0.9587141546144681,0.3390457284333628,0.45196225295008186,0.44519469700764425,0.4629343652091311
worldcover_00079,worldcover_00079,2,0.14037715008967602,-0.08046856375806186,-0.19861651370019584,0.29786073439049027,-17.122904673465154,4.599504829675264,-10.908794051226486,6.32378690457478,0.26495655685514735,0.39238851047342704,0.3014164281388122,0.33249196220958016,-0.260318393974289,-0.904453810315528,-0.621571874992593,-0.5082374495734645,-0.047706057699521846,-0.060135171655968656,-0.04269176249864037,-0.05175368358820543,0.02348329197968075,0.4394629932129007,0.3033354984735618,0.26616608036584793,0.0017122401897954635,0.0017716224785103943,0.0007929900717554648,0.0011182663717655191,-0.0009753808188897216,-0.042340955568987364,-0.031236488793059423,-0.025335010074279466,0.9311510416106188,0.9285277691691265,0.8981676503632515,0.945125311888566,0.4801247154920807,0.2545562702002726,0.1483537173228272,0.2069667652231023
worldcover_00080,worldcover_00080,2,0.31034381905705616,0.7403333710901661,0.7251941168850116,0.04890424950104658,-23.01288309048395,5.94143935905664,-14.74317513377378,7.743564825149587,-0.2527441307443558,-0.14917659020376578,-0.20023459701665816,-0.08883667811159938,1.8350167111671936,-0.8263959610349758,1.0938968295859441,-0.6777297253284827,0.14508927951971826,0.006057469488738394,0.0007615313901529356,0.12044831415339965,-0.2553038416793971,0.2150658198628734,-0.08065281037279519,0.17150245242925216,-0.015998217655632994,0.0018945344996572785,0.003465300087224362,-0.015472434762150343,0.0022817349676718885,-0.01451427688891798,-0.01103111557302612,-0.011143326703284814,0.9328843157880121,0.43404623108527896,0.5961469543079858,0.9944636793120062,0.9681622713489925,0.22410497858137646,0.5351222699658456,0.22783143158272667
worldcover_00081,worldcover_00081,2,0.1897030872232368,0.6466946981169963,0.5064544090718935,0.3463415232571683,-19.29801974693449,4.917008858174059,-13.134999157037582,6.885455815056863,0.14508252085633871,0.016288607366500812,-0.02288204880933964,0.06006965348644925,0.8777374731816113,-1.4807529242989048,-0.3875979626281668,-1.5197857151547425,-0.03563400801142376,-0.03139982446705612,-0.035560833717579336,0.04494728383434782,-0.1095022074894869,0.4561535714857967,0.3890773705682593,0.47420260083863897,0.0023623785181696214,0.004506903916898392,0.006048844242938834,-0.007826962781072854,-0.002427119260791711,-0.03643196024083871,-0.04636061204148371,-0.038034539400289676,0.868905685774442,0.6723451178336578,0.8049476615183755,0.9534831452741119,0.6377118419499851,0.7153715745045537,0.8752502060295307,0.6980013338694699
worldcover_00082,worldcover_00082,2,-0.20181907205167635,0.6849460339907444,0.6763545922709232,-0.01778254849892657,-16.136834713679438,4.32545412551391,-9.219391013900495,6.138042571482862,0.6313145194651432,-0.062295081005210376,-0.19765037933867197,0.4115566979384136,0.2004147250422796,1.6215067016004363,1.1951190118637738,1.977296414493278,-0.14909213118357006,-0.013169367688816769,0.0010588141198542651,-0.05006102504797311,0.08870667246452939,-0.6941511715716494,-0.42942240680653937,-0.8517378203879405,0.009803180337277687,0.0029088629014564233,0.0034448804917058345,-0.000680231291687849,-0.022208760049982703,0.07394796622567575,0.03362424104965483,0.0883505905352619,0.9910595347251141,0.4071355388991482,0.6526058171246312,0.9547447103884306,0.5605471213991033,0.2879082205396162,0.5478457222786144,0.36870646998681533
worldcover_00083,worldcover_00083,2,0.16657189214683077,0.6292521791024641,0.5194882438941433,0.23814712329344243,-14.588779834223038,2.6863172238800486,-10.292761294559082,4.293938244360148,0.028009697940912404,-0.00674469059421923,-0.08594539430406349,0.08577526869281969,0.9859017757595557,0.1443755535244037,0.8443032129014403,0.20077228920174928,0.007276428483173105,-0.027716948098434484,-0.011472803254277185,0.05507491074212164,-0.314527952127365,0.23162773933661368,0.10006020939108291,0.26690233798529084,-0.0015489497453328343,0.004495543512431057,0.0035869580401916715,-0.009781602581944111,0.0208910117747117,-0.03014343437827804,-0.03080893774662429,-0.03725454018671578,0.8712984082876041,0.9913990586768263,0.9511694855335674,0.9425361580069175,0.42821399840141217,0.7988963159227511,0.9066690111203981,0.7852296923284937
worldcover_00084,worldcover_00084,2,0.04891433837742008,0.5611565977786528,0.5114622288101324,0.010955573144284659,-17.490615434246497,2.5029377480163304,-13.309772764372912,4.194524917362127,0.22081694230319812,0.013488419827014,-0.1649485754166983,0.47313257711865503,-0.15626397459306954,1.571843710009055,1.1275155921749886,1.7386207825654083,-0.04999351121778923,-0.05257288127879544,-0.011111390916025825,-0.08595632518202168,0.1526256203717298,-0.4269450035478819,-0.12026862033356304,-0.47452079135583647,0.0027188863037189716,0.0067166718419152,0.004162621136397272,0.004164916529047348,-0.018537994653446317,0.03189202548437123,-0.0036612295029748443,0.03613885154820842,0.659413819516504,0.6853105180536884,0.7783940274491248,0.8011646735502802,0.22544757797726667,0.3271702536490827,0.8848179418611349,0.3828903358573972
worldcover_00085,worldcover_00085,2,0.20355579298269794,0.5147612799297677,0.3967590155926615,0.3024983220931262,-13.347768877676536,4.88747619010862,-4.897109212777723,6.880317157515428,0.048813574659759745,-0.0658198902531273,-0.12703037019523336,0.2790307529152379,1.1868819437627016,-0.19367171315766027,-1.0459585116962364,-0.18690574490032402,0.016407166100087762,0.026176901284234288,0.0307021209752404,-0.046886726568787514,-0.22924455030914292,-0.03467471031548096,0.5190956527916731,-0.040496841962759426,-0.003423634824353868,-0.0025531515629604565,-0.0022020961223828597,0.0022891348209043865,0.010342414722893519,0.011864709561625109,-0.05468184879140092,0.012187112806948506,0.8097022732517657,0.10042157963218457,0.31155357581713883,0.9960768084306777,0.512673345216178,0.35922049386624333,0.4603088009623403,0.3547106442618203
worldcover_00086,worldcover_00086,2,0.15954235532575942,0.4631221497600726,0.309327381126808,0.4822850579565221,-20.200901307316403,4.625852013566299,-13.860150407506513,6.548859556813962,0.0332696900254739,-0.08872393376770467,-0.12385375259651066,0.1385646268488869,0.01174831885806618,0.31617480209991106,1.2580325564603128,0.4235283781969871,-0.0025123724062924677,0.02293978463777732,0.016119080946429973,-0.015587436204606899,0.44821645459931414,-0.16526535188457891,-0.05354868665242446,-0.2346709405427739,-0.00037861612404397997,-0.0015175606716762906,0.00031530646362689936,-0.0005291004223052807,-0.06547843874495102,0.018071561120098563,-0.018568798106300466,0.026151453055898954,0.7675498088301687,0.43503961453961537,0.8165671112109656,0.9177498576087578,0.8061167642851981,0.027656250836263108,0.7342438239807744,0.06980133917203823
worldcover_00087,worldcover_00087,2,0.1434014003502824,0.0020885759908145654,-0.08969710236697448,0.25032012142015264,-15.014238310202803,3.359417075536585,-9.864743316977346,5.233221494410517,0.2504738462163914,0.26211529198501765,0.20456627114779405,0.3367347791199645,-0.5473119082821619,0.10421563318280139,0.11535758678241032,0.165342388384827,-0.04123793973961082,-0.02961103248841313,-0.023159616421182413,-0.05428690237529353,0.18951694689058474,0.07095447912024426,0.0438001415629006,0.06235293571695416,0.0011426920044291479,2.374200884139377e-05,-0.00013348744297870683,0.0015388577800206512,-0.01964486586507442,-0.008442668490924756,-0.007479826280810304,-0.008080687859702135,0.9627586142473097,0.9416333684700171,0.9253307040666475,0.9472382722653796,0.2630394660397014,0.5795523873574848,0.5472157758701941,0.5859110350339511
worldcover_00088,worldcover_00088,2,0.25515585513358224,0.4862506588300065,0.32346424550721103,0.4402780862468656,-15.959939975554724,3.189631596506236,-10.879939204110444,5.141623689308817,0.11846243406179252,-0.02392396129785983,-0.04896180739714952,0.06351799352301515,0.448932653090056,1.016550119816934,0.7304784541050654,0.8669669782887341,-0.006819092434322216,0.028727101428168048,0.028156780609578703,0.02746223584140011,0.0383164718094267,-0.1867811995773031,0.09028548890795024,-0.10961143258751233,-0.0012783831910905012,-0.003479092485374865,-0.003011434705871518,-0.00491683629125055,-0.012092488661392098,0.0038708058398692707,-0.027494594429417357,-0.005207965418708276,0.8621468199300483,0.7596900780790126,0.5457585905692273,0.9362408456365205,0.5893386537268357,0.6188829372722022,0.6557985790515063,0.688571638096688
worldcover_00089,worldcover_00089,2,0.2559289117026411,0.5736279108307577,0.4292498644102699,0.5252122264919854,-11.317685414018465,3.580915224683399,-6.253723325471474,5.29938180211232,0.08007117712914676,-0.03589427660381998,-0.10992152261592077,0.055904777513610365,0.5744984921033452,1.0021352927999863,1.40828521095526,1.2099768759091778,-0.01716947499821164,-0.0053739430326403895,0.010321612852863383,0.016209164868185414,-0.26949935234026945,-0.24567003329767964,-0.3291418145924684,-0.3028314218798752,0.0010145022501048268,0.001566645472940774,0.0007843034285487584,-0.003411367836624676,0.024640984109735763,0.01882749353150441,0.019801893362571654,0.02232566150221026,0.6894528527020121,0.689150417489689,0.872424354810791,0.7881981762380121,0.44547198525668164,0.11589128654575198,0.4498694624273454,0.14612952153455494
worldcover_00090,worldcover_00090,2,0.09809443160411263,0.4713733548467801,0.3764107055736305,0.0967407086581891,-15.070018792277239,8.744326720289191,-2.9777411409245573,9.330126602141698,0.319353110464102,-0.013767610466669118,-0.08783209696412059,0.16694655363994976,2.9972468505172833,1.1001700706594009,0.9356170952098254,0.919728612534752,-0.03801073669451113,0.030790098817833518,0.03829513095899831,0.043020879777220834,-0.6938487907312261,-0.9144451856344068,-0.6152833094968421,-0.6882950622003349,-0.0012231057105029743,-0.004841065165972467,-0.004605641137018344,-0.009220369009658537,0.04569076240608372,0.1059161021011514,0.06576379346833613,0.07835021057429016,0.9208206454472968,0.8521759290085122,0.8255538172127823,0.9727744417935245,0.6662145973898234,0.5467191773292609,0.19805894340796004,0.6328902480335583
worldcover_00091,worldcover_00091,2,0.12081752692531077,0.7555180607420036,0.7682685754967465,0.05781484180779038,-20.592643682950317,5.422201701115596,-13.149611001451019,7.370611509526929,0.03205243830968272,0.13642155863935862,0.08110302402859526,-0.09510996789922664,0.5634599478465603,0.310898333435698,0.4895077570485309,0.09353671665129684,0.014214141944931922,-0.11351550899413733,-0.12910699679866988,0.1258003343445008,0.20250234328954997,-0.31394224420872685,0.1112395880432763,-0.1738146511455924,-0.0025124964604018294,0.013558893869019505,0.01672708784992043,-0.015789178867984283,-0.04168360154695579,0.04048337409380563,-0.02741022488745014,0.02207742621695588,0.6390038473951193,0.9436468583194496,0.9506919674353512,0.9103211522353479,0.9504837301765271,0.6229049565949505,0.9403845980695861,0.5505154964436598
worldcover_00092,worldcover_00092,2,0.013949738707941594,0.6583784434831499,0.6185339164327487,-0.03200935109546669,-19.47580736127246,3.679122264246379,-13.958368793372733,5.659316750995372,0.40909999899888605,-0.17333028536467307,-0.27311519277651614,0.3920386647953396,2.10078875532136,-0.06470742231652708,2.0925169456760786,-0.09485560568127727,-0.08066378893955935,0.02711477549948214,0.036121918126392386,-0.03267694591217985,-0.6259419609656987,-0.047549165393176655,-0.6457683612429043,-0.05868431009237715,0.003500809925342516,-0.001217317852106958,-0.0005138370048518107,-0.0031293293818681093,0.052017099733471274,0.007684402812551809,0.05446009037793563,0.009813240860565507,0.8816047942622522,0.6369037829145653,0.7939013207247979,0.9585150195600859,0.6366189289754609,0.43050646456292974,0.8548593753047,0.4241565241802069
worldcover_00093,worldcover_00093,2,0.1015377945328054,0.027451541726336764,-0.0955681099810381,0.271326861598275,-14.987763635,3.2007039384866585,-9.952461990087519,5.067495082052984,0.3039659831566009,0.34108610105301596,0.2545636200183438,0.2530259594084724,0.3743587871976838,-0.3002308490723698,0.11857862441697536,-0.3761334706701662,-0.029730533050071825,-0.044706655658168566,-0.02865280305313594,-0.005100701858987004,-0.21900218807512334,0.3636439805903154,0.14341121359000553,0.4252353761321839,-0.0015110772235730108,0.0005129702727902895,-0.00037203409304522906,-0.0036844459145960236,0.021681628686215235,-0.04704099200796611,-0.027093326553381675,-0.0548009824632478,0.8936226956036081,0.9328347885592214,0.9296740123456543,0.9079381383553311,0.41144619522180537,0.9056946920080836,0.5287821778594006,0.9090646070607803
worldcover_00094,worldcover_00094,2,0.27907852857392956,0.45513088910868627,0.39866468378088654,0.3600751983396929,-12.32233348217859,7.384279682748631,-4.192174212760132,8.488526209119284,0.007122530098775548,-0.024210850634271714,-0.13286542466708537,0.0775379938265639,-1.1097737546565043,1.7637710151818458,-0.9507912002540837,1.2016139303192244,0.008847559624018947,0.011512753670607659,0.030674190716051788,0.027067587360158952,0.9385623237770496,-1.0389277217504846,0.6919043800196745,-0.7557622772663755,-0.0014453515390400486,-0.0010995841538063054,-0.001752400037014109,-0.005389160128554895,-0.11711232721976908,0.11199042330884453,-0.08429413587754424,0.0836008302371532,0.43373326902173936,0.05081058586010467,0.47007009998152083,0.8793082149853408,0.9430252726025152,0.5007478061893241,0.6879291134390839,0.4948739881913403
worldcover_00095,worldcover_00095,2,0.16963133100266273,0.6394634788686578,0.5345527258786288,0.2327707782387737,-15.769155755673568,3.3680206582958476,-11.022492493807693,5.294570220346482,0.06980898578858302,0.0038095314114810373,-0.11421917296118218,0.34660641050764446,0.6873381479451597,0.4678566942703167,1.3638677887382222,0.5046566972975451,-0.01851182660776328,-0.03156468991464348,-0.0037761030323577513,-0.06290601087468004,0.04909010465014224,-0.2384818653955525,-0.16129092495147102,-0.2683447053184156,0.0013645814889867124,0.0042338792723838736,0.0024540147396049125,0.0030976273119449568,-0.022593234249665434,0.027239793317989605,-0.00197544586791645,0.031005889721395914,0.6707084154282683,0.9237115272080494,0.9305076586780032,0.9325147372526349,0.7289398824024814,0.6342707530745392,0.6866327968723739,0.5706670366389006
worldcover_00096,worldcover_00096,2,0.37213600355029974,0.6651783422990276,0.55968645937515,0.2671223711786844,-14.68122692719455,7.775672002884802,-5.891469976171868,8.899382507175073,0.11079122081793828,-0.0971587279013226,-0.14934850945359196,0.21669976590644768,1.4877204366150805,-2.127206597583331,0.6498585891805106,-1.4346825405634331,-0.030324619407658855,0.008043712867802909,0.002163981349566327,-0.007561722359099993,-0.15351673292171178,0.43654358456561854,-0.09253617966238221,0.2662199416588407,0.0030608560599659942,0.0011259240634513598,0.003002569869612199,-0.0027622492475943114,-0.00522136514656269,-0.026601983685893938,-0.0015744796830120158,-0.014067440106036553,0.7487160496929324,0.582578048224135,0.7838356181557556,0.9456312319707528,0.895880511609262,0.5924645599551219,0.49597030756042415,0.4894554274110009
worldcover_00097,worldcover_00097,2,0.19481519862130883,0.6619749367237091,0.5721140755340457,0.353812857107682,-20.118610272393802,4.227614149906012,-14.106257688390542,6.15097488039691,0.03267007181630421,-0.07126907342010116,-0.14645727686510107,0.06965920565620339,0.4163231178497919,0.044835664461062665,0.4758945326956009,0.006743751238715383,-0.004140802894664415,-0.037197818713528716,-0.024561927986464296,0.01781950045973698,0.21442103470750545,-0.16089138035027092,0.05537125303840037,-0.13650139105963274,-0.00010940644188611962,0.006331280701690252,0.005933850563855636,-0.003699242466627943,-0.041008660152561494,0.025753628361268637,-0.015873458288967468,0.022977469773830677,0.4363092832576497,0.8363807165728991,0.8280388254633358,0.8434396522346991,0.7639876195111891,0.7189737888337298,0.6978467665318939,0.6461453117314682
worldcover_00098,worldcover_00098,2,0.19410837458103206,0.5982136979247583,0.43076854537833803,0.48103780186537476,-11.663357353616574,4.399647906797324,-3.2269928056506942,6.447959207557303,0.0768428171513473,-0.03381040290234595,-0.08081876539758283,0.03653741876284342,0.7907670697317059,1.7927405820173847,-0.1913355522906849,1.5601912562985474,-0.016146740315277356,-0.005980738474951142,0.00029093649609268575,0.028447059583870168,0.05133721371323564,-0.7462153773237552,0.04992457604913673,-0.6804347747861088,0.0009332676245838104,0.0019897074259892854,0.002124213246685082,-0.0048578503456982525,-0.021930703852268092,0.06999673573368817,-0.005746196361105772,0.06525378373727171,0.9408069258740359,0.9040674607277848,0.8961443650747538,0.7868756202840023,0.7919967757617737,0.5813058847885586,0.3312075130319211,0.6083907533972595
worldcover_00099,worldcover_00099,2,0.22112390594816736,0.6679041087627406,0.6166196013941903,0.2655583938414403,-18.584854881755035,4.2048753877282135,-12.013972264253336,6.283851556830433,0.15701794631022978,-0.06417491204208763,-0.1920386355311146,0.31940316757749004,0.6776442932234888,-0.5857849700788856,0.318526506108695,-0.7895363843558874,-0.03419383863279459,0.010431921907833494,0.03459062311169376,-0.05458422653473825,0.0711050901821092,0.13477305047921495,0.10138771396752093,0.18696571914016627,0.00192581974093564,-1.1944108539142629e-05,-0.0012924448408261615,0.0026106978531437747,-0.022585049533361608,-0.007690434810287788,-0.021118712120367072,-0.011089245920378585,0.8979024635150827,0.5874731462651728,0.9024847085295826,0.9292015615737848,0.8811233484496385,0.2698789202436316,0.704906058009203,0.27302231253191067
worldcover_00100,worldcover_00100,2,0.16474058120010177,0.5292544459754761,0.4400644288821643,0.07552300664511533,-17.205049714116733,4.858023750754579,-10.285143409598273,6.8957435289302955,-0.04942703264373869,-0.3384945697727646,-0.3343484998931951,0.024209026661184827,1.970465087693073,-1.0736727070850554,0.7522628616619833,-1.0086908571915538,0.07791220751047202,0.1337112680529101,0.10311550156765666,0.08788659286511916,-0.24778498811317767,0.34276895417605013,0.09358081573188794,0.2701269460601793,-0.010287643674780987,-0.012926812876354549,-0.008727083001473922,-0.012754519742847694,-0.0027644183809776676,-0.030575460880877443,-0.030267425049480188,-0.02148279487762355,0.8269758788685013,0.47046530787679885,0.3709636218013401,0.9707696216638897,0.9201467890752347,0.10917655866531228,0.698034399381304,0.10793763173945203
worldcover_00101,worldcover_00101,2,0.10786816584648473,-0.01692344080374548,-0.11955948004668374,0.18869665536013505,-17.00311632440452,5.1479007674684985,-9.570581395606682,7.1024463961987925,0.06105025030002544,0.1471840347909914,0.1359164805580224,0.09334367135214441,1.238944744457032,-2.313635496830639,-0.589103394584576,-2.0384002120042757,0.002506057596990513,-0.016496476412899922,-0.018097187517396248,-0.00853949656218168,-0.37219058620342554,1.0249317872085664,0.376536530801757,0.8765979131387774,-0.0012828086678827097,0.00040531957362110283,0.0006509777911082619,0.00025440466524375224,0.028571670141645116,-0.1012125721337278,-0.04522939760907036,-0.08542711698386418,0.8962491551336048,0.9795621967726322,0.988534986810871,0.8175689705672864,0.6096905950879168,0.7906477319499763,0.6134935072175046,0.7670820478486123
worldcover_00102,worldcover_00102,2,0.18692524198891455,0.6122803895762472,0.5211881566228288,0.28882523558356593,-14.27580868401828,4.022106185219929,-8.433500652424478,5.961225271969841,0.0877322329535369,0.0009424594186601242,-0.08618407743790794,0.3714070149830404,1.022601170609806,1.1088752316103254,2.0649714922075675,1.0933446862634546,-0.01754280379128652,-0.01344215708635594,-0.003988336207288698,-0.0861485348248378,0.021362613734196366,-0.6065323831161716,-0.4733179234566472,-0.5855218901833504,0.0010504098295266318,0.002232344764651685,0.0024678229984611,0.0060488965475197975,-0.02636008318308604,0.07077934355479384,0.028781905392893607,0.06714812921546869,0.9539595473385507,0.5954745352269408,0.8417821340515043,0.9679278019737568,0.965741378104692,0.7788323346777245,0.7634835522363798,0.746883975117795
worldcover_00103,worldcover_00103,2,0.08684517328896547,-0.08585606312209837,-0.17648603072897867,0.28011206876147887,-9.17353056412973,3.261197586841521,-3.8709381588694334,5.30068774026407,0.14561554811956787,0.36651005993582353,0.2676203201214467,0.2104946394997928,-1.743253988833734,1.867842854129874,-0.24591270228045967,1.6174324598056067,-0.028696780074763426,-0.09555936299538575,-0.07178628275944998,-0.041061990124322614,0.6700360228736977,-0.6712692928375087,0.15246054367459652,-0.5542997380623119,0.0011640564329018087,0.006302831205304216,0.004827974124275368,0.0017925427869112795,-0.06675523315821438,0.06658009949640886,-0.01710547068982414,0.05273484546806888,0.9300569070692212,0.963655854272896,0.9603110883446686,0.8209448129211775,0.4597227608932649,0.5685383615007948,0.5367257163063479,0.4892080595767727
worldcover_00104,worldcover_00104,2,0.2896892256698184,0.7610268177408159,0.6458655941215428,0.24543022206335297,-20.96659912123142,4.73936426277744,-13.043176026146842,6.763387824293632,-0.03261439532048433,-0.14648269235141692,-0.1550251373814212,0.06699608408269478,1.7420770624335564,-0.7243880770624679,-0.44959604964735833,-0.7660448467831757,0.02342477100303167,-0.0028419736208338195,-0.021765472859273265,0.04179215734397168,-0.2209856189500847,0.18026288029237025,0.439669358368459,0.19094448480003604,-0.0029742584932108095,0.003050920562912726,0.006198527874669651,-0.007140684308427749,-0.0016890151529666605,-0.011873658834197744,-0.05602674035321798,-0.012534597858305706,0.9033015493867211,0.7756520454693819,0.8129918768776392,0.892356035217035,0.8670772403632923,0.3183312790170073,0.8870521495243274,0.2982990638063897
worldcover_00105,worldcover_00105,2,0.11296927955676012,0.7067591584090036,0.6886779151179581,0.021507814752332485,-22.139763297695623,4.885856308286079,-15.163856263324382,6.858864486265661,0.0021565894200519576,-0.025753669440747015,-0.09040984428591262,0.08645915115873071,0.6438271927005947,1.8784298457498654,2.358184144364264,1.7356888941145254,0.03271652374311801,-0.04708547564424978,-0.0540525271391971,0.06174917311056856,0.2010769602300066,-0.8480984524469306,-0.573463045824459,-0.8112341945857964,-0.00441885439968672,0.0075605931607159605,0.009697792957527469,-0.010181135977759503,-0.03969819574559189,0.08422809970279005,0.03601095175252478,0.08179763447139521,0.8175282140025182,0.6668667797834666,0.7430276058681536,0.9374100282678967,0.9104111863696103,0.6010138010886842,0.5376492279892495,0.6249942718646573
worldcover_00106,worldcover_00106,2,0.23452906952769287,0.8024239056941233,0.7509539130736477,0.19872216790011493,-17.483745575389303,13.248587720132607,-6.044701195647545,11.08268065063548,0.13334811728285842,-0.11922836753111042,-0.22389315696994888,0.32670861305225374,3.816032452651368,-7.2651674050580155,-1.2054556040434612,-3.403179515442389,-0.025920793340570805,-0.012173142880846406,0.005727315660227241,-0.060764458401378375,-1.08855016698046,1.984010447067012,0.47585020272611767,0.9492182569282791,0.0012076649643810707,0.0029844809511695262,0.0021596500800565217,0.0030904220360697936,0.08450130406059629,-0.15203854773746348,-0.04497110106051426,-0.07290837661161666,0.844077691492767,0.9151066689951172,0.8593505137526527,0.8750158200073785,0.8407056861317017,0.8234740474330983,0.11028851233366588,0.7951971169119696
worldcover_00107,worldcover_00107,2,0.25548228901731823,0.7918343273076144,0.705127767992742,0.2178995166764109,-14.31020488385786,7.498554634768982,-5.712879663838697,8.71423195590461,0.05095813313161166,-0.09972041620621629,-0.1157804457914265,0.06486881583456068,2.5407057201637175,-1.5558618712024253,1.8683683003831115,-0.9467583403148014,0.0019789693481963664,-0.019177734626061968,-0.03751048273144853,0.05541208821844733,-0.49904442183502545,0.39078946140177356,-0.4197332553454164,0.2234802202363681,-0.0014312476755776336,0.004707060378007217,0.007624718840375086,-0.00896707500773246,0.023577514895912522,-0.02618530647724377,0.026033096847264986,-0.013783319407814238,0.5728968316499954,0.7058020838675165,0.7426225997373261,0.8391288228818189,0.7416480791726978,0.36984346528859646,0.564226064960446,0.3371419917284243
worldcover_00108,worldcover_00108,2,0.11307544389078822,0.011154507202181271,-0.08537196367979,0.15744982050223816,-14.036332715267577,3.2040046513053544,-8.898328052916513,5.081813627939159,0.20241776000063105,0.19973085922676856,0.1834415982492145,0.22227720271736817,-0.8510435225345657,0.5774512444816721,-0.6614000726265136,0.30555665267229937,-0.030598077349941976,-0.014986454771259015,-0.022097922484612054,-0.020088597841851,0.1731671968989783,-0.017920057580419414,0.2947176869800422,0.07460303029352298,0.0007115585370118833,-0.0008773665705865196,0.00019850990631513045,-0.0009610199491785138,-0.013661856197572802,-0.006671943049444463,-0.03197213922253494,-0.014115823559497996,0.8853609634922911,0.9213028772286105,0.8847245141627759,0.8792018504259224,0.5375133405821113,0.18488137260462578,0.2090625419170501,0.17328306964600992
worldcover_00109,worldcover_00109,2,0.2986704901924488,0.6355598496668264,0.5822284454197587,0.10359252560319401,-25.115394446293394,5.571262944866682,-18.125558544691398,7.172529413644079,0.1373072590921036,-0.16613758769300266,-0.29629049668945945,0.4530351513789751,0.08289194347245907,1.6519628286851307,1.3745035714345073,1.3155475247032924,-0.033008233441428364,0.030229934850038467,0.0626556719149346,-0.10666335554737015,0.2946298067785264,-0.8689408433959798,-0.38196277749020285,-0.6981965315527503,0.002305146796944301,-0.001251901565778142,-0.0035077286413823746,0.007391269949048444,-0.04430107186679164,0.08751074771200679,0.024447092319938094,0.07088940225445542,0.5195976319366435,0.4575321769076858,0.6554884265376029,0.9903036975834479,0.7147648058025069,0.513625464746459,0.7895642994495738,0.57003282994042
worldcover_00110,worldcover_00110,2,-0.04549627615245374,0.5664828835111672,0.505095670169049,-0.037789800821689354,-14.700512221115954,2.930238784928435,-9.13169093250871,4.655074925273231,0.5088984747986085,-0.16776359152226192,-0.3104051152569428,0.5961517010832059,0.5878916725060404,1.2398030113027858,0.8079161604278492,1.4978163361175603,-0.09764179918303906,0.0626232335223006,0.08897423029381342,-0.1200263316353006,-0.1569445078088021,-0.4966115946891995,-0.39382761627115703,-0.6089154017886043,0.004018759447188007,-0.006425912294423948,-0.0076806236604096915,0.005919745955686769,0.012733690400211389,0.04783902403603099,0.04230185457184751,0.058996441738340046,0.9346968772821452,0.22797675583801547,0.42151916997697625,0.9699703243737071,0.06554071371196746,0.2950256562131006,0.5280201317696769,0.26987699915123553
worldcover_00111,worldcover_00111,2,0.1824287169912908,0.3210143717852498,0.161207251109634,0.5269389053185778,-23.97610336430162,5.600710682669078,-16.52137849603832,7.376786514303299,-0.011338731828661618,-0.1441092713484684,-0.11585562919185188,-0.0024535672532185206,1.2346681125310166,-1.0337559044207445,0.5317868322315986,-0.77322307947611,0.01634556681761915,0.053918001858831915,0.03178342455369111,0.021427411408651422,-0.05214238721716029,0.1849603862146759,0.010199115927613077,0.10697950770646532,-0.0021718138814814324,-0.004600403247156523,-0.0020394886742731645,-0.0025472624434365178,-0.016134922697023737,-0.010482292945318427,-0.015371016844888886,-0.004081209852775561,0.9089272373113877,0.8182601634326145,0.8983557225603647,0.8574820182842792,0.986995950988657,0.8958010907618277,0.8555745754646369,0.8288777891256541
worldcover_00112,worldcover_00112,2,0.07314610455260473,0.6379511844028132,0.6175987205722123,0.017080691389061983,-16.78403685252299,4.119037489748342,-10.478924818576642,6.105724396741451,0.3096651170892558,0.1803355578865315,0.13989325305299005,0.1513377768948443,-0.1859128430100642,1.3827514918567398,0.8542688823051887,1.24612853962775,-0.07130862218898318,-0.09521881900566465,-0.11613525435715492,0.052537928170068866,0.43168170919777593,-0.4606498380720686,0.04412126949802446,-0.4022514900482481,0.004984312811107309,0.010060864867586066,0.013803588132364559,-0.010129893913564053,-0.06317562941378213,0.04433650519280144,-0.024162845206989244,0.03766458363873614,0.49932554843236865,0.46583925825186834,0.7019676910352299,0.8886542701781118,0.8715186343602771,0.8813904495257959,0.8510212494766778,0.8459184711322238
worldcover_00113,worldcover_00113,2,0.12691148245268502,0.11650113671114945,0.02880732976182375,0.21379284763878054,-22.987981613442123,3.813632735974496,-17.063600755420296,5.9620311163069,0.11448649274845699,0.05989987574635995,-0.01658589452216838,0.1649149324567543,-0.04695305007326457,0.5136741015053592,0.2656597307524939,0.02219116695833059,-0.01574293373346813,0.002484620133519676,0.01564771147017484,-0.018855002761145136,0.06058882928779333,-0.03430057794036536,0.08220144866993985,0.11568255534485514,-4.252920376361239e-05,-0.0016449194664906969,-0.0022050980654912027,-0.00039095149347276624,-0.00730157904828018,-0.007276869578421345,-0.019254645620714866,-0.019606575464989017,0.9168557591504173,0.7565683182747422,0.5470743694161074,0.9604951545848069,0.028204759050510786,0.16861117186811636,0.5428270568560559,0.18603674492705402
worldcover_00114,worldcover_00114,2,0.2262307072365364,0.7023527071331486,0.5081079773830641,0.45414051097450825,-13.709913074642898,4.922047977393177,-7.604069157398172,6.900693745758277,0.05931575191932933,-0.058307291969420375,-0.08646377554488537,0.13455688137383723,0.20074521255378322,-0.3752454787480664,1.3751327874660226,-0.2893472294893266,-0.012548212437872935,-0.0005981749270385704,-0.00024666198533343167,-0.0037115914868070844,0.20137525659223268,0.09161681505081742,-0.24545287032344823,0.05263773262995141,0.0005618274132131758,0.0014227950813794398,0.0020377846679302254,-0.0018391448891524052,-0.033376168935159475,-0.005124425234426735,0.008679267532342796,-0.0012905130904819068,0.591674746057682,0.9190496821806355,0.930909114635738,0.8078537478217901,0.5485957418172077,0.10936654408174673,0.7610424623024745,0.11548317775311967
worldcover_00115,worldcover_00115,2,0.3220283430170185,0.7424014093297897,0.5972045976104153,0.6306461032592886,-20.07243078249742,3.7012788046193554,-14.48950712441635,5.602753326747143,0.14365800919477445,-0.022908655660492928,-0.07975066015644666,0.13427051499722487,0.29621575324677457,0.5667489865986878,1.3433598701205989,0.6503028096564105,-0.03477533983563525,-0.002771541153713807,0.009117891778161495,-0.029464433526063864,0.17527663008839725,-0.2179298459061554,-0.19382490373563543,-0.24345599658561393,0.0023590053985297708,0.0010493113235993908,0.0003309501240951861,0.002069444066346292,-0.0299445684887406,0.020660964916727562,0.00488715465600014,0.022951519035130288,0.8211742293972428,0.8424261619987381,0.8906881477915845,0.912316725247124,0.5927853722146458,0.11418312791362517,0.7747510164953045,0.12543246108306016
worldcover_00116,worldcover_00116,2,0.20807192422717935,0.6292076490142127,0.568452695553953,0.24326588168288732,-9.06587766928738,7.82498978926481,0.3733350364962739,8.899309692991649,0.06289345146181015,-0.13364601005164398,-0.2026411239944755,0.2349764051891508,2.661553519662807,-0.6265671685554899,2.095792239732543,-0.698318610263819,-0.011148223443514032,0.017222361518191055,0.012018236279229638,-0.015395023380265112,-0.5138025284198223,-0.5689013608922726,-0.7855520828407513,-0.24458847943695838,0.00047220148312305307,0.0002269915709591864,0.002310440282930023,-0.0021429493120222348,0.01986780252724479,0.10939655671425173,0.0731364885658078,0.05530425195203265,0.4389960970820601,0.4365439745077949,0.7141606743441973,0.8729043587129404,0.8667188876154615,0.877609938078312,0.48471923945120365,0.8576076267856731
worldcover_00117,worldcover_00117,2,0.20120516395339838,0.6995463226780747,0.5621372650970112,0.40004295652562893,-13.450269341408417,4.300863090369587,-7.617588611133099,6.305772256321237,0.05569009177615491,-0.07447791927390628,-0.12083972156757405,0.0953983960170597,0.9725794464919912,-0.019633326803640966,1.2502180634204014,-0.08374462069079666,-0.013031357343998337,-0.0022401925805327723,-0.006195461304930901,0.02140931936698554,-0.19086028664372817,-0.02826664424072002,-0.24762727722991365,-0.003978975934916492,0.0006976145710978438,0.0017946056946359576,0.0032873992441278532,-0.004678274119141123,0.00883190255302527,0.004932467890991956,0.010834968775412136,0.00282734543537375,0.6220008105581984,0.7485414959819077,0.786990529644161,0.8353225403307956,0.6727141198389539,0.05677107925563407,0.8013399295456483,0.06702465788461698
worldcover_00118,worldcover_00118,2,0.1447702823862319,0.5994585364153886,0.46300276504321514,0.337679988507068,-24.96485816851232,3.671760637809948,-19.131354361461053,5.7152765306379,0.11978632342480357,-0.1800632269846066,-0.1954713640143241,0.09956642819775523,1.8590330169673623,-0.0914486251812898,1.1306489947468625,-0.3214678050128234,-0.01555232703214354,0.035574962888961184,0.010216626761989318,0.03973785071790981,-0.30501308725233045,-0.03536619784812512,-0.14905745840453105,-0.006013183937293084,6.691255996894843e-05,-0.0012219389430200179,0.002982700365887131,-0.007686896230837307,0.010624280866348175,0.007114965340561835,-0.0008708972578936151,0.0075683274290260375,0.6292020935665947,0.4652557943871698,0.661381231305429,0.9468721302764302,0.7521556583101768,0.19470891835276938,0.5797839689461965,0.3242569092340566
worldcover_00119,worldcover_00119,2,0.3292888589191921,0.6884603166218963,0.5930679165052645,0.3662428169539478,-12.071728342050553,4.110785055637881,-5.991379861288002,6.239231262786762,0.12295233501470502,0.07609126752331091,-0.0004427600947641921,0.14802988062775355,-0.09776781813058885,5.3448908634362775,2.920242020638088,3.17411666805799,-0.01066315197315857,-0.04031198726587985,-0.03274047752092404,0.0022337264764359837,0.5906366386480635,-2.4333614043268628,-0.6842286038431885,-1.4245375118997583,-0.0009135505158034737,0.004468140728545905,0.004768222946711261,-0.0025630682857349647,-0.08541964436814889,0.26715917154336494,0.04979586040289584,0.1535907152047404,0.8229501070249897,0.40402350740549875,0.5827120694520838,0.882193660391787,0.7796891052127656,0.836908465694185,0.8840077857369547,0.6753365948292476
worldcover_00120,worldcover_00120,2,0.2520055197768785,0.6086084291790467,0.5785981326392198,0.22942994512391765,-12.736779525593095,7.288968829873073,-5.228651463225078,8.51327957754314,0.019319299586647753,-0.13280964477194665,-0.23160355301603433,0.036254330819088965,0.7880196604098345,0.6542424619064315,2.130655992343692,0.4365213651135745,0.013467117633016265,0.03013950683079753,0.03939766544864809,0.05347149370810671,0.1647761226062395,-0.5351214445493788,-0.358672835769597,-0.3683425358904776,-0.002356095968308494,-0.0016768674808319143,-0.0013825432444461688,-0.007481858999741187,-0.04073585332796158,0.05770689016579399,0.007078307023860098,0.040054466261127554,0.5014558062883254,0.23964607078071232,0.5965474863888731,0.9399828961909664,0.5259957287343544,0.4657171396273121,0.3557206937829124,0.48635474760114705
worldcover_00121,worldcover_00121,2,0.2989858361817501,0.637346475413351,0.5445958981008236,0.32150462044007827,-18.35883942557075,3.9636691308220313,-12.25740978192123,5.93741482765908,0.10892057366314144,-0.05589967114584764,-0.12704476690481561,0.17563281846897982,0.6751467239420721,0.5216630915295005,1.2809118083993443,0.5875642681314457,-0.022288737609216767,0.017697878343202227,0.024123460602708664,-0.0006975880561970217,0.06042645968953315,-0.18544147798194563,-0.19833867713804249,-0.2084368619956971,0.0011570719377415111,-0.0012393313826936558,-0.0009507013842312929,-0.0025694241577928615,-0.02256074924064247,0.019995068941269473,0.005286576989287204,0.02193008329758952,0.918631507749519,0.4249350389802785,0.6817360339545178,0.9756474507325672,0.9433898303008049,0.41341003152564604,0.9194738790495619,0.4130124634600627
worldcover_00122,worldcover_00122,2,0.14360887717165358,0.025539073585109724,-0.0672558236189862,0.2565799576766564,-16.704975424677652,4.807653433130295,-10.246355621487991,6.831865047650155,0.3250994248145385,0.2938629359982548,0.2093572668760775,0.25328673694341897,0.7005635342863592,0.052225846745849736,0.9555785803924683,0.009128426254963216,-0.05005713122325464,-0.04210521916967695,-0.02820886357876895,-0.022807546895303774,-0.06569780806773996,-0.09615372992318105,-0.22527527049575488,-0.08274885028949519,0.0008996507014526131,0.0007873015252478078,0.00021250669214158856,-0.0012692209295552181,-0.007013172739942628,0.01154019313814986,0.012065081250287255,0.010508545533332277,0.9686774632501121,0.9613598395055556,0.9662114929453637,0.9883810720962581,0.7565012237746704,0.26923347158841426,0.728928319179847,0.27085338500419254
worldcover_00123,worldcover_00123,2,0.23601380837245742,0.6419719511812386,0.5894063277678055,0.0666086403935247,-19.168928514527426,5.621017381551814,-11.163768102787683,7.523827164695535,0.049918866863088183,-0.030325354209968573,-0.11920837981123801,0.29911830030854697,2.4563201295284744,-1.0660953642915203,1.0937521111472122,-1.1398154505721363,0.0003138246161999894,-0.034062080698095736,-0.02379064392540356,-0.020657222556732344,-0.6142054527609064,0.20173070795910886,-0.3451184752921049,0.2423525977191567,-0.0011189587544076073,0.005590601175120371,0.0058218201603552275,-0.0029922259614022177,0.04250876950219046,-0.009341153749417562,0.026374211994628596,-0.013602930228267775,0.8933425654612518,0.7094447710115609,0.8083957867364833,0.9861104488199984,0.8078323625141368,0.3316011347395974,0.8764102943022225,0.290256752178632
worldcover_00124,worldcover_00124,2,0.10026935956292926,0.5525735129009588,0.4732729986761554,0.07247929105704456,-18.368600222334045,4.208014625343931,-12.196939314590209,6.132237423760592,0.12717819381093734,-0.1054909841881856,-0.16747047477180052,0.28370461840596506,3.3827980171484295,-2.10167622677737,0.6311220254891113,-2.508826975260734,-0.006125249609682676,0.03366940381465016,0.02659294247885289,0.0017701345636988025,-0.9997966500688119,0.6948546661455735,-0.10877240778016727,0.8132107969137045,-0.0016490303507837973,-0.0029319142452394107,-0.0008521666468092898,-0.005318538050609399,0.07566809655429145,-0.056531897921128206,0.0037036644312392025,-0.06543432226769727,0.8948515029234898,0.1688537125009294,0.5815995173750301,0.9295945092688273,0.8263679560416192,0.763256000155545,0.5720514905918649,0.8622475477065498
worldcover_00125,worldcover_00125,2,0.11588611948179756,0.6133023215965784,0.6075343241294214,0.08624406802383476,-14.865860241665354,7.0487973151079455,-6.91348208420313,7.969471117273951,0.0881893250781698,-0.2684071296382515,-0.3894332164588066,0.34051317109593215,1.6465442057592798,-2.437771323996815,0.19938342862445987,-1.5314660222710563,-0.018813827514663987,0.052687215598630634,0.07947380072437209,-0.08466971412430052,-0.5511442075168409,0.8244866393404036,-0.04247296954214962,0.548432779569459,0.000982858253492872,-0.0032657717890811626,-0.005020926473662246,0.006482916404352026,0.050252823602765895,-0.07564573925865686,0.0027911747415728977,-0.05135280959098558,0.9251168867897568,0.8758397839307182,0.9421678462016905,0.9767988141938594,0.6272023167205805,0.2643702000101481,0.01683207040231116,0.17996696701363968
worldcover_00126,worldcover_00126,2,0.17129565671589334,0.589646233753724,0.539475992999293,0.1459739208221438,-19.597561781500826,3.691587593266875,-15.618703644941323,5.651346623142267,0.23438458148103,-0.08756410117660253,-0.22285329955556066,0.37978270578952,0.49621120652603273,0.5615091867438365,2.5000699945731775,0.5828786591707058,-0.05040795166652847,0.025382281833396896,0.049159175018856534,-0.06129068916752209,0.09232260137680351,-0.30682133759441366,-0.615193906326564,-0.3339048100547424,0.0027514162125684095,-0.0027127168846852907,-0.003589004372255972,0.002065862218538906,-0.026279272206154176,0.03442119836433096,0.041002811368015604,0.038164511065116556,0.7680097870641323,0.48459291732750187,0.6400839886898306,0.9856619807542514,0.8272262507194805,0.5637276049796482,0.946540549439279,0.5534707709500112
worldcover_00127,worldcover_00127,2,0.1207805215038654,0.7770529949303835,0.7466149509630426,0.0058477850574435155,-17.698341098779665,7.621866444801218,-9.150129910031124,8.781376254168615,0.1907734857578213,0.021628692213977077,-0.057335330395117644,0.27670866493431356,1.71166822969559,-1.1212870984119307,0.6816715439505883,-0.6759355004047705,-0.030623102861285896,-0.0649483914112113,-0.07129840265749832,0.001442264289760473,0.008927595360837634,0.5194762299194502,0.31546750701354476,0.3019581214308401,0.000606992393559358,0.008382597543073403,0.010997495501104616,-0.005500086987710964,-0.03026980357311048,-0.05764911780396447,-0.05569221662875584,-0.03322741894904055,0.5833362929008788,0.7478481423761416,0.8058001180064055,0.9003526001793352,0.8383826552134238,0.305571282033386,0.636666252769484,0.2906658453423294
worldcover_00128,worldcover_00128,2,0.03533178094009252,0.21474936186815755,0.11593201519413426,0.1094967661933481,-21.062789902391057,3.7567297808461557,-15.375979051035872,5.69997199502745,0.2862616217052656,0.04566620752984086,-0.015098969452083093,0.48388854136306025,-0.797586409413247,1.5062864588638682,0.6572267240218876,1.5513123993096685,-0.07477696827002991,-0.021929759451579208,-0.009542003183250698,-0.1301152085909594,0.2547901702110822,-0.5234113149194654,-0.20877019135486877,-0.5397445130037147,0.005098812483928639,0.0014394921429380018,0.0008945198814299987,0.009104164749985986,-0.021027436733192437,0.04414614719601226,0.015399461781735157,0.04563318380097408,0.87475412271189,0.8187699055944901,0.8146283080151483,0.9856125821214674,0.2129626155107841,0.714370006960803,0.5703285463986193,0.711695261644397
worldcover_00129,worldcover_00129,2,0.15383441347046214,0.7637236569866992,0.6966775163556594,0.2281203735055341,-21.278586177179392,4.352097850434516,-14.067112942391972,6.3520663007400335,0.12875114787576622,-0.05407235996117704,-0.07885291740771405,-0.0007185289074494597,2.4855480316383254,-0.9219490107351767,-0.15212606074373522,-1.01669014885252,-0.015719739946871248,-0.038199550597182566,-0.05536249447694572,0.07756106239376627,-0.644193634038621,0.4170823911356774,0.31966009365720593,0.4401617792451691,-0.00013895051413511647,0.006492301069124784,0.00941915610673451,-0.010811688698301403,0.04494478062149979,-0.040742189337460086,-0.04259558262056537,-0.04208519747382249,0.6594228901061769,0.7315444345902333,0.7870511119509711,0.8605898466304986,0.6905326540811405,0.6253974661215178,0.700789960076863,0.6492919112413384
worldcover_00130,worldcover_00130,2,0.3690763712124069,0.6416925688584645,0.5669114657423711,0.3673000543406518,-13.046551646356443,5.727185203177034,-5.127257975497223,7.598637342145938,0.08590627383449503,-0.056812853212394376,-0.1318817601080923,0.22579347070247371,1.5027427225166414,1.94013757090966,2.315155276758606,1.2915103169685953,-0.017608762861323762,0.006163724121593272,0.012328943358613202,-0.03456318713885874,0.013775511571325769,-0.6601755258078804,-0.2701556172487148,-0.45595669000267575,0.0009741623448691667,0.0008283795581923607,0.001258906691965442,0.001243167603858787,-0.024980514539573114,0.053332415673309534,-0.006815496416052125,0.03758580176229673,0.8623566123482347,0.8260714697986956,0.9067231825725888,0.9924791719864348,0.7619233380590211,0.4295696248218741,0.920508783940041,0.40753896056504846
worldcover_00131,worldcover_00131,2,0.21729469331643067,0.39644867091467834,0.20530341926849238,0.5267644470388237,-21.69864259356105,5.768520436485807,-13.991144467530894,7.574092298097182,0.05117439530822103,-0.03999436469305094,-0.007315689904822287,0.06081617469825465,0.873857235372909,-0.43640407601841813,-0.6679095145438676,-0.3000068291419545,-0.0008943512384205949,0.027617530615040634,0.006402254878700566,0.014009927258346952,-0.1962166053646352,0.10429758201671747,0.29326186679508914,0.05577428055028331,-0.0006919308042279502,-0.0028166366797504902,-0.00030663921827017823,-0.0027835692721183817,0.01208333632630816,-0.008272013360983207,-0.02911402164240853,-0.003686674792273626,0.8153521337932375,0.9296989695542722,0.8131223393108676,0.9599152762824152,0.4042632565047265,0.20687583027244139,0.35512998017360065,0.2245693893629418
worldcover_00132,worldcover_00132,2,0.11181294775486449,0.585453008611997,0.5477596087889238,0.021956960868203045,-21.750621148789786,4.567874306187976,-15.652209176897422,6.681312650964433,0.14121457045803934,-0.048473079348841125,-0.15004362384714842,0.19733989754662198,1.0304087525410117,-0.5081265692794705,0.8007442719504819,-1.1295625184052074,-0.018645718900740644,-0.031820882289182395,-0.017055063439911883,0.020013871800267206,0.017106751957717,0.1593064169821763,0.11767025557588445,0.35746278859326963,7.378210516691705e-05,0.005670239941941355,0.005311330799201505,-0.0063737441663338605,-0.024347649005298233,-0.008338824321088815,-0.029300529661396707,-0.025082452305083266,0.8659594608961687,0.5959795883999239,0.683284975727315,0.8896462921019369,0.8050776452162363,0.37230732505639896,0.8905220062070405,0.5029136817597011
worldcover_00133,worldcover_00133,2,0.15432221650150507,0.5943099156473625,0.5866094412225664,0.11559142736774611,-20.481885813314538,4.64082169956141,-14.445893888116883,6.650453228150094,0.13711234284240317,0.0195594263218694,-0.17409278251348995,0.49404534715272036,1.7641160038766242,-0.8977002940874123,1.6480249998133571,-0.9076716059716455,-0.03631862071594264,-0.042744419855988806,0.004351678848653673,-0.11328028571425043,-0.4628201568195278,0.1961666987457021,-0.45080039193567545,0.18514659167876132,0.002926569699170945,0.006032766492077793,0.0027636845379766795,0.008054129892226407,0.03409328108218824,-0.013540523581707648,0.03291586239325751,-0.012084991809280738,0.9573634705988202,0.8347731926552979,0.9189360131840273,0.9823418541557384,0.8280409674399096,0.767528261397792,0.7790880515426796,0.7167033834654623
worldcover_00134,worldcover_00134,2,-0.22645452481231307,0.5024026929203306,0.46639095529010777,-0.09679523291009721,-24.72076191631217,3.7590897158693117,-18.56174211141813,5.599478545983851,0.6298501137196475,-0.09964548388407388,-0.24009650805225938,0.5875974004822108,3.1336043617214884,-0.6991424819301738,2.6026284797359724,-0.702552401548238,-0.14506790052215676,0.021655681141898298,0.049993599371912174,-0.10904093435864659,-0.6397017223680925,0.3099867698849265,-0.43558257554846946,0.327520458008922,0.008669903912882141,-0.0021655755823083195,-0.003667953729892936,0.004036824642257235,0.03191842039911707,-0.025628800244596663,0.017142883498162655,-0.02830287519644631,0.9411925497700083,0.22736216029220546,0.3762037437459699,0.9495262502816966,0.5466332212195713,0.6275609406397268,0.7222842704570247,0.6073604009650113
worldcover_00135,worldcover_00135,2,0.055657873375627887,0.5480227064002626,0.5125878674514351,0.033827615788941036,-16.66746124346158,3.6482229156486943,-11.453388322351433,5.679043752069041,0.2654050897270814,-0.3692397793074915,-0.4707550788741724,0.42917154979197203,-0.3050249240272805,0.5052880124671808,0.8698034682899353,0.36582941797565555,-0.04076061359757952,0.1266065163021802,0.14142280865412235,-0.06626309758431194,-0.03863278351831906,-0.13442763455359488,-0.333522084516621,-0.08136229338894452,0.0010375677202837674,-0.011336460756608336,-0.011810466477816748,0.002051261855722065,0.0053937728235944876,0.013789841214060301,0.029468311284020342,0.00862357976848489,0.8830403998435817,0.302078621569704,0.484757814043808,0.9855677108136556,0.6471251763944054,0.36265992773667144,0.19705690097378414,0.3472688689726997
worldcover_00136,worldcover_00136,2,0.1809955020878836,0.5103133849122301,0.41823069028782084,0.36895474249666343,-19.323750409391973,5.972155082722352,-11.404518919641614,7.72913637827211,0.019153939222158817,-0.13830915530995658,-0.17147429163257255,0.0498277090844659,1.7929182566419306,-1.4941326456359905,0.3850280841776179,-1.1961858132200283,0.009053401080447403,0.041295163301162244,0.0332851541668047,0.037327206108993136,-0.11284244993425581,0.14501231754985103,-0.056577776100411356,0.025893838712225222,-0.001710252381860315,-0.003173850777775339,-0.001635781969084878,-0.005804509827584923,-0.019017745436827216,0.006791993250580089,-0.00044605241920173225,0.018003990165240458,0.7938829600095954,0.3682501272426979,0.5662931403343624,0.9179798501681584,0.8969331653766944,0.8887521794388256,0.4784936651803249,0.847751592974101
worldcover_00137,worldcover_00137,2,0.22014463506339482,0.5472559517983231,0.49651786278594556,0.484055463111762,-9.13123071354433,7.371796640058507,-0.8033957512007989,8.727483570448568,0.08100384375519447,-0.07178201029698043,-0.20828387886285737,0.1347000237022126,-0.005874340145280555,2.281024760600948,0.7276049736108413,0.7817074635412768,-0.017225781800065097,0.011225565622895289,0.04351976550954233,-0.026175041219372763,0.23720442365698355,-1.3004179680334778,-0.15565092176474252,-0.5057995578628618,0.0009837249132978666,-0.00014310104377341802,-0.0024104112702788625,0.001616251739588651,-0.03307787939681361,0.1536256495877136,0.012219188537587421,0.05983114069584491,0.8666232353777039,0.7779711165492869,0.9295711618895912,0.9943515276323656,0.6921614575630614,0.7645761667647447,0.7219234158553396,0.5150483497065806
worldcover_00138,worldcover_00138,2,0.09992680679479793,0.7057324259570152,0.6684848535241503,0.02124154505630291,-22.96596703210228,4.371077093696095,-16.06474031296839,6.3830369485704574,-0.0005116229361212341,0.014035112564525668,0.008299955595579625,-0.05930292805183612,2.7941089168530078,-0.6779709102501631,1.7619526925734832,-0.6958031275163769,0.05662780937685486,-0.05244923824871776,-0.08085249006361139,0.12338637843328899,-0.6055989354373933,0.24504500372668317,-0.2606162824065676,0.24746444879595952,-0.007749629938513209,0.007032745564826818,0.011203918907076414,-0.016276770866372508,0.0364981902085258,-0.023048005196756313,0.006190680236211206,-0.023113742993953763,0.7680461061940163,0.8089437125122285,0.8532277832611624,0.90810872321767,0.921234944158171,0.18096186309530382,0.8546513401714634,0.15543372975575132
worldcover_00139,worldcover_00139,2,0.2186266966249623,0.7672435975436007,0.6651475659825582,0.23019417307593582,-20.177742854738995,3.84675070051967,-13.561955180300544,5.900380816443935,0.049244991356620915,-0.09798675834659551,-0.16712711633197833,0.1749087531888297,0.6408877835258677,0.6450930933019805,0.5479172134846164,0.5795621331848518,-0.003334245545993364,-0.022676660126937965,-0.012806370177052325,-0.0007898377907740698,-0.001505920033530987,-0.2872838781971731,-0.08866310495717615,-0.30698368794856223,-0.0003896721195687311,0.0050534471267401635,0.004962896834118209,-0.0028234800003995833,-0.013189816462287035,0.03167555952555573,0.0018314072370054233,0.03587696331558245,0.667348156026855,0.8379407692042353,0.8197325039864566,0.8736067534051285,0.6300571079227679,0.23105010049172214,0.6547326361166947,0.29743815175423705
worldcover_00140,worldcover_00140,2,0.1464137334934016,0.30581740267348945,0.15843630850202178,0.20743243599479855,-16.720680543747456,4.151720461285131,-10.97523821136158,5.809534450294554,0.06044487030736333,-0.18345238362985897,-0.1871999310410858,0.1649623142466656,0.5119191470283276,3.4180875118729794,2.0108734414151255,1.735467911578994,0.0076313780082285535,0.08414431248521387,0.07838797895036212,-0.01769665319037121,-0.0824781654126672,-1.6006342673610494,-0.6160203606719331,-0.6542783523966668,-0.002222449715599432,-0.009008621213713078,-0.008173557198277176,-0.0005008699090191865,0.002273023208125062,0.18779236526495016,0.05932289273345973,0.06928789891193576,0.8537869391597759,0.634483247427269,0.6240686328776996,0.8796776697829207,0.07815462455820943,0.8103099855257603,0.813358807503896,0.40119605738856434
worldcover_00141,worldcover_00141,2,0.26495345647021346,0.7084438809842771,0.6436286699591253,0.16781743006272723,-20.712810380470344,6.2684450326735695,-13.902089663277394,8.04258357765565,0.010592011512626077,-0.11833806844457731,-0.20277095408666632,0.13523525638239725,1.1117093639766908,-1.7508354934983663,1.2419288528945234,-1.5447210574529868,0.007373227221771752,0.015185155167982101,0.024239957655146825,0.014419368625461343,0.047449684128411815,0.4325092349951757,-0.12074008023602104,0.36973498111457076,-0.0010568150699426593,0.0003760508214584603,0.00047586000326909955,-0.0035356777635487746,-0.02694799450331135,-0.031621164922842455,-0.006022857908994233,-0.026068833127722308,0.6292105054521536,0.48510068844555065,0.6573721097182679,0.9356871750264982,0.962578723397975,0.5513776583674911,0.746469999925593,0.49189336460822497
worldcover_00142,worldcover_00142,2,0.1136979186290602,0.17363559477256954,0.03870726817033494,0.10988671310020269,-23.206477155131097,4.993302876768397,-16.10467653338698,6.935191899578786,0.13493314612704563,0.026323709932584843,-0.02053737633728541,0.3218971020172509,0.5180375040751014,0.04050970562783627,-0.05615963479678417,-0.03375433934482369,0.0051822843163217515,0.03248361618262087,0.032706993688462374,-0.04198564221332592,0.03194826075100078,-0.11162312998368074,0.13117634519882135,-0.10049029458358465,-0.003422339224396924,-0.00551914523421514,-0.004762578487509131,0.0006104074042252718,-0.016033172296738597,0.013967852162704672,-0.01902674483209636,0.013993480814474551,0.837307350360274,0.7575671713028966,0.633693299902782,0.8965657078738615,0.5601322834584801,0.11468492016746423,0.5057109581694049,0.15557708515622204
worldcover_00143,worldcover_00143,2,0.1765590336870754,0.3052078377116811,0.13247990845279298,0.6355653224569361,-17.764352156338283,5.978463775183356,-9.885199405708326,7.735683756020955,0.03367997446881143,0.007502765291266526,0.028306050810016064,-0.2206999406455042,1.8252576269079315,-1.5139957977125786,0.1413593280024432,-1.5382005213531083,0.009516367302151689,-0.010849090752663432,-0.03089832765296145,0.10897853015821188,-0.36413728052211064,0.6086744621180079,0.22056709019798265,0.611765273288687,-0.0019784193267440926,0.0022159440800396993,0.004789127380295518,-0.011867209967940726,0.017477762090419402,-0.0629616562497636,-0.036395554429009644,-0.062018021152377124,0.7815464962904463,0.5507875632647673,0.6851748560219181,0.893485673006367,0.8859249448368324,0.29104538046068895,0.5470631400768831,0.33280627034183163
worldcover_00144,worldcover_00144,2,0.09962824602761271,-0.007651976648379202,-0.1172381661493667,0.27607343458768113,-16.217470632416166,4.351526178982232,-9.915656789875552,6.298209714244384,0.15643987888159097,0.1996509888771149,0.15690014217906262,0.1531481877678915,-0.7694681964422756,0.2608338825942266,-0.2274595708498335,0.43895538753196756,-0.024741916209340537,-0.03119994986608808,-0.030614633939644136,-0.017222315008506055,0.582174798440877,-0.3559432456691383,0.030664417675415723,-0.46920019304784844,0.00045196785359394976,0.0005480822956546918,0.0012265363040220184,-0.0004178759726611125,-0.06877555361338122,0.04683448003654417,7.371890909467129e-05,0.05916586220250575,0.8517601372927578,0.9109312630070112,0.8595258341494875,0.892979174374916,0.5972559494463099,0.660068849617127,0.08682610152901316,0.6352314295175241
worldcover_00145,worldcover_00145,2,0.16870129200841766,0.5340075813459625,0.47374355928464373,0.09684662836970744,-22.806194318728632,4.228694443931784,-16.065537598669373,6.236821770188514,0.08396064857928397,-0.009084012181985821,-0.08816291110974452,0.25674209613648624,0.24993501145875024,-0.21939074015222185,0.39895300360736174,-0.16630860377776402,-0.0011640188124323206,-0.0123453866287228,-0.00478641021174275,-0.027529246073006414,0.2265633474471353,0.06021943440295066,0.1268041338866305,0.026090554378096927,-0.0015849926366112077,0.0016197160337910583,0.0018347468829215243,-5.56754042405081e-06,-0.03499055382576314,-0.004772412414597563,-0.027290918456696657,-0.0009825025014274821,0.7556917485338035,0.26822039857968183,0.5980465283861938,0.8766160312764167,0.7172253427973613,0.013665815646167756,0.6208468363358328,0.02039002723023775
worldcover_00146,worldcover_00146,2,0.1429793379628493,0.6028509898619219,0.5022197645722015,0.3168437571236578,-15.927386325764148,4.357071624860367,-9.611873887911102,6.368954477443944,0.25091973981142734,0.030611962671317598,-0.007505504739663412,0.117436282218449,0.6891151265832499,2.062700130151629,1.870733288632941,1.732676664417419,-0.04960104411094302,-0.027421521708304742,-0.03755948358735471,0.02859841658052422,0.022607412462593086,-0.8115283175477971,-0.4301415788191826,-0.6944810795816664,0.001875005323997848,0.003440093060936593,0.00564130820860766,-0.006150246644862973,-0.012755142603971054,0.07365111732837502,0.02603656521235781,0.06354256650206906,0.8359197079044345,0.5347878820758205,0.7746927793966063,0.8501631272849163,0.7111466708133352,0.641463054543495,0.7651843380735356,0.6168658635088364
worldcover_00147,worldcover_00147,2,0.22292232022990285,0.6466027213768528,0.5548880416335481,0.3145273047866243,-20.06703626923632,3.4252943589894147,-14.84561918964754,5.37833020625704,0.03881276874436728,-0.09784996592336244,-0.16763074356057342,0.23538844547574464,-0.7978748963188432,1.5041197864902636,0.9672078415433633,1.412844781857074,-0.008019295696758353,-0.01617592792490348,-0.007349019305724129,-0.047872578781662546,0.5998227019935692,-0.5157054144919131,-0.02413242011082384,-0.4836715848925029,0.0003604621690302619,0.004359998862550724,0.00444492727819116,0.0030734070172213535,-0.07454590691893562,0.048932273833753454,-0.016202470260617392,0.04585602666349173,0.6809974208378211,0.8480336190739078,0.8865894744291687,0.9442739169613186,0.7467027279749815,0.8526869308666816,0.8484465141515269,0.8762905940290744
worldcover_00148,worldcover_00148,2,0.10803286558630897,0.5991173377542784,0.5612823838988936,0.11274813905809841,-17.958034501949605,5.491064778501087,-10.686793151310347,7.207028386629338,0.11334018642726178,-0.13092564874225202,-0.2052031493937922,0.21871037810804356,1.5339153024110401,-0.5412154473870877,1.2857001778661001,0.15208987879478214,-0.00024761771944523656,0.022539549446725263,0.014038446581079847,0.019981051936294097,-0.4319072639956579,0.26167858108111897,-0.30647137728334944,-0.035024621410321026,-0.0020934100820831675,-0.00043484914784480027,0.0021021031878060777,-0.006459386323136515,0.03314921859417636,-0.02417160910970854,0.020396314542626682,0.002939537382381771,0.8122470252509816,0.39344128319823013,0.6784229943304798,0.9276274237731507,0.7338205762289853,0.24017094908490855,0.6375987474140936,0.07643768719735444
worldcover_00149,worldcover_00149,2,0.15298133664345884,0.4279196144956522,0.3921083857615775,0.06877918868805451,-15.5556341219689,3.5105244513995584,-10.507649795086257,5.397812588048829,0.22763791129470523,-0.10478885767478732,-0.29056522214696434,0.4120497958113747,1.11320482025227,-0.23947649949719244,0.8569998756709364,-0.2317160092882615,-0.010269954903531399,0.08087105637827466,0.12133495154834917,-0.04295682899041084,-0.4430894075250354,0.3606693772403789,0.0082988803494898,0.3709620620393992,-0.002908451226421524,-0.00939840729338954,-0.012071408331394194,-0.0011735077044277569,0.04230461404445816,-0.04704107202553889,-0.01676382072574255,-0.04877214049742733,0.8801331468444082,0.4415101399679703,0.34375576903288274,0.9442020940198744,0.4314302629759025,0.7374968637262072,0.9397288482409005,0.7420067953967971
worldcover_00150,worldcover_00150,3,0.07640916968387645,-0.0011993070559894068,-0.060151333948880115,0.10259205972154867,-20.20817769109695,13.030562605305343,-9.427984579634318,11.203575591374518,-0.09327826386542407,-0.1659059837790353,-0.12341949858126114,-0.09483260563796407,-1.481392156520397,-3.5464945783328536,-2.7130642751784,-1.5033756600603185,0.07602687823025381,0.11303476870359301,0.08667813668841907,0.07743096014573449,0.8970230015633407,0.5301496639720487,0.933585373125285,0.16967830572291373,-0.008576103790578613,-0.012158988344405455,-0.009620336872158618,-0.008545342211922003,-0.09009546189412349,-0.026939891934687835,-0.07981457858178204,-0.006065202183645056,0.9657274583160866,0.9653673527984737,0.9679508079434043,0.9674591504042229,0.6955838085500315,0.9312973188981717,0.34418333173061266,0.9194321273314635
worldcover_00151,worldcover_00151,3,0.06164516339003851,-0.017249831061980126,-0.09930010650758547,0.09778541473276635,-20.395025898251575,7.1131616817346375,-12.924616366180349,8.568399584973534,0.025142079199652004,-0.06156338565236265,-0.015978929289202328,-0.007347409894304851,-0.4755386293858538,-0.038892737861159536,0.8370708307051462,-0.06849161555533746,0.051679875173312004,0.09564430065134535,0.05970144047083336,0.08377520869046566,0.4174331070310826,-0.30145936403372486,-0.21447858351756013,-0.23332842736424714,-0.007720239777553645,-0.012148212057049147,-0.008187892650385773,-0.011461585515526807,-0.04483079667975149,0.03961598446747584,0.01774799661173112,0.03170362148718139,0.959033279296292,0.9518606807676486,0.9698007813704358,0.9715010969436852,0.5256121428324425,0.5794980373148431,0.2899827903992471,0.5823455721328235
worldcover_00152,worldcover_00152,3,0.044920441898646364,0.004221863593116076,-0.0846410611305722,0.07427543988733633,-23.42666295922595,26.495662228472764,-8.401735275773756,14.551634344497225,0.22971783279588467,0.15792006199499423,0.13389433319458624,0.28881638290153544,3.496332560188845,-16.20449811912083,-1.7661008413604442,-4.870284797190591,-0.05600134223941351,-0.01888464398690175,-0.016976133771079368,-0.07642770007059158,-0.7109425697354943,3.870746203084477,0.44306578286944376,1.0646136580417995,0.003441561902498304,-0.0004105639568708816,-0.0002734539042593929,0.005277756752088806,0.04302850872082613,-0.27061505536880903,-0.027599104158877428,-0.06504369940508029,0.5910518343702199,0.6782147470420624,0.6388449557453486,0.5981537743596902,0.9036282796263437,0.9195886974458536,0.6230473423334515,0.78755001962915
worldcover_00153,worldcover_00153,3,-0.021327689366718243,0.584287555831849,0.5905848624128256,0.004159889282714007,-20.271635419020466,8.52092734187244,-14.330772393598357,9.28343627998753,-0.1153798103919718,-0.9128760585472664,-0.9283480057640656,-0.07189382715815837,-5.811245803705136,4.122277104286974,-0.11859716071751741,2.0794742729613627,0.15075900305110884,0.37467409886451974,0.3606993397818752,0.13375006559470176,3.0467384434202436,-2.1850461242749475,0.6761018910362248,-1.3232403284563707,-0.018940359558107394,-0.03609501954280966,-0.03415830753216837,-0.017223193811139823,-0.3014750034144575,0.21727496446995645,-0.07701734811802916,0.1380238859355287,0.9575852588376236,0.8453345897215974,0.8477402711096835,0.9678935868410503,0.9722897416311334,0.7681177161421452,0.921593537059709,0.8494919436196692
worldcover_00154,worldcover_00154,3,-0.13745022544060137,0.6050403123213473,0.6285878348192465,-0.05180619490530354,-26.717159197118175,4.670710180474733,-20.99226357486335,6.683787522399523,0.4630405694891854,-0.34437677466000033,-0.5290615532754183,0.531716380852259,5.284882993893502,1.1701958991826398,6.3230844725751325,0.6959325137057869,-0.11947076566225155,0.08969075035190924,0.13512655127454862,-0.12533214681447183,-1.1995877446508054,-0.788759711408492,-1.8178140205646212,-0.5778189007348088,0.008386432897139352,-0.00824115370315583,-0.011250031030163005,0.00794460952300765,0.07022425940862914,0.09861990322030058,0.14724676144616694,0.07538711365711166,0.9061797460624552,0.5840893718881413,0.6847734843931983,0.9213131344806104,0.7608782777328882,0.8262546297331524,0.8010723691048199,0.7897414820266919
worldcover_00155,worldcover_00155,3,0.0829616071943565,0.013149164814614393,-0.08184056841965902,0.11751200687704529,-19.661464925784333,11.360555784519526,-9.519985773366288,10.607285741490571,-0.045753578093384775,-0.02145481848856371,0.0228444046178275,-0.09751483839419064,-2.781426783385126,0.5337136283133007,-2.487462537302065,-0.014670221892840628,0.07834247266136779,0.06963401793306218,0.04053015470528943,0.11261113860454887,1.3167606764376318,-1.3746756979306658,0.649994754153625,-0.6916858704637272,-0.010135519306254748,-0.008996314080749544,-0.005975621164484757,-0.013925676243473769,-0.13391604165934926,0.18814409064089146,-0.04433191953616015,0.10042462680407936,0.9668296048124162,0.9156135680326889,0.9125126716498416,0.9405716920115474,0.5233919191121985,0.7849549453460832,0.748302685656322,0.8781159471638916
worldcover_00156,worldcover_00156,3,0.022486219119202563,0.045408008902362094,-0.008291935604629826,0.018178810788828274,-26.629551659667182,11.2039388380598,-15.769189570498245,10.782551719876555,0.43684363420952727,0.19871892386840406,0.18122812134346733,0.5593964231924866,6.129042728274241,-4.880739805523005,1.961773689801331,-3.6555460918889415,-0.08844047054456501,-0.007441997112810962,-0.020291526769630388,-0.12466095518562674,-1.3165036864837867,0.9332920590525249,-0.43243085216483323,0.7323334685670524,0.004290317092594317,-0.003001967604940003,-0.0010544969276948583,0.007381859357760389,0.07126157415863364,-0.04870631335962204,0.020981676186179767,-0.03885532631277848,0.8729948724328727,0.6675697795012518,0.6187101745420042,0.8666692728615482,0.7766646394681265,0.7758365656457696,0.3959135221593898,0.6616747361935332
worldcover_00157,worldcover_00157,3,0.030014120892790694,0.41725138766747455,0.38347256431976795,0.02057258254199388,-24.89381158169248,13.099994413585138,-13.694828060568652,11.386086021468667,0.20789288501635675,-0.40543239205218184,-0.4372844569503305,0.32023360453072924,-0.5067065006304333,-2.9100704869449276,-2.128664497010009,-1.6635016146216377,-0.042702482320650666,0.13591189430905615,0.1302935649153021,-0.06348859534893182,0.9938789694360082,-0.13547501567264614,0.824678591667219,-0.07102557149092002,0.0020437748819043815,-0.012850270131508811,-0.011499292631116171,0.002977009392296412,-0.1405521984060526,0.07840221036058286,-0.0777887021196834,0.044245729614661555,0.9269131259686813,0.5713544271693963,0.67289899168366,0.951179871197259,0.5921359157460806,0.7777200155080362,0.09809455897695307,0.7781981588775286
worldcover_00158,worldcover_00158,3,-0.023992285545193934,0.624230329652851,0.625317512588065,0.0036744619437460812,-22.297141055247984,5.020861526185195,-15.696608096629616,7.261074725217622,0.002548393748665313,-0.7870196998156292,-0.798174507590748,-0.045162961947628234,-1.2103794363470288,6.74630324528499,2.0081145335595876,3.6047349023726025,0.06308977815057266,0.2901428487067194,0.271891876986629,0.09862897540059648,1.0541173084215494,-2.8743798585747626,-0.24791738575578168,-1.6251265554853738,-0.008898263143936951,-0.0276037564411797,-0.02493125295285322,-0.012955016073196993,-0.12279487316073415,0.2934949284692537,0.008295077907106225,0.16972787627699484,0.7156662810893223,0.665224925981472,0.7376852449022719,0.6853154917289979,0.6140380000917101,0.7065705379605896,0.8240491286936269,0.6963511392255038
worldcover_00159,worldcover_00159,3,0.10884297937355711,0.04734060935901755,-0.0640700724201686,0.15532458099451854,-24.05930349270797,11.914404056689573,-12.80472388834796,10.914517171120378,-0.1692662041965816,-0.2337694473948966,-0.1361423415826653,-0.2569346135807399,-0.5072129932988886,-0.9317853075692465,-1.75811978777132,-1.103576130985229,0.14065356007220295,0.17736945953623276,0.12224299283657863,0.1896450759528516,0.7994671188573204,-0.6655162571929534,0.5563426985520733,-0.2614697109300374,-0.016500310980084937,-0.020343487734219633,-0.014664485392094853,-0.021388635415621457,-0.07469406651600365,0.09169696220820048,-0.030209103638348406,0.04455692480548632,0.9407244090935383,0.9621521384404222,0.9617484234561271,0.9654185064688977,0.7259408252523245,0.6518664502410334,0.7753608790512202,0.7212987202783211
worldcover_00160,worldcover_00160,3,0.1003825202712075,0.030358296395701357,-0.018248749840441298,0.1378836578717718,-27.21868964245189,15.819767336355014,-15.00918032179921,12.45722497426704,-0.2639564009858866,-0.36419681742018456,-0.29381431449973244,-0.33377907998741424,5.471681306504201,-8.461534310245717,0.32418114559588496,-4.59502534420541,0.17410349372914888,0.21919483019369598,0.16995876363490675,0.2201490473340854,-0.9498187933559725,1.8899139337970938,0.33842500059125186,1.0537358055248662,-0.019413532444784526,-0.023584508666335914,-0.018432886433797042,-0.024377433225663,0.0649021845535562,-0.13773748361334887,-0.04158217346584655,-0.08435838451235204,0.9367547670165671,0.923630308670103,0.9117359228183478,0.9466216501513781,0.9529519916955447,0.9925464101793069,0.9089785348387215,0.9365651616621762
worldcover_00161,worldcover_00161,3,0.08460842584195581,-0.127692568031226,-0.15507571263746875,0.12886602950818526,-26.795498121471027,22.94001429245228,-13.120318219481554,13.303870236377762,-0.1729770739287093,-0.2737343733509365,-0.21565531483954725,-0.20854703313301362,0.3884744317619944,-10.598658747591607,-0.4859341907006225,-1.8652978474660955,0.12780416675791267,0.1923457240822895,0.14804874717769917,0.1579974546980159,0.9647036790596538,1.768093280569317,0.17759868815222227,-0.3010648814871937,-0.014701406518049624,-0.02138373238796536,-0.016726234288077152,-0.018206716167053782,-0.1200401831409521,-0.09195020749257295,-0.010558410736184201,0.060123281314778135,0.8895517573109292,0.9096053099203315,0.9162609885189106,0.8248075579653387,0.9109988911009133,0.9737157996037327,0.5753423392485528,0.9598952457158567
worldcover_00162,worldcover_00162,3,0.09406841715456152,-0.08633007334940461,-0.1296494244174535,0.12057195310339726,-21.544830297596015,12.143969676654969,-11.32354307926196,11.007369776544014,-0.0895337690291843,-0.15054610662812662,-0.11545382747574369,-0.10075217106985607,1.292089574560376,-4.90633674140327,-0.588783303033357,-2.7220841784250878,0.09997297570617045,0.148656279961397,0.11175371730675927,0.12799331731287944,-0.011886976143595716,1.0232506519150146,0.24342918519921117,0.5450499918977566,-0.012502036578041106,-0.017954305708032067,-0.013625378221875485,-0.016100596711792137,-0.00786932667380323,-0.07157580677875545,-0.01900524458179784,-0.03916545152575416,0.8781679624062927,0.9239797544511684,0.9380573159606279,0.8754073411613996,0.7442839509773345,0.8306008383226597,0.447959723713084,0.7614678865076072
worldcover_00163,worldcover_00163,3,-0.18691665046761152,0.5244106091558918,0.5273334417830796,-0.11297373981638302,-24.897531986353478,8.474220171593654,-16.119468993090052,9.162772244052164,0.4262107928436376,-0.5607921849152738,-0.6062170913709046,0.4213920817784364,-0.010838526775573242,3.168351241421629,2.515363603995256,2.3039708051707017,-0.07444169784188297,0.2319292512145779,0.22478020432288234,-0.05930750367122784,0.7143714354535345,-1.9430426517977477,-0.7148775928700701,-1.430641674088563,0.0025100617749569576,-0.023647994165205296,-0.0220926534948927,0.00033556750853251953,-0.09122750799953598,0.21533719367146573,0.06347267085875356,0.1587679414738316,0.7168133449697609,0.4374386435959313,0.49574412388518907,0.7272206864845385,0.7058563504539105,0.9039074833409977,0.4469136071064479,0.910791172086779
worldcover_00164,worldcover_00164,3,0.02125581210727139,-0.0530640085256025,-0.09057078668565502,0.05451107533140504,-25.67123682237754,18.91135297876227,-12.866020400092358,12.957008867051194,-0.0492912180936476,-0.1390582369196968,-0.10424725986307477,-0.09828306660647268,-0.5539674029516894,-3.2997088784933313,-1.2259586463941217,-1.5240006634238208,0.12928049116114765,0.1630491086874493,0.12040515427449418,0.15643131974842608,1.1389793924159757,-0.3146275210524655,0.8317571348479144,-0.05761130807721714,-0.01731343835017462,-0.020053244449875555,-0.015054748450039004,-0.020194758952717568,-0.13073792266431075,0.07410124158155296,-0.08760649716817427,0.02220803721670585,0.8861453614173296,0.9122136451577685,0.9212122120762634,0.9115497852840666,0.8137629113998145,0.7448257047541129,0.8231863570001615,0.8314587856094624
worldcover_00165,worldcover_00165,3,0.06428588691662371,-0.08477325991473449,-0.13399975769447606,0.09987215528433857,-24.642152296342474,15.915737713276167,-12.401253775325594,12.219925230416507,-0.06822520787995154,-0.11230650663907948,-0.04345465043470937,-0.15198487365647798,1.6957062305967536,-4.427434823719215,-0.16557499956487334,-1.8075004109043522,0.09849695305106795,0.14077904158437143,0.08934431057020183,0.14863919270793322,0.092638160797354,0.3246668428183975,0.09326822399956307,-0.04959416423566459,-0.012811600047828638,-0.018073507697519035,-0.012332015191063743,-0.018093506570416258,-0.02808353795782477,0.01333902904743019,-0.004240733287892651,0.029679523874196485,0.7856999871352927,0.8404325148096901,0.8123390329630403,0.8766939986060168,0.7071795428307317,0.9006490616815002,0.5512934997375445,0.7976405472586264
worldcover_00166,worldcover_00166,3,0.06687186257754282,-0.04288116746553927,-0.08463248226678827,0.0890588469125997,-22.071506225983935,10.339990464927228,-11.751182773333216,10.25734116195382,-0.1377730708634288,-0.19357644085077408,-0.1517118211126032,-0.1694159986717345,1.3411503689563915,-2.131800587331758,-0.37616334266944446,-1.1913310794953547,0.13205925687506317,0.1732223579676182,0.12894560203956038,0.17309466923599093,0.019109957920473805,0.07382241863963565,0.07085891478267294,-0.08600835515754389,-0.015978837479048238,-0.020618549388165413,-0.015450200461076955,-0.021094037727876127,-0.00999204741473224,0.019987654367482625,0.010494922990816967,0.02944862553760532,0.9636172318065316,0.9752729636857808,0.976430622196708,0.9593361438360829,0.6206673177569874,0.9186174484913062,0.5450268367928792,0.8218129587088601
worldcover_00167,worldcover_00167,3,0.053900054801119576,-0.05037399773683615,-0.1289920355898869,0.11596460640430377,-23.45828800235677,11.061415735555627,-12.757591100409366,10.660865693968102,-0.02508807774526622,-0.15434049960550975,-0.04927896676466785,-0.09536290839905712,-2.9436569137964734,2.9027702257068055,-2.3973438201807653,0.5280355003493303,0.06253862903829414,0.1152660134268593,0.06321750665123846,0.09755749024805563,1.8684385081024024,-2.706137849419662,0.7645729257246799,-1.1159996674972357,-0.008498785548178468,-0.013593523899526004,-0.008197499321529064,-0.012166490364405843,-0.2159315087317248,0.3541039556239122,-0.0613872233920457,0.1560641254523829,0.8117884593580904,0.8862352205942788,0.8498434459857873,0.7884914574637669,0.6082687440638148,0.940011973212892,0.3030312870554004,0.929261341741766
worldcover_00168,worldcover_00168,3,-0.09877139428121576,0.7169347656044043,0.7035671781861396,0.030279842177122547,-23.949971122392917,10.2086179123206,-15.72796815522339,9.993223495559024,-0.12429073708565384,-1.141863587445443,-1.0951623441503606,-0.1904053099394307,-1.0792314320647867,5.090662342546792,3.353275516366427,2.769908753095921,0.14626367275310814,0.4232713050648435,0.38228620435574806,0.16163305567327502,1.3287954511122682,-2.7132073406071533,-0.6920832250020494,-1.54864434515511,-0.018037878548108875,-0.03981301795239699,-0.035103090126255516,-0.01899256604262675,-0.15904237325303996,0.2860105027925134,0.04817218877466458,0.16594135658385098,0.7516009427472498,0.7999698224463933,0.830075943804776,0.8152056076601755,0.7720659301072528,0.8628445767290296,0.6467289611795366,0.9071389188603192
worldcover_00169,worldcover_00169,3,-0.1163810789585524,0.6962152814323219,0.7054729790172762,-0.03379040863364952,-25.219649944287053,8.004570761452003,-16.131546412253794,9.064794528859682,0.19789893588668556,-1.0279108187154136,-1.0590625789519073,0.16427257057604586,1.1836488561027665,3.8708358634253295,3.191574932091957,2.1254815928620885,0.011211035530491274,0.4008641250883081,0.38398432770332674,0.03415268912379235,1.080760735228162,-2.160175710222154,-0.44180599308207463,-1.4525287718351865,-0.00523203245944472,-0.03930053287985346,-0.03648348650283582,-0.007701409308032868,-0.16916759109947732,0.22793477484287256,0.010033952503487624,0.1631786690872833,0.8251830987021993,0.72105965405977,0.7323822784121661,0.8755476434329226,0.7611533375675662,0.5742000971259742,0.5535260239660247,0.7567863156885369
worldcover_00170,worldcover_00170,3,0.14501621017876953,-0.030267878463773986,-0.09316851977597575,0.23140604139277407,-26.153265534194354,13.334686950826153,-16.281985484121282,11.260024014616818,0.07860973523422023,0.13761383472454006,0.12159677214979656,0.0726577519542646,1.6231263479171762,-6.324593615112099,1.7255013229467928,-2.7392171499919957,0.021077383521712442,0.013312219702578143,-0.0004007261351267207,0.033532657987111414,0.4054076621355522,1.227873782776196,-0.24144427342798347,0.33538704686825954,-0.004674915553554642,-0.004809924147345798,-0.002586550860091892,-0.006272374191368456,-0.08639976862457151,-0.06417971405987842,0.0033855209529757816,0.0009034246515098238,0.6400960330807288,0.8127775480125186,0.7587698914319214,0.7780401206343435,0.8903016120398719,0.9433330916658064,0.45405631341097685,0.9228241092270115
worldcover_00171,worldcover_00171,3,0.025019812382450015,0.4193395572912028,0.375879790746802,0.04042792207363862,-19.664180071585676,4.643900048433401,-14.217369395438151,6.543328934215506,0.07260923731785186,-0.6128731199192778,-0.5913551685710733,0.11074520653438963,-1.0883376832345732,3.0681797609146577,2.9452295519527327,2.467777169672675,0.02965805761103926,0.2516822748161341,0.22600798967629004,0.026884576329937206,0.6827260639745769,-1.0566387399292476,-0.5764870253474722,-0.8494149718019961,-0.005535093426994242,-0.024925769766501016,-0.0218340398348642,-0.005628702729338349,-0.07000976503305543,0.09211213040691058,0.03447547779126723,0.07442539804570675,0.8787716434892403,0.7293125258550834,0.748894809703258,0.9349621530141137,0.8355703040084695,0.5143688675179748,0.9788468532788497,0.5086457885720026
worldcover_00172,worldcover_00172,3,0.041208389317011075,-0.23192045239336656,-0.24984704432162425,0.14495130650924803,-20.82385707308611,7.980966655914894,-11.622699039170596,8.998250166725862,0.0010307282509044377,-0.004053889781176852,-0.008748989463561428,0.01073577160400143,-3.885478429967155,4.274617620401786,-1.8191389944079024,2.122491486120972,0.0860531062590118,0.12247968673125482,0.09492265819309845,0.09824344236806855,1.8615138542436285,-2.031793947507267,0.861027794019977,-1.0705929975563868,-0.012204653069050992,-0.01664755098766299,-0.013029897754842583,-0.014161104091791185,-0.17587492662543516,0.20660257892198103,-0.07527866366367479,0.11141061417285686,0.8999207585704565,0.9153899616148099,0.8980466618640066,0.9263653241594214,0.8001072429201478,0.754184577056851,0.84435614267469,0.7899520359483941
worldcover_00173,worldcover_00173,3,0.10700444097680517,0.004866582355602538,-0.04585231885765627,0.17363448531338552,-22.402402906172576,11.414657762548034,-12.528068691608176,9.97488190666047,-0.04109908856669556,-0.05626044875114233,-0.06461440668337791,-0.1357445540054433,3.0456456279918167,-3.833750329475114,1.7044036395547892,-0.9277180445425824,0.08491339690405517,0.09398900137940056,0.08258880090847334,0.14264759582616512,-0.5059238935599931,0.474867545437032,-0.5855117924139831,-0.23537964019175078,-0.011313064910006257,-0.011881658598084485,-0.010255784337230088,-0.01760673549289653,0.02524913763319578,-0.005519386481694605,0.05746983745190057,0.04601348740222095,0.9064820506284782,0.96108274796715,0.9601687164443354,0.9403167876385141,0.8729785798225588,0.9209351847044569,0.4074821392744148,0.9238934328390385
worldcover_00174,worldcover_00174,3,0.08849181311486998,0.18125372312285568,0.10081595955698704,0.1255370033058251,-20.415205682747395,14.820956425375707,-9.969628049467376,11.742170178321416,0.07824438043687294,-0.1870925275993246,-0.18657581866644843,0.08955944808466108,1.6656173719860672,-2.4727491159130843,0.8768029216858418,-0.8734217132934883,0.016822478310318568,0.09173422598267907,0.08071439058491667,0.025839562797959244,-0.28050293721692876,0.33642447050651564,-0.2858439263909085,0.09561457681908496,-0.003985702857087899,-0.010020186099214382,-0.00844052010168782,-0.005395736093773991,0.011886453206910634,-0.012230599700080473,0.030535828058851328,-0.0011020419677805007,0.9452439878811331,0.7015643328648684,0.677500814195805,0.95061577474379,0.6498746141520134,0.6005888010187819,0.6162261988762099,0.5298957722725206
worldcover_00175,worldcover_00175,3,-0.05120275615224924,0.6505005052595413,0.6633567375441356,-0.020678006994509605,-22.750827193222158,5.215476254697917,-15.113110440533964,7.300584578104982,0.11968555046203727,-0.8837792077471315,-0.8951897060439443,0.1975990551254073,-0.6285539143056573,5.7877406243114295,1.775065721077849,3.2474447238175808,0.014762163495550155,0.31694767870879753,0.2959285668274828,0.010812293964909996,1.269579833664771,-2.3104687414256215,0.09860510135871665,-1.3559183210893577,-0.004395563830825013,-0.030478024384891132,-0.02733104919186895,-0.005149922868697872,-0.17046255056743187,0.21905437550348872,-0.045833083392670455,0.13174541936402945,0.7769581007065616,0.5636540888174101,0.6081380879373148,0.7987692268704187,0.754706139721105,0.5589641481606799,0.7612972268577434,0.68158967113914
worldcover_00176,worldcover_00176,3,0.07589970978354312,-0.013527714802573311,-0.07720966072696656,0.1523661841497273,-17.84451792540881,4.458502791140881,-11.402218608493405,6.430987866567319,0.06905664255133546,0.002547734309845676,0.0067029461737666525,0.0417025443462155,-2.285340428111809,1.5575056770843563,-0.009933987995521695,1.5167496000515088,0.016247168382846722,0.05532775706212427,0.03796994554290132,0.029128848006585936,0.9306621582907522,-0.6262923872136593,0.03679060135464609,-0.6178916665712082,-0.0035908068543237803,-0.007817522338074112,-0.005745027618802556,-0.0044383207204365975,-0.08698631104898172,0.05864465929625875,-0.0010679356945612515,0.058422187247982524,0.9968385137446399,0.945847221280879,0.9839426101638138,0.9925217596605806,0.8866671599371644,0.574548938836059,0.4309588992025166,0.5432064193160648
worldcover_00177,worldcover_00177,3,0.04681416357046695,-0.038623228274061554,-0.06739622693170313,0.07913227921182335,-26.288484267844677,23.38562794434526,-12.129873816968395,14.013018568978302,-0.09836101402580254,-0.19491298781293812,-0.14537544322333043,-0.17725198970190914,1.075390957592328,-8.905614619540668,-1.0796428002071798,-2.48883981683386,0.12627489642615788,0.17240290702582664,0.12577743533982585,0.17247520813726477,0.5475811922660366,1.1589295750896687,0.4043830752889802,0.0015287776741522267,-0.015834004482058666,-0.02030541756745389,-0.01504399901199521,-0.02073676193678619,-0.07687690172045968,-0.03557401466419471,-0.03272071532029589,0.030487605702758318,0.9197425029027229,0.9651505482997269,0.9495552972385415,0.9530611547537936,0.8425362347121573,0.9490798415297405,0.5538464090704311,0.910897767005394
worldcover_00178,worldcover_00178,3,0.06442241756154982,-0.11727197919831223,-0.2305742023569171,0.12193140477845116,-22.508898171097552,9.899879903844113,-12.5719930226938,9.95185819496379,-0.04429841016511785,-0.13204414601482017,-0.06428689196232705,-0.10213977944046666,-3.4735863276350716,1.992811877512895,-1.8733835360069784,1.0514341758851946,0.09086662198100076,0.13239852774452843,0.09765940227291794,0.11026035658853903,2.335159010207225,-1.4057790378129214,1.255903839111308,-0.8328666490178415,-0.010036448462557605,-0.013910319373914695,-0.010554960091607744,-0.011691499350949973,-0.24585586675808382,0.1537875678615807,-0.1280662863820826,0.09323234777071147,0.9454401527438744,0.9549912450925866,0.9665433230127377,0.9455401996520805,0.7362026910321051,0.7645923796504291,0.6416946363888769,0.8141938983827288
worldcover_00179,worldcover_00179,3,0.06105495595599591,0.018353271044111857,-0.0016958626325847888,0.07134496307734174,-23.654565885755684,12.034393389523661,-11.260672498862808,10.969304574954055,-0.1855588723728463,-0.23039940723203117,-0.21654135629623286,-0.16446007406782373,2.5428186749545194,1.4269579032592188,0.8546311515666002,0.053246359756332386,0.15715495596653367,0.174898530191286,0.14489327373942615,0.17042589411784534,-0.21879159294783732,-1.3856034033610765,-0.14850466847724902,-0.5270690532060706,-0.018404299733954122,-0.019630551173568062,-0.01616523176375211,-0.020660700050718846,4.608524910324581e-06,0.15175397569285837,0.00566639213225012,0.06442100352957139,0.9594645043485199,0.9471168546639162,0.9514464670115852,0.9340104679722743,0.7183532960767745,0.6862724308992262,0.24349801925741288,0.6326908171465813
worldcover_00180,worldcover_00180,3,0.10237825639385643,0.031956110939834824,-0.07116033134022462,0.12469704787839601,-14.931338931396095,3.5216459096492105,-9.716531173254829,5.223354352574294,0.2262807639123881,0.10791530018110626,0.07551268639693437,0.37104806735638535,0.09853506506633407,1.0290104606370682,0.4476053342179222,1.447165944393573,-0.03168174890387598,0.02046519528179388,0.013248263576039735,-0.05152276671164984,-0.0968162458241315,-0.3946371477342166,-0.21941268726320326,-0.5414419763750653,0.00018059613940024898,-0.005155577865250484,-0.003621252559388827,0.00045199086419258776,0.008544182489173498,0.03750608568203705,0.021666544742062113,0.05063836692130179,0.8448249965185952,0.7039056215205601,0.6527083051812321,0.892524320856671,0.36696572114533266,0.3011227909088744,0.1253029069037077,0.3907730740289336
worldcover_00181,worldcover_00181,3,0.10534571404532585,-0.11197216458844463,-0.17995280708948333,0.24698652801188448,-21.095000441009127,11.18170736073106,-9.968202734138128,10.534203162825763,-0.04104060921448281,-0.07748779998944332,-0.06195886340361811,-0.16058916639950432,2.1828738067261915,-1.2393253573428902,0.942391864691004,-0.6633771238739697,0.05237214025296946,0.07295755207845003,0.05694283573037544,0.10233547178891288,-0.3790217575025937,-0.10549690528242278,-0.3101480399906273,-0.10217389441707549,-0.006605677253003404,-0.008369284616124746,-0.0065233031678192215,-0.01142681766339021,0.016094461172653736,0.02045296554665711,0.016377411486240237,0.01550597363391384,0.9406907950593126,0.9605280204626987,0.9426509904156571,0.9416121727079916,0.8381416785111611,0.8053293600790468,0.6235226798250572,0.7756477552511091
worldcover_00182,worldcover_00182,3,-0.06277203264064576,0.1814516805902581,0.17594175593871061,-0.038851170320852946,-21.385801130655693,8.987957269557418,-11.186684087091992,9.76872329003962,0.4948471327868063,0.1963743821584744,0.03267044624284104,0.6721638316465967,-0.6048105896315696,0.5038879766916246,-2.0968386368303458,-1.3616193093620532,-0.15151994564247107,-0.07896120889813849,-0.03361452633748826,-0.20850703670961737,0.17689608048684338,-1.1200238259481303,0.3611960343437348,0.05565461889171737,0.011983952726355569,0.006134811139693751,0.002882370198465347,0.016648946979054877,-0.030467733179286412,0.18503784153546363,-0.016625462632482314,0.02918622099918664,0.6845388311388948,0.4711716475628771,0.48060674529351244,0.6759213065232987,0.3254432397717619,0.7666439586857636,0.4379135725423464,0.5700185126033444
worldcover_00183,worldcover_00183,3,-0.12590825150535193,0.6317202746868117,0.6248274364254665,-0.07282676011549653,-23.499089573043683,8.003654118655973,-16.327619116301964,8.993963208653437,0.33886441287177915,-0.6168606881466159,-0.6787675963123385,0.36525989949170956,2.3612435010561983,-1.294487834248805,3.2645372571089943,-0.4878603409582742,-0.06245328966016436,0.20774710222723916,0.20887073607171874,-0.07005894836441501,-0.11084698585250419,-0.1046670896309687,-0.6499897234896423,-0.30884103358171516,0.0028987471228618393,-0.018998626826537975,-0.018194374844732897,0.003670268861407569,-0.025991247536771695,0.03222041340134025,0.031781556661114665,0.04759595255015193,0.8820983280961364,0.4935260217609443,0.6109807103726149,0.8576599043473506,0.6176835577266166,0.9452990191641032,0.5920465088153717,0.9219137712695011
worldcover_00184,worldcover_00184,3,0.06219318185780166,0.7492867859475499,0.7169485661116465,0.05867781072226877,-23.079440227022047,8.589106263474505,-15.146198207370086,9.376333305402579,-0.29644179008439986,-1.2392262710287878,-1.1807589564649783,-0.22466882262314086,-0.5169526666330804,0.18770781385175198,1.1730868235940017,0.07884183597299525,0.20804207622805132,0.48995703042311356,0.4429187728051748,0.19070772290178345,1.0651783216182806,-0.5771087938879069,0.3126219695222142,-0.36351191887627443,-0.023370438837286758,-0.047073615366837546,-0.041749413266326384,-0.022017008849276164,-0.1259556669469358,0.07692131482743193,-0.04987875303385667,0.04934398647894759,0.9553496003123522,0.9761522115117609,0.9659383432694234,0.9514464975022804,0.691358070063386,0.8327681112442185,0.6222013124852739,0.8123356319159254
worldcover_00185,worldcover_00185,3,0.03038181456832821,-0.08710372114949244,-0.11275889047167599,0.08413824043942088,-25.834632587040097,23.512558296926162,-12.436090801968852,13.43801289381133,-0.009967711002938827,-0.12356209740530408,-0.09947660352502452,-0.1138636460675594,0.6577978774052241,-10.421182942399183,-0.9747274316050967,-1.5777153864025821,0.0895400372980046,0.15509081029159796,0.11779606700330568,0.1554685930814189,0.5724540071140626,1.52490659977966,0.1527854922608868,-0.47405696319495727,-0.012439751709839506,-0.019245541435807492,-0.014868346466259513,-0.019606233922520064,-0.06950492026359756,-0.05379262225459282,0.009526551205467266,0.08489973432830618,0.8884525227860675,0.9525195900383194,0.9535033917747027,0.9430151386666179,0.8570895340404588,0.9632733488249264,0.7076977211155377,0.9531681803931625
worldcover_00186,worldcover_00186,3,0.11542995589961476,-0.09075308805613858,-0.1413346102291889,0.1337714127518896,-16.758875543940537,10.382609005777702,-6.7855609910043935,10.08744837783945,-0.2875215006599983,0.21766453777395567,0.225995836838607,-0.20700709001412293,-10.316261322710066,4.016738840329936,-8.059999087976369,2.3073811029531273,0.19457417662752519,0.036327445952149144,0.009794871863058364,0.1855744978179143,3.728399093948241,-2.401746277109095,2.286115328502782,-1.503302495742966,-0.021962986337489925,-0.00903026257274729,-0.0056739112437524004,-0.02227187683485973,-0.3353103610893376,0.25554564222696263,-0.1766155019520579,0.16571252179099383,0.943465834317396,0.8255592761596944,0.7717931095449974,0.9644764627713481,0.8648456747890866,0.864691021734609,0.7652215576490957,0.8515678403837292
worldcover_00187,worldcover_00187,3,-0.04894090584929334,0.3914302550820678,0.37059775389956645,-0.046737665423388135,-24.210589160703456,10.61603434921953,-14.111734658886675,10.433952932663956,0.42410200500415085,-0.2326565499506176,-0.29676967811962857,0.5616162072364521,2.351317588977991,-3.2122066102019744,-1.3573236141459248,-2.28168625851496,-0.11584925053504007,0.0690720387012798,0.07754618218128287,-0.15646339316743502,-0.17142061128184263,0.30799344311949867,0.6884100212074746,0.3035762246037769,0.008310834981605288,-0.006651143896195922,-0.006641393282798801,0.011439217753106275,-0.02768278768391001,0.026305428288956087,-0.07413688623007134,0.004653064358110907,0.7933122146220049,0.44072417414317233,0.5290291625450363,0.814836866673661,0.6381149590989448,0.904780343667132,0.15319843724714277,0.8502899173359204
worldcover_00188,worldcover_00188,3,0.1359801532877993,-0.08406708999113519,-0.16679673890272653,0.3477359946930051,-20.670843016687336,9.997730842142296,-10.360392633712433,10.024151922053239,0.28744933770917586,0.4597498939209978,0.3907281412107359,0.2775107085231747,-0.15306609979621955,-3.4196195577574446,-2.2227239233790015,-2.7869975053801377,-0.09113466580794313,-0.15472334341520988,-0.1314606712465838,-0.09016070402029787,0.20335248928833888,0.2833806986005521,0.40115899429689045,0.5038969119272393,0.0072219175442493205,0.012771847469713346,0.010822910763737223,0.0070795124829417565,-0.029320870560350508,0.0417047024897058,-0.01642678948154386,-0.011556896114844877,0.44954972284104755,0.5059737994410227,0.5271159497663975,0.3833368737728583,0.16033348083828391,0.8029345007569375,0.8990880955862728,0.7958839197987811
worldcover_00189,worldcover_00189,3,-0.006814004417908507,0.5562009572079664,0.5381006390759407,-0.026139360146992228,-23.615054090377765,6.861432210059479,-15.402722334092886,8.230555109411831,0.05323266289250527,-0.7558723292239573,-0.7504496529461822,0.08821699694390348,2.14084841622463,2.6768180506997075,4.400085072130291,2.036049955360612,0.07131949341049258,0.3175267247378306,0.29092404244717535,0.0819144259122286,-0.16050833319241803,-1.4542035073959467,-1.470998715205072,-1.1514022031516393,-0.011165102922949253,-0.03143653237834721,-0.028240665530014492,-0.013082287208449978,0.0013418760435422636,0.14965416373945045,0.14073756284930491,0.12056734068583712,0.810058276304699,0.6878839362149041,0.7053432379849802,0.8357017867620693,0.7364281962772043,0.8411683096703961,0.671539358745425,0.8897658288612259
worldcover_00190,worldcover_00190,3,0.10061511100226471,-0.03313173624602346,-0.10858878831971833,0.15624700035109507,-22.248113302152497,18.491835045764603,-10.201309777489884,12.408751253612227,-0.13642980615814546,-0.2127833472239584,-0.12223788797263987,-0.24307430461640306,-2.7535260405514177,-5.979519174892619,-3.802742549061383,-0.9562480590969393,0.11084332485790692,0.1543628138760144,0.10280305189907028,0.1652559886456696,1.4930023632532858,0.5833025220293199,1.1749760816817403,-0.4223200889715169,-0.013142742761914988,-0.01772879616291535,-0.012312749758212255,-0.018690598432463828,-0.14879751754921086,0.001738533349696843,-0.09519670009460832,0.06595186930286999,0.8497717073929311,0.8428360163008886,0.8572636709765974,0.8255128905194171,0.6705449174707633,0.9893769494565066,0.33509992412773526,0.9356816232733867
worldcover_00191,worldcover_00191,3,-0.25007072847239586,0.6196138596613732,0.638381506231696,-0.12525665596353205,-22.345603563294237,7.961733933249814,-15.29494696281768,9.192092801689332,0.6296871694013634,-0.4917673385177268,-0.6027045047561079,0.6016769652949661,1.0168083259385596,-0.37864851790965454,2.2154131734813114,-0.7921154750373374,-0.15564481516156403,0.17091763763813472,0.18415346409464284,-0.1395047947006434,-0.04258894238914235,-0.6272696873669839,-0.7460229466769224,-0.28761358555063365,0.010301615931885624,-0.016745569958172817,-0.0167510611560158,0.008308058877409683,-0.023946350722437157,0.10641481168698089,0.061800741398441536,0.06180732980562564,0.769120224553781,0.3417524168167134,0.4523325830110786,0.7967449760623251,0.9106776420839576,0.8869665165252418,0.5202052946489772,0.8600031820262165
worldcover_00192,worldcover_00192,3,0.06108065396478068,-0.030658785098544177,-0.08429605807318882,0.0853710831566277,-23.18760283865335,17.926304554589414,-9.610391364029457,12.720486721004583,-0.09755210566635433,-0.15800206575705203,-0.09302527995573084,-0.1288461914019914,1.535524510371102,-7.176529560544324,-2.445698347459669,-2.504852534040892,0.12733145885533506,0.1552125724431658,0.10458766056216634,0.15195469245379087,0.05110465989427564,1.3589230744969907,0.9307326202605224,0.3630087675734831,-0.016192929234483663,-0.01861908584315743,-0.013029166055147094,-0.019098971264831944,-0.02231106788138002,-0.0814426745597978,-0.08745550480324626,-0.01419084843809197,0.8892447544803028,0.9231789942020718,0.9124614637909595,0.905382406882232,0.7634308529166658,0.9416551663318805,0.7547264785116669,0.8475938322121188
worldcover_00193,worldcover_00193,3,0.022409916635934647,-0.0020376131164306145,-0.06348345095466332,0.05341255551937863,-21.363211669858664,14.515753341050086,-11.406881303436634,11.506251335976307,0.14834242008295112,0.0869311575023898,0.10963354359063496,0.2041731993002547,-1.6853225955425688,-8.480799152638472,-4.1049206034124675,-3.912916391293493,0.028716558867336813,0.04195173617323384,0.015934249988363625,0.004076762326481183,1.222341825605203,2.229626850546193,1.8353720382468828,1.0214186472249307,-0.0060390928941170775,-0.006576358510011996,-0.003578779348269277,-0.0034280069398157685,-0.13165400508638692,-0.1714286084995714,-0.17540320914721133,-0.07722309088512785,0.8883796335486726,0.8356126076575138,0.8151667549918189,0.9075213991399933,0.7288034865121692,0.8186027384094147,0.6939750521588443,0.7492702305826013
worldcover_00194,worldcover_00194,3,0.10391159252908919,-0.08124968172474482,-0.1509828684907984,0.18374542395273663,-21.116964787995855,6.635268249465602,-13.061025438358268,8.035573410296788,-0.11560271268833928,-0.18969369512642545,-0.11508810641391785,-0.25368165325314124,0.8718051073340886,1.0609732833802414,2.054236819718327,1.0331171556906484,0.11118098251945713,0.1688376819428651,0.11752314170524136,0.1849699004420209,0.11935071998755578,-0.7686671334369951,-0.6309703878221515,-0.7033209167920166,-0.013607003289768403,-0.02015898745939737,-0.014604734971818292,-0.021180576748318126,-0.01732167943632171,0.08315620569067522,0.06192506636890162,0.0758890061257505,0.9137476965794628,0.9673639282277343,0.9778825278644413,0.9428810441410306,0.8072671303219067,0.771310821256253,0.7675111768054392,0.8747577612521972
worldcover_00195,worldcover_00195,3,0.14457343645074303,0.10304820713954076,0.02027925606252671,0.18223133321964458,-23.803621488190807,25.249618587887248,-9.112795377054239,14.40386597811499,0.28443957949778265,0.28925737647509575,0.23245371459791014,0.3653654040443507,4.143000102863524,-23.181093908156843,-3.330476986453235,-6.821521233859569,-0.11190075371698655,-0.11273335030068536,-0.09654891520770832,-0.1430279326693705,-1.3107682544545642,8.952071764321472,1.336260054621832,2.4470616046716445,0.010509568529198998,0.010520434520922283,0.009286803720199086,0.013372402657011529,0.10689581959249297,-0.8158888289658303,-0.11941215280393998,-0.21337380018855137,0.8826584451780186,0.7742041165413696,0.8270124626321519,0.8716936254333529,0.7398620144054089,0.7253026898650372,0.7294962660714925,0.7034134520939652
worldcover_00196,worldcover_00196,3,0.10065654526088745,-0.05994177197642635,-0.12238831118200866,0.16304679508461928,-22.390839662661655,6.360260478363003,-14.31347486417411,8.082952999123119,-0.21460862879100795,-0.28301331534656293,-0.19536034212935385,-0.30996518644193605,0.3317028249367383,3.404826071464015,1.3893401198728155,1.9003272813299317,0.15669871680197817,0.21035936488810222,0.15205072202756004,0.2144632709426277,0.39032273531308115,-1.4550175826321885,-0.21940640730740726,-0.8872951263568575,-0.017962522377240508,-0.024066791260577335,-0.01769654977728019,-0.024247930413394243,-0.04156422059672932,0.13387451827352517,0.01900000798989296,0.08381403716152178,0.9539207761946683,0.9716306376894099,0.9704193229764739,0.9607910248171906,0.8229075631457277,0.7636691181490214,0.645897535886578,0.750693191882838
worldcover_00197,worldcover_00197,3,0.11177316715154043,0.027445283915959736,-0.057076513428580174,0.17916509283311347,-20.07813387107937,15.298366503546278,-8.649013796632875,11.489134661607642,0.001053530396611366,-0.0462125808532739,-0.012969041952774025,-0.06262195181278835,-2.3926603672440203,2.7067133697509655,-1.74566151608921,0.7436925882394244,0.05081259541553535,0.08389323166857787,0.055567812601918655,0.08196814221156593,1.4039198078062192,-2.3308202583349127,0.5758044924702813,-0.873707561715373,-0.0067644291405967154,-0.010186414149674491,-0.007182206281206817,-0.009695962861631833,-0.14129718104149175,0.2518969701639015,-0.04787616263868071,0.09715488671140793,0.5675933622667577,0.8718114327053017,0.8549723530595259,0.5364364775720374,0.8030945293627281,0.5416784149248102,0.5992581507568187,0.7505354356955343
worldcover_00198,worldcover_00198,3,0.08641783537373812,0.010850080204280146,-0.08910959620367556,0.1433447197531198,-18.98066669636482,10.186475684235214,-8.402518785176367,10.094749714092421,-0.1592318723955386,-0.2988340258450477,-0.21171377599239205,-0.1945131851567148,-2.6936278855838265,1.5229480431846496,-3.42069590505884,0.7802384716183551,0.14722311085009995,0.20644608082741586,0.1580874472130812,0.17829688256243573,1.048221862254919,-1.2163253779562624,0.9002924570460699,-0.7249403168174707,-0.017552655496919436,-0.022962648694337597,-0.018132458186962366,-0.021082631077128215,-0.08463146735217253,0.12518585131543497,-0.06688008870212431,0.07516083679327265,0.9425023121694316,0.9465782252694757,0.95715755809216,0.9502584607094423,0.514479002668222,0.8687647983354332,0.355408635407387,0.8705937792643946
worldcover_00199,worldcover_00199,3,0.2088224372219862,0.019344845264585842,-0.02885917342747702,0.2537367707400611,-20.03484427453102,7.217986704639058,-11.3367551710166,8.65222077827789,0.09889408184554632,0.22579987540412413,0.15857791792719636,0.22663734362475477,0.04941181851727429,-2.9086954667129215,-2.093573063541683,-2.4463613084414284,0.013936350033885788,-0.020784680854561467,-0.011545922998258405,-0.02725764028566751,0.2984895553638509,0.6640395875447881,0.7273406537063748,0.5431814550516291,-0.003920378046486167,-0.0010223365224182857,-0.0014226473115309234,-0.0003969170002624137,-0.029287510691742926,-0.043785082961403925,-0.054566081710823965,-0.03419115446957756,0.4924524149348686,0.7034097277517513,0.6269359570390268,0.5380145441350666,0.6778642846476208,0.900942210498001,0.6473141328634235,0.8456270149268061
worldcover_00200,worldcover_00200,3,0.11414641256287222,-0.10125146636908716,-0.18595575597701658,0.2329889131766374,-19.58107846810913,5.309078650371042,-11.212784873560658,7.241344296889774,0.07033846456705288,0.09653756205761273,0.1271587241411445,0.016752637863632833,0.5928594896483551,-0.9859838949055145,-1.0303327293772302,-0.8490835933743838,0.052553159650367984,0.060631876331612926,0.028337622095641342,0.07728429106406833,0.3138792066804564,0.15700183589579605,0.5656008065736531,0.09304672873981261,-0.00884901669482591,-0.009882658541277808,-0.006172080359638051,-0.011122721877664032,-0.047730822904760946,-0.007113578663004036,-0.0605157485087619,-0.0007288789460531546,0.8444249875612198,0.915911626667779,0.9025870998325294,0.8656565346528677,0.8442105895073324,0.6089089263975058,0.7723931016930812,0.5327557526296615
worldcover_00201,worldcover_00201,3,0.06102429873998752,-0.0010674421915403715,-0.0690094693140558,0.11952953593748901,-20.615645496704985,11.530592551548477,-12.159249696778357,10.488024679689362,-0.10972416444280285,-0.23591572346418824,-0.14952527093035747,-0.16701408862949235,-5.2217292073924515,-3.2670669231809955,-4.677517643046904,-1.1187643384776547,0.12617030193388082,0.16473780282081624,0.11346962717381893,0.15533337390526014,2.4613370668429577,0.2619960570753021,1.8842741030324226,-0.17444666254785177,-0.015556299009769063,-0.01815667339909887,-0.012966649211717373,-0.01852423853871196,-0.24337645086633392,0.01878655139648366,-0.17091917893468014,0.04367102781387032,0.9350633026633262,0.921010728168244,0.9050665791983205,0.9483877835446088,0.7724884488068032,0.8535622485619716,0.7117567635785358,0.8494240345948254
worldcover_00202,worldcover_00202,3,0.07001966053148725,0.018882436790700785,-0.06379563395272622,0.12822136700604878,-22.750679209498305,9.484000191973573,-13.653286684189748,9.743953770029641,-0.023542466944914835,-0.12165935902250148,-0.0596617470894539,-0.06172794065186869,-2.6128872501078204,-0.9073367459660201,-2.075987687592328,-0.3854845941401063,0.014750476644026123,0.04371288155096684,0.024305984172244315,0.023457556971030243,1.3024336844567057,-0.08561531166472224,0.8124647720186489,-0.10765983541166034,-0.0014883630588273446,-0.0037503993571406614,-0.002190088599242946,-0.002010401263080457,-0.13637158482463313,0.029130101976114247,-0.07276646606092309,0.02268318271753014,0.8927600836738611,0.9901615703571628,0.9592841731097135,0.9052554976929017,0.7973071207983867,0.5421537824732435,0.8010768788778232,0.49382722239681365
worldcover_00203,worldcover_00203,3,0.21784102408871026,0.13896099139343795,0.044856069064489135,0.32859116724946286,-20.385765426922703,6.692777536155792,-12.739763429022462,8.327975566115061,0.4496920578622335,0.5169852420332874,0.3932682663190267,0.5320767804625478,0.05699817653784567,-3.7309643812598674,-2.743869810672832,-3.0612246709281417,-0.15998431120152187,-0.18216179135493366,-0.1386248185982205,-0.1944915439078817,0.19710263806051062,1.4519472308609587,1.2500079750980528,1.1694414442394476,0.013871516369163834,0.015865339022694207,0.011959372081551609,0.01727181165055796,-0.019249074591049194,-0.13996699877550273,-0.11565298654818686,-0.11210395442179046,0.5002347234298191,0.5567069041772669,0.5172069275154592,0.5314907939250272,0.8262996813821984,0.6390310858971482,0.8135760982911105,0.6297374539435098
worldcover_00204,worldcover_00204,3,-0.1671010482440821,0.6738585489378695,0.6768371032720234,-0.07806520838516097,-26.845675195746693,10.131433454385139,-15.512697250296537,10.1186812729563,0.39711126581044975,-0.8607008927649541,-0.8707575663953763,0.45781856234968776,3.185322895220306,5.257859536870988,4.290627620443614,1.8679678172750225,-0.08179554164115485,0.3135836045721388,0.2853942227275692,-0.09328974198420945,-0.49532641855866155,-2.647671893353559,-1.392675858678448,-1.12674418402429,0.004138270371794525,-0.030343907400777522,-0.02626581798128857,0.0045797257928760745,0.01986190647727508,0.2826980014899355,0.125147635763787,0.12797175426801022,0.7977997284200926,0.6679849619931211,0.6882504634171338,0.7836183703796575,0.5338289606875688,0.43909743855942696,0.5814050540629716,0.5191073551312781
worldcover_00205,worldcover_00205,3,-0.05386663092208079,0.4944832428838252,0.4559243483412426,-0.07758519489134637,-21.533805963413755,12.977690415563517,-10.341403243199947,11.151208475235988,0.23866151160026802,-0.6214352191263229,-0.6024841333236826,0.3597617651685133,-2.8630571784701604,4.463090441891428,-0.38279013097179065,1.5389419838071379,-0.02161924838104508,0.2557432785533463,0.22739953659797366,-0.03827979622934861,1.3944764444943276,-2.5260475055960896,-0.14494229628294555,-1.0376046995060109,-0.0015530268230912604,-0.025505145936451767,-0.022181441221912995,-0.0014427626755963662,-0.14650920746007814,0.2621379511805565,0.023349699771997478,0.11369853549989342,0.6625276572281161,0.5417534236502235,0.5276168543199444,0.7234205123744177,0.34491484140439665,0.6061056296303418,0.5221861605888809,0.6586849167350284
worldcover_00206,worldcover_00206,3,0.037091231874836726,-0.10998180869853974,-0.15258431457208946,0.12713663573517836,-20.63258378430374,16.833691647039682,-8.224051676898117,12.173636413906426,-0.04437417015603721,-0.12291194521452294,-0.07329247513460621,-0.10156757272188477,-3.2739594655200164,5.279516732606321,-3.6203891342913668,1.436313413302937,0.11858775459779018,0.16932714688571468,0.11903913997242692,0.15074870328205206,1.7258782113233193,-3.688229280591224,0.9771115099132781,-1.3473164945585228,-0.01598065391962843,-0.021506673068447828,-0.01548210307579449,-0.019444853199100245,-0.1735551321997562,0.40515174059877124,-0.062614244210534,0.1589466725192985,0.9348200989261748,0.9431273490943801,0.9440141104162726,0.9261239967109611,0.6598608148507157,0.680798207138397,0.7384468960318975,0.797700514250586
worldcover_00207,worldcover_00207,3,0.08577899810942957,-0.043452695209644156,-0.1226857491966432,0.16217172326463827,-22.131500584245746,11.002892138200721,-10.837947594104556,10.289718167070909,0.5298012210126596,0.5748630841780021,0.4972928546014272,0.6186466694824262,4.029274082164962,-8.909452446715779,-2.3389193061962557,-4.849026351718748,-0.18240417560294814,-0.1930414064146285,-0.17578454397909027,-0.2113903180506577,-1.5232522114991043,3.0848184665833314,0.584111249759564,1.6598161505661397,0.015333226945575278,0.015810941985686004,0.01497729969295587,0.017590386887090352,0.13481073130475663,-0.2613728480631492,-0.03669192300559487,-0.139082564787432,0.8351150033083251,0.8232296346956591,0.8304114838065522,0.855048668180693,0.6991516006367775,0.840884741974011,0.505361373395139,0.8512015050439768
worldcover_00208,worldcover_00208,3,0.0015715943265588188,-0.02984167124624555,-0.06729833397901457,0.03603620544978978,-24.57790150198892,13.21513845512227,-11.916369199975037,11.382031649113959,0.03624545895818347,0.0415225574037155,0.05799456764130866,0.00476325637409713,0.7783842581300325,-2.2569279124152555,-1.402056127321169,-1.4790123792445184,0.0815510940163409,0.09066019896558956,0.05356643464440454,0.11576903302593393,0.5016345495695619,-0.37846163960707235,0.4827157677862849,-0.10740159184469013,-0.012461778526805675,-0.013869064189775878,-0.008936093635668963,-0.01672684262045706,-0.07534474820570503,0.09439354580475333,-0.036206927842269074,0.04316499853429952,0.8900346133678452,0.9143536286389305,0.8740049952987445,0.9017580847065233,0.7544333467271965,0.7592331016743133,0.5184580357419302,0.8102988673751711
worldcover_00209,worldcover_00209,3,0.0884494510086908,-0.010332016105002761,-0.1236350957417138,0.15048316279143917,-24.14051974243368,14.975690961586126,-12.429536918123441,11.722189837760428,-0.12939674163446058,-0.2508556622908336,-0.1472257928301882,-0.18454794100825656,0.6611706906238438,-1.5351762175403116,-0.18063777128703365,-0.8441647612600246,0.12328127721218525,0.18048592286841578,0.1250588671501838,0.15826502919713126,0.49917981530138694,-0.6460504779256053,0.14837580015220636,-0.2870841995311577,-0.015173132158513476,-0.02087838140391566,-0.015251779703028276,-0.018828129753319905,-0.051226478412638,0.09158094949767343,-0.002921210787118398,0.0389094789366531,0.7968553122704953,0.884590301393891,0.8658573207139157,0.8545517717329312,0.966773442220523,0.6980391766063924,0.7839655153271101,0.8228097965088936
worldcover_00210,worldcover_00210,3,0.12093618319462099,0.06972905005695162,-0.06832829027464957,0.20371747016906563,-20.62483697855844,12.453685611113473,-10.03932379011987,10.954287461011413,-0.20049841602850696,-0.3268909298238281,-0.20402223137872416,-0.3546215054534715,-3.960207520858897,1.0705456872179193,-4.006966058364579,-0.1907027992621895,0.14381983918404045,0.19792263454947084,0.14127618315512713,0.2154696622774711,1.7704569169195645,-1.4854514394832619,1.270226487462539,-0.570724356682757,-0.016280377854009837,-0.021299311778310556,-0.01583301902494646,-0.023358620703220347,-0.15713970682919476,0.16878975516578115,-0.09836784022693144,0.07125886151382782,0.9515638619651207,0.9587789077890462,0.9709744396891737,0.9478507186060512,0.8610232354819803,0.5924831266189206,0.9502211369433119,0.7361950178203686
worldcover_00211,worldcover_00211,3,0.10012652982482505,-0.044708718630399734,-0.10236976786064989,0.13216260493253298,-19.485547764653457,9.380045966619917,-11.674002594751467,10.014767377941464,0.31155884849857507,0.461521410279803,0.33522158258549234,0.4991097200425363,1.2695878371257336,-4.98519846511811,-0.666544842844057,-3.9380339872945274,-0.10287402377563444,-0.16025397185542611,-0.11324423040431292,-0.1717234742525335,-0.5638831671144593,1.4569560399215473,0.1142334221838849,1.1866320407097044,0.009168329760667657,0.014775548374863586,0.010208663016553576,0.015539436986801602,0.06507249542659649,-0.12365038617327878,0.0017254316134197331,-0.10222678191345862,0.27185189343811267,0.3546249431227215,0.32190658219915536,0.37633814804036125,0.6374602289920436,0.8049817183035498,0.6147440236310294,0.6882107867826053
worldcover_00212,worldcover_00212,3,-0.13836627969716242,0.6844162245591462,0.6853386278856868,-0.020298156153522758,-25.311431109947982,10.10483734523441,-14.088020222996969,10.186016931861081,0.5815066579664584,-0.4144020755257855,-0.580430634940662,0.5570175374399806,4.9818281433713505,-0.8393648198387382,2.3176609591015134,-1.0576010246311087,-0.10421459562767382,0.15880135987840918,0.19137486188523276,-0.0992137801901989,-0.9146695207713065,-0.6502140897618354,-0.6305628152639854,-0.24848656480359518,0.004015777890622877,-0.015921590435836033,-0.017841596410355764,0.003959662920673081,0.04082008747921007,0.11004536993283183,0.05073848553231859,0.05640792292929957,0.9089152660861626,0.4262800200554612,0.5687466070467979,0.9446253114801884,0.9398256279604522,0.6923498035710729,0.6555448950786128,0.6844315239861614
worldcover_00213,worldcover_00213,3,0.05390747306257336,-0.04570754036081689,-0.06096256393092659,0.11092355045856657,-26.418958168286693,12.585981687421855,-15.337897083959792,11.123063175359837,-0.13258832138499174,-0.14232792616599935,-0.0735804723207977,-0.20135661323983342,2.343017174727382,-1.3042204866981328,2.144643228698924,-0.5841127969213091,0.13788792989769955,0.16260728114022485,0.10500136706716005,0.18255772881887142,0.2703219350796699,-0.7078328978077918,-0.4777929844702077,-0.5696033564417152,-0.016985490483083482,-0.020175673392121524,-0.01358565421142342,-0.021918726144264426,-0.06697351364581337,0.11398806643903762,0.036222099159433474,0.0860578829718541,0.9506361926965292,0.9653353588417578,0.9369079829238486,0.967055679417204,0.834716783257255,0.8649239420550143,0.6977780428011346,0.7763981984104509
worldcover_00214,worldcover_00214,3,0.0975432933241942,0.07268380531758888,-0.011605899392937888,0.1894902115066837,-19.64302526957119,7.963572221138522,-10.481711603936485,9.063817110238737,-0.040654968671900694,-0.11074308217281299,-0.059695045192104564,-0.14263885556941838,-3.1829971745117853,0.41963732966104544,-2.4726557387385775,0.2021314636488591,0.06307160013496858,0.08546222824587175,0.05498524004637831,0.11287868626060915,1.5540565241934068,-0.6798929372629982,0.8289503645200896,-0.4549960555737895,-0.008029598017296136,-0.009775859557769506,-0.006702136985647178,-0.012962131450573587,-0.14976139469233923,0.08826657127912615,-0.059097291446178576,0.0606044774500945,0.9916171762235584,0.9896819065770076,0.989791393971834,0.9658111114861423,0.7762912735988061,0.8282786340828815,0.8285033182961146,0.798196236805137
worldcover_00215,worldcover_00215,3,-0.002853802156465174,0.34260926926226226,0.3135621572534236,-0.03658822540080818,-25.523220006905746,12.324872926293063,-14.383242957155172,11.265094864295293,0.286581544842802,-0.2005898484014089,-0.22923208818963078,0.39278975667224886,5.971625570499748,-4.207186733589873,3.2108016658306973,-2.852881535223901,-0.06468682442113746,0.08675253584787443,0.07677777306664554,-0.09403108350642292,-1.3043151595984643,0.4740566736356853,-0.9211762475334473,0.39101521782248405,0.0034794641590015344,-0.009948433734326054,-0.007973220095866259,0.005861051192488312,0.0766152920503796,0.025984458626041096,0.07852693093706158,0.005092953310394016,0.5167343249754535,0.4108062952013041,0.4406226080536608,0.5630088101813187,0.6362447490413149,0.684121358067078,0.548820626597391,0.7117480126610594
worldcover_00216,worldcover_00216,3,0.11145586454274653,0.1255395379707663,-0.02091901523597328,0.16193536465818228,-23.075636860908144,13.504713648683932,-10.769247135199123,11.445974027151745,0.0996455857432199,-0.04107840971222873,0.010923569896332717,0.1288367033241288,2.9686229640712094,-4.947540745545924,0.42755811671438115,-2.4666241582679693,0.01080704937972502,0.057850489046150304,0.03149824035837754,0.007038177930431451,-0.3098214186876581,0.6979061540387791,-0.15905038891781814,0.2173619419739894,-0.00342135586491588,-0.007485606735854428,-0.004863354337467534,-0.00336268371102786,-0.010103019652325981,-0.02395931148139954,0.006127355101884502,0.005723367268337054,0.9905523933356951,0.9610937410241739,0.9625429978594536,0.9952406242981046,0.931354222947291,0.8550787976228883,0.8618991390820889,0.8161450088984434
worldcover_00217,worldcover_00217,3,0.06541513836808491,-0.06297871318053164,-0.17721939086914085,0.15973413600162953,-23.042374506379637,20.24402087391205,-9.666450414232196,13.217165589889515,0.10364912580910016,0.050079538704946365,0.06233130540284885,0.07296729968890375,-0.7552380902597428,-7.543910780073389,-2.5242345791897325,-2.3915836331619884,0.03702350604093446,0.06677055107157473,0.04791675241930141,0.05824078537233449,0.9867755226925633,1.025924438255358,0.8625850611476955,0.12072642818340638,-0.007160174028249467,-0.010387183546860029,-0.008069207477900723,-0.009342346152271882,-0.11744453977889936,-0.031506710203460866,-0.07808267377016777,0.017453638526666836,0.9181619804605453,0.9575967304775287,0.9465691967496831,0.948764169583223,0.9120632356496418,0.8966844041417934,0.3566509997596151,0.8697911464396367
worldcover_00218,worldcover_00218,3,-0.09221899153472475,0.27174477685581583,0.3080677408160583,-0.11108892597257915,-27.606889967179164,12.141820969019296,-14.989181314051729,11.08851776240207,0.7148759159105459,0.19635823064498414,0.01139175146818136,0.7921382504411848,5.396788480253804,-2.1311330374358284,2.9118551760673554,-1.4899815295255296,-0.19742049806949333,-0.04311871162143984,-0.0010020403489791713,-0.20664493198550835,-1.097376418111398,-0.3377820473626078,-0.976050406553072,-0.10420325944874292,0.013966466407147542,0.0010095334451908804,-0.0016679411020242938,0.013865769633816319,0.05855387792814396,0.10676543363273225,0.0926960064208402,0.050189546718601014,0.7125390370276037,0.2829546482841513,0.30238821900285495,0.7500232918941753,0.8972060286342779,0.7738233728040648,0.8487635832198938,0.7398281800077253
worldcover_00219,worldcover_00219,3,-0.2002262426345276,0.6211760847857483,0.6300401534094932,-0.0844614548382878,-25.64897832521687,9.426081506815846,-15.40295284231176,9.873174796534885,0.4358487409262416,-0.6660172040500323,-0.7289753982590288,0.41979368052460037,2.0005122364802763,0.48989892254695383,1.9317750603032493,-0.30319204581687803,-0.09877932061727886,0.2253430062800128,0.22398814921835772,-0.08132164304858266,-0.29828322609607744,-0.9450952893861796,-0.6996127016502907,-0.29845492076886604,0.0059319642072792386,-0.021392993271501376,-0.020109672588531406,0.003589178967016795,0.00625237077447412,0.15373541118977485,0.07501032451235713,0.05900375214588565,0.6812990323004309,0.4217083509921715,0.5063790565784805,0.6539769215296473,0.36048889953497343,0.8117050570656256,0.6141599303184363,0.6864147754003611
worldcover_00220,worldcover_00220,3,-0.2051570306236886,0.38851688802242235,0.4007415039972811,-0.11856375945111007,-23.33366503205049,7.202918678695644,-15.147100804168645,8.4894868241485,0.6010478298864366,-0.14160649673569833,-0.28659176081418986,0.6503729633543449,0.6803041846991946,0.048793375325922345,0.45096558960142774,0.3682916053262559,-0.13568326360219524,0.08260854067547019,0.11306912995455605,-0.13405009687301625,0.40515720212929285,-0.5488220243978503,0.14650089422161774,-0.5670704098924294,0.007691803846790825,-0.010046434899171234,-0.011857739113497034,0.006227447030444917,-0.06001926799067279,0.0796949667367833,-0.018348776499814524,0.07526699769545264,0.84277998002167,0.19347760733596286,0.2397268780128745,0.8877895701273969,0.9653496019690689,0.7908680971870022,0.7520183741964901,0.7817545600646214
worldcover_00221,worldcover_00221,3,0.1068135931959958,-0.016939035927257186,-0.0993474352766182,0.17428963247573545,-20.97753721202553,11.957682599478197,-10.881495183148422,10.767325516985265,-0.1881570310350052,-0.27683548060142155,-0.18017244939174806,-0.2726666461380683,-2.3809448772420128,6.840163182606274,1.6337310293710978,2.5148835519110353,0.14087179812210207,0.19049881318850145,0.13793618885550252,0.18789122224628113,1.1082521864524186,-3.4138186200921985,-0.8456937912422925,-1.441907984316194,-0.016173499048540818,-0.02117456444021727,-0.015907804124207798,-0.02109639948666696,-0.10215636685934373,0.3370884301888052,0.09111447173947451,0.14917715345421492,0.9526265521888403,0.9510163866074806,0.9612982784009722,0.9423538423246555,0.7945418935523443,0.7413216514078941,0.7941829646204956,0.8344182808299697
worldcover_00222,worldcover_00222,3,0.11276717421746513,0.2556261093440389,0.21712208725512058,0.16264455562288233,-24.66971003508819,13.215835616090722,-13.614854658464802,11.25684343537459,0.4110660729065107,0.1766527015568002,0.035456466407234016,0.48821390491156236,4.203467437518833,-8.211809872849068,-1.3145062253940005,-4.736284626277611,-0.13154094560549998,-0.080741082358444,-0.037274729515913665,-0.1557944008024222,-1.2829843746786416,1.9917818434791832,0.22103933372084447,1.1315709805012635,0.010802729759970877,0.007390459623150145,0.0037499601280109743,0.013110049972028437,0.0994916690182568,-0.13760404893000522,-0.012470450148251702,-0.07477489277359778,0.49089439108355726,0.45283901282977,0.485702439303885,0.477854592086567,0.5561195789389599,0.8925158812236146,0.8740911001578713,0.854243113691725
worldcover_00223,worldcover_00223,3,0.013122850020417172,-0.08463790840610468,-0.10529927375980443,0.026796299625526227,-25.02260025148408,16.91769350664701,-13.372173639736017,12.285607276655055,0.06298210365569232,0.03473752864917406,0.02665513237598311,0.03694063608372093,3.9425390862632677,-1.8381960426047452,4.882047559477108,-0.1385119693493071,0.07058989605580297,0.09423209650611333,0.06783229132128468,0.10503613817388609,-0.8269316586574393,-0.993156032913119,-1.941507850511785,-0.802688688214345,-0.011186995626211019,-0.01358447309037803,-0.010078211965255744,-0.015565003428344774,0.05748177578981716,0.15682709123184702,0.1904387681554462,0.10934274789810665,0.8581713510203328,0.8593164506697846,0.8224205185993279,0.8944386281321031,0.7200441555260519,0.8246957334859599,0.7164465691124835,0.9057522478010933
worldcover_00224,worldcover_00224,3,0.091844050883506,0.05884566042346363,-0.051464379962647,0.17163348288246902,-19.14119668495446,9.29070230567865,-9.167494994772872,9.636436040487917,-0.133404310528003,-0.2997429498770654,-0.16782585064333458,-0.30894110011794057,-6.35267855187574,2.360787769304072,-4.003943134184098,0.6370825466627893,0.12079713679261174,0.19982915606301282,0.13179536299271993,0.2054127093920585,2.970490740830432,-1.8303078762864522,1.2009058517785625,-0.9001212013408536,-0.014558618289840567,-0.022666923027965358,-0.01567167807558569,-0.02312107410545299,-0.3062565334304626,0.2159035680295722,-0.09320813330917038,0.1170829956037107,0.920680708936763,0.9668187187138965,0.9662730266717556,0.9458964552914287,0.7880485980715721,0.6125891155012868,0.6590898657710129,0.6950300649564363
worldcover_00225,worldcover_00225,3,0.05866045557788789,-0.035191509967925264,-0.0954256010326482,0.09055452274553596,-22.83447468530284,12.67018717348179,-12.201060873618811,11.071754097049643,-0.11512720385079368,-0.14530504938299893,-0.08363585664875828,-0.153356842578402,-1.8725982509295798,2.2302238063302733,-1.7055611840787313,1.072761888857254,0.1431267011095961,0.1562018166230667,0.11011732697438481,0.17080797871082867,1.3622706035225027,-1.9205002654300485,0.6265470400380386,-1.0805773388582411,-0.01784216032442744,-0.018664076849653592,-0.013685365452083065,-0.021092557696380992,-0.14416036516855285,0.21260737272977945,-0.04955775862146253,0.12468212663286987,0.9237395026634044,0.9206231683954902,0.9253122307535814,0.9221325568628687,0.8194149072704207,0.8252515344746287,0.753789198113107,0.8560640716503832
worldcover_00226,worldcover_00226,3,0.20325014040199332,0.14626928226965877,0.010460302671135789,0.2844774436318511,-20.559298962982385,9.076843150968799,-11.244818003867088,9.350615746644841,0.16904146723881516,0.2676697603116432,0.2518741138434654,0.24277411099700716,-0.7222126480848525,-4.218417684196409,-2.776612659224195,-2.65061299893804,-0.016967427184268743,-0.06394070543316542,-0.07169363470909332,-0.03053746153136878,0.6003093002632465,1.1354201561217374,1.135365682682354,0.7273922094715342,-0.0009621631759933932,0.004133639744285392,0.005526062587953426,-0.00035127895799549007,-0.06160163715012559,-0.0855150485878535,-0.09981501231818429,-0.05489602324140443,0.5389912847006431,0.30997607608243194,0.33741805995912566,0.582387178902193,0.7074930122535055,0.5335001748341418,0.9861117251318674,0.446182822125035
worldcover_00227,worldcover_00227,3,0.11045462517505415,0.13133950260552338,-0.010265684503160372,0.1572442041202013,-23.046064986593873,11.382037382087542,-13.58934590114676,9.119324099427676,-0.15999707667757987,-0.3952004947655237,-0.29810818281423646,-0.10184535727141288,1.1059918418860366,14.01044431945232,5.15886269191173,4.850231116169097,0.1507797657046136,0.2309093364873229,0.18610890454197365,0.12952712645907397,0.5934860021184751,-6.302184387619343,-1.26182805296903,-2.139027958672377,-0.01768686742002924,-0.024797994474118394,-0.020367740985062513,-0.015495574534541418,-0.09531466989846824,0.6251994222550569,0.09054414990127435,0.21039327130225813,0.9727831912166668,0.960581225563384,0.9663412553149924,0.9794519404326043,0.7400630213774149,0.4760149949904551,0.8253731260963898,0.6354751867267923
worldcover_00228,worldcover_00228,3,0.04858172909455743,-0.03084214884438702,-0.07474581722283026,0.0692319766138522,-24.17764935374205,18.83397934965162,-11.745618935657186,12.90868804234952,-0.09785623993521021,-0.1872851466374283,-0.11446469871415871,-0.12129535115072519,-1.16567360562428,-3.3680941169635723,-2.6415944747574143,-0.9148036829209037,0.1338496539323966,0.17467021981359526,0.11736153371962679,0.15702414662613468,1.6327347864883113,-1.101347448053251,1.2255656254456673,-0.6820969777399757,-0.017078714417966236,-0.020919010749720548,-0.014406025169812363,-0.019922180590454964,-0.2086165920873947,0.23154473909193138,-0.11970221648611083,0.11748435868049087,0.9063052752181766,0.9161199856969802,0.9117907259800612,0.9214980851346751,0.8721189340940443,0.9595522471716055,0.7306909767744828,0.9656324837944397
worldcover_00229,worldcover_00229,3,0.03439706842600456,0.6896372885640782,0.6321328444914356,0.021956912862757427,-20.242207406188772,13.107296810149867,-8.949850778719805,11.080006035262805,-0.054361070801797876,-0.9845144423390036,-0.9384296731875497,0.040573698076760444,-1.819769360044362,2.636766218588822,-1.014765465286322,0.7340836880072159,0.11670283040503572,0.38583332706178225,0.34567837375195964,0.09972512584534414,1.1333037461234465,-2.2917349549404866,0.11405705807178497,-0.9474122935074907,-0.015409473269754378,-0.037344975015995145,-0.0326769509061117,-0.014689984162234595,-0.12188823162680043,0.27213324999942057,0.007138833811560473,0.12048181796914753,0.9829038504008835,0.8851462854077237,0.8500066733511413,0.9867775758720515,0.5659446141234786,0.6167670272716093,0.5920864611741581,0.7746227916670704
worldcover_00230,worldcover_00230,3,-0.04575129920285028,0.7676689385464652,0.7657036338791674,0.03348972177076389,-26.732048393126785,11.68200700960254,-14.142458519789797,10.543851288152851,-0.22873843862344434,-1.306868361043074,-1.2602932297639382,-0.17955946345029883,-0.36545794337859855,6.487939359361704,1.1039463031296597,2.7700199165868584,0.19561181406896128,0.49382401623025246,0.4534525158230479,0.17701124372081664,1.311945164565745,-3.0780921171900446,0.21069802789949918,-1.3860677950428795,-0.022601065672423985,-0.045909933802304785,-0.041639739572249215,-0.020862886536339588,-0.14838160205930784,0.2919404618781066,-0.035952220565179466,0.1329472073207006,0.9370666825209004,0.971982069903451,0.9625377089525595,0.9626105965992707,0.9242623576591328,0.8531691986835281,0.7963298283288067,0.9487982904160599
worldcover_00231,worldcover_00231,3,0.1288928475535847,-0.04881386266964972,-0.12648475508798326,0.19427852919607314,-21.88262314807865,7.454330949500013,-13.156103060527334,8.590489843195128,-0.15813034882631852,-0.0751602476876633,-0.04796075269520676,-0.194244771841025,1.588232323772273,-2.2779640110096193,0.38369877132781377,-1.435305677267473,0.1281343455965096,0.11815534876982037,0.08878114915481106,0.156292021468088,0.2004009473348249,0.44216967281015024,0.2718472869918234,0.21113828543735888,-0.014857272802865333,-0.014359548626787427,-0.011130876265315693,-0.017953262410380613,-0.04609088503040327,-0.024677297484486358,-0.037615251525847083,-0.006507483526749904,0.9589262075388658,0.9898345207725727,0.9875189843913526,0.9761021385916571,0.851892583744785,0.7541215557106886,0.69694444597623,0.6591258702093208
worldcover_00232,worldcover_00232,3,0.05736463082206293,0.00912501317251187,-0.048755196910916745,0.10808548398993163,-23.594812118725812,16.108304941836998,-11.420801466099425,12.121085886590834,-0.13269969369822848,-0.25657398505357903,-0.15855896650325552,-0.2689737951944728,-3.4083677985136034,-7.411062259460703,-6.090237470624477,-2.9525817966555157,0.12440180895012437,0.19023293957670556,0.12774435247725974,0.19405215860090444,2.3342642249207497,1.3996169849055995,2.59623357351034,0.3598945400515001,-0.014987830039805255,-0.02211739527146245,-0.01530852738880749,-0.02212339607678879,-0.26010866243625524,-0.07734983831372774,-0.254771354444986,-0.003041243664553594,0.9321004234810086,0.9641600598653844,0.9521659660435902,0.9552929484053293,0.8428765789958877,0.8157628970893276,0.7651484859441384,0.7555399383208818
worldcover_00233,worldcover_00233,3,-0.1702854896809095,0.5858496545926848,0.622351967249854,-0.1018445280408755,-27.469323609587807,7.31894911700039,-17.664948292009413,8.92655009211016,0.5023955009214972,-0.5111440354348371,-0.6174030930749941,0.5820663470907923,3.4709389604589154,-1.2063927485638188,1.5049740508419764,-1.6734883005438304,-0.12310601359357348,0.1807292654779759,0.19063132762650886,-0.13220923231487258,-0.3512785971289669,-0.0085662583652604,-0.0904988739596552,0.22081943171607804,0.008128144251648857,-0.017702619188860288,-0.017383858486257408,0.007845825727351673,-0.013583372108525718,0.029133847813046954,-0.011268521697067645,0.003984704512176269,0.7325789733883941,0.318494042661692,0.44215788149683577,0.7846982853662282,0.8505023389165307,0.5561736007585485,0.6035734412537064,0.45210185685612136
worldcover_00234,worldcover_00234,3,0.1918450341207678,0.16835010130748737,0.07011382056005114,0.24619961236462592,-21.966756292884973,26.664233015043695,-7.705574662651057,14.03960925904657,0.5159890995675508,0.5858140780871334,0.49455298345890625,0.6127394074130608,-2.2452598806147694,-17.627775258382552,-7.655660151328438,-5.115311083782374,-0.1902907094826717,-0.2120305269848738,-0.18503140821827144,-0.22591473517770086,1.6738822016810528,3.92820212921601,2.7884587111689347,1.034179966372429,0.01639953551492249,0.01787477083894601,0.01604910954042816,0.01947398703883993,-0.1898451577741322,-0.24071152912689725,-0.24466235480059434,-0.05190978306166038,0.9144305182259509,0.8778322782527539,0.82227898394906,0.9040090759667444,0.8993641314041845,0.8592976450646123,0.991051555598418,0.8685731046636139
worldcover_00235,worldcover_00235,3,-0.054181610991466025,0.6755619485947204,0.6552636259884514,-0.025258361333698694,-24.688828762518888,7.520823290431767,-16.02902953827533,8.515028766744626,0.271780079135088,-0.7632034754691003,-0.8354423891693803,0.3518134392945771,-0.7228714889475516,4.840781632688637,2.9595814446149435,3.287536299619722,-0.04414297110308339,0.2653960882327254,0.26899030424847964,-0.052983119301659075,1.1814592192997386,-2.432289599250183,-0.6181600840580318,-1.6559647434334928,0.0011711231167768827,-0.02507971570065074,-0.024307574305419948,0.0010339406159038382,-0.144519304966878,0.2550613754413576,0.03672636949262018,0.1729400110936366,0.9764191204171453,0.7685221375239681,0.7698753206734996,0.994219191767817,0.8354271646083409,0.9264638367932841,0.4791598173191882,0.9582793494715255
worldcover_00236,worldcover_00236,3,0.10160483608875495,-0.027665298940106497,-0.09024788856957938,0.17054856094446905,-24.55539281773966,16.03906613349265,-12.16471806422693,12.30232766135337,-0.10293434030640386,-0.04671396638843191,0.010290785042185153,-0.23358270916200674,0.6142853078346978,-5.49405916660446,-0.8508539263697267,-2.4653397588029864,0.10507075550644229,0.09807468997516142,0.05803958587429086,0.16355654424725644,0.6005963016422423,0.5515466895437108,0.36191119209798284,0.11401480048660087,-0.012932494802407971,-0.012949445680009587,-0.008651039948818657,-0.018399899994785123,-0.081072565793706,0.012536624748834059,-0.024865407341743306,0.026130064224369493,0.9031353278420555,0.9562380149620716,0.972891052418506,0.927179631434543,0.7832516667431646,0.9147788753130617,0.7389080427844363,0.8302885420010431
worldcover_00237,worldcover_00237,3,0.09611270314242905,0.03518602359249767,-0.020985705806224306,0.14294347381501502,-24.13224775547378,11.947910151390513,-13.830162162355425,10.45627304264879,0.15956496760405453,0.14070862544227414,0.08833108243665498,0.1874999623627412,1.3865220868702115,-6.019382408552749,-0.2192996183067309,-2.972672122777411,-0.055565143783731834,-0.04475445350535304,-0.032286324888040376,-0.0680585067025768,-0.40870122334676934,2.031476126799765,0.1487208437059734,1.044757473718739,0.0046698016731704615,0.003405618660076696,0.0026181899222799294,0.005840895847991257,0.03617715829013283,-0.18244837946428072,-0.01611614902486031,-0.09474015607918845,0.6390013117214859,0.7566503566042077,0.8059186470143866,0.6488628253314819,0.29891359012405616,0.4972102210927595,0.09080285837531188,0.5425941752051302
worldcover_00238,worldcover_00238,3,0.058561165324942474,-0.08819331748016021,-0.13834044365494574,0.06603527159401819,-22.817410136527776,11.774561425113333,-11.989508571399508,10.759528385225485,0.04050511379370509,0.00968176201872939,0.03213102035298383,0.10773146590070126,1.1617271789837722,-3.4514181085683298,-1.1325391608703568,-1.4395847957198216,0.06385631333761461,0.09224716735423188,0.06051432858604246,0.062137966725604454,0.33126794235480456,0.26881070491609993,0.6035132498657368,-0.13512021067328736,-0.010043252330827923,-0.013416952129001875,-0.009400837661961873,-0.011157080794524682,-0.057133893234159454,0.01740735313750867,-0.057647962908531684,0.041772697939186,0.8681837130486918,0.8918661032612643,0.9092978512351234,0.8165021006008523,0.9390420585785721,0.9847864353288237,0.7449997293647359,0.9796098755816017
worldcover_00239,worldcover_00239,3,0.15343417285052127,0.05284807952403111,-0.05825971665255949,0.17499561698147756,-15.987733806078127,6.625180266976548,-7.660972540481511,8.162958200378513,0.13300667800354435,0.08131961890363297,0.09007450391257575,0.18453622703987443,0.1691685119124953,-0.7466741617580586,-0.6620499322078649,-0.5378602663087529,-0.003438448574962699,0.014333148236946805,0.0018877742320169862,-0.013395258874604181,0.07318358217604647,-0.037140737159546154,0.11833438497785755,-0.05123793880587049,-0.0019308206567147262,-0.0032537746186735,-0.0016561843492466975,-0.0012248728160906318,-0.013173832767091938,0.01895146613213496,-0.006118393140490484,0.01716114999730104,0.8606799664771265,0.9189865081352568,0.9490605562360289,0.8116505731040512,0.21631942502615897,0.5078540767694577,0.5773705740596644,0.47150921479542474
worldcover_00240,worldcover_00240,3,0.07116238902948452,-0.13509331982244127,-0.16245829901008865,0.11330219606558438,-23.278641541881548,10.292564704221435,-14.217362379487668,10.391205513840147,0.10014875130787977,0.18443617419827552,0.14096521932099537,0.05129489610119508,4.714063671403259,-4.370594390157864,2.8787564882136407,-3.096844791083078,0.008509622862962573,-0.0028486484379479276,-0.00898321590978989,0.040607174769753424,-1.0650310931933464,0.8681669180304858,-0.6573176006477562,0.597092714273331,-0.002976541599200265,-0.0027211748740889833,-0.0012628593848961797,-0.006336197670963071,0.0730407890704856,-0.049761384613701005,0.04132252633737918,-0.031420979065660215,0.8796112016682582,0.8907005999456296,0.8646746911865655,0.9573780408324186,0.8412123326475478,0.9161556624805924,0.7923731480876921,0.8427536144739831
worldcover_00241,worldcover_00241,3,0.08788912706699509,-0.06346346720150074,-0.10692072400089514,0.09970761395313427,-23.009901369908093,13.783328111091144,-10.551475320463156,11.54694750432515,-0.15620825775105115,-0.16708805053568707,-0.0792861285486387,-0.18214389732077868,-0.9037784646741561,-2.1879328416320534,-2.9544993887983275,-0.7779309136414301,0.12239146218619132,0.14303793502544165,0.08930937713213681,0.15038977513388113,0.9240355005932175,-0.45815441682612507,0.9692246041784965,-0.45995088103226234,-0.014378813652132297,-0.016754123697414854,-0.01113941653095412,-0.017927049668599867,-0.10085944217214203,0.10642120958085144,-0.07364442178035492,0.08122497772371685,0.8082300559708102,0.8409743980064519,0.8231786642688345,0.7825148966944486,0.6620312626358306,0.74842784694273,0.6038912318214084,0.7273445253905912
worldcover_00242,worldcover_00242,3,-0.2690890824555891,0.5686667528793653,0.585002367469396,-0.12269389239901735,-25.764923199353582,8.269122282330953,-16.12875308281387,9.232071853629371,0.5454613220861608,-0.5756747139588222,-0.6348492049774702,0.4365044105650163,3.5103437461595512,-0.690147904356583,2.046447542248939,-1.0235638062500088,-0.09349580395029876,0.25255288583633684,0.24413401185176065,-0.053308454660690355,-0.544830165523765,-0.4554000881118875,-0.6801372070343543,-0.21623164568245587,0.002849106270855005,-0.02702858415667457,-0.024819969444187604,-0.000821591223204406,0.022174232213581745,0.08173542363547852,0.0723548237227488,0.053789795177882155,0.7390484148203613,0.5322066618915265,0.547115103160162,0.7520142403114449,0.7933446400545574,0.44816582717987197,0.8690906466501616,0.5572533655202989
worldcover_00243,worldcover_00243,3,0.0444942259215846,-0.1037714174017303,-0.19591238547229298,0.07948774415435275,-22.006107690502965,12.63083382485751,-11.935705125631992,11.22932770580092,0.3724575455755109,0.4359847598723943,0.3869010895815866,0.4716109892442105,-0.4091113967633338,-6.598262250497531,-2.4680324838838783,-3.8086393479094087,-0.10487740678911421,-0.11227597904923758,-0.10848844630313119,-0.1245177587195907,0.733913192928379,1.505036104015832,1.0278750486357853,0.8262412543438311,0.00793633845022723,0.0077068356848839226,0.00803399860219221,0.008948064211643098,-0.08919700305639389,-0.10064073423369102,-0.09420070420993475,-0.05089024454791214,0.49600934564280996,0.4192622654168272,0.4381162888547111,0.4351615880361114,0.5755201743454439,0.9225022123377904,0.4719363897637182,0.7974667898740919
worldcover_00244,worldcover_00244,3,0.12763454394165397,-0.02384139066844384,-0.10416092644586794,0.1717135757207855,-19.61919296206528,11.549397427464827,-9.179551311849105,10.34665638378845,-0.18057004816994665,-0.23046652650430902,-0.18254964677469027,-0.1766714031497624,-1.2753019372792913,-1.4931397456413238,-0.9448083351761464,-0.4027380171862487,0.1335547559535848,0.16340085818105682,0.127387738379436,0.14952568088968565,0.7551600959232748,-0.19687101146367164,0.1941855476359194,-0.2626968835715808,-0.015230185512589756,-0.017942997467036193,-0.014051117699104118,-0.017189998179674135,-0.07077588348341805,0.037148314014056445,-0.010354475196730705,0.03305080658513523,0.9649577810564278,0.9739851303062705,0.9731415443274476,0.9530828107525506,0.5898200884897717,0.8807815570394838,0.24359146722391312,0.8159416338533285
worldcover_00245,worldcover_00245,3,0.09797520462289794,-0.021202167665417576,-0.12542370548754075,0.18792214831619422,-17.5229968349265,7.659687691037225,-8.792681586218281,8.834772296682848,-0.09048046257802438,-0.07231497244229293,-0.029305986372664513,-0.20805570855736585,-0.6368162367868774,-0.6710657574717646,-1.3493128764307638,-0.5929428773849394,0.10914827097160508,0.11915422245069868,0.08409784612894948,0.16875515542763117,0.2809351062150722,-0.1295967354360379,0.2731966543176294,-0.05622193606779864,-0.013800154657928164,-0.015197581122394154,-0.01118442208760164,-0.019826148382642045,-0.02436207331655348,0.02581729230131367,-0.01304955951367768,0.015537650981133015,0.9315802524799132,0.9836379672422408,0.9776048818204605,0.9549888531094688,0.6172564175012738,0.5545016375942351,0.5568926007087233,0.546612281531021
worldcover_00246,worldcover_00246,3,0.0857917865368391,0.002427545009236155,-0.10753527340112375,0.13831457811774542,-22.293894393980676,21.953411443678245,-8.835518653867094,13.580343020880003,-0.02763287507431235,-0.1254391446118303,-0.03463767066834383,-0.10379127679126475,0.366469612609722,-13.140787764195816,-3.194766009072706,-4.2414899265130614,0.08362407490232068,0.14053519259638317,0.08646514653772489,0.13038472100705276,0.7373351561348157,2.850007395463009,1.0629763921356012,0.5861079199446826,-0.011197419856858959,-0.017474072580837226,-0.011762805998024305,-0.01608760271108511,-0.09916553798304845,-0.18971689295587546,-0.0917619527535113,-0.016227469069244695,0.9547594194156864,0.947224196916544,0.9546464972778889,0.9541534367512234,0.8638975475413511,0.9743158313644836,0.7351172340524336,0.8982680390497169
worldcover_00247,worldcover_00247,3,0.09314022045708494,-0.014590281682711924,-0.09283826398578665,0.12226538811669091,-20.364409736856324,12.614640235495777,-10.441917459764401,10.96827829546923,-0.15658087552726985,-0.21405255576477247,-0.1110569535503304,-0.18377784272980907,-2.0734183799637926,0.06361444354709844,-0.527145340562849,0.6156214776426331,0.14901831803692658,0.17920351879937277,0.11900680347696516,0.1769328384269106,1.0976321643802098,-0.9488822911949656,0.0735751347834511,-0.766465926203603,-0.017979330064409608,-0.02060668517111075,-0.014364370492973705,-0.021429037543559303,-0.10538396934518533,0.1114183855980693,-0.00040133515429497426,0.08404866265442025,0.9324829934068185,0.9348891171191782,0.9503736566259244,0.9403421332331581,0.6426176765621273,0.9420778349735403,0.054030782111210374,0.9503941880425405
worldcover_00248,worldcover_00248,3,-0.0666843631773792,0.7491734520052357,0.7304012847669159,0.0464496408222288,-23.369293031083796,7.885825757525187,-12.407594020970498,9.70863815327318,-0.16058457902313225,-1.3585531954313508,-1.2676435143701574,-0.20631688256703506,-5.554397958401835,26.453176171936118,0.8374621038831769,6.429201622215577,0.15550547524799224,0.5095145895198236,0.4515802398549781,0.17746373298235238,3.183112372182027,-9.429419388643657,0.5640345610520091,-2.415572787693173,-0.018419683374655847,-0.0478331442226213,-0.04150060319689785,-0.020607664447390657,-0.33833285894671794,0.8245526675958492,-0.08836628934038714,0.2180320735466772,0.9219403936821661,0.9701633885992041,0.9560764405996547,0.9300144456734758,0.9456061200493402,0.6579687972443096,0.6606040735062797,0.7465084278693002
worldcover_00249,worldcover_00249,3,0.11803259653105463,-0.007710776813893497,-0.05317670231064237,0.15725302312410155,-21.627260867841372,12.700613944575482,-10.88118351168337,10.867321032254619,-0.13631790896490042,-0.1587355134228885,-0.11151400235082351,-0.17481335205218027,-0.9971513941827838,-3.874685654188709,-2.704766830218404,-1.1779590635637744,0.08671394239423497,0.10886531614686354,0.07701652874017033,0.1077535454651491,0.7189216202765272,0.5992568886575783,0.9137331500570482,-0.019184907887828794,-0.009560926753466701,-0.0120765369919345,-0.008746421895921225,-0.01163538402379159,-0.071091002549444,-0.02670246107780096,-0.07373333090794378,0.017057337194131928,0.9483749253121391,0.9748488022278239,0.962551502653366,0.9213386413856506,0.896028159039402,0.8483460487271027,0.48687924917615344,0.7940137778443983
worldcover_00250,worldcover_00250,3,0.10226634805815324,-0.04711034137642845,-0.10543553486014942,0.14877337781768737,-23.420573220272647,11.028921384539828,-10.78225351547763,10.659126826445267,-0.08915375907857638,-0.08786047828043618,-0.04487254514935385,-0.1383018870320571,3.0641997240595935,-5.169839729119344,-1.4380302284333468,-3.240532565216286,0.09895868515251556,0.12869438112338427,0.08688652010642586,0.14824850446024465,-0.49031651928945286,1.1358646823820742,0.45920744926403734,0.6724917021605836,-0.012307206466490576,-0.016507900456399317,-0.011554800933509154,-0.01822932508557732,0.02737427549075709,-0.07196715712410345,-0.032444772055641787,-0.03838148298795322,0.981843845310162,0.9916719207457604,0.9897627353424223,0.9934452680597552,0.8873843621662266,0.9855807620799546,0.804428718253059,0.9222462010513228
worldcover_00251,worldcover_00251,3,0.1313562419801487,0.05205410592624684,-0.0988515986863421,0.22976542648040713,-18.22046246453958,6.896542904425275,-9.798913536377261,8.365658669338478,-0.2507417034145468,-0.4055055636775819,-0.2849867857312618,-0.39318203725038764,-6.621603565075174,10.848999784973888,-0.9392960125127751,5.335071812015256,0.1492680156313094,0.2185760331793695,0.1590454139367742,0.22375920851960787,2.845316076097012,-5.012683728776299,0.1616237372964555,-2.5467986231115116,-0.016178743665456106,-0.02313969038883127,-0.01695306602432719,-0.02400439251402409,-0.28484047873004387,0.5271670976928654,-0.006077834617804216,0.2669004101281388,0.882571883837797,0.906020405098654,0.881662310487165,0.9208417135928674,0.7936305465911122,0.9303653359586432,0.1171671405316781,0.9679116996812941
worldcover_00252,worldcover_00252,3,0.08279192653066651,0.08768533881414889,0.0273038202219376,0.1022738918210501,-19.129345967321964,21.42855121408044,-6.2430462963036994,13.236857440528507,-0.1985116225067124,-0.2612769696639749,-0.20943935619046178,-0.25765909006198073,-4.25576108514496,23.141629028132723,-0.7127355915156868,3.8317258642999295,0.15402325312254508,0.16221316887702752,0.12695919546133363,0.1931674330620277,1.7641587180257052,-10.54864951921926,-0.15565832794506715,-2.1941728818608,-0.017667355345222752,-0.01741834223326858,-0.013815849596126504,-0.02195868178298977,-0.1610301005496436,1.0044714066006206,0.028295117431165414,0.22277913485360681,0.945651023376958,0.937769224553315,0.9359798141869315,0.9566532221659451,0.570010845523863,0.6795094868584306,0.5494587996754463,0.7831817611764115
worldcover_00253,worldcover_00253,3,0.09739146154135468,0.042907767675139576,-0.10372230071913106,0.13567207889123367,-24.25486630214922,17.68913573097093,-12.306962566025124,11.977720804884564,0.14078543367970667,0.037513836449574234,0.08403680068514643,0.09909334932527845,2.759913040644662,-12.649266027039715,-2.128573188065135,-5.281036997656665,-0.0043825125246089785,0.03991633322235046,0.012611067204764438,0.030472223892872484,-0.1851380020046815,3.1924362128696995,0.8016541182956702,1.2270607711276322,-0.0019433682262470333,-0.006296222502685555,-0.003415422777485372,-0.0058429470718509065,-0.010897193916519717,-0.24119893729791694,-0.07180599638331525,-0.08718155876619439,0.9541599563046099,0.9158677503078456,0.9291625897265751,0.961336713974786,0.952519977972886,0.9507641022891512,0.4837001149817707,0.9261912032441761
worldcover_00254,worldcover_00254,3,0.060157621011457975,-0.1993571267689053,-0.23237296238993274,0.15588432189189882,-24.977225277073764,22.261188571059666,-11.34231974364242,13.646096103145632,-0.09642963910235686,-0.08496604628753632,-0.04170137268328363,-0.2011454964559213,0.4269446318336334,-3.4825077576477197,0.06270932078844058,-0.4243459115795316,0.12893507399948106,0.15750327639108364,0.11355945529230727,0.18411300732911376,0.5379784646130346,-0.9225948369777017,-0.2965364654693565,-0.8250132437199431,-0.016320601828636202,-0.020082080123518028,-0.014978837090158695,-0.022155116603832035,-0.06244434189531973,0.16431160143586068,0.04998302686865512,0.11452683783429435,0.9668891499202501,0.9721755019192695,0.9700672817548949,0.9645429423388935,0.7116050460057146,0.920070426526023,0.5165677943629836,0.9351917632208544
worldcover_00255,worldcover_00255,3,0.12325857383209866,-0.05131865766915457,-0.11423595159342909,0.17542568300709416,-24.516341124061604,16.701676736409894,-12.544126000671863,11.942466540330422,-0.2425060521176758,-0.27706305602831294,-0.18621225300289163,-0.30237009574378115,0.3727704182198023,-6.13941816341742,-1.9550866378521188,-2.2592959507768486,0.16078041830113007,0.19658217127172808,0.14218654556127305,0.20025333309005822,0.5562028459091523,1.0467333982977864,0.9285790797007057,0.3392917235449579,-0.01798481849788025,-0.022001557531907683,-0.01645225478392657,-0.02224683458681658,-0.061116142266549926,-0.06708372510808108,-0.09228874968669856,-0.028061415101273784,0.9118673973655215,0.9380665723651239,0.9225529398961912,0.9294561049450712,0.8251526210835656,0.7323978119325776,0.6598998066475088,0.8044547021380276
worldcover_00256,worldcover_00256,3,0.11204328005986688,0.031759067960646696,-0.043081351866326154,0.17979660923733723,-24.212525434982766,18.352255172005545,-11.554544479748083,12.330290311789904,-0.28338630585391683,-0.36218893846186273,-0.25749731928642167,-0.4436419339525295,-1.3674307772210235,1.388229794180478,0.607545194917595,1.650062412430511,0.17430934568161022,0.21677512514860486,0.15817386778958464,0.2502862870596441,1.439065588678729,-2.348458356811912,-0.14172334791797173,-1.4849212422614437,-0.01907558886298279,-0.02335392913047334,-0.01737879325325289,-0.026509904123917946,-0.16559939807132448,0.2831223219861379,0.011850044158976268,0.17153073314278636,0.8930227228237273,0.9317151463526514,0.9253631269052472,0.9223477507284239,0.7591759609867005,0.8868499082262427,0.09900624523611745,0.9206197753076589
worldcover_00257,worldcover_00257,3,0.07268245746638984,-0.13598297276731833,-0.16551205199776364,0.15295024261329998,-19.498994471203993,9.960791162431264,-9.749480445659563,10.001570560219774,-0.10019324061684293,-0.13149864744720127,-0.09278635444149051,-0.10528599175195713,-2.990812086553364,1.1815360100116374,-1.7588010387749384,0.6001386856741223,0.11408570882365701,0.15565505612931835,0.11131748979612849,0.13547446020753848,1.5117065090744624,-0.9695885967793785,0.7454948210177158,-0.5558315033181713,-0.014123779016612844,-0.019168238602390485,-0.013807975056797562,-0.017082614128035717,-0.15350087709456728,0.10724239444661543,-0.0700806367460891,0.063598616414068,0.9577021576363847,0.9747709653802591,0.9559237783923965,0.9900274314436572,0.8102352533378969,0.8033698585838843,0.3672898971501297,0.7075651312406452
worldcover_00258,worldcover_00258,3,0.09472518151190228,0.0014695321830600222,-0.09220791845159156,0.1592767665331996,-19.010885944008976,6.538179544349895,-10.668601441991333,8.071952375022697,-0.15404231520488926,-0.22434793958543742,-0.1248714105403485,-0.2683197949968622,-3.6309667132060666,2.08570644023848,-2.725828874733031,1.103494699103093,0.13032229298199344,0.17343453819020846,0.11589155863019028,0.18912561611147385,1.6144970798114877,-1.027954607322704,1.04474292948363,-0.6026363633289913,-0.015560151232166398,-0.0202464678376499,-0.014221778689798988,-0.02138461020182478,-0.15095163321027352,0.09863141626451774,-0.09274974084168328,0.05851598201346408,0.903082490457765,0.9560420366533477,0.9452270415333522,0.9297194234399347,0.6023362509306333,0.5623349097797198,0.6967958917580721,0.5547480569841884
worldcover_00259,worldcover_00259,3,0.09102101132697654,0.0141130608196043,-0.08897248497515144,0.19539555974981912,-21.18543628883521,12.877172034743012,-11.259805528757207,10.98160842324258,-0.19701872827131706,-0.4394246145772418,-0.3036748360295486,-0.24074443329184636,-0.8473017350703534,1.7553722517253272,1.3614801587857674,1.3352272066240136,0.14086970890787268,0.24312500110162125,0.17325705291554147,0.17973292385151346,1.114914771838629,-2.081135979290793,-0.38110042286993473,-1.2550299722971023,-0.016086559421004,-0.025601118958244705,-0.018487481680237727,-0.02087667531738376,-0.14893810830836146,0.267060787753905,0.02338561879682269,0.15352180037963536,0.9177523364396418,0.9231007424048802,0.906757339484365,0.9661597351723975,0.6983951610952779,0.8580382234508236,0.3704869051383143,0.8771107039255521
worldcover_00260,worldcover_00260,3,0.10976904493979554,0.12523446226435697,-0.02220741004655089,0.1660657749708844,-23.089438597202733,11.296098808890852,-12.75719497827772,10.471124232639749,-0.30533467049150737,-0.7527563444353492,-0.5564906705939553,-0.32115599113915483,-2.98044083765195,-3.3624457486887267,-4.6893106942321685,-1.4436038008100336,0.1794804019493456,0.3379622688396016,0.2559590468997558,0.18966375958996895,1.7288967924597722,0.803449731191995,2.403289821427759,0.3207934188816087,-0.019445136944883364,-0.03366191251523262,-0.02581590677451603,-0.02027689705066607,-0.16222651423397294,-0.06601953772483635,-0.24412006016850418,-0.027429964057274422,0.888977920461435,0.9175813292112346,0.9198138706168284,0.8749006566084282,0.9025060833506029,0.8233441634272003,0.8756470869417401,0.7852470353539976
worldcover_00261,worldcover_00261,3,-0.09405794647442475,0.6643390200580584,0.6713489592075316,-0.05086308511707766,-24.901725296662764,13.183067717446976,-14.659002754040296,11.037651087766681,0.24421186281809185,-0.8134379502060605,-0.8494699358467046,0.2817960591203274,-1.402527225809303,16.8020782554054,2.5063465429217424,4.270760382594975,-0.03742236006887587,0.28537013054345556,0.2730721056106541,-0.03510509455955498,1.341720259728934,-7.068205402795905,-0.4939161549450474,-1.9812027508854932,0.0007481119307524943,-0.026869819631254416,-0.024637532316976102,-0.0002740350119167682,-0.15199871493772837,0.6680836533209807,0.032799752874892694,0.19626737237187386,0.8962021813988298,0.6816703712632928,0.7362228247734832,0.8669540874682725,0.6962491841313614,0.6347420603095876,0.6169650331069129,0.6785020351338722
worldcover_00262,worldcover_00262,3,0.18030057584123926,0.07392087386864574,-0.01466707854221286,0.27144515243443523,-16.114427536813707,5.954196935058242,-8.366514214801263,7.775749909977847,0.06683421851608859,0.05291567491515337,0.04515236443913924,0.09314621511905977,-1.2898457009792779,-0.4987752010224862,-1.6423514203858218,-0.5121753543154309,0.03861118467444443,0.04963155785873842,0.03842861431517761,0.04224893889385886,0.40602803663307535,0.1452453748945143,0.5521587321173427,0.16517397002871165,-0.006433789217026022,-0.007236875499589268,-0.005831308093749809,-0.007313000282855941,-0.02972941514096352,-0.017919696089490407,-0.050487035798327556,-0.02035412085157011,0.9972510429913648,0.986641546924122,0.9817236133548383,0.9931896818501218,0.4717396675596893,0.5797946714061013,0.20605181291596952,0.6290658054241558
worldcover_00263,worldcover_00263,3,0.08076686497273222,-0.1555574649211143,-0.18872618765542123,0.1281070029645241,-27.14647375820529,27.349679772917266,-11.93813984871304,14.945179969875506,-0.0777342585517279,-0.14230451787570514,-0.1268065771058428,-0.08392629470853474,4.311917498962299,-15.893005327981177,-1.3231293348979423,-5.081176296046814,0.11829211273278625,0.17011438077114083,0.13780371124706983,0.13549261680477606,-0.48654514244521196,3.443642855050223,0.6175991360520868,0.9644912478214224,-0.015263927780559884,-0.02076200904757386,-0.016920646803096084,-0.017328321256420823,0.010265517293034184,-0.2372946477231207,-0.05997282714289428,-0.060976885133401985,0.9486552693644312,0.9576473986896494,0.9611185626419791,0.9477893208186057,0.7980418903219432,0.9945683345189619,0.37521020217435097,0.9253423123711992
worldcover_00264,worldcover_00264,3,0.11873819784304016,-0.0662084750153819,-0.09960667382234438,0.1523567576977323,-26.395982291529528,23.943200652690358,-11.889572344680147,13.882135960339438,-0.2938886533394283,-0.3048519225465851,-0.22435321296807126,-0.365729018099722,0.9671040464579496,-0.45275627796037915,0.05309830770936966,0.540767180168891,0.1870945523232896,0.21256415309682766,0.15849240695548888,0.22996871763622556,0.3820104952419857,-2.185290083551344,-0.31283187391302514,-1.20082767034666,-0.020641465864498137,-0.02345810821185807,-0.01776456672123824,-0.02528590208502728,-0.047206685602213444,0.2763274438003755,0.04818858203052887,0.1462088100034549,0.9607903378739144,0.9617895925971836,0.9473416416425818,0.9515850455321279,0.667198364909,0.8444678409745884,0.6492406583757507,0.8655009585534946
worldcover_00265,worldcover_00265,3,0.0018170622127188238,0.49614314362406553,0.5096553223151125,-0.016552539542317182,-23.13136721439407,8.556595943243586,-13.014015000350579,9.387478730739618,0.14291035986365075,-0.5245056604626497,-0.5756103225821053,0.20223879268659006,2.4628445091994835,1.978926949723306,2.2253480037374995,0.7630150626176064,0.0031161698292511393,0.19234166702344277,0.1868415323783564,-0.0060711447149514805,-0.06247129605499295,-1.4913590189575008,-0.47907791713189574,-0.6933213266038739,-0.0030315924242006764,-0.01847728998917671,-0.01693249254891967,-0.002657999284565455,-0.03665497234678258,0.19047840974854566,0.03294972380959144,0.09008198597194501,0.6898201267365898,0.5091564688286858,0.6336557697474222,0.715157455889898,0.8926961855647106,0.8392332474414264,0.821286725961003,0.7679923940112657
worldcover_00266,worldcover_00266,3,-0.013305047127817335,0.6681189758307962,0.6569087229894837,-0.0009598623622555696,-26.143638988146336,9.370807412339472,-15.516540093414283,9.695839815516504,-0.04154372587061953,-1.0508802401286232,-1.0556809387746275,-0.01647974432460787,-1.7439274293541838,2.9338355163402894,-0.1368366931671263,1.4759886959667605,0.115161834873472,0.4240768688823618,0.40141044552256466,0.11159349447398467,2.433093984328165,-2.036945483167897,0.8820174258869643,-1.362622949089895,-0.01556302129192764,-0.04163053656241504,-0.03855229835167072,-0.015316245719940976,-0.2955614954190956,0.2241823707459474,-0.10991726613572643,0.16119318520969952,0.8864769324411166,0.8983582626344243,0.8788715989774356,0.9328041081924681,0.966316850816379,0.7034917205289464,0.8605721236655487,0.7839787708379422
worldcover_00267,worldcover_00267,3,-0.14409023541640736,0.5985621992837263,0.592027428023741,-0.022590332128333144,-23.83632918778786,8.346830690314055,-14.083443889233276,9.39137999883464,0.4353352429942137,-0.5310206499009829,-0.5712343330184595,0.42370055073369617,2.412204222159438,-0.20574827408283114,1.3295510894993527,-0.6391554331487943,-0.036833753698355114,0.23867778703409046,0.21953655011726092,-0.029361293114947666,0.017049312339579323,-0.6435029637343918,-0.08359281418644161,-0.2528635328224915,-0.002543775296743342,-0.025097636148484034,-0.02183243925824306,-0.0034294805837550477,-0.050615984312558544,0.10400382031234519,-0.009044149621908108,0.05245320130065169,0.913311373768046,0.6768543381894119,0.6281606057573681,0.9320418733925512,0.8044212148000708,0.8611893438167553,0.6733448109175468,0.7885318858111356
worldcover_00268,worldcover_00268,3,-0.12318692094830405,0.20486586111964533,0.1963206622749544,0.05060277224490121,-22.460140480737234,8.233156655879137,-10.570144045659998,9.138288921071974,0.20613068232996087,-0.4835097295424279,-0.5109718958699381,0.1335798818322405,2.622949373368217,-0.1345006820190692,0.004416650991404842,-0.42373378937012673,0.006852345380332851,0.23028357146364248,0.2140949873497618,0.05455963652242308,-0.18315169542985554,-0.6755378134979145,-0.10449040839240117,-0.4131152831145432,-0.004488196203671463,-0.02346594330638346,-0.02100461661919122,-0.010023667016113647,-0.01902085260956445,0.0974834833043803,0.01451644636458537,0.06608795338134604,0.9393797257505475,0.7420085004304084,0.6962682339321828,0.9796150589425686,0.7868441528856006,0.7181347519750059,0.11714502487438283,0.6638794131978825
worldcover_00269,worldcover_00269,3,0.0795278468633989,-0.08401379339171286,-0.1412673229069431,0.09326120149908589,-21.51767857496377,7.509437264917241,-12.912107728843173,8.802025619898039,-0.07471578128798521,-0.056762638945308995,-0.034811289345342396,-0.029802668248376428,2.4192697902657914,-0.39182061061961043,1.082806121316986,-0.7583513128536645,0.11203168306602643,0.1270468821789407,0.09415488528869877,0.11692034598294782,-0.47903858980311625,-0.44409545595303257,-0.46375786982569067,-0.25811852716338235,-0.014484013534296347,-0.016610128663931828,-0.012629033423809692,-0.01591099230478509,0.036673888012496304,0.0652512530681541,0.05692526433345557,0.047509319877383306,0.929416006755318,0.9395784352432291,0.9468452187765548,0.9075813727970684,0.6219514629924388,0.6253585794895544,0.7833249906547053,0.6074101338467881
worldcover_00270,worldcover_00270,3,0.07755998398182025,-0.09966291274141659,-0.146639312024821,0.1152639510956676,-16.477338812942033,19.6580954297634,-4.769182712723172,12.973984053910183,0.08495387816968111,0.035575944991294656,0.05232937203069764,0.09987939444799276,3.286647824839988,-3.3426089307072977,2.430648960204243,-0.9783786987195046,0.02786705733702621,0.05797097371216841,0.03511031328406175,0.041627097294315206,-0.6162593323801052,1.2488915096432167,-0.17460605414524394,0.3430810660077567,-0.005668247306634374,-0.008916419957214124,-0.006121986860766865,-0.007865938085197213,0.027105219061490455,-0.11559905840095272,-0.018382156029058214,-0.0303424322380812,0.8141059079758772,0.8250082383505132,0.8178822840266433,0.7848459065386909,0.19975356486971774,0.10911378454226317,0.16865488496645364,0.16534702684165703
worldcover_00271,worldcover_00271,3,0.056135250143733696,0.021945731883697774,-0.05534749986095929,0.07916918013131796,-21.939611737476877,8.186389228142092,-12.948957297558211,8.961473957742829,-0.0704942450432,-0.1745574206025101,-0.07627842666595977,-0.20114014637730257,-3.5406912711823924,2.6947401950992953,-1.144108781811286,2.0907565474432728,0.10936568571195032,0.1625161591082711,0.09845704130538087,0.1903238982784668,1.7737512094756704,-1.7040447671520293,0.35181152348984857,-1.2900275099754939,-0.014261366963881422,-0.01975564826562095,-0.012593582472434698,-0.023090555661856513,-0.16912297107074234,0.18556090698491276,-0.020000901663231922,0.13632674998773733,0.8909357575028671,0.9570662118419224,0.909122826783294,0.9603900738782272,0.7702842405526491,0.8630786873036245,0.3474104279289182,0.9067267841469943
worldcover_00272,worldcover_00272,3,-0.3416305755022497,0.6305784594380474,0.6379210544806526,-0.13271188092502614,-25.359800188723426,9.718904185466188,-14.678210892531983,9.997756967196368,0.6043141721785037,-0.6452738638405509,-0.6755827945612705,0.4278443832068679,1.7803601707344792,-0.14202725484515588,0.06195780994810917,-0.29038325005235627,-0.11639466714452043,0.2694803257009165,0.2483996687158617,-0.050405939903867956,0.04196241729518716,-0.779595398208872,0.02145537909699594,-0.47101370105839846,0.00523003003212544,-0.02810616679301466,-0.024632806692159528,-0.0010760473745941128,-0.027146040820610232,0.11568716263735897,0.009492085616313789,0.07436309675385254,0.8025081864358338,0.5833809282252292,0.5742024724275552,0.7777561662572818,0.976589596789656,0.7323130634229178,0.8949572475212434,0.7523812281399622
worldcover_00273,worldcover_00273,3,0.06103233219610454,0.01729427515105609,-0.08308046915088704,0.12439860200340043,-20.988577138254442,5.548484592268256,-13.102588296911183,7.22188625918001,0.015199704162559592,-0.16165329941681308,-0.12011166639064177,-0.007279036477916681,-1.7753730521805018,3.4803155741119562,-0.41994599212895545,2.251117290445715,0.08351198617759596,0.15164498685258396,0.11611078935977685,0.10627569072754846,1.3195824556515827,-1.468138199170657,0.4948847460826207,-0.9875435809323517,-0.012198374751376608,-0.01843080226557723,-0.014208716984762986,-0.01476282784433075,-0.14763926147967232,0.1381548690847155,-0.05918153562541922,0.09478098019450741,0.953820825195021,0.9381095661044935,0.9399808612191307,0.9671598198467672,0.6443456019342606,0.47328912077090823,0.7203625217608867,0.41649655349782166
worldcover_00274,worldcover_00274,3,0.11506199830970647,-0.0367694835771228,-0.07902501658959982,0.1499825467665963,-25.25171055005579,19.49690845574422,-11.989607326699907,12.971674728439712,-0.28090054969996875,-0.29489878588725466,-0.23828899242456808,-0.322408342733977,0.010160397689872643,4.570601039692623,0.6406594986659588,1.1410317165360981,0.19463662208355365,0.21068315670797277,0.16648252328123975,0.22105180809185568,0.5676940197657016,-3.3646061039813873,-0.4393172763354947,-1.1109638513023332,-0.021952707535911987,-0.023422658706855268,-0.018653756957689296,-0.024872801577051448,-0.05724248709234441,0.3542901531557403,0.060091348935495045,0.12241658009663844,0.9673545624504158,0.9696506286874382,0.9624202858475911,0.9642307143555088,0.7418471193296501,0.7915525439305164,0.6603498549346897,0.8328398909063883
worldcover_00275,worldcover_00275,3,0.1026069159700134,-0.05689955101997714,-0.09996494041247918,0.13368588415058955,-21.17800169809829,10.932206575029586,-11.023650040647166,10.446861157178487,-0.20537463341495946,-0.19899407618989395,-0.14704038114065102,-0.2355713111067556,-0.2020798490930907,-0.8666902796851349,-0.7984946056522236,-0.23302196811522408,0.15574129866906525,0.17721314383952882,0.12785029169413928,0.18943737850431722,0.6096883623743498,-0.5964913733785756,0.2296293590967748,-0.565119175456609,-0.018023749703867314,-0.020889197532651994,-0.015207884438110112,-0.022028192501477507,-0.06814544822613323,0.08664368876109903,-0.011706871532916009,0.07567315833109887,0.9677340485664553,0.9578975077364038,0.9722417985652353,0.9709100244855293,0.6640692734056318,0.875938506100314,0.2155058374864779,0.8984082497792143
worldcover_00276,worldcover_00276,3,0.07107581991507367,0.01302313251477288,-0.0850753228561105,0.11282831069194924,-23.237789734702,12.804413391660498,-12.594236196506563,10.639883831711169,0.2389410703706797,0.20482533522659854,0.20109922207807865,0.2641791644550507,2.7900851241652873,-7.897206255122491,-1.654963930106253,-3.917124198733487,-0.0392659609128108,-0.012023744072555569,-0.02959149659082002,-0.031550853089852844,-0.17068948513639867,1.9396300679506941,0.9696053899387044,0.9076605366658612,0.0012020922799065553,-0.002160649633768825,0.0002822958336728003,-0.00023438758922344986,-0.0231076327569818,-0.1407888552218943,-0.10806006724881495,-0.0632521285952515,0.6805145961942625,0.7213042759060898,0.6557009821378419,0.6986312528921992,0.9520524349298672,0.8487532629893434,0.8772726828538477,0.7826600352354686
worldcover_00277,worldcover_00277,3,0.007799624896223992,-0.16288261668700188,-0.1813659538148029,0.022860808805986222,-26.511276662565127,13.535625376653256,-15.778304427675998,11.380836606661083,0.13733528744154994,0.11053280369748229,0.09971188062742835,0.15786950231071484,2.473791296886557,0.38744752379124303,2.5583538497439164,-0.13501945709080931,0.02643109811099043,0.06613199196723636,0.0393828448408094,0.04149323282561792,0.22124194978253314,-1.5858806387036872,-0.5968296829614885,-0.8203276989553887,-0.00662063152839034,-0.011675849237074766,-0.007794601696947918,-0.009186456412679036,-0.06707161692520876,0.20982455952971116,0.047939916458315975,0.11703817386041683,0.839799262690031,0.9230874185753973,0.8773062004222207,0.788478018250756,0.9166627940020777,0.6672520646954503,0.7091302467774895,0.8280518645643883
worldcover_00278,worldcover_00278,3,0.09330584071355454,0.1450086655941861,0.020945459604262664,0.1836654794487078,-18.582331816772903,8.823965146618415,-9.111010696473938,9.378517282511545,-0.009888901421502637,-0.19321061582082644,-0.1162123610487288,-0.1489925486227811,-1.5133192648753298,0.10424854795775604,-0.7481980574750157,0.5588660088979703,0.07530140931333688,0.14161198998265165,0.09860692075675426,0.1438561073500354,0.7221750018406827,-0.6288717778046429,-0.09565704913669107,-0.6738314615942987,-0.010575020847059207,-0.01654842975690508,-0.01212614929924408,-0.017354513584363327,-0.06427877832053305,0.0733679668723402,0.026644662686288595,0.07431582053380398,0.8450903181581736,0.9085860167808656,0.8848080876789796,0.9039795403472385,0.7660369779699155,0.9071864399724532,0.7882806572924785,0.8776417779583668
worldcover_00279,worldcover_00279,3,-0.1216241747426127,0.6425595250770884,0.6638350337179301,-0.07986488562980283,-26.072854202917572,12.218851285574205,-14.616684456467324,11.170097371255597,0.37344811433673086,-0.5576169390733976,-0.6553972608831118,0.41317343458326233,2.491069647478703,-4.872461000514929,-0.06718033632935377,-2.9641709353430175,-0.08530699575546505,0.1915310380972307,0.20362818089124293,-0.09089809954892102,-0.3150025216883916,0.9395525999612228,0.02261533253292386,0.5329837126848733,0.005029290723341279,-0.018407958484433513,-0.018473621648312958,0.0050368645378962166,0.009692044868895045,-0.044998518139153794,0.008853393126701383,-0.02073861829686839,0.8055481599653084,0.47591593289607426,0.5893958596991472,0.7907261913765027,0.6867812169655941,0.4901893152227915,0.6791563506547666,0.5479495258934219
worldcover_00280,worldcover_00280,3,0.05590706502164109,-0.0793608259974121,-0.09893077036196667,0.08602929724888232,-28.299636785084033,21.191311234958352,-14.82951875802784,13.647945503434205,-0.09673482668555214,-0.17222865631005438,-0.14814571258685744,-0.14454507484795442,5.009029786880105,-9.66322179290735,2.264184113589398,-3.4644050713115773,0.12262037543985735,0.16792977968174364,0.13290853496011942,0.15847698578941594,-0.7481122731656497,1.6409719531392366,-0.6942968462139374,0.3175493861730139,-0.015419814698979673,-0.02011123217755193,-0.016061452603099307,-0.0192905490785235,0.041457568077806393,-0.08628887266067355,0.06931802687325221,0.003701237451775057,0.938563172552534,0.9629521922616436,0.9616061908608922,0.9583664090304155,0.7131313128047413,0.9502695741663334,0.5922099848012352,0.7881298348488011
worldcover_00281,worldcover_00281,3,-0.11125705684783686,0.31151358331694584,0.2409035409941802,0.06029755814057338,-26.302810966602408,10.312463279761156,-17.69928912113474,9.975725445929559,0.21163726072667532,-0.45948807765093896,-0.46470005591473734,0.015933136115708606,2.44297203697377,0.045320238429044514,4.031141447355556,0.9717601205384939,-0.008467034416883358,0.2032774511273158,0.19180341906748785,0.07169360735199658,0.4145586574154829,-0.7831800428708887,-0.5135879916196023,-0.8979311857920144,-0.0024387286598117498,-0.020496341221109774,-0.019076924846328863,-0.010106057850549917,-0.09109281156604412,0.0937654598645618,0.00014332045343037666,0.09753176815523368,0.7935698244763509,0.5874866484946574,0.5891296224039417,0.8893142945070998,0.8788501247019224,0.9923141740139313,0.8844684584444285,0.9867697741679021
worldcover_00282,worldcover_00282,3,0.001684174946237658,0.47479865112990915,0.4410733780682523,-0.024867063388227712,-22.80918837263562,12.092789321777632,-12.188169450246836,11.136024172181788,0.24739930242410646,-0.4200603804654536,-0.46295551140607777,0.33512076677843144,1.381741172809993,-3.9665520167306596,-2.113145105269639,-2.8160486084709024,-0.009762990912507454,0.1792733984438952,0.16924354374948963,-0.02212118206634385,0.0955380858506044,0.47477653403575704,0.8524878790091112,0.4266449158195218,-0.0034547307772134833,-0.018880483224009634,-0.016753790941268134,-0.003165349674721581,-0.05081047855081454,0.011668072382153038,-0.08772693648285396,-0.004420381349822968,0.6369183615120895,0.44231992656124997,0.47022783581562944,0.7438352904507679,0.9052788692026921,0.7209691114643112,0.5158852088731692,0.7319144121087684
worldcover_00283,worldcover_00283,3,0.13603089668084323,0.06288021993752818,-0.02025815172854694,0.19559614337755005,-23.90089047097121,24.271548444411522,-9.025958050420265,14.039053488949264,0.20564388690286076,0.23297633050612,0.16609630315372378,0.29279481826557013,3.918377011888944,-17.416337061527027,-3.619620352564094,-6.234191491949152,-0.055105115046774726,-0.06955540395146281,-0.04808127749469374,-0.0859376362875684,-1.1604441931487433,4.609371364342564,0.9783027297520694,1.6819784695218354,0.0038356446544724385,0.005419516633147136,0.003556652493172828,0.006519875141105265,0.09948246562816751,-0.3618816912053894,-0.07425232769697741,-0.13414289737095447,0.37223602625525254,0.26973930521983025,0.3245431466618065,0.3676810319530166,0.5190477472666287,0.9517321452309745,0.7183250149383766,0.92100670058528
worldcover_00284,worldcover_00284,3,0.28302587283999264,0.18816577078718136,0.06776799845763225,0.39484043961221515,-21.43223954025712,10.315321641745772,-10.140836204657226,10.09317776766444,0.11391517935588448,0.1527483485757363,0.139109523722991,0.18638269307594507,-1.3615194223397318,-4.921199357786007,-5.642410466188337,-2.9804874806359636,-0.009016409566316271,-0.02127102191572085,-0.025106553532570377,-0.039226044050027005,1.0242290341659486,1.2758905674294867,2.1789672363368426,0.7699513149623222,-0.0010392859429871751,8.77460144988811e-06,0.0006674745853877587,0.0018501646741472348,-0.1049303683703057,-0.09225475645779778,-0.19579108251770927,-0.054495007772460705,0.18440778196247098,0.1907769516302137,0.1991073719312243,0.18535217581382435,0.8589867648063786,0.579558513227056,0.9422428188295271,0.5101480138412939
worldcover_00285,worldcover_00285,3,-0.1945554165302431,0.530182890819778,0.5359804621248507,-0.09517378096158191,-23.368606836317234,7.270138385929335,-10.867341189135537,8.678151293382706,0.4586810166075921,-0.7380666943148698,-0.7441857404977299,0.5057026205458738,-1.447649684697276,4.709564654432941,-2.4942826468838564,1.7502072051931,-0.06139377932176701,0.33840407861711097,0.3080704431996972,-0.09316522745592924,2.2180548563042795,-2.602679017050984,1.6867307932737052,-1.281980739839971,-0.00022740844250792843,-0.03668769766021557,-0.03215935624044651,0.0036344849763230804,-0.3037873910800025,0.29864250333060777,-0.20700504174007614,0.15868842502189845,0.7081375673399353,0.6675357105863684,0.6237602055265015,0.7886331618877334,0.8777414245331525,0.7725548046729104,0.6588486113162285,0.6839786489478963
worldcover_00286,worldcover_00286,3,0.05181858558382791,-0.07789143372440005,-0.12472845612545368,0.0873878267452571,-24.140947350529633,52.408535952725316,-8.156001358380228,16.372832093755516,0.06565052606304961,0.006428700169578234,0.012522657619907777,0.07419309886320243,1.2497269182831763,12.395633293260161,4.597409406124918,2.9843161889169676,0.023975428144387856,0.05355922387533889,0.03834937194975099,0.02448091843040479,0.4289150825765806,-9.083679136845102,-1.293674749176482,-1.8255765243970057,-0.004672063282067909,-0.007792111142830119,-0.005766534968514488,-0.0048900272772468755,-0.07453124447473351,0.9437821498448451,0.0894523107014773,0.18469237576525319,0.48234823320234865,0.5996364452300094,0.5526267730465202,0.4972251618141075,0.9249500633649786,0.615235467687028,0.6312350522838408,0.7568115050348548
worldcover_00287,worldcover_00287,3,0.06202919962212119,-0.015527696264061794,-0.08195801756598801,0.11544587079322642,-21.573399869533727,11.594236788143453,-11.508114794163287,10.518674128363847,0.08164590637241771,-0.07348784847214479,-0.037919088355486685,0.060572427653131575,1.2703233051600273,-3.0853619331140867,1.107529912559472,-0.5740631339744677,0.02474585703315149,0.10150072497045563,0.06736913417744159,0.05368945558930363,0.1358870000241922,0.11202995036488966,-0.5783755104282576,-0.5465081569076272,-0.005019271543910672,-0.012786370325795925,-0.008848079367343218,-0.008624281960003302,-0.04255761467400479,0.02778048691064537,0.05809059212107701,0.078916189614233,0.9207886808196237,0.947980804776198,0.9221402882890205,0.9677472841690204,0.6741912724849407,0.9637028433636539,0.5736461237460435,0.8948205857930467
worldcover_00288,worldcover_00288,3,0.09150000591072507,0.1562226845911038,-0.011626605847569462,0.1548909924247043,-21.096822096946443,7.282967693403791,-12.423381347769295,8.41013267535622,-0.10773290217455968,-0.48846028142031983,-0.35075542256827247,-0.10194676369428571,-6.395841928932774,5.255977364499681,-2.4982136115748257,3.6008735824464257,0.11778111430170426,0.26034578256857316,0.20122772737434397,0.11846111374564493,3.4057146377034244,-2.6944248736399734,1.3381863470611768,-1.9261041516316821,-0.014910942445213472,-0.028417032889344468,-0.022389276103690414,-0.015025926020109291,-0.36146065877295686,0.28457709153426325,-0.14238894951917935,0.20599261394949908,0.8503898062103746,0.8910888353876333,0.8578445593859378,0.8617272775621094,0.9462197474823695,0.932656293740836,0.7074660847699612,0.9827659039926797
worldcover_00289,worldcover_00289,3,-0.09683053927056538,0.3781415948531388,0.358827751037703,-0.0892864677659927,-24.864937146195828,8.831424816870204,-15.323009765372397,9.52522710047635,0.4107974869951206,-0.1637269144042554,-0.2270212142176447,0.5030582785266365,5.253879334569967,-2.6750583846244766,2.9128713663919137,-1.9487410019789542,-0.11446037269783926,0.046394373458564175,0.053746747456551926,-0.14075846464103017,-1.478093769433497,0.36207920671008564,-1.0854109940487893,0.22086932381015056,0.008505880493624302,-0.00468616656526321,-0.004599366559381854,0.010414254423607158,0.10124101290039428,0.0010196360543500006,0.09291792417686352,0.007657165822270928,0.7273467534513156,0.35355114126967857,0.5038573296840669,0.6966303356136407,0.6435788696357173,0.7332706267553275,0.7712688959407784,0.6471991292901188
worldcover_00290,worldcover_00290,3,0.03552458504129296,-0.08407423882321982,-0.11863347459020106,0.08043146505951779,-20.031224002272186,17.019851134719964,-8.930347459068859,11.59715665359812,-0.07876902243115742,-0.1280643233866789,-0.11153509841847434,-0.07139417094488858,-5.633766685998267,13.7823494547637,-1.9303089638959416,3.491425945245883,0.12346688901666492,0.14778203005172716,0.11404053149422322,0.13127124566762208,2.5507954137511946,-6.953646497188698,0.6481987719661402,-1.9631849060474924,-0.01587010458618537,-0.017900617929608228,-0.013805210134108561,-0.017022260775168736,-0.24876771883961557,0.712368479993302,-0.047665426942132286,0.2108206349325184,0.9003165237753488,0.9298583821409145,0.9107381136380432,0.9043934081462406,0.5335955087856563,0.5771886861148852,0.372948425235336,0.6884573948633751
worldcover_00291,worldcover_00291,3,0.12893728820811623,0.06995711955382845,-0.12698903341185097,0.2776143731492924,-17.335001347981994,4.645853626687389,-10.490378464488424,6.528163820164999,-0.16271252564821748,-0.22261018802722168,-0.19220616233845467,-0.20126464572690617,3.928449479905147,-1.002026159004087,2.523988148852394,-1.0856243458169348,0.10962358630853031,0.1505305583314621,0.1272492949524288,0.14331127008124822,-1.5023628953190826,0.31400196610814096,-1.0707205805284405,0.3575047029259675,-0.012395500768289942,-0.017021653736292396,-0.014352761575895722,-0.016300986097617563,0.14245976308440317,-0.023651187644514824,0.1074063688401002,-0.02792633653430397,0.931890424983422,0.9554042066475197,0.9388484616060754,0.9585334015803242,0.7708145935355015,0.25931649111987254,0.8148479169842984,0.25601242606930574
worldcover_00292,worldcover_00292,3,0.08599894058926004,-0.042806695469401024,-0.098652821824406,0.14414289209878814,-23.39422237130451,9.84944566230591,-13.465833842246502,10.134471381043616,0.06557505185663338,0.013074948023708977,0.03210014255628689,0.04371605514888721,-0.8726631827152042,2.659315873395435,0.4668788641364379,0.3690894872641517,-0.01945289858646116,-0.006189994169278176,-0.013181832389204508,-0.014795614696748845,0.3445204421116418,-1.6554533456101115,-0.5146264684904924,-0.5313278043033612,0.0013965867073012647,0.0005354619058168889,0.0011925805698741552,0.0010983796809056797,-0.039196605842148756,0.19412967976719434,0.060865724273287375,0.07221069589267672,0.8759408859662026,0.31297099573207365,0.6388993100987819,0.7642339264716045,0.1301598203992934,0.5152222965480611,0.37613257208499196,0.350977271924654
worldcover_00293,worldcover_00293,3,-0.09104582091053841,0.7474126930941217,0.7481303920362584,-0.02491135838808276,-23.822513761890228,11.629615239720696,-12.375096427532874,10.51289160875096,0.42198583354430547,-0.5814167343316559,-0.6813701363224964,0.47601340507112666,3.989071500633357,-3.3976950287634002,2.7291540194489863,-1.5840894211715828,-0.11349192037416504,0.15670873365038385,0.18072361709425014,-0.1282467141070146,-0.658334802550886,0.33398934883122905,-0.7764808553149958,0.12188810233321803,0.008113565341026342,-0.013524644227340957,-0.015037303935087301,0.009151912491881464,0.013016533545907922,0.022675437285516586,0.054106342793433355,0.015583596976702419,0.9916866622701853,0.784534010120479,0.8246745872947854,0.9972121684067352,0.8011096032642626,0.7793557892792334,0.5189265634469487,0.7719653193589028
worldcover_00294,worldcover_00294,3,0.06085563654985431,-0.1289358863776386,-0.1594053746172881,0.093275716133189,-19.125547473008318,4.769167578436579,-12.584604168803988,6.821809367117488,-0.02581230835174053,-0.022968616602675816,-0.020843123795375708,-0.024591501979600403,-0.9815485069272089,1.0343545694247271,-1.9872856419517042,0.48699258095396114,0.07971545679032989,0.10128528925537801,0.07384080246284412,0.09678177682287767,0.7932496243259125,-0.7408756590461218,0.9351016109078927,-0.5036743207519278,-0.011028626581711881,-0.014225838988116298,-0.010415766134180814,-0.013470816905751382,-0.09305357337438364,0.0926530576725996,-0.0880817544207381,0.06597605193744316,0.8535953115690726,0.8923964997821454,0.8553102302035845,0.8349290797612117,0.8364820077895991,0.6524392068411414,0.5371955788982286,0.5463478892406457
worldcover_00295,worldcover_00295,3,0.08154752683712818,0.02299956232309308,-0.021412485067478955,0.12301866190903094,-22.002552751003577,8.061939065799093,-11.919809403716831,8.89357079693009,-0.041833848792231634,-0.10703612543228568,-0.09885041685848812,-0.04493258107039647,0.2763646304727179,2.1388736976974405,0.0696870795246473,1.5664243594180571,0.025567110099925974,0.03968835245108315,0.03494531564914427,0.01907957695198777,0.21315027622936641,-1.2026390082231206,-0.06516350373479073,-0.8661896020714853,-0.002343584835032185,-0.002942897172437771,-0.002622661093776723,-0.0008827990504226277,-0.024333442519580653,0.11729548470875281,0.00632246768058949,0.08367275788541444,0.974198405263145,0.9735998198071362,0.9824442761013248,0.992351049295984,0.8740689224570481,0.9074040784004264,0.4037841961097651,0.9438704806168043
worldcover_00296,worldcover_00296,3,0.038959858084421026,0.4970508347632269,0.40657613900574635,0.027881350848033185,-23.759015797298147,11.164562846685508,-13.912522477959932,10.407154701878168,-0.033728545778603035,-0.7464356635002366,-0.7008289823988576,0.11145414306323957,-2.176032616377085,-0.6217174105281285,-1.11246425359028,0.10184030555807902,0.10358407924547942,0.3207966435269259,0.28225692764763155,0.061626903305547764,1.876737260274141,-0.7287189424554894,0.9104484965880658,-0.6411047552789014,-0.013912511272274662,-0.03232999752285051,-0.0279591686158168,-0.010258744804734234,-0.21865859190472042,0.10685550806013343,-0.10273780859156652,0.08475714844582476,0.904811025588746,0.8892835245923703,0.8541989044603229,0.9755870842196716,0.9792938105740692,0.8377216811953733,0.6913065327574315,0.8899967886885692
worldcover_00297,worldcover_00297,3,0.12812492584686117,0.06328474470611714,-0.06596475711205278,0.25310301283995273,-22.28994957219867,8.604721270929863,-13.74243323527289,9.341827259591085,-0.050179127313916556,-0.11864472937489245,-0.1027877226375806,-0.07367684236831108,-2.9314859787561405,5.980874598873671,0.42820839016253176,2.7092083625353998,0.038787966210668365,0.05868161289884141,0.05311431469460251,0.03823519427151903,1.5899645034699623,-2.5613567668684625,0.2200712054154564,-1.2273664299000797,-0.004681882952299511,-0.006464321185091519,-0.005920368757080092,-0.004152789298031063,-0.16658158049205898,0.24834700161268125,-0.03597091737456728,0.1221314984818666,0.6694016746067475,0.47204947327702207,0.6418116243727621,0.3726036931501222,0.8562262003024316,0.9303016300531445,0.8795053475740351,0.9088156355021072
worldcover_00298,worldcover_00298,3,0.032016233520959995,-0.042059440984193425,-0.08475167744539064,0.033122269606048,-22.637169194884546,10.778596966302473,-11.822394539413,10.401364609104862,0.031051388375152054,-0.09332673120430572,-0.042667066146219915,0.06260389595159471,1.8924271339478984,-2.3076679089159535,0.5290851251865732,-1.1423765705934599,0.058691416564551874,0.1285947467043221,0.07947106919860164,0.06545424096899119,-0.0242283906025444,0.134455580022276,0.1165354386056665,0.0028572336297495475,-0.00906705821099834,-0.016387155390052935,-0.010560094181335335,-0.010667383953025857,-0.02801573864900414,0.02508221167240949,-0.029542198387004597,0.02191332424846442,0.8082796891937979,0.863023496058943,0.8442474254790178,0.8030774717774098,0.9659195003310833,0.9411381853606625,0.9944403251038213,0.8750005809766875
worldcover_00299,worldcover_00299,3,0.09552702119580521,-0.008261428969546937,-0.08387079840582509,0.14008434568390568,-23.474037249421915,26.065206193773278,-10.209186524325927,14.319939937094961,-0.15643817616837663,-0.23797052364522747,-0.1634636215850818,-0.2281391585748334,-0.5318487006940211,-8.844475105804683,-0.79954117404984,-1.513948900710219,0.13318916260802827,0.17863955636895776,0.13182816514644544,0.17951149927266716,0.6800909507125397,0.7061108632823302,-0.050115022167780986,-0.479214721409932,-0.01583467074150034,-0.02030967537788767,-0.015346557972011987,-0.021029722434703736,-0.06509867599293959,0.027062770876412515,0.029141441946092538,0.08429159768305393,0.9409315426814351,0.9500973903497498,0.9638004793248808,0.938163638863897,0.7937556330811404,0.9748984041806754,0.6002890535364875,0.9768679709111574
worldcover_00300,worldcover_00300,4,0.14890540817300493,-0.006912397799278794,-0.10536314434174232,0.2711923443006753,-19.789820130711085,2.477724159473689,-15.599081606486015,4.163428289725742,0.22547873486818318,0.30672307669865034,0.22080621421189237,0.2865931875412419,-1.2372809859640022,1.8434590996299016,0.7279631661493959,1.9380002865201924,-0.0702592950930402,-0.10029817931555615,-0.07663439410674126,-0.09001049954137749,0.4592070741358354,-0.5400360285218616,-0.14762143164723843,-0.5720823154732924,0.005472447581844597,0.008211538564846516,0.006460533587901725,0.0072027034681252725,-0.04280222307492489,0.04501538995521851,0.009426549766425393,0.04848716638356776,0.9021132083860428,0.9227064057969332,0.8953215399774547,0.8973189829050113,0.35635919405522876,0.265584771097621,0.2169295210621326,0.22381587956516347
worldcover_00301,worldcover_00301,4,0.1093353400897404,-0.08372875957778,-0.1631283608801436,0.14111458781090672,-24.35140332185944,9.593980976403717,-15.939819384926487,9.669642039215775,0.11830279327732544,0.0771571654116822,0.039925947401022024,0.1767706850336654,-1.109285981827522,-2.9437690756002803,-1.0392314994995449,-1.469123002172887,-0.02745403314812251,-0.021803319604373886,-0.012720750507725238,-0.040752466364856334,0.6070241962834982,0.41381306553305236,0.1935212751702362,0.12308581588616944,0.001574586582298437,0.001351655792501386,0.0008292304107336063,0.002455319005130513,-0.06873698349019378,-0.004211200302179979,-0.012480147150791782,0.010000037116461776,0.865300584271252,0.8141132746177782,0.8159590705340563,0.8826067159199587,0.5137526796909052,0.7599291754243442,0.39726622601175754,0.7398951757938936
worldcover_00302,worldcover_00302,4,-0.11828139018683184,0.6021242182363167,0.5923828034464161,-0.09815875336414935,-14.631521480586152,11.020240936936235,-4.346208420941055,10.268382120845613,0.3526330515357252,-0.020778917012707666,-0.12808935525309806,0.32920656327365166,3.7567278307390275,3.6176250330543938,5.366491588563654,1.5532711804984143,-0.039144410188959367,-0.028129250359483302,-0.025415776898173,0.0018476235611743638,-1.0407604271087607,-2.2965786526802936,-2.084849716854268,-1.057481726696188,-0.0008860768256237074,0.004274313498024964,0.006060620802783883,-0.0065492433307673655,0.0732892556327699,0.2603453840552041,0.19066924165881677,0.12231817650923124,0.8308047245600639,0.19188803128097942,0.4747714054659329,0.9187870842801726,0.8883022619710756,0.7819263989687208,0.9452101671006847,0.8851096727003842
worldcover_00303,worldcover_00303,4,0.09822418441949386,0.039011047870823885,-0.01809651277620683,0.14589496859998408,-24.268350386974415,4.334052605107132,-17.89165196106174,6.420826424387475,0.02892561841849987,0.01038269849405396,-0.01283949488655678,0.030404607041014563,0.35478551703554057,0.19733003031440663,1.0694659203709374,0.005491207436928523,-0.006672285660294749,-0.007083301382034491,0.0014381267501291219,-0.00825904923374262,-0.045808503442494486,-0.06407545838846414,-0.3409731955885575,0.007539065483342047,0.0002963317332190418,0.000838094913033825,2.5937338406690815e-05,0.00046335083592419896,-0.0009746176814089404,0.012105802552673302,0.03331004991657134,0.004038858357927437,0.954051629807414,0.5895489039316417,0.9536516298950787,0.9383282881818799,0.32853303706277226,0.4559681535686584,0.4639219002437075,0.4565016148833956
worldcover_00304,worldcover_00304,4,0.11680301718351785,-0.0056071322213744525,-0.0891510864550417,0.18336793622284236,-22.845537460156823,9.18258149833336,-11.23006794879465,9.562780470966507,0.08613841763857742,0.04226837434717224,0.02648818203144603,0.0780209099489545,-1.4106132814472339,-1.793768944857442,-4.8663495652606645,-1.0810604843262124,-0.0258124636480099,-0.014778515965036746,-0.008188546139311484,-0.02719690453954593,0.34149250289844546,0.36729101439977707,1.3867726540148195,0.24071312788267776,0.0019475217239618065,0.0011404445324318879,0.0005099538224514088,0.002278397631163554,-0.029907103130337707,-0.01576017122081251,-0.11688199582447875,-0.012045936182084306,0.7583502696901798,0.6650322196558438,0.6999606190857595,0.7129064332058723,0.7014636613823417,0.4440874528884806,0.7702381244298373,0.44424072528248504
worldcover_00305,worldcover_00305,4,0.0695787131794729,0.4937604188523955,0.42156903835182796,0.06415774887710032,-25.763405399988095,5.347643177183455,-17.941303867060146,7.292670034287522,0.2775017977734132,-0.17027831369168347,-0.27494402189872075,0.4474124661572858,1.829462918174285,1.19736440533082,1.9196579039384813,0.8385710389900727,-0.07245253341662328,0.02175856296989055,0.05008605884557421,-0.11417179553088153,-0.49347416810762335,-0.502896107621995,-0.6085778639567078,-0.34744105382475554,0.005011847125266789,-0.0008219878513817569,-0.002825374376367442,0.007808116104717196,0.03295511538531374,0.05386412172927322,0.04677080284395163,0.03668548010762836,0.9860133751318649,0.6650660053058941,0.7183113342149571,0.9698130305511374,0.8192602553706652,0.47282617455559217,0.4963031459147973,0.410637920016503
worldcover_00306,worldcover_00306,4,0.12491004254294856,0.08021454558227879,-0.10208641669967036,0.1453510656049748,-20.56089024847413,4.500080102399215,-12.65422360823068,6.411638514482582,-0.06316175030711907,-0.10435680883921727,-0.07680236190439182,-0.06093714735101063,-0.16818142974667255,1.5465329637168226,0.6999355613075077,1.4503948575391115,0.10807720974726065,0.11640010896900832,0.09463171693153712,0.11343159120191217,0.47763968700354065,-0.736721732367936,-0.1693979216398275,-0.6932173883847775,-0.014289886811288953,-0.014664213770454883,-0.012171032622155523,-0.01486276944327836,-0.06472394966701696,0.07562164880705495,0.009641853434759994,0.07158834647342131,0.8621214824911907,0.878207318449662,0.8365263678990513,0.9297146598317874,0.7595142630484559,0.6166721949420566,0.21682327285433933,0.6747143208842082
worldcover_00307,worldcover_00307,4,0.0706759587594246,0.01820102458198895,-0.11343346062031633,0.12055412725065709,-19.948321147221495,12.157171671007218,-10.804559270213119,10.876092421072238,0.2268705302925503,0.1563726121204946,0.10036230173021057,0.2749732816148369,-2.6981995702073522,0.3317810525522514,-2.3257426899129547,-0.3943277391100608,-0.03895176064282785,-0.026239970765475608,-0.018806244871575,-0.03131334669081673,0.7048490730396615,-1.202427372149702,0.3957883509703165,-0.33100037757576195,0.0010946849329250025,0.0005919164977967643,0.0004984411138175644,-0.0007695025115302177,-0.06123671444731192,0.18072873155483699,-0.014924051050652856,0.06041525002482196,0.8523061975538101,0.5908481577962932,0.5565314960708778,0.8973686354521883,0.4862418269603862,0.7314294767170388,0.4006795824473792,0.707262714253033
worldcover_00308,worldcover_00308,4,0.036402031609899986,0.604595806110988,0.570132529983917,-0.026973690244962083,-25.73399789306456,4.094738718477467,-20.648695564100777,6.0871838564324126,-0.008868049789315905,-0.2945742990289409,-0.3361873953706681,0.10408801193689077,-0.20777377376544065,0.1839294680044835,0.8076978970771548,0.2782232427293743,0.055441487696215076,0.07802539621983758,0.07260149440151575,0.03807879341826719,0.3351275274827069,-0.13987875870531252,0.02861113867003691,-0.18656803791492715,-0.007563635522751906,-0.006735097052472996,-0.005324772610846478,-0.007108466885513587,-0.04235405086229549,0.014769087777994572,-0.02001980056273671,0.01939048586743935,0.8422477795710003,0.5111004733021198,0.5980564968883761,0.906519806581729,0.5318985696885343,0.4854375361311375,0.5237840350774345,0.49986474898638844
worldcover_00309,worldcover_00309,4,-0.3384825285593501,0.8009583593317964,0.8246787836154307,-0.14924261874208805,-27.15208380363411,7.657833571771877,-18.61755164337921,8.61938609563478,0.6368376436956522,0.06450183056886126,-0.04893928695292806,0.4895691915030866,3.474430020525886,3.411843740980515,4.658446598835151,1.7564573257412006,-0.10101169207706293,-0.07296529786411274,-0.06946595181666644,-0.05226956088361975,-0.26708163374312544,-1.6257179663433285,-0.8395639947126496,-0.8138971205679287,0.0024520170760931794,0.008444537982495127,0.009940377747019119,-0.0020314018345541614,-0.03491438282978216,0.1743307531533684,0.027749862866858994,0.0856210612001123,0.8200421353164481,0.47187237242298774,0.6509208305661898,0.8487477553865836,0.9512547387087813,0.5215613136203912,0.9901864720847825,0.5329332890201646
worldcover_00310,worldcover_00310,4,-0.029776250666686488,0.7353884180386853,0.7214924726973876,-0.04129011334958832,-17.165588198265866,13.06289990563909,-5.547167482510115,11.276706155099474,0.12013824077470694,-0.25120086678200276,-0.32650774587241427,0.10152947856490185,4.349018962541001,-7.15592227905478,0.9892673484130521,-3.344392408665763,0.06010793015274143,0.07496785407974603,0.06286725314793652,0.09347563275387613,-1.0149503073510695,1.658658399845572,-0.36058731902414637,0.5940640351354343,-0.01052269011046064,-0.006002026713556715,-0.002811573295280193,-0.015168983526068172,0.06740947994216556,-0.09975926073035074,0.03717464137991972,-0.019793765660922686,0.9334146642131227,0.15799545909423807,0.3976699961874093,0.9812980870097241,0.7306198393754662,0.7167486251634112,0.39579525435670937,0.6873879572820576
worldcover_00311,worldcover_00311,4,-0.374409580105958,0.7298949404873643,0.7449188223390875,-0.08081092312931962,-28.238401609652385,2.16801655309572,-25.683488332101906,2.61222878290944,0.7178457852857822,0.11861151612053183,-0.03238463549623553,0.4385823377348953,5.953423379796734,3.999083617416879,10.743262804330328,5.1575315116692,-0.16950476424469335,-0.13753621804515812,-0.11177234051676503,-0.06619554759180614,-1.3367998842463096,-1.3655933239609448,-2.8175720746328077,-1.614738497833457,0.0108701725825002,0.01701663088787232,0.016338024137899105,0.0009252058290359043,0.07446287435815103,0.13107829209961297,0.2066050120116894,0.14464771933415982,0.706297585482628,0.8543345826502181,0.9131328614368756,0.7623386940358224,0.8769349956310328,0.6373551050006732,0.9534393197315694,0.6977799337590229
worldcover_00312,worldcover_00312,4,0.08457943492924559,0.06207156294222958,-0.08140789717435848,0.10923852094194986,-15.900500622083342,11.25925193448536,-5.63091128992878,10.470989708991894,-0.07073461104239169,-0.11841117405879524,-0.10897316032695335,-0.045326280333692584,0.6290978895968782,-0.8474822400273612,0.40490710900441207,-0.2509536152744633,0.10815159937892585,0.1101385015929802,0.09296621737026027,0.10084151437917309,0.2994521508675543,-0.14692462563260217,0.14252155371395514,-0.1489722314871859,-0.014147177287480701,-0.013739648707813086,-0.011604278451866576,-0.013257761269506787,-0.055558067061077014,0.03837308322860588,-0.028477469307216157,0.0267615662493252,0.8082946972133561,0.786144644703415,0.731160952313314,0.8950876759477859,0.703701356900641,0.2911089626513028,0.5033061093372562,0.29566044698294525
worldcover_00313,worldcover_00313,4,-0.45902966053484767,0.7180513297066554,0.7359292245272442,-0.14792085063615518,-25.778996871576716,6.0605278980451045,-15.41278134805851,7.855695128500823,0.667637403761618,0.23201167098586375,0.13454210900124908,0.42875002953963,5.152462812363952,1.906278373236344,4.488588822503024,1.0986446287445286,-0.10887328899424636,-0.1407453225224046,-0.14604130232287343,-0.03329336861585908,-0.6503038591527093,-1.0969005082239043,-1.0126100953947645,-0.6935099513126474,0.0029718235777756387,0.015152685419477577,0.017877713396129268,-0.0036173393359558367,-0.006756994535864376,0.13001611662371892,0.05891745843372137,0.08383465362376954,0.8314457962089417,0.7941329782679862,0.8317871462609833,0.8698606793974301,0.9218749074084087,0.8872056132638935,0.7733894060134225,0.8110314919012941
worldcover_00314,worldcover_00314,4,-0.22677576499962154,0.8044504541339298,0.8074250970826012,-0.022597060567052327,-19.790293911144776,21.420151128257206,-5.331048101348401,13.10343912069054,-0.10344505274033729,-0.005299347970221375,0.03941979761870972,-0.20918205359743552,-1.2739052968159923,3.0327421176851455,0.281008161194762,0.8231425120156264,0.15425093236736237,-0.05275473456620127,-0.10890515892891374,0.17876326990640362,1.2621454756178643,-2.9330079769271813,0.03658756530279102,-0.7717833408500512,-0.019970733314294862,0.007317132721043593,0.014427954820219902,-0.02136774604782611,-0.14383764262936427,0.3741479179990732,-0.0002930690504150527,0.09721675862819154,0.9556794837494165,0.5809302543575466,0.7453393248051154,0.9662997214256145,0.7142965199147286,0.6169420865617006,0.2406750784536068,0.6295345211806821
worldcover_00315,worldcover_00315,4,0.08776041773625193,0.11390803449533216,0.027335962111299943,0.15727794328422295,-18.901276253746563,5.432465420590174,-11.928320882732772,6.8784626452495985,0.07235983659461546,0.06730236547688624,0.04824682932701832,0.09123078597679946,-0.1876755813233165,1.856100264578394,0.563197133506175,1.1062713690648247,-0.02338266019288405,-0.025459213835465407,-0.0207402467913119,-0.03465358950036425,0.3242053575619803,-1.0299398641296054,-0.16847389505260166,-0.6692347737494105,0.0019498067704097918,0.0025482669359806797,0.0022256414434223444,0.0032814458163097624,-0.0432219392470804,0.11269921238050779,0.015881214742249603,0.07656803866287185,0.7002355674252716,0.7498338380642922,0.8344262383981043,0.7952661291174816,0.42522565414346436,0.2810563476498571,0.11634521370596218,0.2924844097107526
worldcover_00316,worldcover_00316,4,0.129474505495024,-0.05205372545981048,-0.1329451875027382,0.21786263901175887,-16.844387610622668,6.124167502658606,-9.360109958838368,7.5532919268741,0.09853915337127706,0.08539176071506167,0.07193147098379477,0.12676112755896538,-0.26453415761774707,-0.06866288141628961,0.023632993436861705,0.17888538978811355,0.007931569681313541,0.018538667530111703,0.011401007770363151,-0.005427362340869289,0.08270468784851728,-0.2346744441262088,-0.157201152561719,-0.2444228303718183,-0.002953341160254152,-0.003834039819511504,-0.0027696017571019445,-0.0014586219883928435,-0.007749969797313325,0.03741118191588044,0.022756214284655095,0.03371705471986725,0.9382490710842717,0.9606807799918989,0.9406139329469247,0.9432045467905646,0.1619534835135551,0.5497346254446254,0.554380109260528,0.5018141243223497
worldcover_00317,worldcover_00317,4,-0.1920559972966398,0.7270883425618645,0.7360834886856131,-0.030804903895565488,-27.254118547328076,4.446932727338065,-19.951595877502456,6.401788675967789,0.42970835178232647,-0.6405232232359649,-0.8010201535468517,0.33586392924189534,1.9943087602746625,3.534903407688413,2.698346810264554,2.353857977438748,-0.09225239881828887,0.18616014564595276,0.21594570780745415,-0.04701566517159531,-0.24943086048299246,-1.4078086197400808,-0.6021160209291206,-0.8579821807114195,0.005584851725582755,-0.01575221724319035,-0.017176904753226807,0.0006662476243394746,-0.007258339924364155,0.14883555390311803,0.03659056347392467,0.08581538349702189,0.9777383849350866,0.6398262331569142,0.7470332707428551,0.9814584808488241,0.9301981207470715,0.5745231773085809,0.4593252072512375,0.46444314889744287
worldcover_00318,worldcover_00318,4,-0.013174417063730957,0.17719196178245003,0.1188471506942414,0.07380395495530355,-19.23657517103123,5.058130039365982,-11.9792974628798,7.037927758542319,0.3548080289855501,0.35276018634497425,0.27069773428910576,0.32016899129227966,-0.7720506232506275,1.0860957509031106,-0.9433822984617798,0.8933092022505491,-0.059486661743312304,-0.12333898108404115,-0.12091694026580632,-0.027565558864311706,0.5925992050555771,-0.5585459330751095,0.5870749538481559,-0.4894826494244354,0.0013878438164803381,0.011399608453491068,0.012879052307607204,-0.0027922240998407835,-0.07508471464737358,0.05928567441954457,-0.07236800649595278,0.05320783408219971,0.7793574194694999,0.21607254533713538,0.32341810748645494,0.9427292988097191,0.686427339613747,0.49051898863221166,0.8253112916535514,0.5014856093067316
worldcover_00319,worldcover_00319,4,0.05880254447882225,0.317418250622171,0.22876395826989895,0.09534421653458623,-14.21405127447164,6.515309235369007,-6.913248892723858,7.987480377084963,0.3044120376479173,-0.017741136785064227,-0.10949139870584922,0.40679001547987453,0.7669114219030911,0.11052479968916812,1.1475037010196112,0.29863257399663345,-0.03540472724953871,0.04804912374810477,0.060304671977505504,-0.054142139303735785,-0.33830167301787345,-0.4039780793557368,-0.641282779312506,-0.3856267397916634,-0.0008647574536077984,-0.007239990444345906,-0.007318576101702873,0.0005353144322982912,0.03354858975861919,0.0564662800048897,0.071121173126796,0.04970139827641921,0.8893661406388809,0.5897100246768063,0.5047350684626991,0.9452021478847561,0.09944225379506388,0.5556684807266624,0.6812791030353862,0.5318079655118277
worldcover_00320,worldcover_00320,4,0.12710227975058627,0.7314187769185411,0.7207704840058627,-0.09794449653815172,-25.275651987554166,6.195470292859846,-16.143256956252415,7.9201007347956285,-0.1409942407415275,-0.2519496641609641,-0.30754545778923104,0.18815828743021207,2.719660693254419,-0.4142519584770649,1.136127576431255,-0.5165776231952498,0.09910247686380032,0.0338024472358165,0.025370494010999386,0.03191232039831028,-0.5732699448194042,0.21262236758386074,-0.09102675043256861,0.243849836366165,-0.01136551207944995,-0.0005586399329882694,0.001675078984011302,-0.008023202682685374,0.02483996052994139,-0.012102525635233842,-0.010107330599801314,-0.019119837626493365,0.6063026178686222,0.4811511297218586,0.6542696717322045,0.9352692944315011,0.7098758950648034,0.5882515558993945,0.7533266590664313,0.5755533642896928
worldcover_00321,worldcover_00321,4,-0.27510237088690426,0.7970626999934513,0.8368359836890837,-0.14719701936524734,-25.46947811717227,37.95406323702637,-9.704740746570168,15.856567698489481,0.6104689461591376,-0.11666627452960125,-0.31528570896960656,0.5670159114524709,7.254454244807023,-9.378932184068733,6.40017170322217,-2.1314624791797323,-0.15302844759211223,-0.02835068177609208,0.017270634042550595,-0.12835577490751593,-2.529706060426425,0.12263576312622594,-2.7272972683886345,0.3061786856267252,0.010695269891998508,0.004393364820215432,0.0014046803657718169,0.007822012726330376,0.21455158522242665,0.23431186279367316,0.26691510434568866,0.005456488934014565,0.9495431382127811,0.8573368551700352,0.8898707114752945,0.7772678310873673,0.8921289866302672,0.9794770629449076,0.9606773675247933,0.9536121895850435
worldcover_00322,worldcover_00322,4,-0.1425494253301435,0.6103969293110283,0.6124006588837464,-0.07671967586220102,-25.801127014042056,8.246713583347603,-16.411281021476086,9.216984685640911,0.5108931185392682,-0.4470387948529103,-0.5949382313997433,0.5394132511675465,5.491416960907728,-2.5716968196663044,3.036838344257583,-1.9317353142313716,-0.11544170851576015,0.15526520802732147,0.18123336040556712,-0.111271591353113,-1.2158090274178959,0.4409844719013838,-0.7483306605809856,0.33860251249615575,0.006942744801885427,-0.014992237053435258,-0.01615845249372538,0.005777502634722453,0.06974044826296456,-0.016002012874689997,0.051107585236339965,-0.012508704534738848,0.9431175521643419,0.4131374848570706,0.5671740024312186,0.9409185113630113,0.908704185456854,0.805712662498199,0.5715348029334032,0.7234447021379218
worldcover_00323,worldcover_00323,4,-0.39052407978560005,0.7751068915381589,0.7856804555790005,-0.08163854372546599,-23.68753652330911,2.5751291583576212,-19.591562222222606,4.239184819288989,0.2618193331878527,0.11222894548896625,0.095374695439304,0.05829719300308006,-1.4893057279066784,1.406372984396077,0.18945595670618073,0.9449612076525482,0.03171630006355689,-0.11785216940752327,-0.1515552030323933,0.09181972125996678,0.7982197821799688,-0.4869401281084815,0.39296000276064175,-0.22630853431262743,-0.009109909776562043,0.01454963651720922,0.01966402055507506,-0.014147692026024807,-0.09371373593470704,0.06526100179501125,-0.05171291833115897,0.03130150168681588,0.8638149972537874,0.7475322657739594,0.8387345416658238,0.9207250787333876,0.6662716788634072,0.8184758737095723,0.5215457894284709,0.6494030074631324
worldcover_00324,worldcover_00324,4,-0.17638144577887063,0.7229135333362842,0.6841723493893023,-0.017601769727964272,-20.588698889711072,5.2878666658735884,-13.82438628036132,7.277913207832752,0.4280107220558825,-0.4082257233205287,-0.5506752387487452,0.4583667864180381,3.1345542177400563,0.38961736335614544,3.92616228514727,0.21314653359114144,-0.09944648228636345,0.09827250350685977,0.13636707557260458,-0.11173992954371915,-1.0480859782198824,-0.05084124885942514,-1.2765926038835356,-0.018664566246105678,0.00631469305314119,-0.008067166348072608,-0.01077880301145892,0.007496963410327817,0.08525162713784964,0.005670850043952653,0.10907312668551909,0.002355276657708983,0.9806155028704626,0.8389983372606086,0.8701828111816392,0.974344380388333,0.6481130401727366,0.29794403947931436,0.6582762368851519,0.30212467378467767
worldcover_00325,worldcover_00325,4,0.12911163906672538,0.1338467789870318,0.05282495746558328,0.15939951484853598,-25.69555493906403,9.370434108515378,-17.99418339653161,9.782719970095172,0.0968232428046889,-0.08203341128186317,-0.13644906606466028,0.14330946494426006,-1.0966474520830898,2.412473035001551,0.7798737911919276,0.4524082858153726,-0.03256124978566257,0.0093478254099009,0.02843650970688624,-0.049142007752285305,0.4050666307899568,-1.9241031246904035,-0.6016253617321893,-0.5797094789173142,0.002681043146902928,-0.00034488397038945654,-0.002005450502790581,0.004258881915699347,-0.040955503193745774,0.259282383964738,0.07569693044135124,0.08204859437273264,0.8556692798067411,0.9395277852169261,0.9495620175487688,0.8966418818131399,0.7544234315824112,0.7436555486062049,0.4652077711444107,0.5899882300102584
worldcover_00326,worldcover_00326,4,0.15284209283652536,0.3973019344337062,0.2882995606597632,0.1028968547329755,-12.65743428954725,11.051782516814697,-2.499236146106296,10.247756039429525,-0.07120334069394633,-0.019608607752219596,0.005655448477241486,-0.05485232422749173,1.253599678485826,-5.957548415506399,-1.4038338296440944,-2.921726190555696,0.03523231330976177,-0.025887496817808536,-0.04722690225066803,0.03678881865623704,-0.3623065904336735,2.4122935432694472,0.73280830837564,1.2172865591114919,-0.003739169061864242,0.004586709625642703,0.007157304291284134,-0.004142678370981504,0.029494457565042712,-0.2402349282726748,-0.08335182282598233,-0.12432184230351676,0.6035577430975889,0.5409517793664447,0.6816648592971766,0.8872930402053295,0.16818720547030008,0.6366508405619441,0.7001423260650463,0.6782290405943701
worldcover_00327,worldcover_00327,4,0.029981666186331527,0.5664482396660421,0.4943844598125319,-0.0009536386439296839,-11.252222054329708,8.511929860876034,-1.296106176287055,9.21239520114157,0.13141886087716223,-0.17358441124596227,-0.22436138466443975,0.1480239724947348,1.5647941554735267,4.5175675017185215,2.6465145424696606,2.427945108833588,0.026536554217062556,0.07014440174226623,0.06685386528764954,0.03686566803265704,-0.27479206107269033,-2.0167192881399902,-0.9368396323664342,-1.1109334957997072,-0.006210065792332347,-0.007837477544642448,-0.006675233655242296,-0.0076391345661397,0.007908800079521458,0.1934774099414937,0.0767391736435659,0.10777622219961767,0.8010172190050721,0.5859614446980543,0.631995364991374,0.8606097209308827,0.6840167742295096,0.9806984374084324,0.7171878856776832,0.9889837830009766
worldcover_00328,worldcover_00328,4,0.08828937128768465,0.6329741387162344,0.6185272151999389,0.06271443115265161,-26.871451665907752,5.315484760773403,-18.119096716777374,7.318533775149527,0.1537168460033953,-0.5740515321161909,-0.6554062887878396,0.2399246867834806,0.24794713189174128,-0.061649078223628605,-1.86250587750393,-0.31651358097099264,-0.04322969066760307,0.14842564853461204,0.17097332705925014,-0.0701231432441637,0.06789586933139863,0.17385606022636324,0.7870948853160314,0.2135077931864794,0.003198511162888815,-0.011606079130918554,-0.013364423339189285,0.00553365585140206,-0.014857231532616316,-0.025658755595173815,-0.08492798611217128,-0.025861761751992285,0.9000617515393492,0.8632676708137819,0.8718318790188184,0.836176562706537,0.2549321291699591,0.21733814360049108,0.5030183108488937,0.20734975938809075
worldcover_00329,worldcover_00329,4,-0.20064215628696688,0.7506410826110474,0.7557353363795708,-0.08187799643950981,-26.930139240626378,5.4243791754830974,-20.286058564884737,7.288992545816942,0.23500006641564153,-0.2816950171106745,-0.35631374275637034,0.13812168830237057,1.5647722523853287,2.4364166349009158,5.12152955425409,1.8176757709242983,0.0034603664853376246,0.05021954006092113,0.0451649510547583,0.058604598994814176,0.16944689442483535,-1.240998576209814,-1.3953871525797192,-0.9551507457661829,-0.004438658164234155,-0.0020996073138608473,-0.00022631926894789659,-0.01088994931467253,-0.053576657943130226,0.13330823383193885,0.1029903781694953,0.10334388840235004,0.8824233685703182,0.3296692360037847,0.5634099705135216,0.951219600170774,0.9924278166187226,0.8181062606030383,0.8489424228542375,0.8138481088613573
worldcover_00330,worldcover_00330,4,0.07219423013042293,0.004442415284839546,-0.07514306369491595,0.20088519065669094,-16.968691126389896,2.7586821095283,-12.032316250760184,4.426844512172806,0.164570172986163,0.053641617819223254,0.03043286631711645,0.16452768102051687,-0.7753738845116932,1.8869320616853005,0.7782674006478245,2.473585573709705,-0.027978153925407517,0.0017649248324020813,-0.0010957141019790528,-0.018659749394887373,0.2838924807311017,-0.7027792786039084,-0.25116639741174773,-0.9303226937097513,0.0008048564953463884,-0.001718099564172786,-0.0008282218448290968,-0.0004917806898704737,-0.025693938248275993,0.0658086626963324,0.02098666208615693,0.0872869407045963,0.8938729626547169,0.8127307150200934,0.8049794165487043,0.8704289673788687,0.443126950268403,0.6506432760796561,0.1033285619388502,0.6621544348737869
worldcover_00331,worldcover_00331,4,-0.12290530436503165,0.7396878488361815,0.7413659345245702,-0.012123957812559672,-27.692165683740768,8.987209127842856,-19.87468261067411,9.423496839438075,0.4380807848332296,-0.5545010785867873,-0.7073945001373789,0.36608573073698614,3.6876255451779856,1.0200324146700714,5.362561149657133,0.22902283996473344,-0.10808378841258928,0.1503880717237255,0.1835999206682156,-0.06712032145381101,-0.7788359612637838,-1.1087405598862152,-1.6446957622764093,-0.5222235584455713,0.007407354574997744,-0.012528221148790564,-0.014549682182589096,0.003025061775450456,0.04320588855788049,0.14069086537248685,0.13881954877118574,0.07115044148415879,0.9003202306353003,0.6919484433816188,0.784881211858921,0.9484137783241976,0.8137143369967499,0.6171514623207919,0.527244649782391,0.6429817858204716
worldcover_00332,worldcover_00332,4,0.019245082570707665,0.6676138938602159,0.6260204520640928,0.027030501225400013,-25.18487029292775,7.528250126512715,-16.50041131428535,8.541349123339545,0.17319409859531795,-0.6576846078230382,-0.7368750780347779,0.272144280675251,0.11459413613952617,0.16434503075189705,0.3209521624639302,0.54505565086951,-0.053372867546522526,0.15691995365924113,0.1841410944536648,-0.08559349647247384,-0.2117031024468279,-0.08552327636478618,-0.5400070372846615,-0.28614781496196157,0.004351949694046575,-0.01161558039467592,-0.013974668552177104,0.007183119839273685,0.024858784021305556,0.013494114982099691,0.07190312549053086,0.03221276940306417,0.8569481536755966,0.8821002136016072,0.8834750902210489,0.8420365829265353,0.5159076991368998,0.025298142505440713,0.25013687295792786,0.046511481613590866
worldcover_00333,worldcover_00333,4,0.11053640817391597,0.08704703052838633,0.044897027031490074,0.13124668981992882,-22.296957343960905,11.74343274555037,-11.778564070624792,10.800234197059579,0.09011410202058527,-0.09941880359122193,-0.12622741197368903,0.11883582458609607,-2.256659674110441,-3.5400867234444,-5.132616349408362,-2.1984665133211743,-0.030154741776764922,0.020085479975456264,0.029738468767115514,-0.04219334774138606,0.5313219325738341,0.44823717936009266,1.2374861073808856,0.44073968692647697,0.0024846037879467475,-0.001373065739042228,-0.0021874640193400943,0.0036949058147993973,-0.04243433053853685,0.026034714847519427,-0.0794339147243946,-0.013388956741905338,0.8256922864076204,0.92291079396321,0.8914114596427336,0.7306161086190854,0.6616301854512326,0.9252396207720983,0.7895455148290005,0.8860695268183554
worldcover_00334,worldcover_00334,4,-0.16938680727951475,0.6580466951497576,0.6462560528607071,-0.05545817112380689,-23.915167668130596,10.662021686757903,-13.403974018171038,10.237674793304484,0.491207517553894,-0.24396257150533943,-0.44676118790512015,0.5671153913532919,6.386968314885983,-5.194305163628059,3.4554637227616225,-2.376482645502888,-0.12548196308803317,0.01349252376007945,0.07040431972963984,-0.14898744359354418,-2.011390929257677,2.1397753675244306,-0.8396793676494662,0.9480802735459184,0.008566317567007936,0.001864781897195192,-0.002414358629271239,0.010311635756733434,0.16627831846724084,-0.19483714800377458,0.05850452698373257,-0.0854475875603865,0.9390095764232012,0.6193155176798298,0.7056630171538755,0.9480022678347618,0.8042214863652407,0.6185965960014481,0.9033394709326381,0.6480975159171352
worldcover_00335,worldcover_00335,4,0.060281628913903616,0.05883142428303289,-0.008101043693552044,0.10746709257364288,-18.402393467650725,13.966705850859464,-6.941452065918072,11.399157070410219,0.04635305646440995,-0.05122295396572463,-0.05427033284361205,0.03730746680900209,0.08488465810005234,-5.357873471696016,-1.9984031647963652,-1.9110790010248646,-0.014381791851872093,0.015848073836474432,0.014552090447033155,-0.012815530722339936,0.03834843789575853,2.0903401237750936,0.8967360062276246,0.7374374502710914,0.0011406826503422853,-0.0014829773207740704,-0.0012408639715909184,0.0010523142086135014,-0.008544102336060688,-0.20290995148967922,-0.09467690190931637,-0.07170998718254576,0.6103621786507907,0.8256431240841369,0.7952086705139801,0.5198496810259279,0.10695241521166599,0.3232569398189059,0.7610965560754476,0.29197198637052313
worldcover_00336,worldcover_00336,4,-0.010911470403870208,0.5121348712480425,0.4821060645309359,-0.03140950768790952,-23.190436667941,2.974647269767209,-19.2309702420594,4.727769161043082,0.13227189813784543,-0.21738433811281424,-0.2757232207213604,0.1347865260479653,-0.33967817966193176,0.237546674479071,0.7723195503346104,0.2994753210481971,0.030977649110856074,0.06532416521728823,0.05222791889722746,0.05975796186538538,0.4101701348550288,-0.07430812418346663,0.1252017531474955,-0.09604462542358765,-0.006870225420260906,-0.004749974010117138,-0.0016992491942764711,-0.011150198327753727,-0.05117411787007176,0.003985146805942753,-0.03369860905461515,0.004741870433077524,0.8345516791743752,0.23549125280783367,0.45075462170958236,0.9613648097689048,0.7567841140697418,0.39144964184951836,0.9651977450934298,0.40122714442531315
worldcover_00337,worldcover_00337,4,0.11656242564360673,-0.005489079465130065,-0.03793845238220515,0.13540047903855684,-24.20569329225679,20.73707843938776,-10.906912834186924,13.234482883771054,0.11755958915116053,0.0024798929816968996,-0.022495457643849973,0.13508709023396145,-0.6682388189866232,-9.618433351889118,-2.9562808896096464,-2.8923030668859093,-0.034131716118984676,0.0025681635925296495,0.005720089399356612,-0.040070541557811507,0.17276888750433755,2.215338350056506,0.6732782781412744,0.643715620917038,0.002466384834464502,-0.0006972466797727847,-0.0006779026230703109,0.003046266734600064,-0.018306876142140823,-0.13439527295830522,-0.04834919276184635,-0.03631435709048694,0.93737236260177,0.8082069151509877,0.8375421125478746,0.8983435076058723,0.44346936395842396,0.9185883503417486,0.782401015692892,0.8859176303930069
worldcover_00338,worldcover_00338,4,-0.17656331123031754,0.6400500592408747,0.6274559193036765,-0.05752250933172814,-24.38666211144982,9.251487021017022,-14.952146824976257,9.655001730378636,0.6704778053301207,-0.2986396066992286,-0.4845691462239567,0.6780336113454433,1.5779834158691237,-1.7250699706595356,0.12298259871651065,-1.0809892659278757,-0.17481107027853313,0.08281963348622504,0.12411952429971129,-0.16803302588868543,-0.4288637747186464,-0.12050592290342606,-0.2694823435543483,-0.0799800364971748,0.012278803803225274,-0.007745455578910283,-0.010371930596202311,0.011089782009484466,0.020544349289829913,0.06116154228736622,0.030748706440204623,0.03779688045105016,0.9654943919122219,0.44848446096727224,0.6032315603264355,0.9658401711934008,0.8651126629283992,0.8361015819343222,0.723362318307748,0.7761040811288235
worldcover_00339,worldcover_00339,4,0.09617837170305825,0.022642063597838474,-0.05210313257394379,0.13156552251541279,-21.101057174291558,8.627668736611886,-11.149764895741585,9.291073353157582,0.14457187052026776,0.15476346211064393,0.11422322770314526,0.2014607771758045,1.6440062470177181,-2.6551096805526986,-0.7235028064077502,-1.5483930236380283,-0.03436206598641956,-0.042363369660008435,-0.03415417293030197,-0.04431907945510103,-0.3591233787844702,0.5425316679070437,0.18991159064737295,0.2671577476738057,0.002247631293184648,0.003420683865745855,0.0028923465446992315,0.0028471212194423412,0.02580151358591522,-0.035743819488781005,-0.013692963968756054,-0.014766415637552615,0.9334797748521472,0.9033236850553865,0.9156400974836812,0.9309520312522985,0.8174756324789626,0.8262179617751426,0.7466374836739852,0.7829617936815139
worldcover_00340,worldcover_00340,4,0.13715802487646828,0.2568144093860284,0.17275329741338954,0.16720754901568122,-15.10864260961233,24.45308882247315,-1.07021622795982,13.86865631664552,0.24814680421370508,0.31409851987920034,0.22061497299739707,0.2408174801440461,1.2997787073234566,-13.978859915385693,-2.3097539625187586,-3.997507572857363,-0.05147038844638539,-0.10777330613045967,-0.09009383075560126,-0.03249383079154135,0.017603867936605868,3.3644014079685935,0.7793858253079725,0.9514687342845443,0.0027208071117161376,0.008822448401138031,0.007922657558487521,0.0008068159222602684,-0.033672555946094654,-0.22560868374299137,-0.07708869880608302,-0.06113734024771026,0.6780758581536859,0.8757230061055292,0.8384039589362422,0.6234988197042877,0.5725204329551472,0.9122833220996401,0.6256355434309908,0.9069599059052511
worldcover_00341,worldcover_00341,4,-0.02298731759933039,0.48327021210482474,0.43095862910602856,0.014040016230535064,-25.700774155377577,10.574284625755858,-16.03974796750016,10.318479606924889,0.17279467344741825,-0.5258688563628792,-0.553197548976019,0.20163325179693434,2.957182112160995,-6.191570169190791,-1.4268327297485537,-3.6041165591957967,-0.05064996707702131,0.13357713178316213,0.1446304394988526,-0.0643766610500164,-1.1095232503550174,1.9428738508788206,0.39510121182962127,1.0841215510450999,0.004105163886045513,-0.01011176670741552,-0.011246844636972488,0.005544522151614374,0.09663409039806473,-0.15393188120605805,-0.029163558488830427,-0.08265192231401741,0.8634170761733381,0.8698259764372642,0.8734739531054855,0.8235010629543812,0.8427227757964355,0.767356415974478,0.6403378929419417,0.8024585737475022
worldcover_00342,worldcover_00342,4,0.06593035281297124,0.08523214286701108,-0.033801590007815435,0.12613781947981173,-18.275439223626904,5.003433005949022,-11.429336606713145,7.010195879947164,0.020660523701979846,-0.25779587816491234,-0.26910153429009037,0.05811420763059339,1.9088527410524476,-1.8990735773254082,-0.27470637779118223,-1.9217317891325942,0.04591534819462002,0.16388239562753318,0.1431509090014994,0.07280951577089553,-0.7415547283556867,0.6192809810614281,-0.04124018418493615,0.605587644533562,-0.006945073881328983,-0.018358055805561654,-0.015263287284684303,-0.011231372490374723,0.06821996479720845,-0.055501992548565256,0.0062525649142011796,-0.05416613699827409,0.8949890473842913,0.8681095987943452,0.7885059763167159,0.9615885074527942,0.35216090525163757,0.46763340901899253,0.684611416610867,0.41472460431835156
worldcover_00343,worldcover_00343,4,-0.15092873828773834,0.8479624237074983,0.8353580724109283,-0.057718423844286264,-24.071498704947725,4.528701629153056,-17.39133186486048,6.573953077146024,0.3051082972161911,-0.5656081344636648,-0.6654344661723041,0.278043474676826,-0.3893648846261916,1.3431965090271634,1.3237642317292797,1.1347500417455776,-0.08040534084582716,0.09509057834647662,0.13060400296341257,-0.07333991488691778,0.11624751715494777,-0.45822888642776677,-0.6736772654819848,-0.3955521112080094,0.006022358150749909,-0.004713067032321511,-0.008052790894953865,0.0056297093479320175,-0.004938711390697858,0.04459740430326196,0.07951073962417772,0.037778959085733727,0.9050542247081602,0.9839003302642375,0.9867795279877541,0.8531646358613946,0.3635327562909507,0.17549308280038178,0.511805557075289,0.13270234389338675
worldcover_00344,worldcover_00344,4,0.04991514505184883,0.15524309467185554,0.06878249412120213,0.08942176300016311,-15.350350169781612,5.687570169166437,-7.264103770203829,7.437330399687142,0.02760662457248262,-0.14102140237532854,-0.15129593449149475,0.03852883776620275,-0.4992651990744611,2.420238391810506,0.8636620978405559,1.6966468337987424,0.031027740899872144,0.08479845113004042,0.0736086663540081,0.03919044203927251,0.11368209812540701,-0.9684299673900804,-0.49083239072215445,-0.6664177136292663,-0.004805480516543487,-0.009632142627555311,-0.007930906989254206,-0.0058955090365024575,-0.008631387112334757,0.09336051646899178,0.05080350175047746,0.06388134012364778,0.9106769917081708,0.8472627479622896,0.7612630281874373,0.9331728370968402,0.2644815119333579,0.5899512002537481,0.38258946635384505,0.6458343852410925
worldcover_00345,worldcover_00345,4,-0.1342734477424561,0.5888085040179147,0.5761676664097265,-0.021885000818380303,-28.837609692148394,8.732920921675468,-19.323128629744264,9.581113144894012,0.3692726241644116,-0.5575724088010322,-0.6744452847892194,0.3626847002610912,4.235153793231402,-0.5386178430805907,3.666006388190351,-1.0051324032073372,-0.07622351228586428,0.18052798602326844,0.1973713778435084,-0.06062209582383613,-0.8863793162023547,-0.5814622172306061,-1.1254742321279207,-0.048498760198624154,0.004225323272628526,-0.016453482041304753,-0.01688725153699214,0.0021654973794339176,0.046512752092438464,0.1116244314458866,0.0963425746311745,0.033308927083857055,0.9607085216134587,0.5898518741754302,0.7070811129761234,0.9754237811720495,0.9070864695729284,0.8650725194642338,0.5679405827226907,0.8212112117748209
worldcover_00346,worldcover_00346,4,0.03713680043514694,0.47164131641726736,0.43353051805135095,0.03755079153360663,-24.229916900274183,7.720936575336562,-15.814702211460396,8.266063623765104,-0.07656357462450857,0.06893042856014206,0.04309576418664567,-0.12594212273630914,-2.1890608793339235,-4.08639378877495,-3.139153033993645,-0.8535899357152009,0.05134318032593281,-0.10214715815719706,-0.10634795348139775,0.08539085474708884,0.6153334083710712,3.3631807934355513,1.6359245983310216,0.9482437186083709,-0.005880145434340513,0.012974389561809433,0.014064120730817895,-0.009651368416286053,-0.04866679780039175,-0.39336395759575427,-0.1714771758884109,-0.11556444114693316,0.8083745354713038,0.8530992025377337,0.8460504880472557,0.9787544009483296,0.4790471980385482,0.5276804764669207,0.4913427952208175,0.547893899235542
worldcover_00347,worldcover_00347,4,0.015192886420559083,0.7035145497683325,0.6704795518607809,0.00456527637486941,-24.327874576801428,2.162034704620446,-18.899964015010617,3.7932119170824454,-0.224799401353259,0.021396139666201075,0.04215840037379863,-0.229360421147521,-3.3571891870412713,2.6661144834260737,-0.7753556470332253,2.8673344538437946,0.16520048946607196,-0.03673130480241967,-0.07265348863904847,0.19668002287228253,1.4076863838695,-0.7843286227142814,0.5440852934230799,-0.8424639480669549,-0.019153503101439078,0.0042721891794541755,0.00873840718784114,-0.023395740761035906,-0.13470707720984929,0.06314364961184409,-0.06252720361909966,0.06807224090553218,0.8499257336567083,0.32625310717148903,0.588739094811378,0.945199949977445,0.8386448110972803,0.44809665358757955,0.2028740910475333,0.43823228653905466
worldcover_00348,worldcover_00348,4,0.042159778297543825,0.02406841440295652,-0.0630237994165243,0.07206955744010009,-20.56832950365781,6.729002153972481,-12.932539854382101,8.23347463089816,-0.015981941667641386,0.07474751196180762,0.03359679965069505,-0.016714856856398987,-0.002390264659052702,0.18467289667400766,-0.053076956691304494,-0.0012129070507746714,0.016065963622598527,-0.027555574804092865,-0.01178375577949211,0.016228450563014567,0.15102583440964906,-0.25064510909935034,0.21450157337256262,-0.12594872570626525,-0.0018758031621486369,0.0029249416636020834,0.001283879668776396,-0.0016989043509267796,-0.021382543013194883,0.027668999367183544,-0.032755895911413,0.014765251935081563,0.7511651111125797,0.7933076486327171,0.8862482895395991,0.8344673735062635,0.4023320520038398,0.47411059120910837,0.6588889218396758,0.492962299540907
worldcover_00349,worldcover_00349,4,-0.33527904068109604,0.5543986789204862,0.5824319030525108,-0.09777094186706858,-23.885829846695362,17.732903419886792,-10.800585265949769,13.017655661554032,0.7464712645406578,0.009082873869271913,-0.23027631247209251,0.610389252740238,7.764698800436749,2.8428168064699717,5.526243060428862,-1.4139712657917343,-0.1885465863701656,-0.06375947447082396,-0.004024332534376405,-0.14139794059565416,-2.2768242095697544,-4.249204310281483,-2.2921214935951117,-0.32716368780427924,0.012867235500389235,0.008585857133371627,0.004493056787083825,0.008159488731186182,0.1713689170393208,0.6573574332520591,0.2316596634962788,0.08863509289700865,0.9402587284321954,0.3456365905372527,0.5427514302778103,0.9108807355273373,0.7239707705774465,0.9898975438455982,0.7251165338490082,0.8860399865989795
worldcover_00350,worldcover_00350,4,-0.0014502227089932397,0.6466250715382165,0.60125451038281,-0.019340182414673644,-9.606980602772431,6.896565367128514,-0.9960410853852608,8.476327482824976,-0.023927125740922362,-0.4005790241358292,-0.44348044045979,0.015080367435797536,-1.3378384374591628,3.0473505416045055,0.32245519426208297,1.37113820446635,0.07312759899165538,0.11496426373139593,0.10999975850184746,0.06236783415368898,0.6707248155274272,-1.4864333678487598,-0.23353798074373308,-0.7141983678201346,-0.00988294821284181,-0.009762216603966667,-0.008410517747203501,-0.009039082592341473,-0.07293857792745728,0.1673429390841179,0.026908737916158904,0.0817656605170804,0.8374872126828445,0.4531053887957619,0.59931016061222,0.9083086097209353,0.6412746857313156,0.7943326098277042,0.23380182199800592,0.6653812360926614
worldcover_00351,worldcover_00351,4,0.035713686329325756,0.18741709744614127,0.14080850775071344,0.05399231042600074,-20.97317440281238,13.242672747861109,-8.221706395093682,11.188721479448414,0.10901687752802511,-0.18691317189026513,-0.2070841954241221,0.14921752013088643,1.032945330550517,-5.912019699383937,-3.0860209768373044,-2.064224042545912,-0.022892585232777936,0.062007414693621546,0.06323669063132976,-0.03572873064030546,-0.08388092514302725,1.9038746755181961,1.1507546375372,0.6196126395806203,0.001174299874331974,-0.0057255373785573245,-0.005550703507697564,0.002330537970093153,-0.009316171412277361,-0.14453568002474776,-0.1036285771144855,-0.0444098283488735,0.9098137319968712,0.6153072684571779,0.6965575451986762,0.8812618034025879,0.5516640354455566,0.45091981908780654,0.7510963656878041,0.522607929668661
worldcover_00352,worldcover_00352,4,0.23077657703100035,0.8362525340282557,0.8535956177070283,-0.09270042773674839,-21.234670818003856,5.676653578165686,-9.655216829422551,7.459284077930931,-0.13903045762969954,-0.1310031379144347,-0.22757219155097316,0.24808645566245408,1.2630465421658537,1.6659870279962288,0.09967850711964579,1.13194809588209,0.09353520588426967,-0.024934581638156532,-0.026945825097719554,0.008792605444595411,-0.07898147133401963,-0.5957956779436008,0.0029406701370450813,-0.39515982608436095,-0.01075598151071166,0.005622717429592152,0.007621544441490467,-0.005805562513720512,-0.0036167759653898323,0.050721157450594766,-0.005423890162331706,0.03308978673969887,0.40033701842657454,0.7728019134850213,0.8178833493216439,0.8751375537321067,0.239823557121416,0.41500868530461976,0.043927973118275676,0.4017104042204339
worldcover_00353,worldcover_00353,4,0.09791253296672396,-0.0737071879433863,-0.11264925698439272,0.13776185431263666,-24.970652986056148,4.917670471673608,-17.839797466945157,7.030802793946207,0.016482292296923776,0.0017320817661663694,-0.0044816813416897845,0.006842018533793716,-0.9224783518992868,1.8261643038854296,0.07788407622716606,1.0049483937506485,-0.008050727507770007,-0.003662508553563256,-0.0012411991400377886,-0.007739975371144052,0.3326097291744427,-0.8690898485791226,-0.1025230724049114,-0.464553801512611,0.0008268557872087239,0.00049892630465705,0.00027220033937030167,0.0009498117171754759,-0.03020869198301107,0.10388128055755509,0.016751563564047944,0.05503337681972327,0.7487292083991577,0.6371901879597321,0.7719638852200047,0.8635889730574777,0.7578170536993205,0.8016064067193489,0.4928294506951044,0.7600225796100444
worldcover_00354,worldcover_00354,4,-0.9468406848125309,0.7298784168634684,0.7448369671562408,-0.12227894044057766,-21.962544223854945,7.09766721518182,-13.28835545060061,8.359355849770438,1.2582142084377994,0.043313000859351296,-0.1409417823814456,0.5492525096716615,0.4438432768856262,6.030015802013111,2.239064809664505,2.0357417858927738,-0.3242413878860934,-0.10384773370508452,-0.06303267847762715,-0.11832250510362549,-0.3685192258162756,-2.9612505209299926,-1.2199516793208702,-0.9538274459218932,0.024092115739572068,0.013297759060573865,0.010908175419752635,0.006417407259119258,0.030351719921991913,0.3432429197211448,0.12864981442010515,0.10786849274831752,0.9733747800807593,0.8912796900623592,0.9273363329171554,0.7659827076203499,0.6004468219980679,0.7096091399417819,0.34888151491210007,0.4894084670191329
worldcover_00355,worldcover_00355,4,-0.23652304792027137,0.7698486176404085,0.7604134814305741,-0.072484356435863,-24.795952442879745,5.778043152717733,-17.580409335206795,7.544252717202814,0.07155717917229591,-0.17453936457870528,-0.19026077931953875,0.11724417794141104,-0.09363368197595888,0.7389742766027261,1.7961599733556315,0.5554886690492922,0.10874209500916204,0.012609262777355398,-0.026397217000588533,0.08152514268559477,0.45771171156711976,-0.20083179747492902,-0.17559997670162916,-0.15623216022070358,-0.016867096295084868,0.001774570217939335,0.0076759159376825845,-0.013882218874200722,-0.06349957799212472,0.009089007221983738,-0.012432388260700854,0.007438659440580135,0.9345169665335143,0.36917626017082483,0.5912571542860221,0.9426852542779162,0.8718839788041801,0.3756883654571157,0.734413954764919,0.3670446402902262
worldcover_00356,worldcover_00356,4,-0.06296730050323127,0.6826730400436748,0.6569946744676789,-0.061524516733533104,-16.028501693299418,36.45053293569215,0.5282373314233596,15.807449080606641,0.16792842379993608,-0.2813108808597514,-0.33295544491164236,0.13776256115959298,1.2106317039434644,-15.778420279758304,0.013319605138743078,-2.83619991874928,-0.0002365712404424812,0.056255943605522975,0.0498535433759936,0.039321043088153255,0.023788935616901125,3.447635878623838,-0.14737175599094654,0.577623688558197,-0.003018309543053667,-0.0037874756051660087,-0.002132391538282826,-0.008133181627143668,-0.02926288251551947,-0.19100316222073277,0.015791401627711473,-0.027672445971589625,0.7709554730773679,0.4438747489115864,0.6380805194701618,0.875668174682015,0.8897990309041998,0.6686231950635062,0.1578220533373359,0.6614415436984491
worldcover_00357,worldcover_00357,4,0.10906531199186134,-0.0013888377809170534,-0.07569824339765549,0.22184653083483274,-22.193773247902286,6.4854992589229745,-13.920544524718746,8.457934038041568,-0.08452543631480501,-0.25364290275389123,-0.2295345486629568,-0.13768305215570548,0.9675586187346296,8.197724696750038,3.5269723739931087,3.11886848044288,0.0801534024446207,0.13409952236363615,0.1134506115101244,0.10700772862349214,-0.34319961340492366,-2.873032594960204,-1.2599592260157064,-1.1367073496097246,-0.00957655586724429,-0.013712676637100437,-0.01164075907206896,-0.012248290495740029,0.03131750243884553,0.2553951297023094,0.11587696974731397,0.10410835436222628,0.9603203531165521,0.9648862596895467,0.9743506278080916,0.9616797715661395,0.041433666878393005,0.5656187407417594,0.36800983639622387,0.6011121025360813
worldcover_00358,worldcover_00358,4,0.12553067607728088,-0.05389013409501663,-0.12976404595555668,0.18280375929492937,-25.142866570853624,9.337456865610084,-15.660978674332783,9.509242035478374,0.11060764801821071,0.05283489651859739,0.014801919519428122,0.13314290114101882,-0.5205504658469163,0.24344224569837586,-0.3182329577850494,-0.2894695099146283,-0.028610787233213003,-0.010561097411285586,-0.0013705436704736392,-0.03301531729566583,0.14989736558249325,-0.6799849544754835,-0.24257423290140429,-0.188712077693279,0.0018961347484756162,0.0003993790267468073,-0.00024408775598112133,0.0021758140488104365,-0.01681658646921818,0.09033117550627869,0.032137509781974556,0.029453829544966895,0.9175753292963756,0.8632470399417005,0.8869804154736401,0.8222591728899387,0.5810018511852182,0.3369865256595105,0.4494582719792929,0.261939972432197
worldcover_00359,worldcover_00359,4,-0.10196679668430073,0.7559667193528382,0.7541470830893207,-0.07501500383527465,-25.90024780358432,2.481175759179659,-21.696333927559735,3.924163210162688,0.2323218774266705,0.009096683727369688,-0.061943735611360094,0.2652633601230468,2.0676665213605587,3.2728942524902007,5.21832797647923,3.39967220139523,0.015882979035770954,-0.0678304767969882,-0.08315283196345268,0.02173049411095385,-0.18569678304248224,-1.280781484262989,-1.3209423564705256,-1.193797922458192,-0.006949144167663394,0.009424886167651473,0.013009426490911689,-0.008316356902753917,-0.021468852687466143,0.1359673489366572,0.09284705597586725,0.11811087810688092,0.8604142819478569,0.6636009968502681,0.7629825932615354,0.891538666079774,0.8050872460565851,0.8414811726291735,0.919260771263236,0.7958407132802723
worldcover_00360,worldcover_00360,4,-0.20903523806614327,0.7646239029638704,0.7640195831049711,-0.02144717092089762,-23.59289407019281,7.542098827584424,-14.811892519740262,8.8849183681964,-0.2752140533596578,0.21661053929063917,0.29434227717472833,-0.19078126570416656,-2.3821638399517044,-0.12799315526036673,-2.377200545390942,-0.4466398805617088,0.21045267915819982,-0.15283472600566347,-0.22093330612888626,0.16907804180339778,1.3563694773164445,0.6287780404421303,1.5977418662126133,0.4131310175980622,-0.02465364765946179,0.01739927095295203,0.025575115858851145,-0.02030385250808914,-0.1444075973808877,-0.09018132760295362,-0.17987262213359886,-0.052126945350877765,0.8644420426972751,0.7293590004331323,0.8165382275668034,0.9269779566006802,0.7526774964192369,0.31049677135791753,0.6979047472463443,0.37823467398821964
worldcover_00361,worldcover_00361,4,0.14257479055976632,0.05012216757644339,-0.02786050401063566,0.24682846281564594,-22.12965771880497,6.852092783256126,-13.115770987683678,8.349687396441407,0.10660210211804562,0.0570151353299262,0.019755494507354816,0.11794213731847077,-0.02987377715827222,-1.0945688660682182,-1.9787120015159425,-0.8109851384868856,-0.03508424694817221,-0.027954871273393956,-0.014695085433676624,-0.043185872803905755,-0.2094704359892128,0.39991357271613187,0.4312194338856078,0.28605448274069845,0.0028077803500426053,0.0025744076719451153,0.0013675619430623654,0.0036923899644553024,0.022330341177660546,-0.026419926411583344,-0.02695255604736012,-0.019945631561072444,0.5816598532255887,0.5317557854711343,0.6722829371098827,0.515776785667259,0.7770609125027494,0.5898423095541365,0.5735805638500979,0.5952804374241777
worldcover_00362,worldcover_00362,4,0.10232071639057363,0.4142094152894883,0.39968170823924337,0.026099568458669335,-7.740870945503973,17.245189490858216,3.808305439326674,12.278811956483757,0.022507189093674603,-0.20014072316033454,-0.3015023354322658,0.1378443715798237,-0.023499912315263247,-5.342556561840009,-0.6183556852501858,-1.2680586171885702,0.03934694349736581,0.07378894808698133,0.0882928402876698,0.012009218649624346,0.277279783154141,1.0024036349643277,0.21176901487231428,0.03252429947762943,-0.006169700117231465,-0.007670796927854868,-0.008072411679107728,-0.0038523161407522603,-0.03907313792843403,-0.04685987482718739,-0.01764377725900738,0.01831481170994646,0.7957826929430749,0.6946561858869116,0.7960425526225563,0.9202335624416018,0.6866168073578567,0.3399664541672498,0.03600735199594807,0.3406714957581096
worldcover_00364,worldcover_00364,4,0.03865174991543356,0.565768485042181,0.5186502107165066,0.056356497772151584,-21.20002866143144,16.82189701110708,-7.630209022365619,12.432293795378463,0.2013126118309534,-0.3650624093466564,-0.44846378021415195,0.3281069517187354,2.608078535300533,-7.2788586827616975,-2.4532772796894053,-3.000410607429291,-0.05452998894360289,0.06948820044371203,0.09471600652305454,-0.0890985737530538,-0.6125252671683803,1.930821230899155,0.8580914923750466,0.8232308279908941,0.004000514271484457,-0.0034952096810395004,-0.005552783514363591,0.00657858881356213,0.04133788932984213,-0.14021568196659154,-0.07280663589277844,-0.060772970164951035,0.8576908179551146,0.8732312940624902,0.8507547067180969,0.8294698419365245,0.9154353788887237,0.6239935064344766,0.4708958484271031,0.5827810399324018
worldcover_00365,worldcover_00365,4,0.01414060921006638,0.6632052840608533,0.6588108948234351,-0.03474310937930295,-24.802276712141957,5.395883867274934,-18.018284407567638,7.4466599868300465,0.06323978990153299,-0.17287366376036642,-0.23552459064457162,0.0794576581360572,1.8291699430502042,-1.4584582764686185,0.864764045864365,-1.7289228029788968,0.06947854478061817,0.04721074796471239,0.029361716403073626,0.09850997728944717,-0.2745105997719401,0.4785327272690342,0.11953751392946876,0.586302380450305,-0.010868262106919175,-0.0036290895306702797,9.627700454056263e-05,-0.015425940712142474,0.010270756341816225,-0.046475536731595,-0.03385166706841341,-0.057931483860353516,0.8763340802962536,0.13034548182767658,0.4702456604658599,0.9728579879388607,0.959511888526723,0.749604511268785,0.9263942811796204,0.7329996941375333
worldcover_00366,worldcover_00366,4,0.1220802441186057,-0.05745563385161479,-0.09867796324419251,0.17827668786048897,-25.605561001873617,14.509184149338108,-13.780291897731107,11.502858870515208,0.030041535704639227,0.00900384050513061,-0.00047551843500324656,0.020840683153697238,-1.4342552708136485,-0.7926375648835474,-1.4537404849284825,0.010294205484684226,-0.015278751602625883,-0.004983697880817415,-0.0012701753833335187,-0.017514149614033213,0.33172422416854574,-0.5004693560993915,0.02227818709657829,-0.29936281383116387,0.0014918407460589173,0.00043031752974998904,9.516726313817339e-05,0.0019331307460864378,-0.02253335494917367,0.08196253754111264,0.019486951151780722,0.04087790064671663,0.8745753969898686,0.7739257441381932,0.7386159316599752,0.8526725215482991,0.6272833272797546,0.7816646809854569,0.7932611510704096,0.7865023467229307
worldcover_00367,worldcover_00367,4,-0.2863431696029033,0.688688149506397,0.680404565946172,0.011132610340911729,-16.416644423990455,2.010367440634488,-12.993204068755928,3.1949636037464884,-0.32897906686465567,0.36713805954370926,0.4394378716658245,-0.3028371671865133,-5.597724569077835,0.5445556970428864,-5.756428050751935,0.9671430714930277,0.22806673827762322,-0.2070905199814663,-0.2596409568458275,0.1836384888073161,1.7464067871962046,0.487724745032839,2.455879041532267,0.30120850368164037,-0.025860644900715185,0.022285836099675167,0.028344303736406725,-0.02025491242400473,-0.14685298294474913,-0.0654115462330488,-0.2310053517345222,-0.047566468693622514,0.8815928810948979,0.7885256732102185,0.8588948184578715,0.8938794327367099,0.325138443720803,0.8477952203945011,0.6769023188960094,0.8182621248114791
worldcover_00368,worldcover_00368,4,-0.18409238838847702,0.602706239191871,0.60384970925974,-0.08109690099390071,-25.105499809082808,10.824212738093049,-14.719620149916922,10.5377504912601,0.642999472692419,-0.2741082979307048,-0.4674709172594161,0.6531183552366504,2.755241735942331,-0.01939282448494312,0.9580452715336808,-0.7766701209221354,-0.16327779776515006,0.07713903438953032,0.12304821668507207,-0.16113828664879365,-0.6236049294331222,-1.1160400454741028,-0.6343357878543211,-0.3427919531449502,0.011063902737938548,-0.007596041447473602,-0.010588499369344325,0.010461815261291418,0.026924081613352645,0.17045186128443998,0.06859768192476912,0.0682021565494052,0.9383504290685825,0.47136571523270465,0.5871587226817147,0.9279006092627391,0.5628483663743415,0.8142503454237993,0.8590950479776356,0.8109769513751721
worldcover_00369,worldcover_00369,4,-0.35631992696488396,0.7646845741705471,0.7751923989730362,-0.12648915344228343,-27.120484578158976,9.69138488988908,-17.138520185089376,9.925465675407352,0.42661503244179905,0.09979060185806973,0.008249592383405736,0.3691375432018605,3.7972173531744735,-0.5617471456899519,4.185947601646272,-0.24241390535719495,-0.01649812725860192,-0.09354813190507656,-0.1034983241793524,-0.011048853264323278,-0.22823071817814136,-0.5757931964694897,-1.0826440628002212,-0.4759703245727095,-0.006116684950206881,0.011110067593328865,0.014364947785971428,-0.005657073369042748,-0.037613061567067035,0.09349684161722772,0.07851242234856108,0.07347250316123083,0.8688980469458019,0.6295669205154666,0.733740955300042,0.8681436537324798,0.7846773803281043,0.7445348198566841,0.6346889590782869,0.7519134571214867
worldcover_00370,worldcover_00370,4,-0.027484866053512913,0.6030819396855255,0.5663647245277058,-0.029475885020060967,-13.031150057838865,11.618537650659219,-1.662740637875467,10.562978031386379,0.1801009216359361,-0.07608073948335618,-0.16886655596040598,0.16146680349040618,0.1597469730638017,1.381003104685476,0.3289880578174232,0.6969752744044501,0.03351248945548044,0.022480813197759575,0.029908132501495065,0.055995601830092924,0.29776509993067574,-1.2761936846003745,-0.16460389973392625,-0.6447456016973379,-0.008496703599571597,-0.002814571899973406,-0.0022918525518793283,-0.010859204851316697,-0.03421873560015729,0.14634230435651005,0.01642690314898743,0.07461240501881282,0.7701172119810228,0.2656884020047363,0.3878238743807235,0.9351041108118003,0.5775855140843458,0.7183538458127782,0.10741665928091892,0.833054043198971
worldcover_00371,worldcover_00371,4,0.08988564101988637,-0.030818017622963968,-0.07860128389615,0.11958524133219865,-18.654843982584858,2.852926572463305,-13.657074804456176,4.793696339284064,0.0734001066288732,0.04823491096289622,0.03488457565831517,0.0676106719507111,-1.7643298279083244,2.8092673879372274,0.8212982084265668,2.6926897068674123,-0.005745188027282478,0.010318075615138601,0.00671504421393467,-0.00334839548641467,0.9923897069699217,-0.9518700611694477,0.03708937806865759,-0.9249726200639342,-0.0006133015459913956,-0.0023417684127285043,-0.0016041967613302738,-0.0006990282975062012,-0.10880988144625936,0.08411606586162172,-0.01933276266622947,0.08298798259417957,0.851007655638534,0.9087186794668658,0.860941831771385,0.806511451872056,0.49577814284040256,0.49189952310828355,0.6435444241439807,0.4869632242331885
worldcover_00372,worldcover_00372,4,0.07989607172462965,0.022509214327190545,-0.009001781010407963,0.11504136172659477,-25.146560231144907,21.916345914409337,-11.908575059646042,13.331471086953618,0.07727311021120394,-0.10601689303589452,-0.10174844287879123,0.0623015808385042,-0.00777234440923601,-6.592950481593412,-1.3869288362510914,-1.4706907355592196,-0.008799193888182438,0.05050332275787729,0.039881279942019135,-0.004672655521275134,0.4619701592740742,0.2438214473603534,0.29514386214867305,-0.16880688679213968,-0.00027737977591228187,-0.00531293878407039,-0.00400881345249769,-0.0005391713683352353,-0.06865020582398945,0.10397622924333941,-0.0159486327318125,0.05601772782735718,0.9116423704642069,0.5836624889944121,0.4710785783478534,0.9352137229225805,0.5048946517552946,0.9059167654833233,0.2038065490258396,0.8777854077271348
worldcover_00373,worldcover_00373,4,0.014400282897982524,0.4367833187182736,0.39880634899335754,0.036648738988195734,-21.42314400253684,7.905923616000136,-12.450819774762714,9.013120156399278,0.3065807091438587,-0.24267140622176803,-0.36989796173385503,0.378691657335453,-0.2288764239512124,2.442814776167559,1.2558562278616487,1.2404562009541447,-0.032277193489929586,0.09678089459027568,0.11248189351295662,-0.03210817495546431,0.7200066228088486,-1.7245017346980342,-0.364098872088011,-0.9392971691228069,-0.0014358099362237959,-0.009542954050832334,-0.009400909357925303,-0.002844446155270842,-0.1055361534311204,0.21450829124458792,0.02611342283654959,0.11548090712992205,0.9465135886973258,0.26948529106525854,0.31040974641279473,0.9872059517414922,0.8990532651702072,0.8516156034347508,0.33919505277361206,0.8161425754919781
worldcover_00374,worldcover_00374,4,0.046854710754613914,-0.08369767711018072,-0.14326529046802805,0.09975918179208573,-15.63743808932174,19.265269068316442,-3.496855319425107,12.215839503687565,0.10667784365682016,0.12292138416142682,0.08121999925268544,0.09824645282730222,-0.8367167109681823,2.062584337230318,1.1357501368629852,1.341809012576625,0.015780912177848824,0.010779941889953352,0.009907837054043146,0.031100295048642528,0.7297791992179882,-2.019357701577423,-0.3008589474646211,-0.8641511739503959,-0.004326617187522549,-0.0038122823179671324,-0.0030430706895210585,-0.006182463143510057,-0.09073213872343742,0.24125351008104026,0.01671976694856086,0.09698623069606521,0.8415949707050802,0.9397027894268044,0.9295913209530208,0.8969518561578391,0.8615726214082835,0.6717991012695255,0.593496662859766,0.5141837581726272
worldcover_00375,worldcover_00375,4,0.11603326019111591,0.22404656536651354,0.11086218544479556,0.14840093593705792,-24.539820378485828,9.968622698464383,-13.089609909172477,9.994548628898754,0.08494802306347778,-0.06604109065873284,-0.1060342395323373,0.2303389073719105,0.8940106266606866,0.8028297724343897,-0.6219391971038776,0.2713198794122398,0.029447598988379352,0.04969531878248444,0.04879577386745326,-0.007046410176919079,0.07294157516279337,-0.6246632003374715,0.35317908521861957,-0.25932252462590805,-0.0056531237219243705,-0.005688722386504674,-0.0049106349011488115,-0.003200678625191105,-0.03436733669148272,0.07519646159194607,-0.04501573784956215,0.03240440038035521,0.8828086786907215,0.4972631711926878,0.3240478549260285,0.9675012790849293,0.8983105510832445,0.4447828891535832,0.2969787971581149,0.4072657683066083
worldcover_00376,worldcover_00376,4,0.04090586897034347,0.31803335864661253,0.28001779543630884,0.020530563976729567,-17.62328497422612,7.223180922251782,-9.790719197204654,8.618076032219474,0.2485887092711864,-0.27169163162184307,-0.34739000598589515,0.37406615679344407,-0.022477950740117613,-1.4159966981833363,0.018092662510241168,-1.101454643216977,-0.061022539838704905,0.08159963489364967,0.09766398906481977,-0.09602379526346261,-0.07868569877918302,0.3064500449390019,-0.23221125339825463,0.26862182739067025,0.0038876670533759257,-0.007440075727480677,-0.008385022311951167,0.006692099055708048,0.009667316395513161,-0.010846501821053636,0.03984708707924314,-0.013899013524703996,0.8749903025752701,0.544518454749786,0.6813317898135409,0.9647912108986083,0.29253864018091325,0.7241562462376547,0.8571435567453526,0.7017847571692128
worldcover_00377,worldcover_00377,4,-0.18379050073715048,0.7098751178745059,0.6863064046271817,-0.04205539551648219,-18.407021009222035,9.589285750162736,-8.635742033552132,9.78305315713395,0.2420343378690856,-0.29224810900077874,-0.35294002893247745,0.11553320011386417,-0.039974067819977394,-0.3900288111698966,-1.0212913729685653,-0.24325655686827496,-0.03629126669446617,0.0691639914689383,0.07591653270525976,0.009861518833881975,0.25981287502472294,-0.08609539662089914,0.5153226289966806,-0.015589936969342078,0.001031764281024263,-0.005714162789059405,-0.005761042745275929,-0.0032481104308960365,-0.039115191634015375,0.023144683090623248,-0.05359823591850297,0.00851555511197682,0.7804645159593245,0.48949574199430945,0.514432140549629,0.6108928635422172,0.9423370218142864,0.3924376047807039,0.4912623869332954,0.3640671215714346
worldcover_00378,worldcover_00378,4,-0.1046976913500346,0.6244088420362185,0.6094908795785162,-0.054726408660468816,-20.7551677243583,25.53582627794017,-6.315080994369621,14.105932653339684,0.2735597281697718,-0.014298444170327997,-0.0863725432030319,0.22084661578160883,1.4439712651247845,-12.327117504564654,-1.9368268660284873,-3.024762922974268,-0.004409248585630194,-0.03666187874424493,-0.049838909081050056,0.029772911454627474,-0.14326691442039005,3.4171416228410947,0.7934140169114325,0.8739171179163512,-0.0044169008326296255,0.005484213996114141,0.008895538857258422,-0.008529485750124988,-0.014506369676829105,-0.24389518929947313,-0.08231973496667194,-0.06537173257121946,0.9482789113742538,0.5487269187841879,0.7437801468182565,0.9270492176227743,0.7564104453575102,0.8577356074252608,0.6434171305831657,0.8579474074798661
worldcover_00379,worldcover_00379,4,-0.07679090988007442,0.542738083862896,0.5177796422080548,-0.05631168721469438,-25.65520622047586,8.125501565779219,-16.496048705058016,9.138962085048096,0.4245198025245729,-0.2800163031807015,-0.4146244076213657,0.5037360750471364,2.2957855591502345,0.07403866289254663,1.8808888774577155,-0.5648742377836551,-0.08121231098459818,0.10804826577972143,0.1276280917469169,-0.08957712133152958,-0.32446072286007854,-0.7383794881839053,-0.6540154793381513,-0.25001876475013357,0.0034687338780630124,-0.01176258661041055,-0.012183603915301232,0.0032583041412924977,-0.007029776909777905,0.1138796553027573,0.0528562779085725,0.05142649717994074,0.8657915498728881,0.5109111933063906,0.578181620378021,0.921483248329366,0.7232017904399435,0.7009461824983579,0.3003955952016294,0.6877209258798673
worldcover_00380,worldcover_00380,4,-0.2226407958443254,0.7925000759688297,0.8184943712796237,-0.09874385815452459,-28.380736206241355,4.5070599843442,-19.976784276171855,6.42325134379032,0.2904689325907893,0.05996207680020878,-0.011288907438045299,0.2878031485699238,3.703717923581607,1.0162552713133697,1.578569017197809,0.9360167021238011,0.002768590455411507,-0.10280943790942533,-0.11666914105850727,0.01725724230226108,-0.5574241187893074,-0.21100098788039073,0.16199713002948837,-0.21457304746032138,-0.00628262058481401,0.013262224242542716,0.016550907629984173,-0.00805584802245251,0.006645672155229471,0.029854786197501825,-0.0479941439523314,0.023529820045543673,0.836300379342376,0.8471546329635254,0.8786344614655534,0.8587007990547101,0.785119843297526,0.7002590703845847,0.6100374668608552,0.6639999757117456
worldcover_00381,worldcover_00381,4,0.047584040163593425,-0.013991376328648587,-0.088569285743164,0.1556951313307794,-24.715341828560764,43.000292635217384,-8.49940882639685,16.569642812677365,0.355618429374844,0.26548938444327674,0.15576062548816888,0.31023927009294855,3.1464509368204583,-27.377971110852073,-1.300000472684876,-4.9009857258768905,-0.06813676125451748,-0.03372903162557049,-0.016005950266277547,-0.035759955096296286,-0.38036147776557494,5.817003608148566,0.11558542616192953,0.7154274773454359,0.0027578879579370926,-0.0004153076672192924,-0.001107777793411965,-0.0008924494337554054,-0.01015174731312851,-0.336982275014495,0.003312437544041705,-0.010309707159307884,0.9223744538491618,0.871707547571474,0.8039372303670146,0.9481960221785981,0.5589742720791175,0.9472899116155136,0.41672053937986486,0.9138332382808959
worldcover_00382,worldcover_00382,4,-0.37817047687833405,0.7374626632892727,0.7445229517691064,-0.07848133454381546,-23.050953786349712,5.928231697282733,-15.107875556775005,7.313208363484355,0.4606689907364376,0.04491072443742565,-0.023193851408977867,0.17482199051994,5.317021143720572,3.7533351000150357,6.255161785039351,2.4238291511658785,-0.05602317125075551,-0.06365634068782197,-0.07245122929188333,0.04413979059867387,-1.3250511905697195,-1.5861464450619212,-1.7333454083082074,-0.985599775344632,0.00020778193050312283,0.007550129234188741,0.00982496704943855,-0.008964555747242585,0.08195422503307323,0.15595896741930956,0.12510656696036543,0.09620587492185323,0.9392258836296928,0.7799442923612787,0.8620109498078048,0.9136485448360533,0.9433752828451115,0.4263633632260724,0.7417692441487934,0.4509620330638887
worldcover_00383,worldcover_00383,4,0.15781530226244633,0.21365148280606125,0.14498876464186264,0.1274815375606227,-12.011091442834015,14.952491226023918,-1.1725171149312827,11.653622564467089,0.2268115156255681,0.03769513054026491,-0.0753980877084863,0.3823992541976382,0.6778820067120428,-5.102933807402782,-0.8289881996020354,-1.7706275108484215,-0.056700452949478765,-0.00796213955316063,0.020827773303293405,-0.10142514854669547,-0.10821750767704524,1.5154117083944698,0.5439731327973488,0.5406657036523655,0.0036536891098627867,-0.00020421500496490993,-0.002166607167872815,0.0074350043303436555,0.006266295784944088,-0.11842276014861303,-0.05613617349599056,-0.04276763633095321,0.967082632507875,0.8614219286674145,0.8207713863071439,0.9846339763350717,0.2950983156006042,0.5860539249613437,0.7121955410832872,0.5533037502150213
worldcover_00384,worldcover_00384,4,-0.009688927226728181,0.39656199751929777,0.29667888739795384,-0.006785201162777251,-13.791006768805412,10.81427529521552,-3.366523299932928,10.373293967735654,-0.01794649396497701,-0.14920681505833563,-0.11668268437423404,-0.01949640630286085,0.6103900342864002,1.8444257580867172,2.00739839108087,0.5296172451347961,0.0819649254714621,0.03496901422448742,0.011516356735905543,0.061425040199852704,0.01735167300191917,-0.9113670939163411,-0.7017077237199445,-0.30127000867931214,-0.011068042350602894,-0.0021646062824686933,0.0005204961682208849,-0.008250434873531566,-0.01426380080654453,0.10002731991315876,0.062259732508453854,0.034672097229925834,0.8493339063750578,0.24927753933596175,0.40645906605100823,0.9348411925557866,0.7906763383293035,0.30516525295458286,0.5965049497765249,0.24081236411833284
worldcover_00385,worldcover_00385,4,0.11412772093510656,0.04412249978067291,-0.02084094864513845,0.15071173396074444,-25.143473284756624,6.616680533309375,-17.086951004579507,8.206555852056736,0.04591719674513616,-0.04623147886660361,-0.07319614093839398,0.08046392522870527,1.366010674343416,-0.27279018489612866,1.4533490211275568,-0.2054877255348129,-0.021573465619999867,0.0007708735796280159,0.012241863758500754,-0.037416513009375804,-0.5790438124457326,0.13174281685686526,-0.44795542256403775,0.1066348672934797,0.002107284849219661,0.000619399267239403,-0.0005528823698334608,0.0037296073078507143,0.05109731995088814,-0.0008891703067601711,0.034359695900779065,-0.004765553647104968,0.7007897248062522,0.9664921800250319,0.9802553230133375,0.6733680647846123,0.7288766100723996,0.9345235519339243,0.14347960222880307,0.9238075983075293
worldcover_00386,worldcover_00386,4,0.12484585311224586,-0.08047151193022793,-0.17481701900110147,0.17030235086426515,-14.9122071651821,10.056419322081592,-5.79041704530582,9.884561620549224,-0.041216702069364154,-0.13020708927115923,-0.1171753006425518,-0.053300461598804694,0.6248796540859136,6.158794367914862,2.4660790226920435,2.204743554706061,0.04821936248782193,0.0811434985870228,0.06518928571080061,0.0662433913872613,0.04507842361503275,-2.134747205005062,-0.5406342267208468,-0.7560834980977403,-0.006047313791000799,-0.008915247731945578,-0.007052352499085087,-0.008216110029906938,-0.022699520897814213,0.1876511223713344,0.02986044082071852,0.06665137460318138,0.9355439129452507,0.899423539482514,0.8886808352828715,0.9592345552998154,0.31775284907851653,0.38924107342698433,0.3978127272417853,0.3918292499475595
worldcover_00387,worldcover_00387,4,0.05892602732496935,0.16017790426584733,0.12034775982751952,0.061389907065666355,-27.074265776968243,5.374325811910239,-19.72662788838138,7.253363872431907,0.08262495272970428,-0.22236689415922894,-0.2320865241899371,0.14807211678652507,1.027247882919789,1.2914065914286408,2.754055859595915,1.1307786828000315,-0.01752930678146619,0.0633904903399398,0.06237583741287636,-0.03699021846120483,-0.05804740873936317,-0.6479376064460942,-0.9316637038738517,-0.5765356216761911,0.0009127960670395901,-0.005303512339132144,-0.005002151271610543,0.002599854248039644,-0.011812898589435992,0.06733335141654045,0.07971186641059885,0.06026682397670486,0.8359494909171266,0.7649060781970725,0.8075197484616627,0.8187883620228827,0.5721514313010286,0.5102827249204152,0.5087297376644477,0.5443576057881365
worldcover_00388,worldcover_00388,4,0.09385715791496305,-0.1728657087254698,-0.2628049048962011,0.17660830666621577,-25.88176628311728,11.274692453777693,-15.608782605786745,10.834510511433992,0.29261987075800777,0.3999369782986971,0.3583502702355852,0.3304757789841715,2.9118743668926608,-3.729032084012691,0.12017218012192743,-2.540491326227688,-0.06761969820032267,-0.07977590266538542,-0.07803469597970758,-0.07089710980653753,-0.1201649308006755,0.5105940382468976,0.39877827627546025,0.34279802329339887,0.00376147844325768,0.003327504282516206,0.003860350604159656,0.0035385948916276254,-0.03936414295839348,-0.010749436676039592,-0.06317755364917199,-0.004766676048753523,0.7170411715843107,0.694773635806913,0.7018529741826323,0.7092776604637288,0.9262759484822749,0.8399371480463875,0.8050290296836295,0.7903286216299819
worldcover_00389,worldcover_00389,4,-0.06889586477618817,0.5775717913991559,0.5358257230484108,-0.0161406082863147,-26.311780651504048,14.836389483418264,-14.539348608904588,11.849102921763942,0.4230653076105836,-0.3800251698860565,-0.48558526554159603,0.4571007421861078,2.489397418516776,-2.9099219581123523,0.944982231966937,-1.2215280624319236,-0.11978951311998744,0.09009640027660037,0.11720886278607226,-0.12917297306063344,-0.5712308276976418,-0.09447908050627836,-0.6312212295072291,-0.12108350052355234,0.009079845047107469,-0.0071170232587992426,-0.008986861256863724,0.00973518966048051,0.03105647782930845,0.05897064450935781,0.06815717872600269,0.03719410026414332,0.9811384162390472,0.6896569583986654,0.7649501565277641,0.9780973173302626,0.7816761240332579,0.8374302494985251,0.7856074847561169,0.8658415411495399
worldcover_00390,worldcover_00390,4,-0.32354672411788693,0.5782259671073969,0.578431736367444,-0.07785408164967121,-23.866510230126632,5.737168102041247,-15.251997229280075,7.508857523925789,0.6488774486154326,-0.11867652366322229,-0.21909002025818727,0.3853501611581394,1.657573245028046,2.509206569953958,2.100756132231471,1.5608333645045849,-0.1427515342792429,0.018794235583894908,0.02330756781711492,-0.049700931529010485,0.16712266877924337,-1.158968118923464,-0.2031792461956977,-0.7387281299308327,0.008374483859050975,-0.0004745702249835438,0.0007461740687075338,-0.00032545972352076294,-0.05118342313689787,0.1252425237904106,-0.007233913742644676,0.07929993450354511,0.9521079614576098,0.12288343884235875,0.39304336661799777,0.8771838410643413,0.910197553619949,0.3939042354522091,0.7584796227124124,0.3127079235495147
worldcover_00392,worldcover_00392,4,0.0074420371499643,0.3987864886946757,0.37071419654018994,0.007371765222738939,-6.879446165926847,6.051568123513425,0.6958224684272889,7.653141214627557,-0.0186529461056317,-0.0003943731490941868,-0.025505695728556023,-0.004944135043178608,1.0510149031701672,1.8793456672252282,2.2266064795287197,1.218766095443402,0.023087227975028372,-0.053046135901114594,-0.05861204556185441,0.02190734897800658,-0.06862101059910311,-0.3824518612288261,-0.2667040402825904,-0.2392298366766121,-0.002841890376894871,0.007453040337434623,0.008624451479526484,-0.0029512611264833287,-0.01473355732091068,0.016971935742401238,-0.008095588923926497,0.010148457602624804,0.8521149433354082,0.466480618913526,0.5473043372704989,0.919076588303669,0.3132127791626842,0.4916809072787398,0.2077376487702418,0.5658712660273173
worldcover_00393,worldcover_00393,4,-0.18386744546268327,0.7703239335255199,0.7910347163225668,-0.09817246948792185,-22.13395889229059,5.7137913376530935,-14.689369450564373,7.502687338742901,0.33939758237316514,0.10087405813355158,-0.0003336647022821836,0.28348450378573975,-0.9434294556465354,1.6652833498393458,0.3898504927855452,1.1591943853611661,-0.025844970623792235,-0.09376357786067087,-0.09754275857950684,0.018665720556975546,1.098897238536519,-0.5814996264613719,0.6355958357937949,-0.4463769796340679,-0.002730644446948351,0.010995997134784236,0.01350235801679317,-0.00814407169372032,-0.1332729929400091,0.05028532444958079,-0.09229816770296483,0.04084336053942162,0.7713621798874686,0.6667352282938215,0.7631804411022611,0.8891620030574691,0.6336652815762458,0.08122371372238191,0.7126126812895806,0.07900333477611698
worldcover_00394,worldcover_00394,4,0.0716511278515212,-0.024828982391309953,-0.07054416400690862,0.10260579622153067,-20.680450536464356,16.91722273287297,-9.480215898564241,12.292611245130567,0.12540154792060182,0.09526741830816865,0.0772711327742961,0.1277193305274798,-1.0030974827016632,-6.041886582545778,-0.6310722239857288,-1.8948319724142721,-0.0020739462873933293,0.0007507576359218673,0.0016875982040628643,0.006439232335978255,0.8564228384786621,1.1181373327117097,0.3060951468472156,0.250175746905594,-0.002063485221225703,-0.0017748220007622081,-0.0016914533916860875,-0.0031182581577638216,-0.10388578341670386,-0.05806356524849978,-0.03563434760750035,-0.00408884521557982,0.8608761316664104,0.8209883021052878,0.7409725020357649,0.9066318717905797,0.8842471290352707,0.9447443177847605,0.7096364577610987,0.9303086187895218
worldcover_00395,worldcover_00395,4,0.061707623278002985,0.22431600409926783,0.10206887961337045,0.0962487226634318,-21.339026963939247,15.249438056793247,-9.340910209974929,11.89869752516461,0.24605855512470165,0.03446020656043566,-0.04545333339936195,0.3339609325759933,1.1060910227968324,-0.390472569410903,0.6919116254603073,0.004243580769555433,-0.03376972205063302,0.012877933781803748,0.025563890130553428,-0.046053711163662,-0.27672481517835124,-1.3247909464532353,-0.8500791895095744,-0.7028094293247084,-1.2212299192063678e-05,-0.003337489017708742,-0.0035385355503872225,4.564707327369048e-05,0.009413685156046615,0.19424688795966416,0.09886100778076133,0.09918143011278871,0.8391048571775775,0.5885890430200291,0.5029896392510926,0.8607100961593562,0.5148675532031457,0.9362395684890487,0.8718226876149056,0.9086170533381307
worldcover_00396,worldcover_00396,4,0.0691329981862779,0.36883201483975614,0.317265248716328,0.07434562830762474,-25.72524173288165,5.21318290390454,-18.55632268716871,7.180606777835041,0.19399142012689893,-0.33789137070850644,-0.3903201037485677,0.3472240016987866,1.0798206019493735,1.652368803050539,2.3016728285811876,1.3344851576213794,-0.03817749476183697,0.10163861963881805,0.10838124470067607,-0.07409753732673521,-0.22061372454047745,-0.7269562255593889,-0.6935880097030656,-0.6182113334526674,0.0016738466334887316,-0.009182040005771797,-0.009145542640577658,0.004162819416384497,0.005338839507246555,0.07071593787777156,0.0501212334640419,0.06139351693794552,0.9683885868179688,0.7020923403594301,0.7696957162104605,0.99798066150202,0.392477654938313,0.4692094937079827,0.49506831933752604,0.5482433031862612
worldcover_00397,worldcover_00397,4,0.08562306440833733,0.015591693668146861,-0.03581852543125408,0.15552090717987627,-17.493627815542663,7.637662542872738,-8.898052346176817,8.527725776884909,0.07719885767315939,0.11025332656341563,0.0655944888957678,0.1165309592135366,0.7706723406481024,0.18384445020676318,1.711425737583037,0.41202060613836816,-0.027142992837867655,-0.036051218505763274,-0.0245471450311078,-0.043065923423349056,-0.3034472495678025,0.055424251732200745,-0.5392477018319551,-0.06938481188153112,0.002388667093006857,0.003125562813518699,0.00229531554272986,0.003911872892969789,0.028177438426099363,-0.0010122150316919099,0.047314229012009476,0.0072461488281691045,0.7974575509784584,0.8118334619648242,0.7656851780996246,0.708331450462595,0.24175910497159336,0.2728471003679239,0.42087981644424144,0.3074701962829206
worldcover_00398,worldcover_00398,4,-1.0235785656692478,0.7963220439286854,0.8184979959870836,-0.1096289357396239,-18.88469847063453,4.721832458006118,-12.725835089079256,6.843880062146531,0.9946819856363632,-0.022791709551322797,-0.09027939662337414,0.19020307556696467,-2.8884449671253978,3.548016637729141,0.3606479735140764,2.176893078248546,-0.19703627181169267,-0.06581276687450711,-0.07807572655282984,0.022428713959149957,1.4110971364628073,-1.2295693387368734,0.2434899176997747,-0.7537032516238309,0.010803344928362407,0.00931070687136413,0.01241470218607872,-0.006912346542436604,-0.14829979206754695,0.10891000891272462,-0.03808536677335834,0.06728849496408076,0.9968414539826987,0.6149672282898319,0.7575808117531422,0.9042632927085447,0.6947269249241861,0.41533825741220254,0.411651488624559,0.4254560008558156
worldcover_00399,worldcover_00399,4,0.07022851775290193,0.1433228895519707,0.03196363927881095,0.10624807305408233,-18.377623336039143,3.7574529175280786,-12.279703177213062,5.6895397416155165,0.035562458422402625,-0.22504720189386787,-0.241208275925138,0.06516160472991002,-0.2765667672826467,0.7909869764762417,0.39523655737266056,0.8123465343971745,0.028891127609200144,0.117712292324316,0.10689255681283982,0.04480083388361061,0.06016063043384606,-0.3463470708412844,-0.2222665183437605,-0.35559083871613,-0.0048179147689194545,-0.012842286970805028,-0.011075576242280534,-0.007478222288567612,-0.007173802340371431,0.03873443228423895,0.022249020782723644,0.03954512085965479,0.9531133425658421,0.8522990421956964,0.8296613993602162,0.9788386128397529,0.2301213881313009,0.3934718078831515,0.08399766671015296,0.3666741169012532
worldcover_00400,worldcover_00400,4,0.054748043166506576,0.005516942364700299,-0.09640481464113225,0.06935883403727586,-14.559909297151481,16.937539773194658,-1.3398571666460262,12.51966960079591,0.323561358283297,0.25545234534712,0.1586451857602072,0.3641148581509545,3.5354953285519266,-9.621383040261847,-0.8126171069763133,-4.375536718040801,-0.07238709487882088,-0.0532165314776426,-0.03434905014303198,-0.06546151192931368,-0.6610051041565245,2.6236218470990855,0.32740415587956717,1.2384256859061877,0.0038553145907057975,0.001813252936258445,0.0011105395364339797,0.002282420530764727,0.029298162405817185,-0.20343185735565045,-0.034461118564358816,-0.09715165629890277,0.8067397720651325,0.8124157247951687,0.747005342054005,0.8334875745547435,0.7494189714882623,0.855757070326102,0.09288761648917276,0.7517923775920468
worldcover_00401,worldcover_00401,4,0.09770691600347028,-0.05540879787594965,-0.1585421439147353,0.1940105823856416,-15.90427459876399,2.402891429334971,-11.542633850333509,4.124120280324305,0.20996553566409176,0.28502212478114,0.2106789278664755,0.28749806481221324,-1.2224332137085996,3.574374466023229,2.2079404962850435,3.785290474701025,-0.03628389179356362,-0.03998101110775743,-0.03129119690088342,-0.042236833667858256,0.5082545004842959,-1.2406432821286075,-0.7219155126961886,-1.3312790681001563,0.0011505556235201922,0.0006827199267166979,0.0006879792464050272,0.0008107302616340885,-0.05016669216474205,0.11107462968721739,0.062155009437951145,0.12020993928740785,0.9135186587596074,0.9402423907596704,0.8921971119886113,0.9506862475501136,0.5395123558990939,0.6601077276163112,0.4472710908084814,0.6615728207998341
worldcover_00402,worldcover_00402,4,0.10460812306930815,-0.05708633081027935,-0.14049686807574632,0.19200139763680377,-22.350592806101496,14.255241394379683,-8.87101277985273,11.493441123952863,0.10897994084265747,0.09361781270080588,0.017002156033875296,0.15823905601624444,4.884420697287613,-0.5578538875302034,2.190911413629671,-0.046134295673749104,-0.019441187165543997,-0.01796341026040569,-5.196040552668108e-05,-0.02392776961966508,-1.4453298824665655,-0.6135034647746057,-0.8427158133110889,-0.2985753081978589,0.0006464754848196837,0.0006639449386810347,-0.00048454137838850684,0.00044059260475514956,0.11467620221150514,0.09622891384658368,0.07611372431977187,0.04284764095407702,0.9758848171067351,0.7762514728320481,0.602075740706389,0.9442005690261455,0.9604017743811298,0.886602476287035,0.562007111734883,0.892688456192753
worldcover_00403,worldcover_00403,4,0.08935766012546728,-0.059988900341770686,-0.12631754452983515,0.15116003855611357,-18.926146627796072,3.4235521840203185,-13.791862533261407,5.365506883710594,0.09051504693677524,0.08357674531668155,0.04015813037634814,0.1397789329408649,-1.4693759461683222,1.5151605102702705,0.05194626911966962,1.4484443555997737,-0.02492344631189138,-0.03158145445475581,-0.01896355514015463,-0.04198406983441081,0.3980609686571858,-0.4898215315077095,0.033955433153727475,-0.4546625623334497,0.0016888753871368179,0.002681255712164467,0.001780441858702231,0.0031228445545591456,-0.031330935813450485,0.04578344557803567,-0.005505435020947464,0.04190423757989963,0.9734094110730201,0.858613568340862,0.7202413522901525,0.9644793551293033,0.37861018437171323,0.4654917202831459,0.14969354430993564,0.45286384619213194
worldcover_00405,worldcover_00405,4,0.03472669627137209,0.3596211083473236,0.34241846100794004,0.017371574811864632,-24.447781825815905,26.18447209588254,-8.7817517355705,14.281538925760112,0.28995872137211176,-0.2026095667000235,-0.34864486039095016,0.4481523706917712,0.08060537946529445,-8.12143414251366,-2.7945342094345125,-1.9930580577256785,-0.08678653140944634,0.03999573188970966,0.08269042619383074,-0.13559034063573494,0.050187342214075635,1.073498562965615,0.49588488087781013,0.24883886889488405,0.006763359518182801,-0.0030577309803585646,-0.0063580882111140885,0.010851651392500791,-0.012008937783995755,-0.001760007148410824,-0.026708082355548144,0.002299142697146497,0.9424779169801073,0.6698429700262084,0.7752365790552684,0.9516401088991874,0.08678109267983058,0.9070945607879424,0.4749847775089471,0.8973013227727402
worldcover_00406,worldcover_00406,4,-0.1199080161770141,0.8179916152448368,0.8333918271642744,-0.08141955380525533,-16.98704973978033,29.14941008537967,-1.729169187783935,13.947455716662155,0.3252812064403845,-0.10192119158686191,-0.2174308891629893,0.32433131370427326,4.431605729178028,8.947972253467116,5.770807846854662,2.3259127463239526,-0.04791560540083731,-0.027680827909475736,-0.015681606995594885,-0.016127053978832667,-1.0940761340019949,-6.340714531756692,-2.4858142719287715,-1.6011822768904165,0.0011040127811116425,0.005345356697686995,0.005596731366081669,-0.0035921939874463097,0.08223803317668126,0.696873285979902,0.24012011365814423,0.1764292334751823,0.9253268229021381,0.7310865978314478,0.7789814248854136,0.8827482094259869,0.7856342333253701,0.5277986248508442,0.8569685841554109,0.7363658311135044
worldcover_00407,worldcover_00407,4,-0.05677374844317595,0.6347678079072278,0.6189040524715728,-0.08847213844472339,-22.99188612412415,8.22736359953877,-13.031118105307085,9.071116593464385,0.33432130071594,0.0440370666217939,-0.10041850311533833,0.4399688675702131,5.287689814405299,-1.1961194816140899,4.899883733823784,-0.6279573815322661,-0.06462783626833452,-0.07382743408927653,-0.04341703769448511,-0.06403700377362728,-1.2511602597781892,-0.042945446696702035,-1.76288338499671,-0.08822567389912984,0.002641346489784435,0.008593159501977032,0.0069553571931942546,0.000766320171121568,0.07305927056286517,0.03174371469213976,0.15964304377186156,0.026489004614964524,0.8498220726591268,0.8504188134119285,0.880500922619138,0.8215010856296407,0.9654847194309046,0.7240024125812079,0.9361609936323447,0.6954341901170248
worldcover_00408,worldcover_00408,4,-0.22591301750275902,0.7132158514225129,0.7294600581129405,-0.07836760668027674,-23.64228580849585,10.288881551130773,-14.072429541967445,10.17062375620369,0.12951480704010548,0.11724724230312045,0.12554953321223059,0.011850312658926629,1.058925735679023,2.823527268645471,2.5783075701610536,0.9118552369723651,0.0769349433208719,-0.08128344970735094,-0.13068594215881224,0.12049318490362428,0.699753948898738,-1.6356587287206985,-0.16337766400759587,-0.6549406851532948,-0.013230474132027808,0.009095827512668827,0.01591014468835458,-0.017336177927761733,-0.11156440658043891,0.18579675901788675,-0.013214109423999797,0.0788093848303111,0.8659988744260254,0.7477408939203642,0.8814899593724108,0.9070258473607133,0.7908963374307003,0.5006686808943073,0.7316193800785686,0.5524239699843332
worldcover_00409,worldcover_00409,4,-0.19736990709448843,0.6640924779754693,0.6632821647111654,-0.07056705433536521,-27.088357509873873,3.438603248168831,-20.942241845554033,5.316499604559529,0.6935530356496146,-0.05005538348285938,-0.27834774912261007,0.6263206273997336,4.660063050224671,0.565652476319613,5.217535615407568,0.6241395049454445,-0.18227434868537892,-0.018511123834298752,0.041513466792285854,-0.14903625448383523,-1.2355941524789793,-0.10085081292630217,-1.4691436444673396,-0.10530780919728555,0.013159882659392316,0.001923431839906805,-0.0024826048515887494,0.009881325639934836,0.08666573500526757,0.0018857620464020658,0.10819880034002236,0.0011785742334045365,0.9049886908007957,0.7969266461558003,0.8614039436069597,0.8758860234440148,0.8034926903413373,0.4854892148106015,0.8051646166782449,0.48557637721992875
worldcover_00410,worldcover_00410,4,-0.09423679924814421,0.4986972467917378,0.5063771831266793,-0.0526887724726368,-25.620454131319395,10.128091324634074,-15.36192140544981,10.193242923312921,0.44453224755304493,-0.2890171416044699,-0.47314893380398665,0.513683953109965,3.347388021862078,-1.452463521632116,0.7980478732959143,-1.2366907721872273,-0.08908794095274696,0.11812726728763276,0.1534220421106202,-0.08998037186588308,-0.5304998265834087,-0.278692952173302,-0.0873803310967706,-0.0861686949721033,0.004385736682473425,-0.012717638776233098,-0.014505483275937904,0.0034197322363409997,0.008049212255145384,0.06678105654340394,-0.006240636453792096,0.0363973525225992,0.9368661343314498,0.4674561862221306,0.5557590698948103,0.9648624453850112,0.7870056373737017,0.628849947156963,0.26625193056716845,0.7061767100592333
worldcover_00411,worldcover_00411,4,0.0308782874978399,0.27102340803001845,0.19625969377882543,-0.02310334230688514,-8.145279279556926,8.554386238996376,-0.23938485571109655,9.379666160892663,0.1962062185618608,0.07316568428798338,0.027962589858188475,0.18943659179208355,-0.8847475777545113,-0.3613764304844369,0.5291841370548003,-0.6209953940042101,0.05652889497342285,0.023758281207768413,0.01800980884984977,0.05583588725351011,0.610939374308129,-0.24001495201919676,-0.17508612206893656,-0.016194971897777834,-0.012180983578923771,-0.00546953591960247,-0.004068682450010924,-0.011331334126868632,-0.06679263658508901,0.032992810164559405,0.015009753751916698,0.009109483716980865,0.9254907041771745,0.8058415167813296,0.6440340364312029,0.934740722423403,0.20978688347584473,0.4869627965773726,0.006035174700449897,0.45777400532325985
worldcover_00412,worldcover_00412,4,0.0964539827939941,0.2980759153989226,0.21475325626405753,0.09843334634647327,-23.479793740638733,20.29799250802142,-10.918365343278571,13.506388196474774,0.26666789412455016,-0.07868193372315341,-0.18874998316760067,0.41414814735097444,3.9242726128434704,-10.81484711947778,-0.4676451073867529,-4.8304271003452435,-0.07651024267447519,0.008279199064890627,0.03982952675778105,-0.11931305601225249,-1.0056252948316495,1.9983646567569817,-0.04054838899467848,0.928676787004302,0.005636462562727798,-0.0008479696039975852,-0.0031288608043181726,0.0089950720130494,0.06222340570573661,-0.07892050412593148,0.012885367091096537,-0.03818254325460234,0.8658592923896683,0.7582929228977837,0.7976204803382358,0.9093092901253836,0.7739742652831374,0.9662103479514665,0.39758055172193096,0.9050309704630277
worldcover_00413,worldcover_00413,4,-0.2668096371643718,0.5784976965550204,0.5679420849139023,-0.010126915167677542,-26.503210143461533,10.37425637053031,-16.668513021623912,10.20883090155825,0.4570650065048605,-0.6680512445727496,-0.7278074296930465,0.3067345580766118,0.2238001125773152,-0.6410071318451124,-0.14054473929846678,-0.8645574177041364,-0.11534931766243159,0.18063238260711134,0.19620379689451906,-0.07473998124916818,0.10472647889158848,-0.4381005595135295,-0.046304900943562134,0.0018636634992815469,0.008402880388681718,-0.014423557679460484,-0.015663509642837005,0.005225899469370784,-0.017176335825834627,0.0843724161116667,0.01483781687116585,0.01995721132870713,0.9090741848794524,0.8685252040080347,0.8810645856878245,0.9148060845650838,0.21064126881961187,0.6056274374854429,0.1610661052183724,0.5480716780645498
worldcover_00414,worldcover_00414,4,-0.2386366418896938,0.8157661268205353,0.8161630839899632,-0.07670622166584898,-24.7843086488268,1.1857364771988381,-22.771357206752718,1.5216319677770385,0.07470479090507207,-0.15406823542619558,-0.1892974929337113,0.0517381788896673,-0.20833202618889493,2.898484893622426,2.5312492439856125,3.802869020850104,0.08654846427350635,-0.020404691658752704,-0.044701024970579935,0.08668456585206945,0.14541652772822047,-0.66345607222748,-0.33550983322162387,-0.7622201190644387,-0.013878783708592052,0.005551352005715317,0.009680498414908095,-0.013321500483222977,-0.01629150480849385,0.03776604934463885,-0.00011617105247774944,0.03489541093663198,0.9459479025360932,0.6915352671969539,0.8049358421222527,0.9437678881944127,0.20683778833758204,0.7762484145128149,0.8284058136814603,0.8687792747611099
worldcover_00415,worldcover_00415,4,-0.18616700654375581,0.6110063068794486,0.605353730138053,-0.08132292358486935,-27.456012164009078,4.4842962775918105,-19.633800804431857,6.417072040421273,0.4158880570824144,0.027530189721829204,-0.07580081284016726,0.37630980707231965,5.165277511868662,0.9021373161687024,4.461012831979118,0.7640405950909653,-0.05674320526969196,-0.05506631115943295,-0.05521126509970626,-0.022963041211861435,-1.1527010325551181,-0.19420747559398685,-0.9832610153803389,-0.16795384259033755,0.00030647956278858924,0.007364551188668798,0.009484492557480757,-0.0040335213304544355,0.060912037176653,0.02914390056119079,0.06049571499465627,0.020878223276915096,0.8865213804381723,0.537424957104372,0.7522799945613574,0.9003183418925418,0.7844809329008359,0.7904208505518325,0.8677622254878595,0.6771030658847533
worldcover_00416,worldcover_00416,4,-0.0597307839364541,0.6324718881285549,0.5999818288467129,0.02182190046843294,-26.484249339171775,13.222816962547743,-16.985788307086754,11.123955717583058,0.20961769326915847,-0.6641224487610741,-0.7087942267812417,0.2028449107818892,-0.021553571220180152,-4.159841358659319,-0.6435943634768893,-2.1205719002180543,-0.05946007353485548,0.16508822229759362,0.1817218047844896,-0.06291665724635892,-0.018285980605245132,0.8180713394718528,0.15386889034386395,0.481611772050833,0.004712147135592355,-0.012161250828266733,-0.013804324084159082,0.005281140077671015,-0.0005952396771056996,-0.037141620367932004,-0.009410669197941458,-0.028412014736945497,0.7845814013567587,0.8751091566654056,0.8786628620072063,0.6826248779399371,0.11258736255185275,0.34913648155839183,0.02040528014480214,0.23132995685439928
worldcover_00417,worldcover_00417,4,0.00035321955582830357,0.6152041227077002,0.5895903092442151,-0.023051363246685636,-27.395266038885037,12.936429143028318,-15.989198928885846,11.1433852058272,-0.00905471182253764,0.10673731556605594,0.10898745716327529,-0.009349609252123654,1.6043607420136088,0.5399855837829094,1.4628223689298585,0.0882695368281421,0.08031382804332778,-0.09286894871816974,-0.12957803584490074,0.10370821603654479,0.2809747968298325,-0.8431022025664722,0.015276119390557933,-0.33822204605260625,-0.011687310122720625,0.011130328939268066,0.016420619985596675,-0.014691478363473454,-0.06840811832323318,0.1209108355903443,-0.026789974485626967,0.05052348766039949,0.9444364198226807,0.6321533110502717,0.8112365909011703,0.9131206556388468,0.6924204743355531,0.4465020633929462,0.8677166772733567,0.4141731872476413
worldcover_00418,worldcover_00418,4,-0.04421833876946557,0.5296369683223229,0.48035751881472816,0.0032284778514605826,-22.389383941599796,10.764992811408225,-11.32730170409441,10.849089498959028,0.36219616912215213,-0.40366380928557216,-0.5052229014580082,0.4595419926391459,5.098074542988512,-2.9493817464028194,0.6232148091730726,-4.16103608652158,-0.09546697977585278,0.10826449061429429,0.13144723511829118,-0.12327077232494735,-1.637454116810903,-0.22604110883620496,-0.7762557317356954,0.8068427531271112,0.0067619388982349555,-0.009207346022712306,-0.01057153100599393,0.008794075244981221,0.12420094700092393,0.11485496623707535,0.09618361561200388,-0.026915701990119133,0.9667458650404785,0.6906535184780973,0.7560831965430276,0.9582392914529523,0.7125664653568451,0.7918228573376789,0.6093668433343993,0.7030997808338348
worldcover_00419,worldcover_00419,4,-0.09875255611268174,0.6840244872551967,0.6829112149549239,-0.05596764114769869,-27.3575897165969,8.689847943323361,-19.30515649363429,9.448216292055971,0.4490330854012521,-0.3778550613908064,-0.5631302144260151,0.5893414918155883,2.9768648412305434,-1.5208534718598676,3.961291510203655,-1.1616492345083602,-0.12061163867209554,0.06144019019955293,0.11715291356627548,-0.15300190497141347,-0.6286937881092906,0.1837989249514655,-1.103592108731088,0.18578668303107151,0.008700691788812722,-0.0034178315445479754,-0.007733072840956724,0.01083154524817609,0.030619277043606136,0.0008871202776434333,0.07922735786688728,-0.005126572007938066,0.8886823900944932,0.6333932963476192,0.6990868385512397,0.9392306306637548,0.6870220154658327,0.502670662877019,0.8130245519563692,0.49346258371950147
worldcover_00420,worldcover_00420,4,0.0587632377581377,0.4284475292361358,0.3763744376148224,0.04711626520888415,-18.27230444719296,7.038219172848284,-10.347962940508461,8.468674175830492,0.12175773228259232,-0.3952362051617996,-0.4281588472603321,0.1841998042479626,1.0046197016845424,-1.4715018560613826,0.27169258835154947,-1.2500671780013093,-0.033562903928165994,0.10151156564737006,0.11049821672082183,-0.05230485366504164,-0.2334176125756078,0.021185622297692476,-0.29070230509491346,0.0682446364861098,0.0024815775448280147,-0.007726453718578791,-0.008447165629177371,0.004053098337743615,0.012514211867662226,0.031563432197630074,0.03893150383386523,0.018175282110415834,0.9689912806998705,0.8471059437899388,0.8736928607284871,0.9632465805860371,0.739866596267776,0.8390479768645629,0.7325481958269671,0.8363433716694917
worldcover_00421,worldcover_00421,4,0.1464111783980946,-0.009444565596905605,-0.059983222886468436,0.21926162448344821,-26.008236891641765,10.741324106769639,-15.781647827853845,10.373891855866887,0.041020653758178816,-0.009362901354001599,-0.01672310024381622,0.03060629889960311,-0.44330187233320756,-6.221097129578447,-3.984592784161025,-3.8220392969345247,-0.021941304903983296,-0.0032458584271855355,0.0028397842628872967,-0.02600971038465376,0.08322164065713575,1.860267073222667,1.015877176032714,1.1722303887316052,0.0021683086888381366,0.0005850704349201158,-0.0001302434677126404,0.002908099536793403,-0.005453928135621754,-0.1533216619106118,-0.07113263999155785,-0.09742766307008796,0.5879295430972671,0.44720204409699127,0.18180717054934814,0.7200692627861818,0.22621976711976344,0.9650089839253896,0.8391193218366229,0.9423420583591056
worldcover_00422,worldcover_00422,4,-0.15734332212947177,0.7676698154572287,0.7972790660957494,-0.0679456285963009,-13.99122122994062,14.10467458065714,-4.481105215707056,11.44607569240366,-0.00031964168368959253,-0.15759113986813883,-0.24493101971697048,0.07358340582706911,3.2898222982245167,-4.862363399558098,2.7443348295970673,-1.8726747393987397,0.08278785239633817,-0.00500434666097929,-0.004547563780631211,0.06355757433396969,-0.6843414049329614,1.259406860173908,-0.5181740057984519,0.47906474082511963,-0.011280263032301546,0.0036832332009016843,0.005136168924056814,-0.010562738328419552,0.03266759710135693,-0.08817737726422104,0.025043917099218282,-0.03265100809650246,0.6930931265557918,0.531554477001912,0.6764385056764333,0.950561208050256,0.6593870614480344,0.5417266877805269,0.3639229330986724,0.5139007134709862
worldcover_00423,worldcover_00423,4,-0.39323673121342495,0.8303833933490707,0.8442881077979567,-0.025145680248512874,-25.823831643283917,8.410671809204311,-16.214648266023573,9.292042594252047,-0.05490345425392868,0.13211086744235434,0.1870370711318183,-0.18013760201366721,-0.3750578168817487,-1.9982206845772592,-2.3287268942606834,-1.8200273513355423,0.12324712992040575,-0.14339481168769222,-0.1962837758776426,0.1460550048658662,0.7596964178479184,0.8592193759795655,1.5141067346348271,0.7191030380635528,-0.01592156052252118,0.01758186954703894,0.023986775404538453,-0.0172421236691827,-0.10469959814439488,-0.06856718134957743,-0.16809188003885936,-0.061154071823645594,0.9631831795051865,0.7258701794297637,0.8023601839197039,0.9357799156399365,0.7042507911547835,0.4455349634455702,0.4948114270114454,0.4568302527262267
worldcover_00424,worldcover_00424,4,-0.006470597433014523,0.5623411922292275,0.5617421606950682,-0.01863669654862461,-18.369493513211797,15.235683789193438,-6.765058773803981,11.6004722069764,0.07136057799711723,-0.1816320928730189,-0.2639376865552055,0.08636586821918935,2.7170462326246896,5.226885644893432,4.479016783623059,1.7382824555984817,-0.000332376393817183,0.007561151938133936,0.014938368865195971,0.02079556414704302,-0.7105680283167585,-2.0056031971025394,-1.4534801116150466,-0.7043207944918496,-0.0010454006887786014,0.0018483566101452345,0.002140924682596125,-0.004377735656394504,0.05462221385271404,0.16639562409338374,0.12034296334244264,0.060746638265608915,0.8357706447926777,0.740716448089187,0.8586890334850042,0.9208647445083089,0.316547627717644,0.4388307149978853,0.8893049982109178,0.4631195954228735
worldcover_00425,worldcover_00425,4,0.06062444766418661,0.7475706189870832,0.7381447249967049,0.006417594285624815,-20.73340798974343,4.372038135227952,-14.349953754970267,6.234814619758417,0.022071660160237108,-0.049462836649683206,-0.11276471935626622,-0.00756344094221933,1.4456568229410671,0.4166264159763824,1.1868359290193375,0.6420006167045677,0.0270097135221731,-0.07048923238402313,-0.07538456827789138,0.07595333371722637,-0.16146500245325554,0.23162090366432328,0.18266748471163238,0.04373143239073544,-0.004187951400583505,0.011116126345263584,0.01301432919284008,-0.010469403988070248,-0.009712853824912665,-0.026817912158105858,-0.04386338925250183,-0.009225306937385899,0.8506315486219207,0.8558186893705513,0.8356234792673092,0.9040182523504993,0.987827384345275,0.7432505655223602,0.9076022694790465,0.7389205516780455
worldcover_00426,worldcover_00426,4,-0.1680863131902713,0.7470402676950809,0.7392967014545297,-0.10235635783861953,-25.49982027590177,6.279309747700604,-18.34303381035494,7.938436439650774,0.3608905114272125,-0.08702320179769071,-0.17793005060899858,0.3419594967087344,2.8443878111330787,0.4783535589063644,2.4347872436313582,0.5380864308509483,-0.05220998160295986,-0.05037613317886448,-0.04615515013108434,-0.028927177041607702,-0.4941714216072131,-0.48795043204073313,-0.5590767136360657,-0.4727304906471007,0.0003383359408030429,0.00893632875698984,0.010138639628727238,-0.0026151002431758805,0.016035889916354528,0.05743173080419315,0.03189282741307997,0.05471668064756531,0.928129861885992,0.6868686883734881,0.7735182190990821,0.8911788771219289,0.8816820022849008,0.7553335251312535,0.9440007131980822,0.7665407888390465
worldcover_00427,worldcover_00427,4,0.06263922275272413,0.02659533652618043,-0.027504288252782037,0.0841413127879296,-18.561251694332086,4.151872613683375,-12.338702503366932,6.218428264885053,-0.007351886770120169,-0.036388472269569566,-0.018514278160023476,-0.017820328030557286,-1.5580570485022172,3.3227437377363045,1.1296478954865428,2.7762942086410005,0.03405834052134876,0.04840692337521733,0.032309625503401405,0.04477526451505353,0.8858892902023621,-1.273274070482387,-0.15596750205226212,-1.1007254468462386,-0.004400420277132655,-0.005779928452514032,-0.004087244466210551,-0.005471413334210706,-0.08908068670912184,0.11690450225853696,0.006916283322805258,0.10257897934964788,0.963187967517913,0.9807759624171848,0.9656028303561346,0.9553180705352161,0.8140239182511807,0.5925614101127981,0.8225613843814187,0.5806951152172107
worldcover_00428,worldcover_00428,4,-0.3456674095096398,0.8135267320004381,0.8322612532894273,-0.08756518795747678,-24.681220328249573,19.697645127053843,-10.735780270419221,12.58470818732756,0.3663704834226571,-0.06202860389437085,-0.18646834742662302,0.2296080424612954,5.803694322355987,-9.563373137999381,0.7347998674808843,-3.0091340730150966,-0.033291816149062216,-0.0563130985897081,-0.05614471918141279,0.027586245194714393,-1.0506060604497287,2.4237457839690855,0.4641240263892393,0.76622300127457,-0.001813337963784482,0.008810995315963565,0.011235709325645594,-0.008304238392303532,0.051273711762670204,-0.17079064002582023,-0.07360104110419782,-0.05215938377428062,0.8997992530596562,0.8243207233613884,0.8509902208809654,0.8783144319595517,0.9756523417640403,0.6285018840572959,0.7173551057179518,0.40493962043750364
worldcover_00429,worldcover_00429,4,-0.13974912855973284,0.6796477843414659,0.682241543788802,-0.08272836320666688,-24.47755846381511,6.09267646899424,-17.04264649145105,7.816033432107669,0.24520050819903041,0.06103191737617678,-0.02746655007026106,0.18367997405400177,1.9570344135892057,-1.0132646059242598,1.7405091549987186,-0.7575938899418285,0.018288123256802378,-0.05689763506769599,-0.06536679163381635,0.06100655257403519,-0.13863900068434332,0.3183021309493655,-0.0752404285060925,0.23446596187611563,-0.006986987755726864,0.006583143590074585,0.009552082300863475,-0.012136545643737222,-0.020579430748673962,-0.024151004327575307,-0.021563969309808324,-0.017633267586740657,0.8868112185742866,0.6183674377171571,0.7608042477286614,0.9299026377064292,0.9463927063260064,0.6020590656683642,0.861983968699099,0.5585787024023388
worldcover_00430,worldcover_00430,4,0.08168910536335294,0.11515498658021257,-0.0005160505798734735,0.09174650264057262,-23.15257878594373,43.06384534081993,-7.039745439492338,16.296426580732494,0.14684794717196667,-0.027967911006675596,-0.07766547367449758,0.23992704100433776,2.0918059639310482,-1.046120867418134,0.8331239683948077,0.23539126155403972,-0.006952455693013799,0.04230253482680945,0.04596647234770641,-0.018843857353770862,-0.00143760622646038,-5.3511777956161515,-0.5110624485349233,-0.9914655209588432,-0.0018416436373566009,-0.005818186845216489,-0.005499822360397589,-0.0017046123705428083,-0.04488540761290571,0.8410632484528248,0.059020482942536784,0.14167978118248936,0.9077726155694609,0.7706630971555053,0.7073733618598427,0.9893125777537225,0.6995791007347343,0.9335060963672859,0.19515783147426968,0.9700362761661218
worldcover_00431,worldcover_00431,4,0.05756727744331964,0.2289920582464246,0.1336140065933716,0.07757447456771754,-24.956341456171426,7.8305211079736425,-16.95485567725775,8.50584045147373,0.3576672857082394,0.01992031077425616,-0.08181207174701341,0.4955707789058711,-1.2350408557172032,0.0449263898367297,0.49869993281419167,1.3023401764607516,-0.09884939434961758,-0.009847344681459274,0.014955986920115238,-0.12968893374973542,1.091411544154238,-0.4071985973525095,-0.024593823018513834,-0.9448060941601649,0.007286345627570592,0.0003238660236350167,-0.0013788612841656729,0.009334202103241514,-0.13392056909208813,0.05625901350977799,-0.0075357341800717055,0.10989445985966567,0.799383386191582,0.3014206443177533,0.41243778115545326,0.8337286606750076,0.5642770874815299,0.3308059478717815,0.2462282756648958,0.4949434082042522
worldcover_00432,worldcover_00432,4,0.02354363717502627,-0.013931041484642855,-0.05763430492670247,0.046892349692907995,-21.495194557770358,7.448411167507843,-11.308218749481645,8.60011187248577,0.033582789869065634,0.029607882061677943,0.028250389215019267,0.011107217343080775,-0.012764415778382786,2.330691996487677,-1.1502303719138218,1.3583533491446782,0.05489334967171459,0.06555333595976903,0.04363011115823277,0.08255092927871593,0.597515128043335,-1.2741463860835847,0.6100243785923232,-0.7531101718942684,-0.00864161707313217,-0.010033210490199956,-0.006953450855846056,-0.012213262249574528,-0.08213310815140809,0.14119486205065715,-0.06205887891084139,0.08385415855661645,0.8606305947141918,0.9204059586551309,0.893076427872642,0.8051145234967869,0.8408530997870303,0.7490476642083788,0.6490108197369955,0.7922935736224529
worldcover_00433,worldcover_00433,4,-0.0705785774020638,0.6096557962962165,0.5537043324474125,-0.03573238046021295,-23.26195613528945,12.62635020918258,-14.012636684794321,11.389897631783471,0.4391457184278568,-0.2532313132495985,-0.41851206188873563,0.5397476071384651,-0.541756036204727,-4.2484792792456245,-1.5022530897331625,-2.8968981367061217,-0.10636695313661215,0.057140568948604815,0.09827043743425107,-0.11485842286278493,0.48671622645156126,0.44554000035926705,0.5188338124412458,0.36799057593478274,0.0068992189248843075,-0.004888179650850067,-0.007687535776634405,0.006187040999654026,-0.06833880177657227,0.013332345684314215,-0.05234093514743624,0.001757960942640556,0.9247486057325033,0.6252672337290274,0.6978526664418891,0.963958409195976,0.540149153140483,0.8281015215277594,0.25961219264516733,0.7714160727889392
worldcover_00434,worldcover_00434,4,0.05204419547589757,0.2688577475421352,0.20991390743151664,0.06649199376503678,-25.19836186645327,5.804973923957416,-17.564816074499493,7.685519708515328,0.2846064446505311,-0.1563172578545549,-0.26381807426168025,0.35776930071768254,1.1902123697202316,-0.9799463130422021,0.2293940337943267,-1.0363896899309497,-0.05976759520170176,0.061121489257991136,0.08498577715111365,-0.06814205078851598,-0.036902863450967674,0.3015105044952542,0.2518509814476052,0.32369342924395905,0.0030535216151513444,-0.006189975591207092,-0.007795673611602094,0.0029803353051344474,-0.015323627521940296,-0.02954338890725617,-0.041089537181278474,-0.031199162406695055,0.8785911037933612,0.26918976468605593,0.464911596831855,0.963694540027863,0.8318343921984063,0.47198064573182574,0.5963848262094884,0.4890807942885088
worldcover_00435,worldcover_00435,4,0.011441843352484084,0.1998779108804284,0.11064881718519932,0.013004067607902616,-9.85064149931856,29.474962874330455,2.276981619844736,14.936212108922431,0.35192540031559383,0.0164228123243128,-0.08589827736455281,0.5097731637753651,0.3373613115109356,-16.726528254964148,-1.7293499813052662,-4.547318212413391,-0.09073975230577432,-0.004315367579314947,0.01950702109087855,-0.13158601182170213,-0.09376628373712922,3.877772266559038,0.3250391574143314,1.0840026477307325,0.006112130670874669,-0.0008278661501603344,-0.002219154170215733,0.009207654424538494,0.0012577077437715674,-0.24038487083968577,-0.0185880546187557,-0.0674512142449967,0.8055386806306386,0.5530141637389644,0.5928781851745152,0.9358514632182123,0.4479284038785335,0.971761863758571,0.4916788996632985,0.9362037995938737
worldcover_00436,worldcover_00436,4,0.009085514597002926,0.6223483819401621,0.6120688595075264,0.004808535827607181,-19.400332097455546,16.503253846488885,-6.494777453111331,12.225546053414048,0.2795646125443124,-0.13208621698949044,-0.334146873489583,0.5024779487682111,4.149583208203033,-3.475420165248626,3.0707091940181397,-1.3201876309607308,-0.05604054604168492,0.004261584976663739,0.060241909234006186,-0.12208449580501014,-1.2584154894659458,0.0010167332249689201,-1.3181855218277954,0.022323581722083798,0.0029023953122409704,0.0006400382127424789,-0.0037185693644175137,0.008507451461157696,0.09948930630670606,0.07134705807345565,0.12417020428454179,0.02353411192458918,0.8676131065303884,0.9927231753749302,0.9993575654281741,0.9127997506811354,0.7201074258406756,0.8399283754764729,0.6615156112259695,0.8201456736298738
worldcover_00437,worldcover_00437,4,0.10210573467875254,-0.08202305861579484,-0.13114047050476157,0.1432208834272431,-19.707327010381142,7.97412936695867,-10.951628982241942,9.057678463074515,-0.15513896175076808,-0.14447706078118108,-0.09311505631794934,-0.19750849187137454,-2.8216792284611234,-0.8354424005821853,-2.958141683046766,-0.6445596658209394,0.09290905585581744,0.08711082759890049,0.061029982265262205,0.109620386057279,1.088015684146722,-0.05026385332938332,0.8879771223476646,-0.022961542035479975,-0.009857776971845547,-0.008974618555812124,-0.006520674667424614,-0.011123975023928295,-0.09509356301872002,0.01295045645653632,-0.07443099385651428,0.0077511260961892455,0.9250199762691829,0.9501138961166523,0.910285793511203,0.9270442799857016,0.6170984443544479,0.7927911931085114,0.4029714303019387,0.736275372609094
worldcover_00438,worldcover_00438,4,-0.12298698507484108,0.6286600186404844,0.6217102324166741,-0.008343313510217857,-25.0565747252934,9.681903849793436,-15.039864250983127,10.068851741275697,0.4565298805240767,-0.47303972875196687,-0.6141648754091285,0.5252380477382772,2.966465548429997,-4.349026241941232,-1.1752573045339092,-3.608988496025959,-0.13073971478220145,0.11630060986789065,0.15422616328225644,-0.15354764505866006,-0.9645420151237647,0.9911082631836382,0.1618649551936618,0.9130924873824724,0.010095130600762113,-0.009296395594837383,-0.012120200295796172,0.011936433095898879,0.07669711460452085,-0.062080179512261996,-0.007133782777092462,-0.0642448318818685,0.9760630839530677,0.7657672824132402,0.8160315585361541,0.9778806502436839,0.47595306708967766,0.6922447219400201,0.792644241783522,0.606533942791109
worldcover_00439,worldcover_00439,4,-0.35549826725205663,0.8327771271720077,0.8499439092296547,-0.06323108853151514,-15.8285736766226,17.399456541581458,-3.387945561250255,12.395187822619182,0.020659295392332657,-0.03288989939859985,-0.007376196424640433,-0.1187574631933643,0.6662341301477541,5.887246248900619,2.0772218634211486,1.4764675343577265,0.12852708316340963,-0.030635150157527876,-0.08413948352525219,0.16265964808519023,0.33064977869455253,-3.528850499920796,-0.754119851527913,-0.9120847969433967,-0.018073118524542447,0.004399534653533582,0.011514397657880862,-0.020803614286705848,-0.05317570708899348,0.4084034013144704,0.08127356539775019,0.10516919120430944,0.9101593101419143,0.5635353381866957,0.7631722742216664,0.9071988237070763,0.6217865202002439,0.9395183711789855,0.5809353309433228,0.9483373804816011
worldcover_00440,worldcover_00440,4,-0.0027808697372579084,0.705927869305013,0.6665628240867079,0.013426121345468549,-26.550544723240193,8.952105372689878,-16.85723426751954,9.607502158918722,0.27609871103274736,-0.5767932898985828,-0.7016801112405351,0.39420739969142443,0.9156529340006277,-1.0704288936349644,-0.9340067533596454,-1.2592392842465343,-0.0742614029449754,0.14395416786317644,0.17882130860282466,-0.10461545995138243,-0.2177732322617662,-0.132036198723915,0.08309890039515742,0.25111541268283527,0.00533668807022726,-0.011437702380741625,-0.01406343469415047,0.007509930192191854,0.014275198534538751,0.06317572655219482,0.010900140308227028,-0.0035151036701623136,0.9409952359853199,0.8911155972732782,0.8948666590534518,0.918640197493902,0.126769972806961,0.6840552360081174,0.17837914700333846,0.5937618021059897
worldcover_00441,worldcover_00441,4,0.02357439866161498,0.24200516397302727,0.1607241111271302,0.07346644410581332,-11.44926154993612,16.255473242940894,1.9023740016226822,12.210671241216671,0.26220930064624387,-0.15425868846830793,-0.19786776207564782,0.34059086855914816,-0.7767709783019467,-0.8761875944636895,-3.1221685419423593,-0.6764923162838066,-0.02974971943065882,0.09053061502578444,0.08847091156682917,-0.045533957419457295,0.045499737843591556,-1.2132193056790732,0.34294600218632115,-0.3152665193988518,-0.0009165360496871627,-0.011048803388169316,-0.009907140565866772,3.620387628824396e-05,0.005882221648338176,0.2008247395483435,0.0037177455734464246,0.06096228040260056,0.8673563259531103,0.636998527817628,0.5887064726988741,0.9695538110118116,0.3844462179306638,0.8412095721696728,0.5372253180901541,0.8598296142882429
worldcover_00442,worldcover_00442,4,0.07493091968094137,0.3317425327770631,0.26694227100321694,0.028680200378100238,-8.799742095337875,12.447200297444438,0.3029448096769947,10.97063833383984,0.15492880696340822,-0.1369728499225205,-0.19894051736605045,0.24341909350856858,0.37565395454071704,6.834374836820256,3.0083249933696385,2.446168292292685,-0.009280786990146209,0.04950027633861545,0.05497392652217636,-0.018413240888288905,-0.2400689085191273,-3.1433762029548027,-1.2002381094701642,-1.2614402250304324,-0.0016956823497601874,-0.005043400620872324,-0.004750234390035121,-0.0019151440097226167,0.024660885258718727,0.311164006548413,0.11417371931999436,0.1307852132495342,0.8565164922362558,0.3798302790608179,0.5896648389441903,0.9151702926536759,0.032925426878709585,0.3976641333927793,0.11665200310744062,0.5707644940970715
worldcover_00443,worldcover_00443,4,-0.18389743476277703,0.7592952428667856,0.7722469222816568,-0.03469976936608163,-25.66953480565947,6.306174532149062,-17.503084576621468,7.884722378894016,-0.01086535815510498,0.1720283727294617,0.20018648997776853,-0.08752698803298281,1.115319465598851,-1.587491308234226,0.3123516589909829,-1.143503583384396,0.07496659997726661,-0.1414749248203258,-0.18671393367457786,0.10531974280100846,0.06555647461519669,0.44210066343191173,0.19291386530454913,0.2986049785111656,-0.010100094802270145,0.016334285084722604,0.022159338552467125,-0.01327351910577184,-0.029081639296437797,-0.03489509693302311,-0.034427166364682404,-0.022267728098760414,0.9418186313722574,0.7797830026108578,0.832002885450694,0.9155554082401333,0.591114473819438,0.5367648598841914,0.5702791569341175,0.416519506298343
worldcover_00444,worldcover_00444,4,-0.09731391555611983,0.6911585136796474,0.6805931926902475,-0.018250350925054122,-25.563738580876816,6.571002975721737,-17.919533443782658,8.016697040045567,0.5155961971908993,-0.3970836254930674,-0.5899623986333595,0.5475224395474733,1.3192290345936595,0.5793065309246113,2.6318261239129916,0.9671415375266575,-0.13639988163287697,0.10885133080635989,0.15234844451084772,-0.1272816737363862,0.21588451422914876,-0.6384168411212251,-0.6472366771222364,-0.708508573320809,0.00970755033802764,-0.009860900672848765,-0.012560227660067137,0.007767938115078969,-0.05629571728633484,0.07925965149784729,0.042570776009145696,0.08045995150668407,0.9686588743237176,0.698750796815979,0.7585153771777884,0.9815259025915578,0.9651766725450893,0.616629702515892,0.5827658555672307,0.49024184291101824
worldcover_00445,worldcover_00445,4,0.06415928707347504,0.030846380318204376,-0.025769809486739816,0.08838837661526423,-21.82223221215446,6.367473308645024,-14.487698385740314,7.862811827735014,0.016970037681515882,-0.07746492566481687,-0.10390125234271305,0.03451389671554639,-0.009128592844903428,-0.29777703917088105,-7.868598236400206e-05,0.09157751280351777,0.0015467131055962992,0.02876533228637915,0.030469662505826885,-0.0021108687246516647,0.08603590841181466,-0.1374153291090731,-0.04167213658100954,-0.2592236789820269,-0.0005732891815122364,-0.002805536716348595,-0.002607590556521006,-0.0003501059807310202,-0.010702270581744427,0.020553140002214206,0.003946344368667098,0.03136530468487963,0.8814161502777799,0.3748298671400069,0.6233967596125152,0.9018266474758738,0.10760343514821269,0.3080193981880315,0.08127029293300647,0.34548862911086153
worldcover_00446,worldcover_00446,4,0.08470552171981442,0.28039512320449783,0.17812012760832863,0.07997496821212091,-27.0530270585009,7.5165427901849595,-18.399112481308944,8.749199575509673,0.1553222519809288,-0.2448979351107795,-0.2991508497472657,0.25983263430969056,2.1695618097765634,-1.3773130790350503,0.8784638333709776,-0.8261124992378652,-0.0273761307479103,0.08564774076216468,0.09403873887001243,-0.04781097275289608,-0.3208685937435598,0.10804728344004981,-0.164418161317999,-0.009034007289361028,0.0009503794442647725,-0.008283972114587975,-0.008516101780873156,0.002144721891693384,0.003714253867070326,0.005562827791921848,0.0032446414212033915,0.012926093406443823,0.865680375221556,0.5747435282853219,0.683503095169866,0.919867805206352,0.8871511457659813,0.7696812245148649,0.608789990851298,0.6818543952904832
worldcover_00447,worldcover_00447,4,-0.1917406056231234,0.7706791235867778,0.7773138185906588,-0.09329917854770492,-26.505529093434664,7.118670449509222,-17.333209120048128,8.681897980923093,0.5406793669351695,0.0264610890299074,-0.1819908098716826,0.47194476741262553,7.462032725901901,-2.7845838465901807,5.4125204410696925,-2.8373843762646787,-0.12243665970738145,-0.09458757717630031,-0.03953371138122421,-0.06370492353511244,-1.9405312267676365,0.5346231577517593,-1.6687645584644775,0.6195882113731643,0.007536070753809821,0.012054196643558411,0.008049369281665837,-0.00010776165120229542,0.1356029345647501,-0.020719583723493678,0.1349716715753088,-0.0333520410589915,0.8242802860337761,0.9243857781018083,0.954532855758462,0.8442100889066562,0.8480696871459519,0.8431995767648318,0.7671189614932876,0.717505922060347
worldcover_00448,worldcover_00448,4,-0.34314379226833064,0.6018504292675957,0.6268294623234518,-0.11743151908740368,-27.41325964569838,4.693566383317678,-21.67077133638024,6.644685310243484,0.6443442980436028,0.30582033523491287,0.19558370887626925,0.3570079898095822,3.879128849706338,1.667514613019503,6.483527552939905,1.55566881681425,-0.11648167241050734,-0.152229479219748,-0.15335734622821068,-0.008247645740907297,-0.4227567896971142,-0.8682580308520315,-1.4852149754257282,-0.8241211248538152,0.0045603314500676706,0.015733555636622664,0.018055365906529713,-0.0056997792756495365,-0.007563320800350211,0.09322156127872756,0.09584120048956891,0.08858243985028551,0.8392793519867496,0.7549808894340503,0.8399042710254161,0.8723593884286033,0.9440051546371184,0.8866799411080425,0.8743772393162466,0.8591556349025007
worldcover_00449,worldcover_00449,4,0.08088646727818331,0.050811418868375396,0.02429097049841349,0.08289746477296871,-24.53246280815328,11.186421168872334,-13.985222282148401,10.467603329612661,0.07019681894041381,-0.09186965356477414,-0.0912918694287773,0.08006028106643072,0.8046604935219582,-2.150179044306827,-0.6249658865592471,-0.9764195136285716,-0.024980480175233025,0.02252390479983444,0.021014920052834365,-0.029081247053492087,-0.25841722089673846,0.2868762894487196,0.10488979798228637,0.12915738272611244,0.0021900682038403256,-0.0017417484207662053,-0.0015646858291342987,0.0026590468719451107,0.016278221304484964,0.002260662861206302,-0.006713507221266398,0.0011119113898387044,0.7063178781086741,0.6448543224037299,0.7291967267273833,0.7543924167897333,0.8220031200073056,0.6899573099637365,0.2039278014167255,0.6667121198569126
worldcover_00450,worldcover_00450,5,0.004507124553237061,0.49121431955559697,0.47607504328092004,0.0017682225302311882,-3.455606500276475,6.198561700563097,3.4243403640082004,7.438207500451347,-0.010892897096513149,0.02025678782679422,-0.014048771696195509,-0.010428837057025525,-3.921308790731143,5.059318850256777,-1.3624094323455553,2.86628919584249,0.010366400476002619,-0.06514841768068137,-0.06010348385288585,0.012680997547907203,1.1255552430596107,-1.5920151697021132,0.47071825457350935,-0.8529421127970771,-0.0012422384123996816,0.008358059211097875,0.008208928215834821,-0.001569737398037403,-0.09035572945222646,0.1324419129953615,-0.04189895840216592,0.06938318008636113,0.5591689845726555,0.802408194856103,0.8144320107010009,0.864413806464696,0.2548295756108493,0.4750414389817751,0.11401173733948067,0.659077979125958
worldcover_00451,worldcover_00451,5,-0.10727228456191813,0.5846759033474065,0.5769426652202122,-0.019571288742802517,-0.6342579087945126,3.7106914498627863,5.76681624744076,6.430324055105453,-0.02230034491503336,0.26854667419360584,0.2899554507245129,-0.03368365321130961,-2.6734877482869344,6.109133413249799,-0.6319458129726385,2.356375011028572,0.02463857678971818,-0.16202008151711292,-0.17789220439020134,0.01741681472011293,0.5514128945414214,-0.9667007286968317,0.5125774186012145,-0.14503169886784018,-0.0030570661853175306,0.017515369418143002,0.01942304920668551,-0.001958451819408569,-0.024914548858153116,0.010764900239462824,-0.06596873123142126,-0.033139485229460634,0.8332714650609456,0.9139594459012762,0.9323683979910977,0.9527937052370768,0.4867586879711281,0.8671016057098312,0.5451179518556155,0.9310716402894932
worldcover_00452,worldcover_00452,5,0.0747172796545889,-0.037686051575071856,-0.05753240694828111,0.08561454126329143,-26.135306907524157,6.36098216329817,-17.50204466117545,8.018728758091651,0.022689786636910236,-0.004817571550134641,-0.01692196997326042,0.03468910406624501,2.134504329840367,0.5225469619999187,1.7911787736616698,0.3103149439086586,-0.010528069059978107,-0.004064660470981106,-0.000379777251383965,-0.015054818170217707,-0.5103417423495193,-0.3141927060155608,-0.45790058312881354,-0.1956212800778308,0.0010029620918506753,0.0005646524292351028,0.0002684417942708194,0.0014196239562347679,0.029034062924802498,0.03812570126666392,0.029034916776821764,0.024071375926294086,0.5657166318672235,0.9374711940457017,0.9719021431208815,0.5213582910348363,0.6925244378532204,0.3949893044910444,0.4116593243917901,0.36005664128733694
worldcover_00453,worldcover_00453,5,-0.18264797131331037,0.6515879346283556,0.6503028138117372,-0.026143897381244556,-19.135179409078198,2.976548235964867,-14.359247981719605,4.689109557042333,-0.06436632700962619,0.4188274840883408,0.4410280240256133,-0.04530867759788772,-6.575121296482943,1.54469225943928,-5.174076629881263,1.6037087321066772,0.0601344553206458,-0.26126806398458496,-0.280448730035132,0.030141590040144814,2.427666225065736,-0.4295033804426891,2.1008106927022614,-0.4282888896858268,-0.007310108486216003,0.02903151006503686,0.031377654127550815,-0.0034089787543346763,-0.22116955119998935,0.03187460941161976,-0.20039649104727453,0.031214611279408864,0.9413786099080448,0.9662182511009719,0.9692711119857491,0.9489987434138575,0.8618303222550456,0.5518085131984725,0.8660461178717269,0.6541383965238555
worldcover_00454,worldcover_00454,5,0.09440668264046666,-0.031059863779581028,-0.05076929734963373,0.11789784546602851,-24.999802934902206,14.837975921050583,-14.220239274705643,11.733753615988212,0.001619821845662789,-0.03725910071460971,-0.053313693859510826,-0.0015445917489982236,-1.027869093878852,-0.6739283307667701,-0.3460968476288069,-0.3280767276496364,-0.0028989060078613285,0.007681791868173713,0.013993948577092817,-0.003466728171615915,0.45258094661286064,-0.2578106128034523,0.07452018707803906,-0.03004304342604131,0.00034022797256253975,-0.00040012061821691935,-0.001033611896664204,0.0004696975829023331,-0.0440916191586576,0.0621041629773625,0.0004646566990755882,0.013821274739914732,0.9098022306739001,0.8944663723577917,0.9359738364698259,0.7547790118841562,0.4314699101753968,0.6895948616890638,0.3390312623199856,0.6388680404976348
worldcover_00455,worldcover_00455,5,-0.2693962356510526,0.6740382699803884,0.6693838606024122,-0.020632507787509517,-10.994308533325775,6.184090328319388,-3.6347392242205623,7.920262770060708,-0.07898341061519032,0.2542014349370228,0.25936930728817315,-0.03991604162128773,-0.9204532336461688,1.0618578263322538,-0.6915827385300141,0.6135723396779517,0.06490801052579777,-0.1917320902084371,-0.20565753094287484,0.016163368445309044,0.3506407407276838,-0.3437709823035586,0.5052003985761073,-0.19726034194755487,-0.007274374245331783,0.022479930290519562,0.024365927975841136,-0.001499921142245932,-0.032886361350819196,0.02907712134892352,-0.05700352209015457,0.016723612241050123,0.7136871179204357,0.9414028386068428,0.9408946989165325,0.9000561504548774,0.08788659029901502,0.14884183983047594,0.6934136600378263,0.13033466573667107
worldcover_00456,worldcover_00456,5,0.057063526484928094,-0.06247912210440524,-0.10354178195649916,0.07530943846160731,-15.539182113506948,2.996463392543952,-10.68929692407389,4.522772861193455,0.06808642233528409,0.04327392707567736,0.03178912750075726,0.05347085708663564,-1.8379477717134014,0.4357742564410704,-0.1813204975445821,1.3214413518007893,-0.016391869216273895,-0.014423981687790799,-0.00842135001248094,-0.015145193954760354,0.45026644218542783,0.15377891565688323,0.06632701677723894,-0.21847842251485278,0.001047338298629549,0.001318242586972754,0.0005752538716552224,0.0012379477760105409,-0.02575196852908103,-0.030079547168204955,-0.0030151761876434564,0.005511669121166212,0.8990955595996852,0.5661248487645625,0.6823202229608158,0.7580628867354425,0.8717501081796305,0.282182864813999,0.0950265200802125,0.2390027798504072
worldcover_00457,worldcover_00457,5,0.04385212510268137,0.2247071259401051,0.14095433300121102,0.04814446689278806,-17.634724416111297,4.553529079388865,-10.388803902612397,6.59063759803728,0.09542485500934882,-0.25624763340290035,-0.25270831180156145,0.1317982262532624,-0.31465990862272825,0.14971833381254018,-0.606855429162507,0.12002873091410012,-0.0026223472113836035,0.0977113748934861,0.09014322610775576,-0.0014336585627618185,0.35661486487642025,-0.27141503605639605,0.10090434289003634,-0.2939455160336808,-0.0014181629635743132,-0.00956197365920878,-0.008625548857974471,-0.001985946303289955,-0.04189863050391484,0.03493967750205527,-0.0020702661131307494,0.03866865607191682,0.8981207062488571,0.495823243134225,0.5242344395520759,0.9592954667342456,0.8394607857403138,0.6879497876347364,0.31066695943871814,0.6832646967313478
worldcover_00458,worldcover_00458,5,-0.18748304480518327,0.7059406871328843,0.6806266938307957,-0.028516635976053854,-17.598927373715743,3.556733437970851,-12.54762075662345,5.463145315584699,0.278131558520562,-0.6318282359076413,-0.6947750011902463,0.1678845131444549,0.9140198693815662,1.8361718003982905,3.1571016713357944,1.8855071800376597,-0.07030260406799133,0.159031267534917,0.18011754749592734,-0.042313691285071876,-0.2098333410599506,-0.5949211504105923,-0.8664542044325658,-0.6078650436083657,0.005188368105325504,-0.011886711692145889,-0.013807225295088496,0.0030868323425752905,0.016036517239667668,0.04966198708357287,0.06704602925163487,0.05088879266684437,0.8902637113513386,0.7996246530477951,0.8232169536597491,0.9310972664872598,0.6044214698173407,0.6235833661926653,0.7753538689658774,0.6528535994573462
worldcover_00459,worldcover_00459,5,-0.01504327394901068,0.3156369710058881,0.27529732092763476,0.011036972176622287,-5.046624325625944,5.275080476303137,1.86850039200536,6.832543600052319,-0.015666565549269526,0.10259650904123448,0.09062113466539494,0.011333183585000866,0.7368425915267492,0.3093381858187548,1.26675258063568,0.6820967614861543,0.009821996292062006,-0.08991069228638332,-0.09166603145951568,-0.0027823428728202403,-0.5548265980917018,0.5414191470190992,-0.14261122477337224,0.17147595882923253,-0.0009655790547534038,0.010740443516165172,0.011134181820759268,0.0002611027466076788,0.06913641712857463,-0.08231534064174471,-0.004264907202458689,-0.036967037200444856,0.23301832919557675,0.44600587662431346,0.44867699047011744,0.21580977719855765,0.5931064998323408,0.4521377834686293,0.3097288982727755,0.4483377384903807
worldcover_00460,worldcover_00460,5,-0.06306927006308209,0.7009967971367372,0.7003362002697859,-0.014958314555274008,-17.35263746879754,3.061611302206986,-12.418296630078748,4.767192816432619,-0.04070106749385527,-0.03876847187648557,-0.07670031922559055,-0.01988703036858193,-1.0059722328261913,-0.9148345428490066,-1.4296465591711285,-0.9379911765721526,0.04117602170296012,-0.0882720893563386,-0.09526385048009202,0.026140411637392814,0.2282032298770242,0.5079692212198187,0.44386260770902447,0.5466176022246807,-0.005103702254480397,0.01337590884661884,0.015037586150521568,-0.0033471356075482823,-0.01767018941632508,-0.050407062770242414,-0.03456583511728092,-0.05471263671687127,0.8947460741768365,0.8960365956123341,0.9011335837853989,0.9337395798015656,0.3782558053685817,0.8968256426865333,0.2329045555014888,0.9345917479427052
worldcover_00461,worldcover_00461,5,0.1746718960375289,0.5888339208834101,0.5778442104205949,-0.0144304437280607,-9.990465985053515,2.1188284986488353,-6.346705694642781,3.6666774630448957,-0.7937606538873966,0.350163392486079,0.3878641612827762,-0.06521264095568914,-8.286054542460493,1.7955568402460023,-6.359167628741621,1.856293366291202,0.28026282252510365,-0.16923662891119562,-0.19168756679668023,0.031530227451645666,2.0471781712884263,-0.1821709399867508,1.8886734107843455,-0.18549921782830187,-0.02395825215080056,0.017377182465009005,0.01975783920197775,-0.0034134381196715595,-0.13477526916432944,-0.006794380506607083,-0.14519509113521245,-0.006324001697507378,0.31951043605485885,0.38176202330585385,0.451322918599559,0.8474856277769465,0.46771457314633014,0.5914151387159922,0.40414872104394906,0.6916822199192508
worldcover_00462,worldcover_00462,5,0.060145188420373835,0.6346555548635407,0.6293695978820338,-0.016853029797361793,-14.251764192947752,4.826641356136446,-6.902200077898373,6.710645261515427,-0.42641596848053426,0.362136578601266,0.3864852185434985,-0.04731207518535274,-1.7384621694634952,1.3559158996665535,1.0942981841249033,1.4765547508946977,0.11281395980183867,-0.20511967174757198,-0.22593575248139922,0.021142333480620158,0.5594572344969087,0.27480520729000274,0.07274538584969291,-0.10931460540205722,-0.006476104806644303,0.022261024208156142,0.024872322515067106,-0.002269355890063585,-0.04628195186877007,-0.05852693195618429,-0.03083529654986062,-0.007916140774275132,0.8193119457978183,0.9840829210159253,0.9909120134008439,0.8848536584387618,0.3667257225158528,0.7988397345533567,0.8016458869679441,0.8564657907297657
worldcover_00463,worldcover_00463,5,0.09080644777909512,-0.07569081415281158,-0.10692864803202233,0.12260433737978779,-25.697179816001547,13.543947960305154,-14.177401583020764,11.351333680531638,-0.003799475453961073,-0.02356307767331598,-0.0195626027231651,-0.007562508156138677,0.5840905054501365,-2.3151542946376673,0.6161746096201927,-0.9596970970851634,0.0017977429431123774,0.008253585466574804,0.007334213744187765,0.0006898971459953056,-0.058670224388987065,0.4082676490615489,-0.41971365756029866,0.1532759538904862,-0.00024771291939245494,-0.0007193818349729902,-0.0006686573603538559,-4.1531267190218185e-05,-0.0035864185602075462,-0.01984390236533298,0.046851959062379524,-0.005759609356131136,0.8104910152781886,0.27894147480233233,0.3632710834221894,0.7337042044304254,0.39088743894042577,0.19967210120589407,0.39185056838696086,0.21492518865674304
worldcover_00464,worldcover_00464,5,0.00842099161988609,0.5432338174996952,0.5323198114832238,0.0034603304370786152,-2.286824128183952,8.420489216346203,7.186389873306294,9.266007688518446,-0.024768507367398707,-0.2162953765382843,-0.2609331125896129,-0.012885604519397026,-0.6002438049509885,3.537493387384575,-0.47577924496831286,1.4632683879845176,0.006139563834304286,0.015436091472382686,0.02632055081249706,-0.0010204158271803993,0.28262608131333977,-1.1380746212973285,0.30763264195935325,-0.47110406005259736,-0.0005067527310605822,0.0020084309796191227,0.0013056584737367067,0.00035576695914972924,-0.029257735475972258,0.09722860668551422,-0.03331609782856935,0.04056495186301223,0.8758377917625186,0.874484155556488,0.8877736455742697,0.9907727658935234,0.15540583582928214,0.4198564443680165,0.7640361235072759,0.384837966048579
worldcover_00465,worldcover_00465,5,0.20889204732658562,0.16911917518485672,0.037107748205237316,0.24909256940538232,-16.15240466638986,4.322065862730194,-9.42363360828387,6.554342337668803,0.09755695757865686,0.02292839094759932,0.019372763489151297,0.05877643409702516,0.3672330290695627,0.8495356662720511,0.2124460132280147,0.3293254121149018,-0.030431817624184274,-0.009464121097094099,-0.009484473478807019,-0.014990261880866421,-0.2866932955190403,0.4483982584460738,0.15380404074426351,0.33296957945031114,0.0028096264964156143,0.0012489691226169367,0.001306240432754613,0.0012227645275568772,0.033850479498992385,-0.07815947195978352,-0.02436074858551019,-0.052517849757423,0.6030436044841481,0.6013532316151844,0.7398304723033047,0.42036847378739284,0.18426688027596216,0.6408182008177601,0.5167032996646532,0.7605618796556803
worldcover_00466,worldcover_00466,5,0.07366425168880959,-0.04667706257014594,-0.0875440171820991,0.13196466976042837,-19.55852703608911,5.971026260493554,-12.138704174007856,7.632999843816857,-0.058526805670835826,-0.05473756287542533,-0.036069111494321106,-0.11378562663282556,1.0652418840392588,-1.9657514724785394,-0.5889305335755667,-1.6471705680121806,0.09198039953738336,0.0901605889838172,0.06918505461255561,0.1341324129919983,-0.1162212403156624,0.6160683792627561,0.3980003030002876,0.5264643577874669,-0.011876230225709607,-0.01097760602568436,-0.008751660915540832,-0.016779904789996858,0.003043779125756699,-0.055520344778139746,-0.042520356177652596,-0.04830745893289347,0.878869482170533,0.979786185711929,0.9612019792873647,0.9317513226163202,0.6241371887241252,0.42123679119468593,0.3764283542468614,0.3622752805262326
worldcover_00467,worldcover_00467,5,-0.2022423878005125,0.6983440888650496,0.7070499703739638,-0.026008979756046487,-9.708769937079696,6.4637218630555004,-2.281644867564559,7.984293208397874,0.12485992277780837,-0.08455246119272287,-0.11669483851818928,0.026802460049530435,-1.0957636174723997,-0.5636245595633064,-0.711664141422877,0.13785183202478854,-0.015128204951038567,-0.10424954901364686,-0.10135887262463804,0.0036095890954330116,0.141147319811182,0.9520603126855403,0.4706848266066118,0.3071140579765679,4.698711737817091e-05,0.016336213966662218,0.01655751811058231,-0.0010090123702104026,0.0022015211812615797,-0.11667850177109035,-0.05038055206491763,-0.04268380428201682,0.8643961794725017,0.881383038704857,0.8861638572802636,0.6117593234049441,0.3224135207714507,0.5936685720877246,0.689605690533039,0.7066257362494053
worldcover_00468,worldcover_00468,5,0.283699730607903,0.6835440494345915,0.7017364279564597,-0.03662938424244997,-6.109948791299973,5.926878502023665,1.0412935972196258,7.796652208480429,-0.24181654588871637,0.30348638616620305,0.3026529736964687,-0.028545735067584187,-4.040291457375749,5.177955722977443,-0.8328380300697099,2.732521660325238,0.04050968999099432,-0.2174487568567062,-0.22896751211311012,0.02083946613935562,0.9514643962652634,-1.5261273614469475,0.0947825306686632,-0.8070972631148239,-0.0006910405408472758,0.02472167334171253,0.026385214457269532,-0.002529390326776359,-0.05894348095391619,0.11706394453249887,0.0022552068078727713,0.06231719835316448,0.5892908996644134,0.8863006625836295,0.918836594451123,0.8872674781959168,0.611670879036569,0.8258809782465261,0.17340724127556173,0.8058170939054742
worldcover_00469,worldcover_00469,5,-0.24670234663099608,0.6941229169359313,0.7082080843322222,-0.02113508874776249,-15.291396417640046,6.919613826349892,-7.171348243984269,7.930916257785071,-0.0688327191768747,0.5212252907069661,0.5373080004716179,-0.04891750224984213,-6.041162234679089,3.904800140877251,-4.365813531035042,2.491561274505563,0.05889902964290779,-0.288764439960911,-0.30776211933849634,0.022665603060146255,2.123264373686945,-1.2579403640416156,1.6404875952756766,-0.7874031182927271,-0.006704231699226512,0.030740534963446052,0.03310507519001308,-0.0022327915572495443,-0.18360861032967535,0.09736022691429422,-0.1490229707002413,0.061385041551527096,0.9271030854057195,0.9296841366514873,0.9360513142608343,0.7962910123761208,0.5938554453791458,0.6717391761943607,0.45196320224891007,0.744401341259006
worldcover_00470,worldcover_00470,5,-0.026192025089403232,0.7389365189680548,0.7220338749219521,-0.0028735988942737343,-1.6661793325197525,2.0848032796327214,2.035053112442361,3.668561883638398,-0.061149765867923915,-0.05229897953806403,-0.07038047990303387,-0.00950306892905024,-3.033136804971812,2.649587159315949,-0.12299972341205286,2.718402571835416,0.026705071412575967,-0.05250212037331112,-0.053092610764265045,0.004012243653389558,0.6137735313384067,-0.4756377817991113,0.07979905495980483,-0.45931326110436294,-0.0024708893811906355,0.00696900409806258,0.007251921500258101,-0.0002956948892185171,-0.02725287987822002,0.014383413973975996,-0.007091568423142672,0.010616399925213293,0.38857373775976023,0.8991624304183349,0.8986675057548437,0.5314447202269379,0.8017897827094946,0.9055164484112312,0.14941610470514866,0.9632158861241852
worldcover_00471,worldcover_00471,5,0.11993866800083576,0.003591043818177919,-0.06413971881071708,0.18612554624225172,-17.7525617775398,5.673744810101316,-9.877266337184901,7.6073774437425,0.1233721413521274,0.13536521792411774,0.07141348647530221,0.2214122173332028,1.4293037683297667,-2.10621736671726,-0.8568767522625617,-1.998863263665249,-0.03183338618055052,-0.03349528640298999,-0.01595923112749696,-0.06508402536054704,-0.4312162587225414,0.7083393637229327,0.35007976959171444,0.6554424455682732,0.002178885307634917,0.0022873234737551544,0.0009412934693197392,0.005038267961054137,0.037015699454959285,-0.06120947843776146,-0.031414980505558084,-0.0557962453519567,0.6714571729943091,0.7463192948634929,0.7670294532746383,0.7312121616119036,0.30743728705231443,0.3619369046366513,0.47054901270496186,0.3511315546569299
worldcover_00472,worldcover_00472,5,-0.11418257334975015,0.7299130053231233,0.7234478073589753,-0.0019514760651599512,-9.97194963728967,5.954620215119734,-3.1682053384887157,7.6890111811305335,-0.42593207207115996,0.3512556173853427,0.3531379969347061,-0.07519802831423747,-5.962963289312755,-0.3574307564587362,-6.457825292766633,-0.5650999882091602,0.17949608477312842,-0.22591821939656154,-0.2250253939073833,0.02930666433719838,2.0081159272079256,0.33531243446285464,2.4334226331854976,0.35763993089119,-0.017684462903258154,0.02493921693677849,0.02475087141448797,-0.0027038892942734694,-0.16878378663858387,-0.04669437742235033,-0.22127526102656478,-0.04447225690350903,0.5887876582120423,0.6742215870305205,0.6870796774798384,0.5494454066337626,0.3245067738738008,0.3116533095632412,0.4677130606370976,0.34963703231320353
worldcover_00473,worldcover_00473,5,0.08941460244292229,0.6308168030597965,0.6178985531582991,-0.01773846442952334,-12.559341522013664,1.7049235181878606,-9.483693474528142,3.041540871473682,-0.43597656555929826,0.3067819109511733,0.31474304539225156,-0.0854620613039481,-4.9160566563156225,3.867670376217547,-0.9827541372646581,3.799321320173533,0.16001710731300622,-0.23044252780253974,-0.23996742420882194,0.05572137226919065,1.569953907020565,-1.150751371382092,0.5181440020818722,-1.0700076888303744,-0.013811501611650198,0.02662044547197191,0.027841880738810425,-0.006411947799150384,-0.12768163968133328,0.09073394776410729,-0.052085082087503946,0.08185548018985811,0.5386956353430743,0.9173222282258409,0.9192400271112587,0.9457233337415247,0.45203986089829007,0.494324724065767,0.4244904579224993,0.48976153123980826
worldcover_00474,worldcover_00474,5,-0.297013905674492,0.73682495435192,0.7517843640437653,-0.0219901215680172,-15.413446071401468,4.12712494422538,-10.010507704490173,6.2177671772463805,0.0024801843392714793,0.3922843261148815,0.3942500293284392,-0.04381099169231219,-5.1465897390291335,0.8840197644870826,-3.1211913580634043,0.7096610643966548,0.042824109638944896,-0.2509705673750017,-0.26231399070455347,0.024377113974701523,1.6506242800735471,-0.058226921306820584,1.1012434458198352,-0.044453006205086444,-0.005771231751272113,0.02772988468841317,0.02932878650461481,-0.002587291980021151,-0.13701290590112858,-0.007946109224154953,-0.09496288572533501,-0.006482778408203539,0.9639455864444334,0.9733071143460151,0.9687952286046696,0.9392531391864115,0.7317384302677323,0.8628638602688328,0.6930001512631314,0.8928716172498352
worldcover_00475,worldcover_00475,5,-0.08418200384194592,0.6008556219043633,0.6053688706773711,-0.01980180448542069,-20.222690657322755,3.1005709157377557,-15.046996950544738,4.989088041611061,-0.05743249494847503,0.466810231518353,0.4394154027104351,-0.04033979854827337,-3.2610698288579116,1.175214212025846,-1.9123421640722333,1.1214514240648554,0.03486758684251766,-0.2650335794798542,-0.2639357309578811,0.023286517642970534,0.985424128538883,-0.1177752073468147,0.7655129601383427,-0.10572521952490951,-0.0037074757299229728,0.028267788093988614,0.028523205581939545,-0.002515295261724124,-0.0766838028543287,-0.004496867239044041,-0.07010398591491598,-0.0046995571728694315,0.9626185911992982,0.9545959849275943,0.9471585719601546,0.8928977259464972,0.7335215833456429,0.5903086247524518,0.6132469933916163,0.6970937525817509
worldcover_00476,worldcover_00476,5,-0.05356480503412419,0.7995335341177218,0.8042719316753497,-0.015826725937200893,-14.303210525821598,3.576118515555855,-9.427318257924577,5.658486738766703,-0.2896794770510918,0.24349209391290041,0.25852919514808226,-0.1024582677092103,-4.088974187564661,2.231299174114448,-1.7394597364742332,1.5957981530547154,0.132790453777143,-0.2092303230681197,-0.22518445639689594,0.06069363535732603,1.436639321249801,0.2083637782928559,1.2525227171417004,0.0016235998132003333,-0.013280561391104615,0.024619980912768444,0.02653628519049495,-0.006611488641926432,-0.12709101599128525,-0.05678058480743048,-0.1362432844402689,-0.02049986214810492,0.6296045895492677,0.8760297106164306,0.896724575659862,0.9139711666302056,0.3905256303187099,0.639148711827817,0.6626404842785762,0.6942196344836971
worldcover_00477,worldcover_00477,5,0.01988809331333777,0.41011317999977165,0.3774743978724354,0.021196508497902458,-7.546196661850662,7.3118557916843,1.1713512985785328,8.595399572269088,-0.034012297663560474,0.2430505086741733,0.2282139447236802,-0.048000361301958075,-2.221183621401543,2.3788979825206726,0.23815894705453625,1.4562481151752666,0.021522932307054626,-0.1645869348940005,-0.1653772550776146,0.03120317589680585,0.95928412805811,-1.0870009115027768,-0.14076695928354005,-0.6773077996304335,-0.0024282944223701234,0.018233971971303508,0.018619941001889666,-0.0035244339881253133,-0.09254387518391503,0.10722520569424436,0.015088353905138897,0.06722274037564772,0.9122377479227648,0.8727844837419926,0.8718041540867232,0.9768520073116863,0.49242189177711204,0.8775011128926249,0.2755141332944755,0.8307648110706769
worldcover_00478,worldcover_00478,5,0.04679971122332003,0.002848935877960747,-0.024085241172349798,0.07501363982869819,-8.686008798871745,38.937246413920185,6.435388699276136,15.931954909833053,-0.0120724403460398,-0.014777745818719308,-0.006162434557659797,-0.020780107449917526,-3.399131185554015,-3.374458598691514,-3.048923692809711,-1.2458478818326815,-0.002353413575550283,-0.0032842995143330116,-0.005687888957624557,-0.002716194980402877,1.4657886793179802,-0.5173350206516945,1.1928146802855937,0.21070998474931363,0.0005447175166041485,0.0006673107502248248,0.0008964909362898321,0.0007320507358985446,-0.16016306192988067,0.09568814930322259,-0.13192799685191545,-0.012563062419860277,0.7492760394360247,0.4503889381213406,0.43896060179092555,0.7285836908181704,0.8838455960884832,0.2853422140690426,0.518920142108175,0.29866360005593806
worldcover_00479,worldcover_00479,5,-0.18157324052681761,0.7812666825272807,0.782692795090206,-0.02012974661633794,-20.788214878769416,5.691841651765777,-13.031671273188069,7.5285635921950735,0.2608499996945394,-0.5761887138443322,-0.683160216012591,0.13265265410559018,4.995353205452176,-2.1484168682767955,3.1059464315435044,-1.6302402149307933,-0.06504291690578912,0.14230682901651034,0.1690886546624569,-0.028660528531128673,-1.2936703063367372,0.8763335051526493,-0.6277898233754917,0.64568823495119,0.004770588175863341,-0.010306414724750938,-0.012272247269389788,0.0018102696090184056,0.09678178048994462,-0.07882635028057243,0.04028167640078796,-0.05728883346938938,0.9195949903257897,0.8058485592370584,0.8502150949174108,0.9380180786102118,0.9533061695847248,0.6413047983505126,0.9922520005984301,0.6479382300663126
worldcover_00480,worldcover_00480,5,-0.06323558607359633,0.7582387012133204,0.7510966604406177,-0.015731089847218833,-11.602982236220518,4.393371868143594,-4.757861773957503,6.519132625065371,0.02434235690959735,-0.29884809061251066,-0.3279545413300631,0.006711065455059051,-0.7310131476305546,0.16091890248771232,-1.4303344950437784,0.05711117040978602,0.00463194585592121,0.0021686206064771446,-0.001573977645212455,0.008210500293044414,0.06617266397053528,0.49465600332973825,0.5900540843570448,0.2943721925500271,-0.0009897267992708605,0.004860821730666565,0.005794229738489551,-0.0012641030838807115,-0.002753109757735956,-0.06256469707218028,-0.05352499173585581,-0.035625141661263515,0.7256053475259836,0.8480308624896629,0.8662019220686901,0.7934774026799909,0.6273174110343849,0.41495870840948,0.39633800948743836,0.48309577553998195
worldcover_00481,worldcover_00481,5,0.009910391458432755,0.6015514409959765,0.5938296438843913,-0.000568390457016081,-18.553128895485173,5.766341551261888,-10.896232949025272,7.583828400948642,-0.02459444613999654,-0.12950953045150346,-0.17388632924606381,0.007325027004948688,-2.995770197820108,2.039526531415737,-1.244594378067965,1.4389559230547062,0.014970000425380936,-0.029135881626809242,-0.024466935706474183,0.007189398643548628,0.9642624500568068,-0.6612579156878489,0.4178067428576503,-0.4748384390524571,-0.0016335827424522656,0.005669576087684353,0.005732992917976613,-0.0010835843894517806,-0.07624779526739327,0.050625999242052196,-0.036516368127341846,0.036673469662114995,0.4150493591608482,0.6591217439777868,0.6674082363587821,0.7157139097785504,0.5291727545379143,0.659861317651981,0.1441492849685856,0.6343754127750718
worldcover_00482,worldcover_00482,5,-0.15809722182195157,0.8227861604342869,0.8220340291207503,-0.019815747358018013,-21.03367020109076,3.8881166589130527,-16.136947391363975,5.833566837786313,-0.06574170085148281,0.17131358195125693,0.18722026777409212,-0.04250081805586199,-0.9139203043606224,-0.6471166757536273,-0.32028495515659344,-0.4679899217932418,0.05512611671732106,-0.1964864449553368,-0.2154037831270524,0.026068618922248366,0.27713855526126635,0.4763259748545091,0.3429873613155715,0.39763152790204764,-0.006676600872604195,0.024539670622390188,0.026950418300023583,-0.0029138037488052613,-0.023528890330509183,-0.05437814490515897,-0.04165231121108356,-0.046616213360697135,0.8922925772016751,0.9354827296450354,0.945168148112998,0.7317886863130744,0.08485693076105338,0.8519458655128981,0.2706382810198613,0.8822617077893584
worldcover_00483,worldcover_00483,5,1.1674443868235078,0.6925348054712906,0.7028219805973971,-0.013542401465009004,-14.40999470705848,2.4122260054394813,-10.525974331177459,3.966452391958486,-1.609512127488981,0.5216969099669088,0.5355294520951899,-0.06609938142124522,-7.313816946431317,2.6825716049306982,-4.278856722039372,2.9423134641958333,0.4703794630928022,-0.278214100652295,-0.2907741203162313,0.027767942404199036,2.337575579791974,-0.9091951738349813,1.3388116871445184,-0.942590005656158,-0.03813798075870749,0.028544293904401826,0.029957742646637562,-0.0025935408478776753,-0.1906134176288732,0.08629357053943042,-0.09863540283155796,0.08611690349116338,0.9194034369791699,0.8782926782011381,0.8837348209544489,0.8370768159331854,0.5904373894792305,0.7837417289367427,0.6327436105342381,0.8278088753720165
worldcover_00484,worldcover_00484,5,0.40730065931613435,0.6395373181863266,0.6620618664857121,-0.046514391842665155,-8.422259279105555,2.182964771213362,-4.614947827467924,3.9343565789562955,-0.9917041119262378,0.22647755699498268,0.22272578307560434,-0.008609691294767437,-3.4088834259610254,1.6598318503229823,-2.0236192569891753,1.5266387842375788,0.27767685106084644,-0.0722069640309263,-0.07422723804975469,0.004731097048979013,-0.6390431898102262,0.1271604603132031,-0.3194920618492614,0.04937801078573413,-0.019385115735915157,0.006146686546730273,0.006500003464294192,-0.0006074049519469017,0.1602800357181616,-0.04739767593543427,0.0917702205341131,-0.03203912776536923,0.6230159179284903,0.6596972805833508,0.6304536375687072,0.473454707656915,0.7997909261499017,0.5757128057853966,0.7880799302347736,0.6708277164461501
worldcover_00485,worldcover_00485,5,0.009604608334088117,0.41539661225044255,0.36961303307025645,0.013226024171506829,-17.645580590560915,5.913832407578469,-9.906576968453445,7.626600035348631,0.03021832784435938,-0.28617473333955695,-0.34149773492817764,0.05574563461621959,0.1238020159297386,-0.005794483361101608,0.7027226503991658,0.2289847075756983,0.002763222596482868,0.073245579667099,0.09157474988111931,-0.002536576255365764,0.14594089624986673,-0.15604995739499214,-0.19305361908155888,-0.23811940024069642,-0.0007671056985128055,-0.005706986393591364,-0.0072930967482277165,-0.000241742419982046,-0.02188297796857481,0.025291398125432532,0.018225160406909448,0.03172259020408804,0.9320836856686494,0.787799988397601,0.7812755953179933,0.9412866595360044,0.2076024780175585,0.18142943129220046,0.39436892068767804,0.23948230182129093
worldcover_00486,worldcover_00486,5,-0.16627491884829476,0.7204300774063801,0.7398967004635125,-0.023728466282288342,-9.890019034657959,7.951020671167868,1.2954311946023918,8.90707140421495,0.08494068426378104,-0.08184326652969724,-0.12261899059549766,0.007297418161576354,2.6828838259836565,-3.372988733372237,-1.9407000361048528,-2.023891960002788,-0.004603407116194174,-0.08182067981945304,-0.08083721297869677,0.008845172622906279,-0.9481001369089174,1.504439343815725,0.6909141253965185,0.8635359601121289,-0.0007930109610672006,0.013153725931646687,0.013723095060523709,-0.0013786527431673451,0.08693993442356511,-0.15098354129705624,-0.06426667565067087,-0.08500425924365583,0.8930344983229712,0.8469707374822167,0.8462786793472417,0.8607695768639205,0.16173297775520312,0.2912454992818637,0.07871552591062758,0.2945366390496491
worldcover_00487,worldcover_00487,5,0.3729745221310516,0.5495620625037139,0.534071502811981,-0.014257927255874445,-20.731153234557993,1.1729813840510037,-20.278535581632514,0.5219794510954284,-0.5042034399281886,0.18980065180313904,0.1537319060474154,-0.02995682860695044,-3.491700295797932,0.8804550422298496,-0.6987068306799415,2.585394815499254,0.13351981353525422,-0.11921950650211924,-0.11295620533456273,0.0189001959490537,1.113931103627509,-0.2862049281492608,0.2214815085112747,-0.826055305751092,-0.009492917825564703,0.013093110804229683,0.012764078292130224,-0.0022809574770919884,-0.09128474443289067,0.023252843871646903,-0.019126318127594567,0.06667780350283069,0.678629452675438,0.8403413283793946,0.7888558896963374,0.8555712228899363,0.413504833380247,0.7025957400267502,0.032624723934051025,0.7376767645228188
worldcover_00488,worldcover_00488,5,-0.258557208893549,0.7165448586597605,0.7182105556130425,-0.01172073913568847,-17.063693519044236,4.074777903388689,-11.195992802149938,6.19860007659508,0.004917860113218457,0.23445401322983322,0.24074922590738052,-0.07450945551196692,-4.330703409596681,2.2907803449933346,-2.4676457045552636,1.7484642105078756,0.036576390845192805,-0.22822559811981158,-0.23991459608077967,0.039778826838899405,1.8288578802239195,-0.5912651069387461,1.3200717164959528,-0.4431745131673753,-0.0049025314061726475,0.027971734941908778,0.029477873196204495,-0.00418551418591629,-0.17371049553295692,0.03856244523839495,-0.13665247732385005,0.02825148404978676,0.8842116604263124,0.8671388306917898,0.8816524337310254,0.9205416091365101,0.6387370199940712,0.6614541833894743,0.4575971671390584,0.6690396895221267
worldcover_00489,worldcover_00489,5,-0.05367253678965295,0.7124217871689457,0.6948347999291005,-0.009366044760540954,-15.378861135735423,2.184550971864976,-12.2599703138904,3.372385464397885,-0.21433603592206243,0.28573982846287255,0.30661300108546086,-0.05961592792947218,-5.241430868573565,0.9105517356340118,-3.8748704346488503,1.249754878305886,0.11794057994581504,-0.23525269323097123,-0.2500405475432734,0.04404586933057312,1.601501109592634,-0.029586039653518425,1.6074018918855388,-0.05578337169233308,-0.01301487292698397,0.02770795629858367,0.029402755426638037,-0.005135153288567303,-0.1298453733132221,-0.010487613892252319,-0.15288574656377474,-0.012149096367483216,0.8056650496045823,0.8705741332103949,0.8665488457891357,0.9061871262769627,0.32058093772296725,0.4325387539886756,0.559928781132615,0.5351820370654565
worldcover_00490,worldcover_00490,5,0.012244302036225485,0.6346085010604446,0.6357299793850342,-0.024838868020610708,-19.657573231301587,4.635162380112138,-13.212221832413455,6.624173482014125,-1.340556769892508,0.6340177882285319,0.6836806466241176,-0.07404653535830563,-5.890479893607348,-0.9299642155187146,-6.834835319048318,-0.9477534679847562,0.5876711796714454,-0.32508727382400815,-0.35880683680181846,0.03985968846182667,2.1764032473019306,0.25841870154840857,2.4539171201211496,0.2619806715834783,-0.06305402545220455,0.033954975731445076,0.03782231437813752,-0.004240066142320027,-0.19607710782888935,-0.020267037397995135,-0.21818244970175263,-0.020341729944715028,0.7784336054482474,0.8282155323747774,0.8535825786916547,0.7003934658676297,0.538211780323004,0.4262004834353508,0.5837455815594187,0.39080599662894133
worldcover_00491,worldcover_00491,5,-0.006627399439935338,0.7150318757489775,0.717761237061385,-0.019086788126239356,-13.792278296143575,4.608654141607711,-7.0236074757350435,6.794433352797361,-0.011455274124761557,-0.12378267635635716,-0.10964259703362778,0.010670487266329676,-2.9259944888393976,4.01135204629221,-0.5714017876586919,2.3680094013681203,0.013588811978057941,-0.05725261179056995,-0.06455113674671234,0.008920046295244944,0.8007954617748774,-1.0063902371494577,0.1803755302311411,-0.5956064665105105,-0.0015861293542599384,0.009011706541941474,0.009788558799585319,-0.0012814523181830975,-0.0626749314219596,0.0666154328057368,-0.01794813732771403,0.0401245964131692,0.6607011457092608,0.8324714592656406,0.8589391047314335,0.8084969331880163,0.4894257599760453,0.5890341348437929,0.1062529463732983,0.6178850754224232
worldcover_00492,worldcover_00492,5,-0.002176403026312531,0.29123665437553836,0.2490166398611933,-0.005561479367315678,-11.673883433642375,4.2676995372729065,-5.531912807083299,6.313412343050456,0.013190319515297408,-0.3010239637205525,-0.3231913560617063,0.033452173571161356,-0.41941109662445164,-0.16758611352292568,-1.4964980630682365,-0.34076382600821203,-0.006434289623811576,0.04311863457969519,0.05021910768131287,-0.014762871496800669,-0.30094120191660084,0.1626919946556995,0.2959360003384072,0.2191973777516841,0.0006637126840091814,-0.0005248231681609436,-0.0011461107436605234,0.0014749327609832907,0.051097461654892345,-0.02415920106905182,-0.014049898372203709,-0.029290539672564644,0.4752504824721694,0.8295963084037336,0.8261859226477469,0.47056533269422074,0.4908969691279862,0.3537301360528776,0.6540973757814702,0.3989377942409349
worldcover_00493,worldcover_00493,5,0.44808795086999254,0.6307670266339296,0.6383550526630724,-0.023106212078622176,-9.308268209401481,2.530687778871444,-4.944013084330123,4.405983637935288,-0.5541355059121481,0.5206094401932874,0.5590280062696387,-0.06423254709853392,-9.293255318612891,5.988144675179351,-4.566763275220242,4.676076865311178,0.11705264551260718,-0.25502884868548487,-0.2808480097124051,0.027356813146704455,2.783181315941412,-1.8577953696748224,1.3883393635454624,-1.4097760780264232,-0.005860035122809062,0.026255158763943263,0.029136438042659182,-0.0027968163761978157,-0.22085763326015945,0.15889970078824317,-0.10473763357981739,0.11948508983749472,0.627924798730809,0.8582971190850478,0.868811592580768,0.8223504983491877,0.512915952401962,0.49841632576977135,0.3992651720604944,0.6608871729251944
worldcover_00494,worldcover_00494,5,0.12528340375398497,-0.08537409025611303,-0.13332243314520886,0.1375934734488982,-11.39903823132764,2.610771960099363,-7.057950190043226,4.158292002147132,0.04903357439451224,-0.017218898190924495,-0.014019967293337115,0.08840117006311309,-0.5401380515509351,0.6772666786196189,0.254205579549173,0.9446374923165792,-0.00623421053911572,0.012214557033886889,0.012989252386413078,-0.022381229495460255,0.09608988140009905,-0.14520430368680612,-0.03703183420894725,-0.20074523838697417,3.5565020175995636e-05,-0.0011064131424357796,-0.0014187733765051815,0.0018697721187514423,-0.0048026249415549505,0.012769027948951035,0.0045809953642217795,0.016500761764198707,0.8759496560822768,0.6491059731690538,0.6126144172134094,0.9251692349886673,0.5095895790620653,0.5655960317815616,0.7020268395179856,0.6019771903929647
worldcover_00495,worldcover_00495,5,0.05788392335602457,-0.03626781278713206,-0.08605364331919141,0.08578537540002316,-19.31799003044087,4.955260733638067,-11.9922964588757,6.957283822275534,0.06368270351865529,-0.012608067657325316,0.00023347057313447136,0.07141884984005045,-0.8948664440360615,1.1361710902880136,-0.09480493344554554,0.9369374371977786,-0.017092390761479313,0.017742050166576432,0.007852540097453354,-0.020997378152686257,0.810135959302131,-0.6059408411069148,0.3705770674800314,-0.5069181859719033,0.0012272019567270158,-0.002081757688876052,-0.0010958239859478027,0.0016917737595962747,-0.09497445460097588,0.0678994818929441,-0.05014734694851772,0.056680611084777476,0.7313021571562515,0.8990716596558084,0.7016912945491374,0.7146491718360155,0.9669287321485573,0.8971204252648052,0.9277405377238166,0.8945167057353305
worldcover_00496,worldcover_00496,5,-0.15304056788557652,0.7187029280220024,0.7377262696849579,-0.02327684710282044,-2.655652090631312,4.290696767376214,4.610583194323281,6.374025669053092,-0.05684762755286482,-0.016208185533447154,-0.05872222899444584,-0.0027544722279777443,-2.106983035197035,1.0125024459062328,-1.7866565524910327,0.5087809744809221,0.05242436801135749,-0.09624457945523042,-0.09134025668152865,0.0031353830103737234,0.6129809885068944,-0.21766713745454683,0.2671016065694879,-0.0902270972922804,-0.006739386061079182,0.014154308710736446,0.014327258558360619,-0.00040157385140474,-0.043915840673767144,0.013069770725132563,-0.0005398440860815367,0.004612311077202867,0.7224185085245136,0.8606546757169803,0.8431366247597225,0.28601094401697114,0.3814753784512892,0.07034742281742357,0.36554692671962086,0.04064619647838019
worldcover_00497,worldcover_00497,5,0.08778916975239778,-0.13881331360475566,-0.14523576324184717,0.15600957315076502,0.7993023065281732,9.35675674739999,10.335568435369945,9.653637931360606,0.11801581877776704,0.10068227307841401,0.072948331774641,0.14228067233685449,-4.258428479393016,-0.4155087708291221,-4.1850959765492695,-0.07561873167172042,-0.019948793829070617,-0.013603144312212873,-0.00916084785768315,-0.025407431187567758,0.6969677033392789,0.3659011039857457,0.754947610579818,0.12172495225763152,0.0007997190550524585,0.00030099853374665535,0.0001330076354659231,0.0012205257033458855,-0.020230661687835695,-0.04162945090123269,-0.028762328974928895,-0.01496246750936246,0.9725354461576935,0.9095457727076226,0.9258937605429978,0.9122348567526991,0.3597267725106511,0.232088931502348,0.39654489113134406,0.2501436935425988
worldcover_00498,worldcover_00498,5,-0.40434261417118916,0.758895351466809,0.7634766599671429,-0.01939846561149246,-16.025038211217215,3.1800036042711692,-9.76905166442986,5.392708865569951,0.10470761953219962,0.20733924192331932,0.20873891473525868,-0.04603255439608785,-9.125929630743464,6.24262684768115,-5.839707100340927,4.295033129239313,0.018332189373531774,-0.195922957950985,-0.2052017782705941,0.028168729869285897,3.544623942725012,-2.025212857275372,2.3335212759762762,-1.4214263030787762,-0.0038972405568023206,0.02357454518928672,0.024864689983201734,-0.003069390777987659,-0.33536409507043363,0.17240635767877802,-0.21968913328133022,0.1242487599745193,0.8944766760082434,0.9831023884823779,0.978708577475174,0.9778215615401602,0.8025082265908181,0.3923623735953251,0.6400011139861286,0.5291810742632039
worldcover_00499,worldcover_00499,5,-0.0006843857831882159,0.40303573915452645,0.37686109136451346,0.0025970826885014188,-9.190079079668298,9.233996778627503,1.041496417205021,9.64407916006994,-0.00910838979990287,-0.19639630964587568,-0.19544874941782311,0.023380303844099882,2.441378578858416,-2.8466827162253012,-0.07795573616100696,-1.4880158152176817,0.006717754284290518,0.004455826983049154,0.001981994241991975,-0.0049845960849968455,-0.7801596791991827,1.3021833446570823,0.2488329354397636,0.6682350624850586,-0.0007068499007481944,0.0018111420324956717,0.002117559464290905,0.0003977192311801677,0.06317332066913904,-0.13424581946243408,-0.036401310221418993,-0.06839319966048996,0.22497233121690252,0.667543174597812,0.6568410454828036,0.41614408155021765,0.1838959402464555,0.7925728472659014,0.33807480216493935,0.793820695075214
worldcover_00500,worldcover_00500,5,-0.057054785155902545,0.6513576758178816,0.6401945311914808,-0.0012702291027053814,-13.689830489609541,2.665155017934907,-9.324488113647508,4.507563871809721,-0.3789604228843284,0.5351881141818688,0.5491490697576863,-0.09262340984654582,-7.377037823467981,1.5743407270192484,-5.414324534966728,1.468352799329401,0.13093129995590352,-0.26909064230593743,-0.278487786545833,0.04089625508451896,2.11052995652853,-0.27360502344867393,1.7175025309011789,-0.23242501618314326,-0.010151941495588178,0.02774945319150433,0.028702922108950014,-0.0041900094671438225,-0.16085145557412686,0.011688688738310417,-0.1406483778638723,0.008521150823318427,0.569031664453745,0.9103002851173658,0.9248953830575908,0.831524493290842,0.5562304873471215,0.5026716283998884,0.47861471132069,0.5575922146103631
worldcover_00501,worldcover_00501,5,0.05379062975657735,-0.04701456828325097,-0.07503600599187815,0.061990235565286676,-28.321633401047784,3.891564910348958,-22.148617796038465,5.87777927908126,-0.007632752519659381,-0.06336682669759257,-0.06784173899463225,-0.004037867226297881,0.21969385552285292,-0.9736672789752023,-0.21563324536681389,-1.1734426361748114,0.0017231285540805243,0.015504995167448904,0.02003226780788203,-0.0004190330825004309,0.13058413239748273,0.39250634179320204,0.22422339106081207,0.46717397612967365,-0.0001021067089020007,-0.0010442777696733517,-0.0016831829015052661,0.00015796657952696477,-0.022570008886530206,-0.03489362994554216,-0.02367091492412361,-0.04140714474511539,0.6696181419840959,0.94406990563542,0.9327017311619454,0.8432933201872013,0.1862865842559711,0.6395464181240278,0.3355235694184975,0.6645352054418967
worldcover_00502,worldcover_00502,5,-0.13416772214814437,0.6484718328116098,0.6545162308170963,-0.019851464947516464,-9.193875709098144,8.86269123284896,0.008638786696145366,9.318168642610923,-0.19247459935282146,0.48925942475981155,0.4989432429687816,-0.08861534931652555,-3.971341285331435,-1.1191548750678977,-4.61641569055089,-0.4159462778983641,0.08721273509921057,-0.27323807465130184,-0.2853845490134633,0.04615744350486106,1.151210752008639,0.8045592653205005,1.6939452727283526,0.29382754325655397,-0.008135179739228279,0.028922245616676504,0.030477381546539443,-0.004959484900940541,-0.08179828104786525,-0.09940234819493593,-0.15346942966871127,-0.0369419182294423,0.9107997689431075,0.9250564847945808,0.9363897331897446,0.8915399142923511,0.6490234161204267,0.20546220656406833,0.2741979724057567,0.1435210070597388
worldcover_00503,worldcover_00503,5,0.21236971743168467,0.7047839579031336,0.6912702999331762,-0.044959186209422394,-11.893843634846474,4.851033543106945,-5.39003779643166,6.848588797584504,-0.47020504565094634,0.22415585234938368,0.2543383963287795,-0.02659631439203738,-3.4849067355492886,2.442095266134618,-1.9272853166737949,1.3546131797482817,0.1399618142379148,-0.16621985791242933,-0.18336878294423478,0.023467317191295186,1.202586773834606,-0.7244472317065567,0.8389381631000038,-0.38506237654470254,-0.010482767861259939,0.019455236665001374,0.02121445506510104,-0.002951478265752688,-0.10609244074237288,0.05813163341071339,-0.08339143646922306,0.030345048009054337,0.6025108657973038,0.5172061739946816,0.5269685138289092,0.6123083367218705,0.3134427804915527,0.12402574976077674,0.5907522101778521,0.09537816927799203
worldcover_00504,worldcover_00504,5,0.0850721239898531,-0.11523852700536902,-0.14239736149708423,0.11713098034714199,-25.23145032829801,10.513416668817658,-15.4886817943539,10.128562623952106,-0.006153123288878615,-0.02056011338792145,-0.02694808467039988,-0.012285487223712215,4.330598670287287,2.094091301591761,4.9441564868795025,0.7501014478891147,-0.0003333219524338802,0.003358128976512256,0.005230318045332329,-0.00027792873385149215,-1.2664120122623448,-0.704885164347546,-1.3925411208702336,-0.24721062244607014,0.00013800659724546807,-0.00011858543512797059,-0.000305205169651245,0.000281699490968628,0.10572753445816085,0.06721795139921145,0.11538257397061367,0.023459627549769404,0.7630900779778066,0.5391701474494128,0.7636735502007344,0.8616194001431952,0.744213348852423,0.44077388046039845,0.9185322171700172,0.49177202372333195
worldcover_00505,worldcover_00505,5,0.0767219991342646,-0.03301297178999939,-0.08339775500423978,0.13462316809278543,-21.66967417771284,3.7183099083923143,-16.10532414907815,5.623076180808804,0.013484578673464443,0.008761455777973425,-5.0155150275362205e-05,0.003250844214880208,-0.40697712492951377,2.622548002041031,2.3191098267074315,2.5702114747292444,-0.006068606013648242,-0.006278149892467195,-0.0030425319133640994,-0.0058305909558808025,0.2374352188986085,-0.9581485134454832,-0.7722187071740234,-0.9444473676626115,0.0005394056416626024,0.0006833734799816166,0.0003941959014745687,0.0006714230497377084,-0.02403041966847896,0.08631664919433676,0.06728483568488998,0.08540525457925664,0.9210868203167213,0.5382095121824246,0.5562933655763654,0.9180770493839121,0.19695744504968982,0.562508236187685,0.6504887677378303,0.6276300598622324
worldcover_00506,worldcover_00506,5,0.033753128182734495,0.533303648572077,0.5257445897794139,0.004127310701843241,-15.713678146879257,4.463471342243684,-9.149904835260925,6.399596141398262,-0.08652232654170908,0.17341442894013046,0.15695344257567512,-0.031080265573802248,-0.20328093472798311,-0.23744338776255675,-0.2289254776576813,0.0440737197518637,0.03780421104671384,-0.12110385956702278,-0.1235819610392117,0.016793643680776044,0.04009801292947845,0.3311849778115519,0.18929271180460985,0.18507025473723923,-0.003927049322094751,0.013721738067088702,0.014425868394248406,-0.0018237336454066323,-0.0006779631927686797,-0.040782097350754894,-0.022127746669546377,-0.026335369824800472,0.29162485011268635,0.8660451324673621,0.8778591361729864,0.4799613793057468,0.02978615629876702,0.2864696568640105,0.3190652721083934,0.3420735446962676
worldcover_00507,worldcover_00507,5,0.07608712884653997,0.13593801810885892,0.05842970074577716,0.0969246739916727,-16.086541519097697,7.234303457124119,-9.506939868042283,8.560097292931134,0.026394126645617588,-0.09305164581608168,-0.09743946057463407,0.04184544343678739,-0.19183288085093733,-1.1143030944241497,1.4166762795387422,-0.6792771070410631,0.018883693752848443,0.05846762341483454,0.05075198574015839,0.0213935255068979,-0.10867879593510903,0.36398216478390316,-0.5606737187527625,0.2205558229141876,-0.0029828863349706572,-0.0063435472265788995,-0.0053101401174008205,-0.0035327513222441543,0.015780858650469853,-0.0308848274563494,0.05659136976960911,-0.018591331312051776,0.9750580219533023,0.8117507243238907,0.8012851573988637,0.9825278792370568,0.8290457065870622,0.20339789676093345,0.5009597082044193,0.1768560694566954
worldcover_00508,worldcover_00508,5,0.07635529599564066,-0.05795728826584905,-0.07321777747887545,0.09436589439935762,-23.88523111426433,7.576124482416846,-15.182377176582012,8.72289745171077,0.05352147806512032,0.024949601530799496,0.0055723220612557455,0.06994790780461481,0.4370013160238666,-1.5060384361025878,-0.4565824173406413,-0.8990399398195233,-0.021333239321667787,-0.013038567168959616,-0.006901889916477128,-0.027756482935248492,0.2510384836926552,0.22264445043015024,0.20841115312421313,0.08830303720680731,0.0019216746864055183,0.0015365191728859715,0.0010237232876019649,0.002472292359052885,-0.04527255370861543,-0.006716776539300399,-0.019414520480850773,0.002018637280193777,0.8029422046596196,0.8337726479273808,0.8856813987283815,0.7754684505564271,0.8266228183553748,0.5100809410025731,0.12388714509430365,0.43454353501043963
worldcover_00509,worldcover_00509,5,-0.20082022808685784,0.6601584364067425,0.6675794966744665,-0.022086319118512526,-23.647804979464198,3.055586161649868,-19.230101119221967,4.853685126896817,0.05246361779285379,0.09650342852350097,0.059829316441973514,-0.019063713731214526,-2.095745442013462,0.2199738300427611,-0.6619221039049441,0.31045931587303366,0.015050217557980784,-0.13983760878959736,-0.13078650242741716,0.014456708246269503,0.9546266046224924,-0.2278860424691911,0.3566653327025251,-0.3350264816080071,-0.0032387479197502175,0.017148643468666538,0.016482932455461417,-0.0017530019771345325,-0.09963367655661456,0.03208637858619641,-0.037458574658081334,0.04654221833038154,0.9559317960022841,0.9535319341224606,0.9540641189996735,0.9196929415737891,0.6074140083067405,0.8543882253898455,0.20857882906496605,0.7871108435054268
worldcover_00510,worldcover_00510,5,-0.16926189260598237,0.5925433529597368,0.6123904888377073,-0.014182803178714272,-13.836277240269133,7.720652812690566,-6.010558274529242,8.99304276017544,-0.17625105965935525,0.6777117144730319,0.655974419698825,-0.042086669360287286,-2.456856274942658,10.600180118521054,1.5425559595911447,4.020411574249758,0.08125103687998086,-0.33208220839113317,-0.33440405404541823,0.018335084257006303,1.0319623071333186,-3.6802315622214152,-0.16526833487144355,-1.4233644642143222,-0.007796049405246061,0.03360408491859528,0.0342581231485713,-0.0018241313836452604,-0.10042456897169343,0.3097479858783283,-0.0059293364684706515,0.12086950530886147,0.8479616456392005,0.9184143197533384,0.9291139555634504,0.7414095867427477,0.054808385168326534,0.8581454308962212,0.12146029937427616,0.861836826983334
worldcover_00511,worldcover_00511,5,0.06894144876801477,0.05460952764207689,0.009697153980872147,0.09584904484676608,-17.751768771657037,5.814330925789008,-10.561411731911713,7.665476792496846,0.13226506981169373,0.13860740908791103,0.07814957586020961,0.12294725186768013,-0.14660282697518598,-1.4490947446399782,-0.3857442132046925,-1.2242289208627533,-0.026114292649469174,-0.037898866629058545,-0.021473611134519587,-0.017969705116052087,0.1417171154866383,0.49177567191519267,0.1960888790482525,0.41060684234928907,0.001292851938606057,0.0028212634150427923,0.001567808246813856,0.00034917315298860414,-0.017387237498477117,-0.03875629995867197,-0.015786676611754907,-0.03236145627192887,0.7936325665979443,0.42307519158373763,0.2874700461445525,0.8859233185624269,0.30356707612862055,0.8210936130341216,0.9306076633594121,0.8037642075025611
worldcover_00512,worldcover_00512,5,-0.21207241086588965,0.7009252256318728,0.7085108538017159,-0.015385206958109873,-3.1830930676914733,7.724804828150355,6.658560327511712,8.928864626102431,-0.27954198638540867,0.28770736491839566,0.2993229784603606,-0.04285493283902107,-0.7426902303287172,2.562758354569322,-0.8584219194556638,0.8663666453436052,0.1368335380160406,-0.21626296537843567,-0.2465334933259202,0.020038601274106158,0.038288875810308015,-0.6794181630048686,0.10971420993168816,-0.2069932675914108,-0.013801402040450208,0.025127480596755458,0.029160633654982736,-0.0020730700367365485,0.012531989150025808,0.03912006850889672,-0.0012952074460802834,0.0076621783432819016,0.7332408830362269,0.9614718024962776,0.9650521674753854,0.7840719910098135,0.155940589416102,0.2515346826396224,0.3052873090877254,0.2671919208602225
worldcover_00513,worldcover_00513,5,-0.002856232737848277,0.7682170949199006,0.7836380521907974,-0.031154860770612153,-6.496858612969222,32.86943180481341,6.921251134804038,11.932286545273662,-0.7716544132037517,0.2543527299449532,0.26712352220737473,-0.03579136205925801,-3.0540873202673646,31.57981105982259,0.5887662016534184,5.40015113910961,0.3230577261298967,-0.2373081518748359,-0.25719066612519165,0.029647871845873475,1.870310537743951,-15.445891176357549,-0.2058329094669814,-2.569165041464056,-0.031995597940044536,0.028735794239875014,0.03131136166477442,-0.0035016240806064786,-0.20144489114568093,1.509077320205445,0.007286776796591136,0.2461377088927433,0.740716504348161,0.8937364235351973,0.900497359672641,0.8881437324072777,0.6676860405161477,0.3768124818873769,0.04283374186926525,0.6373121382684682
worldcover_00514,worldcover_00514,5,-0.4082380486276397,0.7517101435047232,0.7685628973624946,-0.008676519702104323,-14.725594324637331,3.979257221645639,-8.177235931733488,5.899431738134481,-0.01945179477890899,0.4489056669648655,0.4323153841708355,-0.09198214138104054,-6.922249042339985,-0.7469376946543717,-6.056138303355055,-0.726214280979483,0.0650958585871279,-0.2943351280863405,-0.292928005225988,0.0434980333512608,2.5458514800983956,0.7368267432661625,2.4721616198334444,0.6308328130504274,-0.00831489302060974,0.032839065097799186,0.03296643980976303,-0.004382365397318742,-0.22997653955363762,-0.07951738793128621,-0.22973140187669916,-0.06736529977802969,0.9059721811579128,0.9501223007317723,0.9486594047285656,0.9055044690519979,0.4587700380838705,0.8442572925007187,0.5442228452350892,0.7880758063972231
worldcover_00515,worldcover_00515,5,0.08402642673224942,-0.06690586039401362,-0.10274968725262257,0.10964403166012351,-20.654357850951858,4.282676439470747,-15.61542981881509,6.390740083971408,0.04352041467302866,0.021114579693872534,0.01997493307978385,0.07046177977370818,1.549938150559041,-1.0110376858800503,1.2106689872724399,-1.3241507754976316,-0.011349028097787739,-0.0034384684500111157,-0.005017555838862018,-0.01830168061958244,-0.41005713757378387,0.22626083674704892,-0.33128110138900835,0.2985119469991618,0.0007627670161285805,0.00018343530040271995,0.0003490558816025952,0.0012406609350382673,0.028124118072030083,-0.013178529066011007,0.026743727222862237,-0.017367453473629363,0.806051125149378,0.7165868371156034,0.6514707389604139,0.8983466122403888,0.6721595228423554,0.7142915099139603,0.6346445590575572,0.6559306789114729
worldcover_00516,worldcover_00516,5,-0.1864118669368878,0.7218094519480619,0.7325274143932454,-0.022584775547412405,-10.776094723310386,2.91508268746965,-5.269547502862276,4.8311469037862675,-0.054908966536234914,0.2811596870629313,0.2644725947803439,-0.025983073866911243,-4.082595285609307,1.6838024941164182,-4.399252767167095,1.5201984423561308,0.050574882324443585,-0.1954659174410101,-0.19650462069004376,0.014905498932555175,1.1037940883795307,-0.27100939788025974,1.4248757621149857,-0.2165046249841716,-0.006279008485212841,0.022430699450349572,0.022930493484241803,-0.0017051070086620368,-0.07870631624133644,0.004625538254370374,-0.11921918282879614,7.17074626893631e-05,0.9092194097000894,0.9101353151538744,0.8898143643494036,0.7884860032021737,0.48569849526031406,0.5746524206907866,0.5515603709893424,0.6450113885325602
worldcover_00517,worldcover_00517,5,-0.21267693058339,0.8290502618659635,0.8292387951955669,-0.02301176065388569,-6.484595137727587,5.124287892824159,-1.330009447627322,6.848991826259093,-0.08657732003448607,0.006211425902113671,0.009036633112126139,-0.02250701121917529,0.07575408798428974,3.4300737342692544,4.778134054839531,2.32008284107748,0.07463115141208335,-0.1433627288062849,-0.15360881165637566,0.013083391461785445,0.26224291766965035,-1.3441603657279988,-1.2377279047965337,-0.9060854757160087,-0.009241542324868611,0.020235401531211044,0.021702427906219388,-0.001409717438321541,-0.04057357658008415,0.12738847661317299,0.08248571567296586,0.0865043076715683,0.696810557903574,0.9277799166387933,0.9283469898509285,0.810297355564929,0.2467903087617881,0.3306568839355931,0.32362886676799296,0.2864986654973224
worldcover_00518,worldcover_00518,5,-0.032133564082187455,0.6994583299383518,0.6930888523206559,-0.019524793916692294,-8.037286570201811,17.59061600125235,4.377580328485682,12.276409016659272,0.03228873770913529,-0.3208778012980008,-0.37027904459290034,0.0368806961960795,2.951789521981835,-8.14734643381529,-0.3898149538476167,-2.703541330743273,0.011527977913090022,0.03404304074744367,0.03986917091009407,0.013257825536476024,-0.7213189301248033,2.397952117392652,0.20463724057470067,0.8264938730358629,-0.0021367913075474683,0.0003723604863302747,0.00024993911460795894,-0.002388636374639143,0.04910890886357109,-0.20957070798111482,-0.019935006259587027,-0.07470850826613208,0.8618808036024486,0.775498816766923,0.8089563557935779,0.914357750436701,0.3173932586427569,0.628156417577747,0.18739699866503623,0.5325484512874818
worldcover_00519,worldcover_00519,5,0.0645013779880859,-0.15212613344192483,-0.18934911963614529,0.12319773446881407,-18.194970251025904,3.575702039165444,-11.479729939669076,5.548342274004291,0.0028163647382804732,0.03868074413566349,0.02818421865739502,-0.007183622539280017,0.38551669994879656,-0.5904521005919801,-1.3942887197554807,-0.9081647727828164,-0.00030184405035832716,-0.014838299847074892,-0.011782882420660569,0.0013432642243383466,-0.06264489420123116,0.12372026713941106,0.32903688963870104,0.20386336764583957,-4.841060675034311e-05,0.0013837224493424085,0.001110114194829052,-0.0001293221921330768,0.002355215581739399,-0.006449987549409497,-0.02197486606212347,-0.011722276220312562,0.26221963515222013,0.5703505684860779,0.666940341338512,0.3729577141543473,0.11711692799506435,0.4404750147421176,0.3992954557522088,0.39389546564450817
worldcover_00520,worldcover_00520,5,-0.0593582153571981,0.5443261743269194,0.5218719431396694,-0.014066890940408928,-3.258731379165675,6.09608842523042,4.76438583281606,8.08379608745041,-0.06891790816578672,0.1209442716919705,0.11060455136947116,-0.0305349736674022,-6.28957932271027,7.855431701020058,-2.6734792659950553,3.4073160445342108,0.043200180419921755,-0.12119770501397573,-0.1221387554605155,0.019460648681274974,2.1449940590682335,-2.927366259483652,0.7134849051801933,-1.346342452321023,-0.004804449702615221,0.014510636984587018,0.01475625342190867,-0.0021797862736451794,-0.18272711792492602,0.25978545246872964,-0.05199868038779953,0.12304039317082938,0.755696182289751,0.9483748222971319,0.9496156744053098,0.9411530401489206,0.699717872847126,0.5975026549687299,0.6385075887792977,0.6446181737221159
worldcover_00521,worldcover_00521,5,-0.01884160716401648,0.5888173896254943,0.6046460353289604,-0.022015609552688845,-12.777420923673656,5.3928542105955835,-4.779059107153421,7.768239000561927,-0.4938595646291697,0.7035127461902645,0.706159435863056,-0.04980983891864358,-9.755614747345499,3.1629422961863236,-9.034162498239667,1.0012412346171735,0.15766033201577093,-0.34686300483455584,-0.3528896226140449,0.02333241677137482,3.0818160965968304,0.06429445192393721,3.2987317146961215,0.1406405875170682,-0.011823265881389442,0.03593680023620222,0.03666788601137769,-0.002550827612103233,-0.24297918224606002,-0.07060303581738364,-0.28859727740857827,-0.03963442048084088,0.8149344516372247,0.8615297086272898,0.8672660454509442,0.8965704866037734,0.5275788300103232,0.5344299772051373,0.6258861396333983,0.6224805325068821
worldcover_00522,worldcover_00522,5,0.020084467506544003,0.4735070557305329,0.45662252243721374,-0.020001774936011532,-17.016547609951814,1.6018950623976325,-15.297440148025231,1.8600076694588636,-0.3681187326626193,0.5848931595091753,0.5925472776095048,-0.09504407673098465,0.4839439520766926,0.22465803386708538,1.2433838310509178,0.7992538010326617,0.13014895832005763,-0.27357120041884575,-0.284577002902051,0.03746033429462471,0.08946426711062709,-0.1411460095135988,-0.3107397772736694,-0.4641017054275936,-0.011452787432267299,0.027119713995342253,0.02867614997155735,-0.0036364389639912194,-0.02193738638052907,0.01654419290300964,0.023026464711911124,0.053029166135206265,0.6462972618258416,0.8538871586948446,0.8531195544702823,0.7314632424801792,0.7160053006435982,0.5278044784046082,0.6904010961289347,0.5210691766626211
worldcover_00523,worldcover_00523,5,0.05202961333600684,0.014430922484307508,-0.04031236379435569,0.06551728724981797,-18.571161223835283,6.329881002042409,-10.827111135237226,7.961514877188922,0.020841652164645286,0.011329411706399412,0.02888897093500768,0.016379349850236428,2.2392840012735835,-1.526965448328794,1.4525283800010667,-1.1547529229612876,-0.003656529426078885,0.011262295463271597,0.001175126631328937,-0.0022135644876982775,-0.608112166742427,0.4468257613042964,-0.37063440501764283,0.34224947224016444,0.00016416191394246212,-0.0016282468780197887,-0.0007428661708466033,0.0001073213990288555,0.04774845039180984,-0.038751333341833956,0.02583966579279303,-0.030141226698137874,0.9199495812101924,0.9560443075707823,0.9980478662786944,0.6334251917795419,0.7425331906240022,0.6488725258880677,0.885290994935216,0.5975004859990156
worldcover_00524,worldcover_00524,5,-0.09531139678485703,0.6677597327524745,0.6892169410306397,-0.014195803341201798,-4.820358754651891,7.456123887088166,4.113629630549367,8.811877242965872,-0.012938696185527941,0.05120482080845125,-0.01886976930120691,-0.011984231235045438,-3.966692920658449,16.71810049518178,0.4705331946528144,4.735626285354114,0.013185602450985736,-0.07319477791555244,-0.06017822278784458,0.007758238797330025,1.3076465643613722,-5.498759012283435,-0.0875531663175426,-1.493009912268942,-0.00132546416430983,0.008047503526228463,0.0072911031017399795,-0.0007778918276531517,-0.1067152360432729,0.4551303168164291,0.0015399833847978776,0.1196632900575944,0.501957098836441,0.7013260929149708,0.6798706745570574,0.5421767366146492,0.5905413932365167,0.5045997025871714,0.1825109052745547,0.5080530642568184
worldcover_00526,worldcover_00526,5,0.278559874966621,0.7517322754543859,0.7602842086643891,-0.013981373952419688,-12.937355206505837,2.8834722282278435,-7.802722649121581,5.217265933288445,-0.45926880396469727,0.11744147438614928,0.11127241836890174,-0.036995383567132216,-5.290934630445996,4.714210160105304,-1.017477355475411,3.4678094093543015,0.14691683986326382,-0.15537247356749007,-0.1634344657987869,0.018377361852913505,1.7107829924671833,-1.258543676512813,0.38117966276504894,-0.9476272149696345,-0.012661508610253086,0.019597726424854942,0.02085716685637679,-0.0018363930108590079,-0.14933188450749327,0.08835261349884461,-0.03806229025961213,0.0689351655819884,0.5618546253135674,0.9644692144919863,0.9614803201329366,0.7444372040722718,0.5351307367998871,0.6113910378818823,0.13531137995642217,0.6953553608031816
worldcover_00527,worldcover_00527,5,-0.21689832457044184,0.647921333964351,0.6427131749012265,-0.02854581823516104,-6.395733396541831,6.559317052303436,0.6174666283986813,8.251853615981782,-0.21886015771541784,0.3002028994018279,0.29319203674556477,-0.021122207325542982,-1.1365086387373038,3.626762533380203,0.5015045184358167,1.5418369681872188,0.12795283435914154,-0.2120580160390637,-0.22399013528189052,0.024699506051515822,0.05096833807895943,-0.826203210649958,-0.0597775156970132,-0.2946640522513479,-0.013940816617400995,0.02403453186817577,0.02586441912283798,-0.003112023945596782,0.012761219948120635,0.04380034101096728,-0.0037424710005986607,0.009694093751759636,0.7882247603637941,0.936842012264015,0.9349205103552956,0.7398121475216245,0.3096672384319006,0.5884702211819015,0.16504494434825157,0.6563979496912076
worldcover_00528,worldcover_00528,5,0.09027263041414052,0.2635403327418089,0.1528426590516705,0.1112409354836652,-21.96147065091943,9.779717495389413,-12.529417229904679,10.00094908748839,0.09242140021957258,-0.21739959110697996,-0.24184089186527377,0.1016219806753926,0.17394270536527456,-2.620198161024238,-0.7633772657448675,-1.7033483151367246,-0.012991979573581508,0.06800340808266803,0.0715144012220106,-0.005562799301369347,0.14461326211310518,0.561212798641881,0.30343579960329725,0.3889965598228916,0.00012143581366636007,-0.005995160034584872,-0.0060917739991587765,-0.0009792406262472443,-0.01814281683391976,-0.041952060719619697,-0.0290870325082395,-0.03090479285270057,0.9653235488801792,0.8061907337933111,0.845305080485133,0.9752088565805143,0.7668425629895991,0.6537334127104852,0.2547259081474408,0.6419977311531582
worldcover_00529,worldcover_00529,5,0.04982163720368127,0.056841676306882104,0.020927022860356824,0.07889806490504392,-22.456701796024802,41.62212568704665,-7.348103337305254,16.116219645611533,0.06730325075170243,-0.11478131307872896,-0.12940041737128308,0.08295291404993752,3.0141786385802565,-27.04454587774122,-3.239905951510398,-4.985782491743346,-0.008316739967937335,0.04444868126768186,0.04400024596940381,-0.012782666719321031,-0.9397772961639118,6.8473350421650885,0.879470829014838,1.224791934728819,-8.04172702176181e-05,-0.004376032611359888,-0.004116701009222351,0.0003016251844890177,0.07741968880833117,-0.5040311573391234,-0.06650707348596058,-0.08628095530559805,0.8877310058209915,0.3896861131148889,0.5228824472489468,0.9065870530844442,0.30923967602207425,0.9003148283318023,0.5420473442607325,0.7059061723758648
worldcover_00530,worldcover_00530,5,-0.16254758283854828,0.6560060933909654,0.6573712587582352,-0.0194538530583186,-17.563371677255027,4.273047087966285,-11.898376685327511,6.0129260661961155,-0.1385491966074716,0.33797532934990987,0.33997551597181636,-0.05280650431467639,-3.35685093213293,-0.7788054159541473,-2.3309046107615106,-0.36817509275233645,0.09053068408764954,-0.20923165774206678,-0.22470843566186496,0.027260483597360857,0.7961256002101981,0.6699248113573585,0.7361969649915451,0.4544282837034626,-0.010826027096287522,0.023410767307410933,0.025545273973333726,-0.002898612214873232,-0.04648969019384371,-0.07723620466036721,-0.056187307582875434,-0.054733803318601164,0.9500259944980296,0.9031757698750008,0.9205094402399071,0.8590241079156982,0.4460338176545302,0.4892227447345707,0.5097468038516036,0.5534490390704638
worldcover_00531,worldcover_00531,5,0.07081625037078426,-0.004608178976923266,-0.050073778877655725,0.10732268000190912,-20.40481956759973,11.520626788909635,-9.849198585613388,10.599642132075756,0.033829814182809205,-0.021188135848321445,-0.02253726390855647,0.035493269828813324,0.3442709696571378,-3.6980990188220098,-1.2393516527810278,-1.8466240756114494,-0.013532577040722901,0.0057407785872263485,0.005984996223733529,-0.01697849261360766,0.2388736820508439,0.6954007230462712,0.46880521775542106,0.35567691389195305,0.0012687255378655137,-0.0003171662360222798,-0.0004531977077325178,0.0017081347265929887,-0.04462081245158231,-0.02821196840789135,-0.04671089561307588,-0.015116798315156102,0.732665893371554,0.6678053061616152,0.3240348267620522,0.7735266292366306,0.7210685661870523,0.7656480475610266,0.4823753014022383,0.7227499408355917
worldcover_00532,worldcover_00532,5,-0.016099638386629967,0.501316112099273,0.4853084261218713,-0.0028224749363621464,-9.337905203737463,11.422965141615121,0.9689169730329577,10.302319002727609,0.011213905131811197,0.07170340767691893,0.04008091708260762,-0.0021871205193861832,-3.3107868643687377,13.735432920854208,0.2385765556153997,3.506302453359713,0.008331827458837088,-0.10264219908100165,-0.09760765074973993,0.012326858877264816,1.21997533465514,-4.811755231285516,0.006610537401074361,-1.2238867944916105,-0.0013679254214861685,0.01247523879312505,0.012377935979101386,-0.0016716487477580549,-0.11331004695214106,0.4127529929350741,-0.011319701833812514,0.10551405812327698,0.6743469590729281,0.8947737519116103,0.889144046821738,0.7663122966221538,0.6258914798308391,0.5610604423091938,0.4021638019214846,0.5290059881803484
worldcover_00533,worldcover_00533,5,-0.23177274722437025,0.841163654670571,0.859917910374476,-0.02145375912501079,-17.405963453458472,5.352861678508706,-10.714514239518275,7.2582931296729125,0.02368503678445241,-0.19771997843469974,-0.23338502783712772,-0.01849105730948447,-0.27739591421114096,-0.5391191542506014,-1.37703473946499,-0.3883734280218252,0.027559258824894135,-0.07032977710619104,-0.07507016460584588,0.022801664666962082,0.7781708786322181,0.12105572225806571,1.1444726706298547,0.061476650315179376,-0.003881173758825468,0.013606195987174004,0.014955909805127758,-0.0028290280794743628,-0.0965740317863406,-0.0050641692389797755,-0.12454056339473303,2.4781886339194397e-05,0.5578265823216719,0.8818621405424925,0.8860013716664754,0.8788732046744627,0.5830780869139742,0.12487953575426813,0.505395871066938,0.12652899610898716
worldcover_00534,worldcover_00534,5,0.09813319320022777,-0.04106132365819657,-0.09875591957207898,0.12525889254880648,-15.930844757539223,3.3225459108829476,-10.638961427174802,5.341846383775438,0.0031251935257614314,-0.022343249803053876,-0.02699353983477926,-0.016017038079480937,-1.7926718260144014,1.0101044339644136,-0.970730772573107,0.37430861153532163,0.014778077492505625,0.02384178793799625,0.02169002679245165,0.02537308442224921,0.3215642431513896,-0.0997576088492709,0.2622276967120374,0.13798821872552586,-0.002174931687296096,-0.003308931400886535,-0.0028448792814154814,-0.003233885430175844,-0.007664085592866466,-0.01069688890280974,-0.02276620808674531,-0.034250776444864614,0.8326281804229019,0.8398954604158959,0.8107912755512113,0.8072538711749495,0.7162605940514224,0.4808340472984044,0.7885978148558818,0.7243750878848202
worldcover_00535,worldcover_00535,5,-0.05318018552888077,0.7136612868670259,0.720004852070953,-0.04201267896728081,-1.0851804095083641,2.912137024650731,4.12404311225885,4.646799954165068,0.08403129266696928,0.06573320546793567,0.06245920913560056,0.0045420071849274525,-2.3465750461125805,0.22943667153641564,-3.677199800400817,0.24960519158019298,-0.14108702556751127,-0.020706364731768054,-0.020981211295891686,0.0005287016939484639,-0.3302183284200222,-0.07264239387992423,0.18799730450680274,-0.0903088338393022,0.020430968653660436,0.0017371266478239968,0.0018292475830424962,-0.0003246140167719181,0.091453166741083,0.007301206883647698,0.04269712034199934,0.00975191483812515,0.3727351329148323,0.15864210337193663,0.11581140549976454,0.9899835734847677,0.5949976038217957,0.04767559464629645,0.5667133337694694,0.03727075026259119
worldcover_00536,worldcover_00536,5,-0.3674974617874142,0.7419743799802042,0.7530737550872766,-0.03402003394722056,-21.647122427895578,3.5892231356985485,-16.10564223195728,5.534359973605006,0.13372263430022882,0.30442990182292606,0.293092391911951,-0.05269848933399041,-5.186438018617237,0.36371850471911793,-4.809524712135329,0.4711903336154122,0.000345166182571214,-0.23086866924692367,-0.24410364984079058,0.03533614076546979,2.048499850688759,-0.11645384449873507,1.925835336092624,-0.16161175528331032,-0.0017895865228082022,0.026558212437337674,0.028664661270349903,-0.003888554310172115,-0.18879727667709836,0.008904367110160743,-0.17991400959625994,0.012856623049053688,0.9776523785347468,0.9604684911237408,0.9636628175366914,0.9366681329220954,0.6475862987246577,0.0968884397395059,0.7114583259950655,0.15482489432774238
worldcover_00537,worldcover_00537,5,0.08408751495498916,-0.024832481631275456,-0.09094843556257817,0.11295591656005732,-20.293067454804117,4.041440491759008,-14.357922743291427,6.060821457102272,0.00653288887417232,-0.005304598940595392,0.0026384757476903644,0.009260417804831654,0.10996933439718264,-0.8638303014569689,-0.25675100151040114,-0.9165952611904964,0.005353905554632077,0.010500224172117488,0.007727010534406995,0.006944774581498362,0.16855567365408533,0.2402572028439401,0.22784772931063393,0.22519294597873296,-0.0008637317735150997,-0.0012938076456199671,-0.0011489970440214335,-0.001141347216837331,-0.02302793618041702,-0.017601832404046166,-0.02726666796650879,-0.014763520571972232,0.9082764905685861,0.9694374813596207,0.9323630732703683,0.8389086545786093,0.3906193585422084,0.15027307106414445,0.4605410988864269,0.16517528211904486
worldcover_00538,worldcover_00538,5,0.10113438807045977,0.02788527518736591,-0.004281489206760374,0.10913669746933574,-23.825347504874106,14.849332831672019,-12.195868393402172,11.818187277460366,0.035714978300769785,-0.02791460906894551,-0.04684085668700313,0.03539441026274167,-0.01719062806418726,-3.3738732900299384,-1.37219289039798,-1.350115591203189,-0.015314810904369022,0.004146816401472275,0.009943775050503343,-0.016684581537718898,0.09630254332525931,0.25546737148091614,0.0999079567364403,0.09982893949302508,0.0014262773047774677,-0.0001908836820435644,-0.0006112541222587373,0.0016238783495594765,-0.018990542951891495,0.0367206190548904,0.011830631915323573,0.01459800373689786,0.7723608324786929,0.7041016565412139,0.8381165308144306,0.7666845789639052,0.4139550667907025,0.8878951614322355,0.8637805882107432,0.8005893943343262
worldcover_00539,worldcover_00539,5,-0.2720408815748114,0.6742815666578043,0.6787257475609151,-0.022894164321549133,-11.882707261554215,5.110679233722832,-5.9671489102001445,6.758442490504978,0.004309439789884657,0.5642005408862727,0.547540742356978,-0.03280485371157281,-9.775192611998829,4.2695037450705104,-6.504177048170579,2.476111994891079,0.02133334621073589,-0.27761953476074525,-0.27134232789286034,0.011022416080521541,3.270593339801371,-1.2806690415647797,2.3654590754571543,-0.700556196211157,-0.0024577713823043614,0.028257399581071676,0.027717187045838157,-0.0008904769019496554,-0.28324382236228063,0.09886697510515824,-0.21535348621351996,0.052273932503083646,0.8183203095792262,0.9066944456805323,0.9100901758478366,0.8177214947463181,0.6471810452752529,0.2644175258267045,0.5767528864544882,0.274853865720748
worldcover_00540,worldcover_00540,5,-0.14589636359752756,0.6192494933916791,0.6214927538777868,-0.010249225704959097,-12.234549684638408,4.355125138748236,-5.796457434885008,6.391010339313919,-0.36484027726240337,0.5332552227413345,0.574287478028542,-0.06510913938963903,-5.44403835067441,-1.4355989202978892,-6.8221098008132195,-1.5677744309395407,0.14185546368264493,-0.28598773929802446,-0.31603486773062,0.029061009348430544,1.701977024177528,0.8565021140413537,2.4124816096332897,0.8675048828540735,-0.012057825197704994,0.030197736581392333,0.0337012247417611,-0.0028985466295382845,-0.13305365471571665,-0.09252739792575691,-0.2073329633770251,-0.09284363293043969,0.6377854386942166,0.9492658873614253,0.956918462666077,0.719657978661748,0.46542494039247595,0.8305297464875824,0.5639023822192812,0.8403851716767214
worldcover_00541,worldcover_00541,5,-0.1869679910739235,0.6542459876615225,0.644854716392179,-0.00412671502933603,-20.831976258208133,2.8737418822088086,-16.393326870038262,4.570572480835306,-0.5009600886458798,0.39505306959321995,0.4109408357698037,-0.09887170567480244,-3.794512245147113,0.5117420711986881,-2.208122610163975,0.6966129115613633,0.21339774609150844,-0.21346854676066115,-0.23203793747826276,0.03593301529254255,1.1551851532599073,-0.07135344145057054,0.6616321682810278,-0.11034546707623379,-0.020640205037629974,0.022057409257736183,0.024243348184032256,-0.003148799739787442,-0.09561031461385543,0.0010260326271783594,-0.05271992120420742,0.0029204278488325266,0.6034957681181837,0.9598336499968059,0.9710719668235499,0.5581941071890608,0.6056120439281183,0.1605206197814697,0.6257818623662028,0.18654072740827343
worldcover_00542,worldcover_00542,5,0.08504645842580047,-0.043161597639096494,-0.08654536058505373,0.09696137476148022,-23.205304566302352,11.296147795176775,-11.531038297295686,10.54336137000183,-0.003675812536819991,0.00871703660647784,0.0043246710879934975,0.006753021052905527,1.6034729502434903,-4.126101990629136,-1.6177065755750268,-2.33337199909918,0.005245154842253134,-0.001338241204571028,-0.00041117953757444385,0.002618291161277065,-0.1657483365926772,0.9613591773356762,0.5623000292280488,0.563546158261253,-0.0007160150825462211,0.0001441068157102123,3.90352474318606e-05,-0.0005004218581951014,0.000887326691897351,-0.06544808976149699,-0.04727495470237863,-0.03884721567466526,0.715089338496774,0.7263063572979804,0.22247107820297274,0.6701859922578619,0.7965129393530292,0.8443326796965497,0.7118003751368411,0.7932585725991987
worldcover_00543,worldcover_00543,5,0.6067791416235566,0.7449547659718663,0.7507920919945763,-0.026684764518656638,-18.351869411436752,8.689224655783796,-8.54583948762464,9.507628130316425,-0.6707092697323709,0.4250950571740873,0.4033173751085973,-0.02602024564135159,-4.813151923709213,-4.527704539342797,-8.29118300584039,-3.4260676668917265,0.19351963859292876,-0.287601776977444,-0.2751722650529883,0.011365596248336857,1.7913339663359817,1.8957033826060614,3.0871819126720683,1.3545553281649323,-0.01643613657971148,0.03249110838379519,0.031144985872687683,-0.0011126316091365574,-0.1633499682527916,-0.18798075801684472,-0.2842668793038626,-0.12956577528638413,0.9668322381391232,0.917080605797594,0.9214849261785909,0.8204804316348024,0.6062369815408785,0.5612827923765447,0.46145383506728155,0.4948717510616274
worldcover_00544,worldcover_00544,5,-0.1103400547058324,0.6147853667198734,0.6236052427328007,-0.004257681638454446,-11.478888994459547,5.428445698916929,-3.2598612826311295,7.414680835341117,-0.061705822307554226,0.4792680577596709,0.4806437694600623,-0.09994551328025583,-2.9061521225564406,3.3056211869494248,-3.8794941812780785,1.6911456333414665,0.045936265079031896,-0.27144233626817404,-0.28981051032806326,0.0527678848369231,1.0254691325002,-1.3102696939471044,1.436678917033035,-0.7002932366300058,-0.005249977193440997,0.028911596530991936,0.031506575869791414,-0.005590738653384064,-0.0922128037832825,0.1293970335686254,-0.12888825452911384,0.07065480733302276,0.9570309155135526,0.9541737688181041,0.9633707263463254,0.8501439493510465,0.26262846267625906,0.23938880981780253,0.1926281744666033,0.19881971835430678
worldcover_00545,worldcover_00545,5,-0.23055699203253832,0.7245042604027379,0.741457156159661,-0.01794437335973445,-1.4375849976261412,9.56939663639893,11.457573733613883,10.702385634741962,-0.0026179006752868298,0.14872548398044297,0.1433820756418357,-0.025386911040792732,-7.23423773809306,14.242979071246628,-7.665884073523811,2.0194872796771057,0.01744841768111923,-0.08424006015449366,-0.08320554590973488,0.008706939137577006,1.4785253062416195,0.21293170544954687,2.385879913320248,0.21761855575006128,-0.001782956453233953,0.008109705842504592,0.008240931864940753,-0.000657323698484985,-0.07038189809243198,-0.31452956871837595,-0.20152876318035368,-0.07559658864708484,0.9320450203693513,0.9752395230580098,0.955315024464445,0.6675059459586763,0.812458926742018,0.7165568815507659,0.9095320642289391,0.811128887839653
worldcover_00546,worldcover_00546,5,0.11668443042121719,0.00661116111741373,-0.04274636952940263,0.13059285012158486,-20.2221331700673,19.75096862342299,-7.786129457833808,12.867343290500683,0.019281686413801288,-0.016934578192405503,-0.01656633214877234,0.02129569824134532,-1.185269936299833,1.0362916633938444,-0.46886128488948525,0.5209985666973453,-0.012256372559234332,-0.002644831042543258,-0.0009262599292900792,-0.014384828556280612,0.04025789338813816,1.2736286002090205,0.14646942213323835,0.10985937477552112,0.0012785237992036503,0.0005980444756910368,0.00034039310471277174,0.0015322638092317962,0.004042729927946689,-0.027427412608370175,-0.009775252227594953,-0.008312461599117858,0.8384318420434718,0.854711134755103,0.8665255308624442,0.8253113854646199,0.6518130037626917,0.9346429604114459,0.07162322874954574,0.9409602489868039
worldcover_00547,worldcover_00547,5,0.0012066091360379066,0.6826546270061615,0.6649963788010853,0.00017476186269159798,-14.801059618013143,9.259213593557954,-5.686848059896916,9.60646367222565,-0.034230848820268604,-0.33241816308526717,-0.35384764137958685,0.004874919674226211,-1.2191709815090037,-2.3723579019969003,-1.7501698188438517,-1.2962221912911827,0.016116040037268145,0.034477313166056726,0.03679217519117626,0.0007678026885794143,0.42417534208818874,0.8718087684258541,0.7575722363597672,0.4757490951875168,-0.001544217241323616,-0.00012569185910801486,-0.00015388624836698464,-8.493623780933359e-05,-0.03793062746643241,-0.07285449426405703,-0.07273626197337342,-0.04002014082481847,0.28294130458282074,0.7583621052147034,0.7544333979365803,0.597935007420646,0.18134184942419773,0.5026112124638191,0.8790499112721165,0.5917253988476954
worldcover_00548,worldcover_00548,5,-0.5537363373642064,0.7850644538235492,0.7956683807300815,-0.02738546503877133,-11.159172465397337,6.097953500540949,-3.1974053721427547,7.476827127174093,0.3743772755823827,0.15729431115415915,0.17215772398880377,-0.02336510641145532,-3.8793789030003136,2.040050972010191,-2.0881193515853163,1.1758553217766974,-0.06338513086113476,-0.18724427363448212,-0.20661171273332357,0.029846383288938055,1.6521055501355744,-0.7340120383665896,0.9146658717471076,-0.38619633770619477,0.002852295509078929,0.023275025050165224,0.02572028604194972,-0.003758551581113625,-0.15371658975982858,0.0643363596250984,-0.08417987448834013,0.032793856339534556,0.9912069720637416,0.8676384018195258,0.884780908039052,0.9150103078244688,0.47304996350283623,0.10923547615634743,0.6590082207938854,0.07350813473330309
worldcover_00549,worldcover_00549,5,0.0904266930236841,0.01251183365556326,-0.03579888972594883,0.11625299106041596,-18.555503369840018,6.575110277686831,-10.26599428581849,8.138438367746497,0.007064026353776367,-0.015404135271507727,-0.014698249701824461,0.012844398765573388,2.294522782173495,-1.114943640124869,1.3768311326495912,-0.9110290078697955,-0.006402666693444622,0.0012043938998262012,0.0026925956040169327,-0.01030351780354977,-0.47661691730312894,0.358007526322584,-0.24607546163180172,0.3108577441078534,0.0007078474789275307,3.370096921130514e-05,-0.00021433568738325753,0.001163954122198954,0.023413961582953953,-0.024008343566852018,0.013639729392389029,-0.02327070184373712,0.9087417033438695,0.6793170621441839,0.8924750539921138,0.8650574914505452,0.8530775018297194,0.5962638464271182,0.7171315688413259,0.584870908903832
worldcover_00550,worldcover_00550,5,-0.20051304913627496,0.7128662363146315,0.7080553426887068,-0.016171424395659106,-8.346933556656797,3.9081213046673735,-2.5636201723414644,5.916589625636988,0.15529420627800922,0.3162153332479394,0.33024571232852196,-0.06335304884446948,-2.19534677267782,0.48418628875358116,-1.688902748076172,0.5019080116607463,-0.049623547965739714,-0.2570249199770483,-0.2728531826206868,0.04905768999329948,0.5657467136058981,-0.13109818978214105,0.4458803746240667,-0.13136031048938265,0.006399764096631702,0.030556886899049812,0.03257496621121057,-0.0058432336887250585,-0.03831813888846668,0.006479490339494579,-0.03342180939027345,0.005628911862186186,0.8237118279204321,0.9045279121748085,0.9037476300463101,0.9120899385708002,0.6869758336290661,0.8101833268470504,0.406814702696515,0.844050428011363
worldcover_00551,worldcover_00551,5,0.04376520709934132,-0.14086559177799615,-0.17368852098782817,0.09744242770653769,-12.52816165939526,5.100344805073346,-4.80656606186687,6.990114030211646,0.01098309894422697,0.06851726397871905,0.07086124821078156,-0.014753804882130742,-0.5255695001666155,-0.07031097691211351,-0.9264376959442127,-0.0842205222926199,-0.0026107170085864564,-0.022484327956743617,-0.02181085341033464,0.002731788383385516,0.06502600714454831,-0.18588073757643947,-0.1565701464822501,-0.1630660037151053,0.00014508230606483414,0.0021962300789626983,0.001885427782932901,-5.230298171736197e-06,0.0007204862204010766,0.02879892021323652,0.04224458225202269,0.025330430428216394,0.34786198735295604,0.1573044260652403,0.06939226947410682,0.2910679641851849,0.2869539823620706,0.3991872084022463,0.5721545402984088,0.32088110876417797
worldcover_00552,worldcover_00552,5,0.08289947447079965,0.0008588574022394259,-0.058764623195835974,0.10256889349583447,-20.898126632426603,16.096728087089193,-9.693722717029148,11.187617007046132,0.0646327328782831,0.028303965817146327,0.006165250071457348,0.07364156339613201,0.2537646352234846,-3.3703277995511933,-0.8875464868062065,-0.8585363659811629,-0.016786507625796927,-0.009729107403401964,-0.005050330273645748,-0.019391236447797684,0.21168032870321307,0.6214124757719512,0.5037364501008524,0.17175922293176737,0.001127601958559792,0.0008513071854137825,0.0005878029447613313,0.0013646204212699263,-0.03067792694482269,-0.03240553171166642,-0.05118419869439653,-0.008769792586911004,0.848689007629807,0.11570617098464653,0.39045092780501955,0.7740740250167013,0.3813521677887205,0.19647874943009158,0.2826511177083951,0.05583413857261832
worldcover_00553,worldcover_00553,5,-0.31682077968299177,0.6601756408697742,0.6747830924436911,-0.023203802605470426,-9.077224612106782,9.13335611724035,-1.3021945639341481,9.628483555500623,-0.09323372996068544,0.24551941059706978,0.2174640482084603,-0.06109719339107669,2.922865477713846,-1.3203478264646566,4.91528730853134,-0.6532277331995706,0.08581248500854452,-0.1944015530982248,-0.1973520414823123,0.04175535780155935,-0.7453565710097286,0.5101988203109307,-1.1462731158226191,0.22477620458554742,-0.009789518829838235,0.02249959878849258,0.023412330875718822,-0.004730085428390234,0.056743387794764476,-0.05567583300514572,0.07186473042855164,-0.02443061447140954,0.8754199508713882,0.9144436586123579,0.9164344070618897,0.9755163469189533,0.16314755265245184,0.21487807952355042,0.5117615247899162,0.22805906235741935
worldcover_00554,worldcover_00554,5,0.13390273446733347,0.6431969106197399,0.6541067555998338,-0.01323685512849814,-12.795328830809652,5.8816904469681885,-5.1927052635715025,7.570399097091591,-1.194062141383186,0.6214292057095036,0.6275601520661288,-0.07742478571359092,-6.070756408687724,6.512003056918687,-2.549635454087593,3.7114163726426397,0.416521017076618,-0.31098924293404473,-0.31910143412036746,0.027136765160392155,2.420841053605312,-2.536839153763977,1.0934409506530167,-1.5016255855767413,-0.03638152508678078,0.03186963705552945,0.03287758919024703,-0.0023093934434306076,-0.22845888577433604,0.23581050091501238,-0.10548559696217615,0.1432898484148831,0.7683567747895579,0.8763379352945946,0.8735599812545853,0.6872479688529476,0.42231324327331776,0.5438256628456775,0.1138532753746494,0.5611092725629385
worldcover_00555,worldcover_00555,5,0.09576433303439491,0.006594901481135412,-0.04978841283556179,0.15331598574464975,-13.709529953754533,8.461939872790875,-4.653880194472587,9.26171645243489,0.07397307763059202,0.07880698868058736,0.06975393241182676,0.0736833616854652,-0.28384305880056465,2.8559640464018705,1.868465472576811,1.3402041812055647,-0.001383481533806302,-0.0028427489609880855,-0.007081344278198688,-0.0021507765823628234,0.41085047069941766,-1.1788602813142466,-0.5415349975224375,-0.5675915683713738,-0.0010233001880270898,-0.0008468655540109283,-0.00018310726084040847,-0.0007640860899530301,-0.05436663359828472,0.11161643828518408,0.039952413711871394,0.054476193160490974,0.9445277056583589,0.9591496291431617,0.9648452686752655,0.9167501476204158,0.2727380018521952,0.510686080614173,0.07471269801061298,0.514787041666542
worldcover_00556,worldcover_00556,5,-0.328676544672168,0.7775256467249358,0.7843515577189852,-0.05091593089993254,-8.189552870645024,3.7945907477126823,-1.9275767215040212,6.226440582622328,0.1699106547243465,-0.15836539687145387,-0.17865561992521412,0.02188561375563349,-3.954171741115173,6.456270202692419,-0.3972149353218421,3.871792567654012,-0.017569266429242062,-0.054640897858113706,-0.060497834254459204,0.0018092290845042297,1.7013465381461745,-2.4956581537733094,0.2624760113590517,-1.5472978566888735,-0.00043424417751011037,0.010425718261324091,0.0117181616487226,-0.0006613635429830254,-0.1672350073170539,0.24278258179001547,-0.023610336660109667,0.15287017406984418,0.8938837143149395,0.8805728299799821,0.8889348453502325,0.7932861395713102,0.8139656370850568,0.5637524359055568,0.26226205798396196,0.5033009767515819
worldcover_00557,worldcover_00557,5,0.04966663887032038,0.4904808144677774,0.45637290555080723,0.01030392491851336,-2.78383443188113,3.1668744135049773,2.6767015901941194,5.495402621101836,-0.0832193523842861,0.16518134233497359,0.12672130312282698,-0.023614995685102932,-3.1105828116345755,6.8415678205897965,0.5437559567237215,4.09561689241219,0.024957620888878353,-0.08376591884857629,-0.07607761417309943,0.008738968524317357,0.6724956188280193,-1.557592639546954,0.007526556067508265,-0.9153116607571831,-0.002020564005458205,0.007971828859863847,0.0073827521974277254,-0.0008070226951274135,-0.034755728760507594,0.09021043369390017,-0.007928875194835379,0.05339152392992934,0.8740556932728759,0.8831320275348237,0.8710283259814098,0.6887895333103942,0.6421783162918056,0.9034899160564731,0.4604502765617826,0.9625730423067435
worldcover_00558,worldcover_00558,5,0.05820652303815194,-0.03701556736434061,-0.09427600859128168,0.08897478810765516,-14.54212015357983,28.44897912668479,0.3962146374885223,14.559913488560937,0.05160536682759409,-0.020336123678596604,-0.006020716652052352,0.0003080597768227911,-1.149594808449888,6.954820767922934,-0.13678903908084736,0.5959805971108229,0.000978793906058521,0.017805015305420002,0.015475860174475213,0.008282206718733282,0.3451905443740111,-1.5369957957477325,0.07863279904764178,-0.0836058440102284,-0.0009496458641747473,-0.0017805465007896973,-0.0018855061833605653,-0.0008183147645357874,-0.0276865898927974,0.07824551490988468,-0.011851838754635281,-0.000933560898487079,0.855724568882797,0.8884814253959108,0.8468131687511701,0.8712268976125719,0.2142945653691184,0.12965060494970448,0.3644777601950203,0.14934151494115133
worldcover_00559,worldcover_00559,5,0.38256027862345854,0.67647117737568,0.6698563017346216,-0.02324268246549334,-14.214342862277995,3.0752001703913177,-8.785993902549732,4.872889322621525,-0.502987662817163,0.42761784209500026,0.46038441549956816,-0.03536233711814012,-5.2917366202118385,-0.5175068143521014,-6.9475394144431055,-0.5969106949459424,0.12575269263761438,-0.24222816977230588,-0.2614061071364068,0.01885262598158601,1.4352966954695054,0.40625032304049524,2.2782492014547517,0.44503249344118156,-0.007819811431040546,0.025933155667676445,0.028021522990493743,-0.0020697385988743813,-0.10136301168074326,-0.04487124038477572,-0.19057289249801654,-0.04814370796731178,0.7500963277330617,0.9424244719283809,0.9487097102020281,0.8998100868403518,0.5118471162380085,0.7133526291578218,0.5197151607695188,0.7251511980645391
worldcover_00560,worldcover_00560,5,-0.1558038860974933,0.5444839685929571,0.5510164655067721,-0.033417505917675804,-5.19665852254393,17.46646121239221,6.591002823332347,12.181680255534047,-0.1910050404349876,0.6567764753800975,0.6416358796377001,-0.04600418332431966,-4.257977867333554,5.068547792485822,-1.6350034935518547,2.5468040233083804,0.09038366049905042,-0.3313485232718057,-0.3384432725576088,0.02668142057471453,1.761201455016729,-3.338650971410038,0.23410267975044388,-1.5631366151398667,-0.008973987338881082,0.034115759693462394,0.035392096172077454,-0.0030152619336590567,-0.16831042326072912,0.35891626891798656,-0.008004919474015855,0.16774197810057775,0.8316873028777397,0.8982107040516791,0.8994913368234687,0.8674710807286589,0.7827415337802595,0.940358395056113,0.9128679568765867,0.9338115449521331
worldcover_00561,worldcover_00561,5,-0.06324416007643179,0.37298557568680213,0.2944039061214004,-0.004853643984957498,-16.739566250399047,7.087962890599297,-8.444888797412501,8.639923584670612,-0.05576518462001987,0.12474987165085724,0.18155148501197355,-0.049787273076140816,-3.076920265428128,0.8438571865639851,-1.8697692424625525,0.02424582005603949,0.03655040601480535,-0.12146602550448897,-0.14356764130197536,0.02754785631807489,0.9899706157442704,0.11003256341585585,0.7832553962731312,0.1689966263136382,-0.003811302721166273,0.014946685436021788,0.016946209876826303,-0.0028095864761394926,-0.08498232488854253,-0.028290279977292034,-0.07671104954813869,-0.02272754843574432,0.7471770859185146,0.8644257994356949,0.8608497269419708,0.7453723958671377,0.2287336178432151,0.2847759695183556,0.2743295672570387,0.32563172773849713
worldcover_00562,worldcover_00562,5,0.03438052692834043,0.2501622166653929,0.1798964371961181,0.05143038702733578,-14.763094928259084,8.452454963816509,-5.856767547295045,8.877844247485813,-0.007364799655699558,0.10901095171178107,0.1172853168469687,-0.029599248564668973,0.4113652691533782,-2.725037411089805,-1.4094428585009235,-1.5503879020722915,0.007491406534707678,-0.07962809598730529,-0.08595419002221132,0.013667826722194604,-0.013526290077476901,0.6520957822878922,0.4563973893130906,0.3743017312850781,-0.0009026753984584876,0.008822713200134617,0.009443671381420868,-0.0013664565190221324,-0.0025985791343006407,-0.051151923063327255,-0.04156757733807942,-0.030661417605961427,0.612489980226699,0.5468267674520961,0.5514599850565189,0.5192385640668726,0.6046627479260984,0.6877152623454473,0.39851926344612854,0.5605713917422785
worldcover_00563,worldcover_00563,5,0.05414225702641332,0.039133775958113855,-0.0005542665162605569,0.10016995600678695,-12.471804963397535,24.59441337703027,0.9557914533512234,13.42554920475063,-0.002506101844813473,-0.05768516181971826,-0.0438857070458608,-0.015427781712441087,2.775664355194627,-12.434166322231345,-0.03182635973970754,-2.743644560980783,0.0023046811763518366,0.019596807084533076,0.013668479810638148,0.005797314090710656,-0.519099994257735,2.949123504705961,0.14569576880853405,0.6177054961686759,-0.0002764102827865864,-0.0016523245401619286,-0.001096632127000976,-0.0004929758495453598,0.02480095767223932,-0.19527914238833502,-0.01846060171063295,-0.03784730871141363,0.24175957325369857,0.8871830937064661,0.8115128546399852,0.2972339212616061,0.7901654373508378,0.6679480440127078,0.3450128105171659,0.5279884595357061
worldcover_00564,worldcover_00564,5,0.03599292793296483,-0.02377005008571409,-0.07787499729205262,0.043179155073382595,-12.755542796438183,2.4357581363485297,-8.688258369838444,3.8754059202758104,0.024229667760015863,0.039539661468075915,0.02870502056820049,0.010696049129206141,-0.08137770608922057,-0.43802203639790904,-1.3814784868308858,-0.8580171712003053,-0.004416174062080901,-0.005492676880457692,-0.0021809553223544956,-4.25327803085224e-05,0.010124779292220946,0.16505602443832837,0.47569528104945913,0.3184036293387158,0.00024979852668118377,5.72487671998894e-05,-0.0002496060350853412,-0.0001286423360609014,-0.0008701811822314895,-0.014979529127637599,-0.040991386673228894,-0.02861960580425869,0.43736085579760386,0.8552671327207875,0.8559246105339403,0.3519627670957094,0.07415079960788562,0.5084641159250307,0.7239862085574574,0.5010344220694254
worldcover_00565,worldcover_00565,5,-0.2658328713265444,0.8053367363684111,0.8120127180591235,-0.03252408726874629,-3.524486019642367,5.750465731291995,3.345537297292653,7.577123789656515,0.06245339603489128,0.024276850952041306,0.028087338277447724,0.003045375482918421,-1.024296323330216,0.5822543128296657,1.887759811412086,0.5761466312704079,0.018950393061890624,-0.12121103903141608,-0.13275238170865014,0.00297756900066444,0.5491000951948263,0.1155427139343551,-0.23294255758612273,-0.027188975445534436,-0.0039443217573125865,0.016820201273969923,0.01841147973512609,-0.00047754176781804336,-0.057154155001252566,-0.035972871021103275,-0.007027105356450654,-0.014094320473714008,0.8694627079523188,0.9430329721115086,0.9489278211656657,0.6528300320237485,0.04068325651202087,0.42887114207507215,0.09732480033571123,0.46444554543750394
worldcover_00566,worldcover_00566,5,0.08233301184478505,-0.03980954476829723,-0.0767296383326704,0.14625472078720733,-25.25759367982724,10.469516858539908,-14.980121838397226,10.241865041778107,0.03213716578131356,0.011988412381874128,-0.024087051727941983,0.03266553264406927,3.970406322807948,-5.5975236053089015,-0.2699238761364836,-3.4898984113197957,-0.013992247031514748,-0.00833202139938096,0.0037963128612412845,-0.018106297368095024,-1.0483215605575924,1.4260589790804492,0.11550721892064872,0.8795987480991811,0.001304657660180163,0.0007852486315926518,-0.00030756335366855826,0.0018595815118816169,0.080555349486346,-0.10226919930411396,-0.005877436627028427,-0.061321467909141746,0.706087644579454,0.9229942680707144,0.9360773431041548,0.7676137227497868,0.8328712345455404,0.9405395545216126,0.69018947923074,0.9434227557398737
worldcover_00567,worldcover_00567,5,-0.14072887140683818,0.6425410174962257,0.641645619363497,-0.036030548314253494,-25.462668367945877,1.736394589064165,-23.007556876188648,2.485650004269417,-0.015543964843530166,0.2625260382654162,0.250849274415817,0.0015124598118875904,-2.002430188774633,0.6830412528322871,-0.33689252532013547,1.2607885825440897,0.022096720920871876,-0.14905773003250986,-0.1509649152363531,0.0008169055162441111,0.5168382860964857,-0.15147025563239913,0.0949957688296115,-0.2769353955791876,-0.002682543158547314,0.016112932954171683,0.016633281954611178,-0.00016785397504766745,-0.03851918868705248,0.01019103523600764,-0.007547635215583373,0.01830885684388621,0.6858182897259744,0.9985089160762685,0.9960280511753528,0.2876235746339999,0.6648142880012076,0.7073532872046637,0.2832421188781985,0.7397707234971901
worldcover_00568,worldcover_00568,5,-0.09575381045663135,0.7815483115387679,0.8013653466195761,-0.030547273768619983,-12.298625700756629,4.25807288314679,-5.983190336634928,5.935216263706626,0.04458667070988777,-0.35359849006174016,-0.4055886570482492,0.03632188402116291,1.1647567527087797,0.5731212642460052,1.4541002304555406,1.1172524322192892,0.002518827384938592,0.03123760671713623,0.04011248479480326,-0.0011590603714832703,-0.11733597513122902,0.3426492268635247,0.07104168042378671,-0.013004626518605053,-0.0008906321668252925,0.00022305634738221616,-0.00023996380317690432,-0.00026004566726359776,0.0019907498612811623,-0.05958904690253894,-0.02918713255533849,-0.01829133112992147,0.6719534575646329,0.8227944550138797,0.8326100760375268,0.7812292148784568,0.21831089603029563,0.4619193241836682,0.6327852945068649,0.4984560460392017
worldcover_00569,worldcover_00569,5,-0.14538338750326535,0.659459543950633,0.6635059277724619,-0.011722492039994105,-15.08116270098033,3.7848023912042983,-8.639438314504142,5.801147262921015,-0.21958284852383517,0.5540903797225315,0.5767808136352791,-0.07026252581087451,-6.181266960153155,1.5806223077382449,-6.129840785573919,1.4935231297269234,0.10312257313835269,-0.30453185767773877,-0.3268628956153336,0.03015932666129743,2.1668650052481193,-0.2883751316969966,2.364292930811357,-0.3276758878680744,-0.010255374015654923,0.03224620061239807,0.034938582289738146,-0.002901802716701465,-0.18608121741564193,0.020008770249099472,-0.20939300707334327,0.025055362151244858,0.8811109279414182,0.9456189448929969,0.9509056897078413,0.8032303667378682,0.6525098123678357,0.4050149761580296,0.5460458698734594,0.4668502523323014
worldcover_00570,worldcover_00570,5,-0.35380983499188107,0.6747613278302307,0.6887600756052803,-0.015855109911751007,-13.74808607247575,1.835752200804711,-10.208263470914043,3.6632543933487383,-0.010957544946823479,0.4909606807761693,0.4650944644614791,-0.10381578449307641,-4.8824065501395735,5.679926931161654,-0.6473313534183147,4.491972365852406,0.05001131750503302,-0.29513062319004624,-0.2876888023310403,0.049398721179630484,1.157456001380231,-1.4990746427778403,0.1684312747533067,-1.12043839294029,-0.006419584061935947,0.031807408602249704,0.031225212106499974,-0.00496942270076786,-0.06878582890822178,0.10369397164000331,-0.007416278984065852,0.07418300837319436,0.7609853752892335,0.951276179370061,0.9506304385936407,0.881454417226208,0.5376689392047367,0.652574058654211,0.21190389793776765,0.7411238418533446
worldcover_00571,worldcover_00571,5,-0.082890328750955,0.7117189591129623,0.7003733312541794,-0.016494045817208598,-7.177216697145663,3.3657608307547675,-1.785484861557886,5.383016302010885,-0.017099411740042057,-0.02834560464890292,-0.016217323640983033,-0.004809390002351557,-3.335843358947304,3.967357890207428,-0.6664285184817315,2.4380056481793626,0.016818013202250213,-0.08197529520839443,-0.09051172773140063,0.0036507993713535206,1.0181367358263447,-0.9701704922514462,0.4158521241729253,-0.514802430553042,-0.0018868496261900626,0.010716660879552363,0.011691013689745556,-0.00040435323855049385,-0.07684625245102036,0.05877050563381293,-0.044545352870616756,0.024588731919477736,0.4870888135182585,0.8579460936670891,0.8775603914233748,0.37972556225645704,0.6079313435242157,0.639246337259463,0.5380820156231814,0.6888819416515712
worldcover_00572,worldcover_00572,5,0.10063492160807863,0.5304949956409869,0.5261541050717696,-0.01599448416946545,-15.172174908224488,5.37167942579566,-7.9390331260551505,7.175439568517763,-0.00033469473362810246,0.33555506036749694,0.33619833260123966,-0.05189453200658832,-0.32168843397991453,1.5307239425366566,0.5321590180028208,1.2573145214800163,-0.010645805514415132,-0.16270152847101116,-0.17099957335820917,0.03351168102862957,0.08409971596834105,-0.307160587837424,0.01671894667853945,-0.30337678074399577,0.0018046239371749431,0.01664916533186577,0.017948371847395315,-0.0038715668135520117,-0.00837311917283976,0.017903079556238436,-0.014338212725183186,0.02117360437813895,0.26255876114009913,0.7010796420123699,0.733814629302847,0.8705747870952281,0.18142232361233201,0.1540642121918595,0.7435624330844359,0.20819553252188594
worldcover_00574,worldcover_00574,5,-0.10053225911369927,0.7158639806915422,0.7022280828519308,-0.008663745879224043,-4.107149951818808,6.737076472655676,4.3563375294662405,8.73318267760056,-0.13380250376776778,0.40592229608741753,0.43111336704284137,-0.069493237040227,-5.166738633140555,13.7833571174859,-1.4711967702272484,4.066557420522102,0.07183934869706167,-0.25862751712062987,-0.27938847130898214,0.037298353483650404,1.9663762024623295,-5.320804910712289,0.4941769033362329,-1.7558385838283066,-0.00751461018086764,0.02850513672926507,0.030966983675354623,-0.003943303698730285,-0.1801239890982935,0.4880342837342781,-0.03991513641823861,0.170955298098718,0.9243376402015611,0.9556756341489349,0.9640538558067258,0.9231742699027241,0.5657770940644925,0.4099531313876932,0.435941998864824,0.4682535625376738
worldcover_00575,worldcover_00575,5,-0.08144499858423535,0.679436456750741,0.6749008932348467,-0.018715881093433678,-21.244973489579536,3.0491864963763087,-15.95938206655381,5.474968883358822,-0.231082633381626,0.2809738020102159,0.2892194182745026,-0.055758798376671484,-4.363186428642935,2.504985831632343,-3.157326133400139,1.598499768653493,0.11255893935589269,-0.23165726689903973,-0.24373432521373628,0.03773523659296166,1.410015659011417,0.015052979357346823,1.538423377841927,0.00759371577810246,-0.011595388496555415,0.027357862697857768,0.028920422223481238,-0.004272833151385335,-0.11645023755329337,-0.0507203634907245,-0.15722194403590573,-0.031027938598523815,0.7869705741636001,0.8482134172139105,0.8549407162933291,0.8625036118998434,0.7275835159335722,0.745129377859967,0.7357363849460513,0.828737837280612
worldcover_00576,worldcover_00576,5,-0.07813682346989516,0.631385021589021,0.6425767382889102,-0.013212528615964277,-13.665369402406425,2.2524291555547373,-10.527767556468117,3.251145601612463,-1.0408960350526089,0.5295089641733753,0.554845685582783,-0.056979786630512716,-7.051581973264483,-0.7536826188445247,-7.63351082646303,-1.3197567912498527,0.39618826688945064,-0.24479692751840032,-0.26212644995516726,0.022017134260789353,1.9464379209846672,0.4692416326464918,2.481145366135983,0.8059018675598248,-0.036475552917417185,0.024496055838435567,0.026452407297311385,-0.0020214969202913694,-0.14168525779582875,-0.050276706016400226,-0.2026000834540623,-0.08586460583555569,0.7005383754802909,0.8140386934981533,0.8458692847291664,0.680954805270573,0.5135079062571672,0.5951355582170508,0.7863221031268703,0.5974284239241927
worldcover_00577,worldcover_00577,5,0.09170894129238735,-0.06387759564500863,-0.09147346347118873,0.12466692676146822,-25.105609475160932,4.753730584360498,-18.353192718685612,6.717082635891628,0.006421676621301851,0.005506286397576311,-0.007972174811930827,-0.0007938958172287038,0.05759624177415232,-0.5574476362342454,0.8156912216368054,-0.2908781061251628,-0.0034160021428423803,-0.0011923054708933855,0.0034164343819473625,-0.004071770856777837,-0.09011535098503516,0.43619206607090577,-0.2467581375635692,0.2743151820587008,0.00037529629893643215,0.00010043619708581319,-0.0003328773785721167,0.0006093836079041173,0.010329495472576057,-0.04411633432462078,0.02065816487645887,-0.02820057371343095,0.4004106154738797,0.16777738259821484,0.12282035044961859,0.8230901872296538,0.13282089820138165,0.5644033512316438,0.1168671330284976,0.6083138700307653
worldcover_00578,worldcover_00578,5,0.0964218774303387,-0.2878237093488371,-0.2283384443232504,0.15993755288196337,-14.712063428582285,8.885516952657431,-5.41293951706166,9.401778989742422,0.031871150741594266,0.1918637862369886,0.08432069068981525,0.01922775745864891,-1.6020596676198084,21.503037737947494,4.749004131146536,5.4552012777742345,-0.005462670301927897,-0.048193344225486025,-0.019478004232242475,-0.003938370920491924,0.33618529400758224,-6.052202452546928,-1.5156736081234798,-1.5318221176651725,0.00011850398847223782,0.003760560208724598,0.0014877111810927416,0.00011430676988880902,-0.015316881315693587,0.4445396486334345,0.1249957268679673,0.11242079188029146,0.5014697543643385,0.8339913949613019,0.6740967306512615,0.5185540525556339,0.7615125990188047,0.5925828970560008,0.7358578042098727,0.7553102823699982
worldcover_00579,worldcover_00579,5,-0.1305464496894199,0.6088449675025386,0.6028126149692346,-0.017074390173410052,-2.958886591447438,1.8442279606770275,4.486424025340529,7.37868517688093,-0.4057851728149914,0.4736157695925396,0.5369333596308768,-0.038643335768331934,-9.403105569935656,37.14144092394583,-2.2300058933521134,7.195306033315969,0.15559966346582454,-0.21696437129275045,-0.2534131290979712,0.015020251903053975,2.8568993699743266,-11.134290306194686,0.871618584011491,-1.9663858218256254,-0.014059648609127605,0.021322577251027285,0.025240362527770805,-0.0013571336837203197,-0.2298128067731322,0.8678750797770189,-0.08158227728501707,0.14455791348702635,0.6731084985188049,0.834374032232738,0.8689816049018729,0.7580601601837398,0.5826549224894408,0.5926904525757073,0.23139678899256988,0.6659309119433242
worldcover_00580,worldcover_00580,5,-0.07059237770217695,0.727490375912044,0.7308771861999335,-0.01696041883780821,-1.9952015030046324,4.791714642690196,4.726313799152718,6.613024641970366,-0.020001388711807757,0.03882747876184271,0.02550895126270251,-0.006089554393954087,-1.091526648896864,-1.2500346481944486,-2.477879300695133,-0.879234247597615,0.015062424572430183,-0.1296172071776443,-0.13432013781668664,0.002870163401524286,0.38671955894656623,0.633501794560818,1.0080569249273545,0.463855421692564,-0.001596647931882602,0.017630738466084372,0.01853421460272686,-0.0002503909387877397,-0.03690711727753575,-0.061469743924496764,-0.09419109490288881,-0.04498390490109321,0.5025788339902959,0.9287093726463231,0.9265676037292042,0.6081808883418864,0.22397158300265996,0.5362067558853729,0.5480228929247485,0.5775015155843963
worldcover_00581,worldcover_00581,5,-0.10155347658387105,0.6327185554034805,0.6368280443729789,-0.02181172836571955,-5.163387229061919,6.534211397511488,1.7533884576815748,8.470949233482987,-0.33537529222315543,0.38706549588176753,0.4139002299024923,-0.049839919078207985,-1.8251481255469753,7.188776316452795,0.9179864183603786,2.6102010589710196,0.13288653266583436,-0.18908851261520762,-0.20825470235698618,0.019483205585163945,0.3704722742650676,-1.6427173676904354,0.11026974219173,-0.5906594484291932,-0.01237786935176424,0.019297628315410206,0.021518688536051524,-0.0018146422225981933,-0.01477716995527788,0.09429052615590493,-0.02827311125729734,0.03415591832955483,0.8237261655251463,0.9074221193944418,0.9130487701353776,0.8382376445690485,0.1721680606421292,0.5495909424596868,0.30878304041555427,0.6675408672343908
worldcover_00582,worldcover_00582,5,-0.06447777622008793,0.6501427586331527,0.6492074703176836,-0.006075850645588858,-17.71082027500813,3.2567224243353565,-12.66502588391569,5.181340603923317,-0.06678372891561109,0.3564728280263263,0.337744320846264,-0.0919518206556811,-2.3011866348806995,0.8635625607615246,-1.269394134464592,0.9159691807939404,0.04177847751334635,-0.24801344487380625,-0.24758895096324698,0.053681061578938635,0.9564536096490869,-0.3603869102446049,0.5093044137290504,-0.39742228700253424,-0.004485515202584806,0.027723179847905108,0.028052150789234356,-0.005811846342332883,-0.09453495870706241,0.03800196906678562,-0.047417017099622434,0.042458640413437956,0.863215438596944,0.9764203919596729,0.9724212196306461,0.9220963125406791,0.8438793145887019,0.4240077493929828,0.30169107582542465,0.42009505043256445
worldcover_00583,worldcover_00583,5,0.08773766317707024,0.017457249038147337,-0.01979032768444567,0.11433724189798035,-16.716000952093673,29.318944654671313,-0.9204581903336,14.585333272838628,0.0074457223289973095,0.03646692186446164,0.02183979232832483,-0.0017036161134167686,-0.23543017416401202,-9.02450521136229,-2.7772550834162013,-1.4358437524227248,-0.004558632600852144,-0.021433697695928514,-0.01463162455328807,-0.004125691861623802,0.023190308623965112,3.688317953805511,0.8231116137309014,0.5986105854597633,0.000509220743442099,0.0027380319867245464,0.0020140813101515763,0.0006238369064198599,-0.005698530538617945,-0.27415092316068673,-0.0631160716187244,-0.04876318126577516,0.6871676494892316,0.8433803126613357,0.8448509747600647,0.9354857448003554,0.5839557581550483,0.891040982481352,0.3429262108827089,0.8750889674094342
worldcover_00584,worldcover_00584,5,-0.5347862233961883,0.8045308577517685,0.8077939640391978,-0.025223196738145912,-12.804344493341276,5.936328338619882,-4.949785160819881,7.697100978523405,0.19528939538192075,0.21986817368971256,0.24375858287962457,-0.05213261156209854,-4.9361802057640825,4.271435935171275,-4.222439594684508,2.350584649430233,-0.008075269899600071,-0.19826627593664847,-0.22211195938127873,0.02758311860674577,1.8151154388508304,-1.5298748630587296,1.5278286765260436,-0.8460772330472903,-0.0015030483536761193,0.023518251565595436,0.026401987562727443,-0.002841997002674772,-0.16682278591612737,0.13708550026205094,-0.13802803179114465,0.07637164717910629,0.9804286311312966,0.9203674808773172,0.9184711906377978,0.9045938003933712,0.7085215617206632,0.4592651946692978,0.4013143863802904,0.4778082709986152
worldcover_00585,worldcover_00585,5,0.03803986177122511,-0.02509713133401935,-0.056365431780277614,0.043661833204555,-18.646228386176123,12.215638126407907,-7.936358176046319,10.71251921544947,0.056227580623518895,0.0890150185718777,0.060711050069787345,0.06156167265264278,0.8570128361308583,-3.7212026099215865,-0.5248422700434094,-1.4946950688242986,-0.01889011955576024,-0.018604734040659675,-0.015079895439618194,-0.019904448521762954,-0.04094468724062591,0.894408868458149,0.25828115539360774,0.36691887973484566,0.0017744035315537872,0.0010543289580241305,0.0010353112287555977,0.0019481943337002197,-0.004183097296933972,-0.0763178404577652,-0.03219550415624741,-0.035610298418902266,0.3542735572300274,0.6337604450726533,0.421045033188995,0.47063638351342163,0.7638463958820254,0.9277896873253937,0.7674392955869047,0.94741897620242
worldcover_00586,worldcover_00586,5,0.06975863597393343,-0.07751970359999127,-0.10611068084836008,0.0788351685711831,-26.912297921933643,9.82325211710387,-16.814363045645784,10.046941915069489,0.009182983193150964,-0.00792846816872784,0.002322612448580703,0.014640952150027026,1.2182782880494443,-0.680168824557721,0.19873105358625218,-0.7619711628502304,0.0055530207312806555,0.011354735000179942,0.004362167923578201,0.006234886729485015,0.31576181132848585,-0.7017570310314688,0.1477135208374188,-0.3294088570024618,-0.0009906487914891637,-0.0014093395021527696,-0.0006461204547021137,-0.0011505005937634085,-0.06770525631733178,0.11883798471764996,-0.024918386209885596,0.06443442385688704,0.8867941462361724,0.8911723283534528,0.6812754943948371,0.914823581706409,0.8896492654331736,0.8671921290722088,0.630797680983452,0.8829990500617428
worldcover_00587,worldcover_00587,5,-0.14348928914654857,0.8367175668986006,0.8402144061119265,-0.01670093722923689,-19.07107198188145,8.191403216664987,-10.252102945765664,9.11138329656745,0.0617914680742683,-0.30928772776794194,-0.3281462579403844,-0.00036463994229770985,-0.9673154272144688,-1.4570471231988624,-1.4865316034540328,-0.7246015979032122,-0.006889557932181181,-0.013062213767255334,-0.010321260192048456,0.0009637741304962155,0.5094117173104343,0.4789470774820948,0.5924064634170172,0.19986316159312878,8.773082882376947e-05,0.007379925970900613,0.007286220835992184,-7.49753754012129e-05,-0.05481273229945171,-0.036533742029681196,-0.05410931913336502,-0.012412711664516438,0.7267406255847346,0.8657799747433714,0.8680570300802612,0.27295858284664387,0.28110335494914196,0.2237393812104317,0.36757814585403037,0.2447137778583124
worldcover_00588,worldcover_00588,5,-0.16852970386514274,0.6679616956548252,0.682627897370945,-0.031862222448442785,-7.472372468988863,9.832063834639921,2.447632785768216,9.89869590106208,0.17218626807407963,-0.4204590959208355,-0.4334295509116993,0.04472861216322228,-1.0330968618550918,-3.320531790729295,-2.566001767368333,-2.7581150985355385,-0.04599923379273177,0.012092538113460002,0.01782010124746351,-0.011677380335503093,0.4123155409255529,1.4373425472097596,0.96966019029103,1.1964975639271267,0.0036026812649971383,0.006618686246149458,0.006046237367572199,0.0008576762024078012,-0.03726146478482369,-0.1546963999848266,-0.09756457450466703,-0.12726134268917946,0.9017895340454226,0.9025876732543336,0.9014020482027217,0.6555324838212826,0.15973729096337164,0.5005969779627153,0.8202917529245456,0.7033124447739374
worldcover_00589,worldcover_00589,5,0.06403620386342979,-0.01411210240401131,-0.05293635719201805,0.08551350777799416,-12.19318667418928,7.855379860740129,-3.801866184462398,8.947479685021918,0.0029939897622099183,-0.04491012667431384,-0.04709588972822035,0.021777569419808053,-0.30096846263078647,-1.124116913989548,-0.6880032674086446,-0.5553957388678008,0.017885397523716578,0.03628122257885162,0.029335051430268252,0.017389696897753337,0.31458594159192105,0.6424152172048568,0.6093819764516512,0.3001790184187125,-0.0024561198005714113,-0.0042410709029722035,-0.0032231862129963366,-0.002642022577500099,-0.04105315797060307,-0.059782783584645297,-0.06946230237816196,-0.027323876286873626,0.9148187634721933,0.9229377183186039,0.9592010804625627,0.956319358519673,0.13702882656990334,0.5230758074518941,0.1654577961963366,0.5370444312371132
worldcover_00590,worldcover_00590,5,0.06456979509545252,-0.08120137927207086,-0.09697519016988351,0.07761121812191864,-25.856777721172296,5.215513984725419,-17.22503180560244,7.161787010451666,0.0067281001130070845,-0.0012567276874230983,0.00033483731131710176,0.006548601838331493,2.7264825679467193,-0.47692659036177726,-0.7554085844125357,-0.34320868903799545,0.008380164430855564,0.012438057349325496,0.00676434735053932,0.01127831447563128,-0.5383824053829558,0.05197925360252152,0.5389655392423324,-0.0033258045065058866,-0.0012514414514483711,-0.0015786277374835922,-0.0009191973097246102,-0.0016263089697770388,0.030502856832209924,0.004137581889498504,-0.05894100899286291,0.009082480914013506,0.9701083868860391,0.9802602896502647,0.9716095661863593,0.9750107450300056,0.7027345061159969,0.2777714173174566,0.6727519781651627,0.29885855652171445
worldcover_00591,worldcover_00591,5,0.054010690827173455,-0.08897538437987822,-0.07574055039069871,0.09216624227437108,-22.733472224251372,9.742592394054919,-12.866840254928789,9.909881377016516,0.011407901073899931,-0.002939291180126211,-0.008009112543529899,0.007890435793097075,0.9289686642125874,1.0940057973099722,1.118388093774826,0.21320569084454644,-0.0025496605864224115,0.003190531802577369,0.0027865310122956355,-0.00339899598358773,0.24284006531142704,-0.9701560704961256,-0.0811509553495927,-0.38408760795095215,0.000157246998409105,-0.00036339640542112217,-0.0002444768418567343,0.00036532407381920047,-0.045438679276819244,0.11951035723611106,-0.0025527954009872517,0.05125288806946937,0.5180085393067122,0.4659279144610943,0.10890521692569055,0.35187515607294273,0.9417401319211769,0.540048905167851,0.816470509970671,0.5486858831909007
worldcover_00592,worldcover_00592,5,0.03127980948483909,0.1990593909991504,0.13886384982051203,0.06292654336853484,-12.792228971925786,3.3961566786878565,-7.739381354991257,5.2320522990634775,0.09564874615271853,-0.22627900474305607,-0.2589946127245344,0.1682088107521095,0.7173704902598177,-0.6561674873871971,0.5653996028869176,-0.6306036807354585,-0.0022266891334414294,0.09217760222258434,0.09313584058202827,-0.009556913901588,-0.0941868574255428,0.15500495215742907,-0.16045546779005135,0.049439139865524694,-0.00154270321374325,-0.009374567942524501,-0.00891835531313913,-0.0017450153639521346,0.0026688142887162335,-0.011330034723488312,0.0104025399450753,0.0018747714858248089,0.8613493810926485,0.48978284925745286,0.5026686096994272,0.9533375932805986,0.25097437596159544,0.12051319504531932,0.2759719301632846,0.14682439370704314
worldcover_00593,worldcover_00593,5,0.06116386628704707,-0.11326594108884988,-0.16479537342533915,0.12278320053310109,-21.236306480674095,9.325630466282513,-11.347058170292884,9.573371741308277,0.10631646713915825,0.10138465478898046,0.09071134947358611,0.1160414722112434,1.900772183917956,-2.8035207585634,0.3729207947375835,-1.3440628823646645,-0.000544079477495099,0.011957903311978957,0.004596615351285027,0.003192866648430507,-0.144382196731186,0.44039839333509223,0.00980041473521653,0.09252417778762143,-0.0018900092390417452,-0.00328008750585294,-0.002203744140011498,-0.0024475717559607423,-0.012089878850787892,-0.016747779483177995,-0.008399409029296487,0.007906236149793622,0.925893109787031,0.964157495220647,0.9457517196983937,0.9405365622144962,0.9922544356951511,0.8575500867214341,0.26542095088304163,0.8083376172207342
worldcover_00594,worldcover_00594,5,-0.15245411817738166,0.6164279775976241,0.6208133150004985,-0.027923885239005974,-13.982491986009007,6.510887505588081,-6.665053612056203,8.173329952716443,0.012410688511676088,0.07424650727845046,0.010381193654167594,0.024249850517316252,-2.460582104134424,4.429670702537633,-0.23034991812741532,1.8222169548278366,0.019013500052931523,-0.09985795555519343,-0.08722759643771164,0.0013769802343084094,0.8796083753932163,-0.9702676257796309,0.44443673011969703,-0.29222433605151743,-0.002495910969225103,0.011481161466846699,0.010786488426454143,-0.0005023948439030026,-0.07485088828011752,0.043800911952639035,-0.060425142631849095,0.00021223986716851652,0.6838522137229779,0.9683877636135071,0.9763014237038229,0.5613428097829457,0.8106945873102682,0.8370447800589329,0.40765100672376375,0.8436172674818445
worldcover_00595,worldcover_00595,5,-0.2288200431616116,0.6898493647123858,0.7003847974719452,-0.007919357609794451,-17.663761252920864,3.2859632990381247,-13.060774332454223,5.385663777286245,-0.43843853784378184,0.5226014898055096,0.5241771230976702,-0.11158154788057431,-6.54787516350495,0.42512348495220004,-4.855304443365527,-0.19897237076113633,0.20955752204041111,-0.30757252241432337,-0.31711577124151763,0.05885937153885848,2.175843718665833,0.12350388562064411,1.85327186126363,0.3159526769833016,-0.021322331795936792,0.033431323941307795,0.034750201523002906,-0.006191471589240003,-0.18593062147917266,-0.021736680279879173,-0.1691555629079768,-0.036897008882926186,0.7981600574823702,0.9353326662226562,0.939952418538506,0.9221281096857905,0.7404401344486415,0.31334428036355044,0.3224467222165599,0.3855720691683838
worldcover_00596,worldcover_00596,5,-0.0685589496861453,0.6842600921112506,0.6845306666059944,-0.011319553465441475,-16.59559100361877,5.099175546376824,-9.751333044837393,7.086759029982436,-0.14102388517156472,0.35815304307828577,0.3702433325409389,-0.05311278528386017,-4.994782178430966,3.45742374808473,-3.1575093643092065,2.248481012901628,0.0715701981208356,-0.2482404328673041,-0.2684120862055323,0.0306865351327021,1.7270155041790536,-1.1651731953111228,1.1785253309172057,-0.7517638604525546,-0.007413426824016019,0.028299590478641792,0.030949985900084753,-0.003311024821184648,-0.14987438047724833,0.09702949166532443,-0.10746792889783226,0.06227838683655558,0.8003744372817228,0.9406195921878475,0.9392023579904684,0.8526822123175172,0.43752302332324733,0.7386387716632212,0.4331975224676019,0.7920809971843217
worldcover_00598,worldcover_00598,5,0.11327367126588846,-0.03448283225015718,-0.04097888521342135,0.13181451979008593,-15.519581647779667,5.736153261761296,-7.933221968070002,7.588884141749992,0.10056939696936439,-0.010142152408315288,-0.07548465066412001,0.12653043044228393,0.04059395689409593,1.356640548283312,0.7528757356058371,0.8555591993489771,-0.008612145720167205,0.019315408226263882,0.03289423166528279,-0.011976235453442547,0.15587979245497366,-0.6198799636734498,-0.15883482956285072,-0.40740153677376356,-0.0005866301798448252,-0.00292498833556293,-0.0036492023236033623,-0.0004980654803791458,-0.024081806351649214,0.06553682968565402,0.009386430370481298,0.043982280205193985,0.9202135956414437,0.7374403856003559,0.6198286477484425,0.9935453823244266,0.5375993903352299,0.47065243911256016,0.719060916549261,0.4421266940523172
worldcover_00599,worldcover_00599,5,-0.05390647708739023,0.5309371693116262,0.5218933504639267,-0.009365645168476251,-8.914167767571396,3.8620286676363436,-2.7739375367410437,6.1177783482991925,-0.08805456972654331,0.437658067467428,0.4475115252037824,-0.02869574120868766,-4.745819663371041,5.475829634917279,-1.4444232965790467,3.8431260889644827,0.0337352168650011,-0.22048263625519957,-0.2339309456947687,0.01006301399131374,1.3656687169608945,-1.9795855655679468,0.1901202657580374,-1.409382150678408,-0.002863594062052534,0.0225811774437927,0.024240264781948274,-0.0008035587232719814,-0.10525147391284151,0.18205956026371886,0.0024458072131244707,0.1305577565237297,0.6850790738342118,0.9199221539544474,0.9305431558009047,0.5768435215630329,0.5640823727327869,0.6670497959423527,0.4301422605328621,0.6755742130588958
worldcover_00600,worldcover_00600,6,-0.07342325751391961,0.8577006996581041,0.8198336877606122,-0.06471128256596569,-26.339156011028805,5.785792706350377,-21.69531039688585,7.73230111633525,-0.06879614823791429,-0.29784441443662724,-0.33077544529759634,-0.48654867662116696,-1.478892264841949,2.358402368689085,0.13229034300816114,1.214552620810808,0.03023450921490204,0.06015140614855325,0.06546083770015011,0.17478972344832597,0.29930773043343445,-1.001284891274075,-0.1301200522705482,-0.534315380040505,-0.0028837437659960928,-0.004215849093114474,-0.004261004127035229,-0.016611576376652153,-0.016794006019358584,0.1066801144624717,0.025250572788139507,0.05736702712209347,0.7190004561879806,0.9188347883188754,0.9185310229850365,0.8076661177810149,0.3825847731902329,0.45037425488624516,0.3418370018806959,0.39170872204981544
worldcover_00601,worldcover_00601,6,-0.099159519084249,0.6567353772451048,0.6663945147372575,-0.004684635325137748,-20.951032839059298,2.647260650618613,-16.6036462671505,4.224490736090348,-0.5155963024558359,0.5491646014612197,0.5621348146777867,-0.08511227234044921,-0.15829825642285075,-0.05371139414633681,-2.047112407012548,-0.14793051359730375,0.18911247694268415,-0.2890273548100235,-0.30369970313720823,0.03639501790229822,-0.27926329913612047,0.0977878530653498,0.6451976365681551,0.15031242464277855,-0.01648102886009517,0.030162594283488785,0.03195332033522048,-0.0034997886272542357,0.042260524313325644,-0.0139200959455338,-0.05254064735529788,-0.02003711394358246,0.5282018315947461,0.8814796249888589,0.8847863654956967,0.7620827039059876,0.6543171167720698,0.14615364419057575,0.4730750345233231,0.12318356824426135
worldcover_00602,worldcover_00602,6,0.018267428571490003,0.07206121493469612,0.005742869361050063,0.03399029726896251,-22.450647486944067,8.532155814612763,-11.424297868444127,9.329837707779756,-0.07833916331499619,0.162570749365148,0.18221893169481027,-0.16217490082370087,-3.031031707753759,6.437575288813258,-1.5367808901629694,2.431467072370817,0.03575093713524362,-0.060576526109467885,-0.07228889354117596,0.07223500910283608,1.4817760330316423,-2.3152197965295085,0.6601799737712731,-0.8594420612445797,-0.0036194291469473687,0.005892075654683698,0.007113003667039477,-0.007249210528427296,-0.14829706985940064,0.19143122080707167,-0.0704061484104847,0.06748484825552337,0.8033083591307727,0.251150703078181,0.303883681269705,0.8461039491149012,0.87846975718096,0.7853591734210958,0.4613130119596328,0.879197118038982
worldcover_00603,worldcover_00603,6,0.21949423664684664,0.665727579232418,0.6655092257441899,-0.03666671927115231,-6.1425549140169275,1.3852135789204165,-1.4609593458967123,4.692627790830912,-0.12343582404461348,0.14545548719073076,0.1411252688793903,-0.0016537394951142094,-1.3763749013387347,5.3058533716872835,-0.339319665994668,1.0341658436817371,-0.032881810249745055,-0.036634406099071724,-0.03806908319006738,0.00044916052919575193,-1.0870936026353923,-0.47502101604009656,-0.6753771804212181,0.3996335116262815,0.007015547620895222,0.0024902859721520933,0.0028524931633111144,-0.00017463126586693767,0.1728490619324869,-0.03453625080737111,0.09725634497474087,-0.07375401317263178,0.6371663075808447,0.6197148536826118,0.4868726974265054,0.7839965121930321,0.770953487107087,0.40257138087982947,0.8892315836984603,0.624679206270214
worldcover_00604,worldcover_00604,6,-0.012181456565080512,0.6313834876725166,0.6445684631665551,-0.03217741773661343,-8.215744044051078,2.5930276455717345,-4.374001082329715,3.97882909130741,-0.26076043781378244,0.15115646166460858,0.13546581779207464,-0.0035798005789280806,2.4024534361567778,-1.4931509718279066,0.049373826363172287,-2.210519659936538,-0.012714880828267544,-0.026594214689680037,-0.02197042533329548,-0.0007380057948750689,-2.7505248547352905,0.6869572625048777,-1.6310758616813223,0.9885139003618248,0.007388298350117416,0.0010525764841021945,0.0007212062676747601,3.1655776606066836e-05,0.3310263446585079,-0.06322413338605663,0.220969239003947,-0.09010945980076795,0.5337182242339495,0.8520575432565436,0.8468672543646506,0.5043959944465588,0.9333690218881775,0.8246267999240149,0.7929494247669401,0.8110549644149362
worldcover_00605,worldcover_00605,6,-0.014747994379339421,0.058723491362550895,0.02313242017319719,-0.0684136058570734,-25.80704557031042,29.14608310803861,-12.992085277482046,12.939760358842335,0.34210519388310445,0.21632042404500706,0.10164721370748576,0.6643760742708311,1.6817926216680592,-11.16697423260573,2.348122200107548,-0.22670860516781333,-0.11228634099504496,-0.09244200313318668,-0.05411020758888362,-0.2542710580431663,-0.5996696018635846,1.2579714454827864,-1.7653033034368053,-0.8543898424730882,0.00900979928718443,0.0072818229379452305,0.004237719505761919,0.021483020348982362,0.043037985964264794,-0.015583416686573965,0.17910467485075124,0.10921217010870754,0.7925965812999766,0.7204593820419549,0.7360233172692836,0.7500858769333517,0.5220087975365844,0.7968233610551605,0.7915624109461749,0.6412302043391349
worldcover_00606,worldcover_00606,6,-0.22635504360733574,0.741606439604903,0.7467536393440128,-0.01907167403083864,-12.884998561853392,2.0691660817122717,-8.148947977234835,4.24962229707248,-0.16721471391761655,0.0840781113458061,0.07380890278589167,-0.02730638167214769,-7.445106296148464,3.576901134253619,-5.134776778202537,2.8014625300715887,0.0483704739306941,-0.02088348309457054,-0.020560565513449917,0.006615292690129889,1.0614297351086164,-0.2825137202873989,0.8123455178476313,-0.3219234722779568,-0.0034668526199673976,0.0014327260279896382,0.001660126176747418,-0.0003968662055529126,-0.008402687549424092,-0.028748199907227264,-0.016831534167198146,-0.006046669900615791,0.2467095451408602,0.5445732235148766,0.30289900036838846,0.5575921839804081,0.7330122429941858,0.6561120453796638,0.6671462406414863,0.7899156103752198
worldcover_00607,worldcover_00607,6,-0.16507337143109718,0.6934137570135522,0.7091096305485927,-0.019283182523918904,-12.9441829754062,2.8486378568799067,-9.408486572081046,4.494862042053906,-0.2907743422629302,0.2095677031884116,0.19624078581257454,-0.02897212454783063,-5.579336860205988,-0.2542996765666848,-4.6777634736395095,-0.15239402226064724,0.08871509893735575,-0.06146834661692254,-0.059371432442685765,0.005176312020008184,0.22458841354486425,0.18690787661475008,0.1502309818743584,0.1555667362893651,-0.006790824818919163,0.0047597475726195125,0.004711489936318067,-0.00017866599514628943,0.06494335733677672,-0.02041781158672845,0.06219536991873479,-0.017359664453613116,0.5833110325205393,0.5080910411396109,0.45527471622346694,0.7484513826044059,0.8049767632741371,0.18734295616718133,0.8227058576578605,0.16093711295281954
worldcover_00608,worldcover_00608,6,-0.3130070385345839,0.7618637066898922,0.7781937465523223,-0.017204416915774384,-5.056705791630285,2.8608670583477553,-0.023609315481151937,5.016315028183414,-0.18428861477056396,0.032105864040435285,0.027658639446137574,-0.026619557646058823,-7.52769305836364,3.3287632616607112,-4.993649976587138,2.3709113104397375,0.03480075579740656,0.002619696837483042,-0.0006160272277279379,0.0023940402482237003,0.5738983941424508,-1.2367918299591678,-0.29293124350819455,-0.8016956821141167,-0.0009312568928778848,-0.0009994658857885056,-0.00039926427181320273,0.00018535989026228735,0.04567036486036173,0.130848073296542,0.1329763594060221,0.08092211141277911,0.42467099127329977,0.6470359501950391,0.5154720153715381,0.7967759359346139,0.7939210825619438,0.7538444925694912,0.8714031908142279,0.6383669765005926
worldcover_00609,worldcover_00609,6,-0.1569191787164642,0.6855656152421781,0.691854679223263,-0.00995084620786443,-13.48409488620537,4.36031150931933,-7.475383967751809,6.163547671454744,-0.14188368808768778,0.21826670732763065,0.20068551836505755,-0.046801721662401076,-7.616998675980636,-0.11707863578909321,-6.2665290060507335,1.258495527006158,0.04969528141854089,-0.08705353675595617,-0.08166059561364068,0.014153128915196224,1.8399776207633092,1.5363159146689007,2.0096953113746805,0.2502135690813954,-0.004199332423058607,0.008299832467478948,0.007904738789857048,-0.0011076037395707876,-0.11206037751152297,-0.21635950049131425,-0.16172427133663642,-0.057979532831219684,0.2888733888388657,0.38248487043668256,0.3551833996352938,0.5881109783905629,0.7938597065310001,0.7136833786515075,0.5655806615754375,0.8192617261543874
worldcover_00610,worldcover_00610,6,-0.45480256146974396,0.7376957571867743,0.7464891401204197,-0.019463090734048387,-11.972241350875176,3.3837774877698625,-6.610622144005421,5.459748894847175,0.0300818994287575,0.12531690890826871,0.12504807114601113,-0.028661681693934227,-6.541491502649369,-0.30217683637754084,-6.462920720596992,0.12095659761594861,0.010937334053897312,-0.03370090886885989,-0.03648335747904591,0.005556608618789416,0.4039171899305926,1.06626237253106,0.8744933774712854,0.5825634506451369,-0.0012937007960939677,0.0025448755483434685,0.002976542169397528,-0.000228099609640511,0.07335328323003476,-0.14942803734834842,0.0014003326948316861,-0.08750281977283748,0.5239395115171186,0.6102245883912193,0.5713573001547716,0.565182364284387,0.8595758471107465,0.6315620580896637,0.8068249045170013,0.7628506152169561
worldcover_00611,worldcover_00611,6,-0.07429540796579871,0.7024309291984094,0.7258779704570767,-0.027043022412919594,-6.581381960237714,8.738647557561869,3.299512620483082,9.92773028294059,0.38062874561238846,0.0972428257976258,0.10348733502721005,-0.0018417773960483924,-1.2960820191577935,2.536984060464231,-1.5482798674161509,-0.7344911079200754,-0.1688287470591886,-0.030874721609152764,-0.03842238585154211,-0.0020962719164498295,-0.6835469531768877,2.5588345580849436,0.14858852920692128,1.0289856885505504,0.01536882498534034,0.00272345633217783,0.00366976194911533,0.0003229952605460015,0.1287440933437979,-0.4329483401030619,0.007458571386397152,-0.13897930273716333,0.3633394376767126,0.6184903731157206,0.571746713607604,0.30520509849917377,0.7317104081072979,0.40200677358899894,0.27114178296293623,0.5349187093741886
worldcover_00612,worldcover_00612,6,-0.12271521539368925,0.6972488562266033,0.7160980719508547,-0.02349691965024586,-20.48139168596151,5.520852454823372,-13.278237617651714,7.245750900003814,-0.32864789521105786,0.14247486373734805,0.13217487552809332,-0.03209381400504039,-3.9814966137961467,-2.457184117624684,-5.115060345798239,-1.2871255865966778,0.11687583097595959,-0.04250103306202654,-0.04116512086742369,0.010744026523422103,0.8540563577764437,1.3300180510845758,1.420878062570212,0.7292766225958996,-0.010391455375526507,0.003503460023138255,0.003530934754044119,-0.0009195733241586369,-0.04414871650285599,-0.12997924633333965,-0.09788393603844711,-0.07173395548932436,0.3200590269304543,0.5426415937184654,0.47934435174349976,0.3448778752514251,0.7217897655036474,0.7878208622859739,0.7215407307154876,0.8344562899997418
worldcover_00613,worldcover_00613,6,-0.3088708123636177,0.7140406909765646,0.7140976648890641,-0.010308906069082378,-16.588190746126138,4.972042256499294,-9.35711494092488,6.9240153235721875,-0.008905119213966176,0.3576890674996209,0.3773161660111113,-0.09461753706019023,1.4394590386255868,-0.7447486252662727,-0.013616052277303912,-0.6906241170506822,0.042114939246975194,-0.24292548121763455,-0.2658390435853813,0.04775310593891022,-0.5640274069355098,0.25744321218544436,-0.041527885723536585,0.24379196476414097,-0.005078621972321157,0.02734047256297231,0.030251197705064115,-0.005189466617079537,0.05607806191191804,-0.021836985893150484,0.010442638837215579,-0.020910231651505497,0.8932047755593627,0.9614199225975717,0.9666761360438019,0.8981074802114932,0.11865604984927036,0.27409195536985476,0.2332283251674998,0.2719634763305453
worldcover_00614,worldcover_00614,6,-0.17255748251076003,0.7315929103078291,0.736519423059445,-0.009179709084106561,-14.911878922438277,4.114224336278885,-8.244898845724597,6.175987323957001,-0.3123588172497036,0.422050079537759,0.4289616683113636,-0.0913132187126879,-6.947442278003204,0.07442327736696479,-6.737796513956281,-0.002734874005275158,0.1313284080757819,-0.23880201042730495,-0.2521715854572777,0.03903063379623209,2.554734491330267,0.27083623891836234,2.617030997463933,0.24950689604863202,-0.012372480044185988,0.02534108639064456,0.027084725918342302,-0.0037496874174761555,-0.22631902533436074,-0.038653368032532956,-0.23800263545413453,-0.03420259482491929,0.4985467217553211,0.7055799262395395,0.7166672140195383,0.5811959618137781,0.604444588388841,0.659012061949752,0.5819172330514806,0.6809715276955632
worldcover_00615,worldcover_00615,6,-0.016076427875162592,-0.011873412256438677,-0.12293709396864363,-0.06492446746790059,-18.59553574388929,3.591574251409267,-12.88380379993413,5.626797663060461,-0.020117004371312395,0.2908151506165418,0.22185867934650305,-0.04068634013408804,-1.7065661793314983,1.6945517381174147,-0.4051463463608729,1.6123125714172406,0.008965312767903758,-0.09505706626389691,-0.08165127918470914,0.020160744912636083,0.7842831936834596,-0.5863236519117534,0.25758165727327587,-0.5728844261452863,-0.000804640300474076,0.008299430935747084,0.007477990892537008,-0.002001537843795508,-0.0828461375394913,0.05321954582847057,-0.030401347270706508,0.05261912161484101,0.7037642145978575,0.7198604276282693,0.6200938125743778,0.4411758620463958,0.6370868880135879,0.2446680524498187,0.374980591574422,0.24308191634322562
worldcover_00616,worldcover_00616,6,-0.014858851222471247,0.06411925725864669,0.02606970500765498,-0.06175730473390084,-28.952596165867572,2.9353190985915765,-23.56933023503093,5.206603471236378,0.01436271088515782,0.18925715656211867,0.288810195460441,0.013030407551143403,1.4757473678480295,8.393016756232639,4.466344541036983,3.710356009094704,-0.017363535186462088,-0.10643902209938146,-0.16543802249878292,-0.08543724130468189,-0.39821733809501964,-3.007316832557471,-1.2660273185355038,-1.35461052661714,0.002023045076812053,0.00945500552071014,0.01743675389731621,0.009917830060603042,0.03124987665536579,0.2604197981944423,0.08764731120087851,0.11643344865610883,0.9257948922427157,0.7933248739750958,0.6671109374076757,0.9566588374646086,0.2372147405104742,0.32141349618309933,0.29910675256284414,0.27931718676829087
worldcover_00617,worldcover_00617,6,-0.04759005890914845,-0.07248014313253542,-0.10865641520781971,-0.07946886878573534,-20.222228448898477,5.1993139494836855,-13.071806633587961,7.163381955441127,-0.031839486080178475,-0.0730270289682912,-0.07841582597780287,-0.14211272126034152,-2.520970521516338,1.9016436826393703,-1.3541789648638458,0.939776902574087,-0.013217687407400817,0.05109132334460938,0.04753985379931401,0.017566217262765613,0.7144308791998697,-0.4727569714897315,0.5249733715068272,-0.1997192140960545,0.0023021322104966884,-0.006118888515188837,-0.005532897044575271,-0.0006619721011381026,-0.05036277257925961,0.02157960774902072,-0.05453646383739502,0.0024425697423156863,0.906982961121252,0.7252788404424999,0.6116148348245678,0.845637118373739,0.5716128651516297,0.33835290811417484,0.7323298140863463,0.5046982990394269
worldcover_00618,worldcover_00618,6,-0.4629631336536401,0.7929532027196609,0.8085799378230057,-0.03598320320121613,-14.192887519677841,7.451123682269033,-5.500312770406804,8.692574749271033,0.14671194778332844,0.2305186094812265,0.21553886593282384,-0.010752510054901698,-5.864644419322289,3.6896574016323784,-5.159357202375008,0.7052872169472881,-0.0019597477704000844,-0.19526064596884735,-0.1938026045190544,0.008959976944657128,1.9846455999999033,-0.5888818880708052,2.0588489518715147,0.07420335187161084,-0.0014663214477971308,0.022534299251444706,0.022581215171176342,-0.0009757384717831323,-0.16964459759920114,0.020189674097941392,-0.1896861374369159,-0.02004153983771474,0.941211990255686,0.8972220435007832,0.899090303850761,0.7093835665110062,0.2574614711080656,0.33858263813998735,0.5095173555475923,0.29411470498234515
worldcover_00619,worldcover_00619,6,-0.5626647662409484,0.7764968384395947,0.7918640844749685,-0.02462711213438802,-5.812507240285164,0.49865262028687496,-3.487085672701454,2.9360221589205,-0.03870953181423313,0.09400822766243444,0.09435539231413856,-0.020798511610972487,-6.542939772544812,4.9546822081091495,-2.115003106236871,3.1080204611242563,0.04457734121236058,-0.028358249953298838,-0.03072133647415026,0.004067504496285409,-0.3300375037107094,0.21866761291542008,-0.7358512664651102,0.06319365990098474,-0.004559272624109601,0.002331593120941007,0.0026805694356109157,-0.00018010231092421668,0.16342019770975952,-0.13055426412494495,0.1382802920709524,-0.06826044308495786,0.6594946095132821,0.2724953451168437,0.29192247407843663,0.40512485796256414,0.9148620709740495,0.7501508072995762,0.8375899740395627,0.9008982167176712
worldcover_00620,worldcover_00620,6,0.5566920744960484,0.7001031682346823,0.6986747356978344,-0.051366225731643934,-6.166978434033835,9.360381541022216,1.4258974379892488,9.036080941765189,-1.034949157755254,0.3295209552087465,0.37119974739967615,-0.030753207696039744,-9.197101742292364,14.279215061429648,-2.2963822470136575,4.718756704960052,0.2946679806634577,-0.1449934376395623,-0.16816463131151102,0.01722008401923101,3.224784841183784,-5.253856897264548,0.9278668559702089,-1.7380349850371397,-0.022299057806807257,0.013931634450199607,0.01638834298861143,-0.0020190522761432154,-0.283668443166993,0.45703413453850783,-0.09355614964111986,0.1522110541865552,0.893671093702772,0.7712737497963379,0.7301369810018465,0.5462604026880011,0.8333326648031011,0.4659465386841982,0.031957031096014554,0.5209319219479909
worldcover_00621,worldcover_00621,6,-0.0228796468372291,0.32364216508964677,0.2646242739971382,-0.061207882269763626,-24.1598279645241,9.96635932595623,-14.946427842010165,9.110724415191074,0.45456563508171216,0.023169897430177337,-0.14895496439809552,0.7230030367121316,2.3419721850255217,4.223653485608779,5.382740982530139,3.411818530442732,-0.14199187051966491,-0.014630979935949083,0.03840566525695378,-0.237882819123469,-0.8073996765210768,-2.7804049438852516,-2.7289414527847895,-2.1319848724557895,0.0109595204870337,0.0006543468528737664,-0.0032192697381657137,0.018290424644194447,0.05588216493574301,0.30941934197629667,0.26606337206310315,0.23364883838972994,0.7573399081842767,0.3923882963022234,0.31128478549143,0.7749987108384009,0.4661459546969303,0.5734032370340646,0.6923424608698909,0.7420690630956599
worldcover_00622,worldcover_00622,6,-0.29944909787679697,0.6952021826397284,0.7166714713428958,-0.014589012064265687,-12.39689433838032,2.5384349613889743,-7.951504237384922,4.139948355884181,0.07120264378073198,0.09410549487386458,0.09559320622966379,-0.04420530302302202,-3.9521693881391404,-0.08757437166162567,-5.147179003783193,0.19339988228582808,-0.1082608344305613,-0.011579570122611568,-0.01613211889803664,0.016475356542767307,-0.6992867534135625,0.4848220797162093,0.1796942376066668,0.3699240344958223,0.015699237731992298,-0.0001031788009585675,0.0005474528580000906,-0.0018016962579103372,0.16812198795267863,-0.06767989102665556,0.06863329330548164,-0.05613680907406495,0.7642963186514347,0.7079684117297947,0.6061498592086412,0.656887610017202,0.8792871892904304,0.576469684632298,0.7559003920745305,0.5571691517375559
worldcover_00623,worldcover_00623,6,-0.1575602337536636,0.7296088355960263,0.7381882351456261,-0.01206110666195554,-19.07028644600983,3.4398159757340467,-14.073664778163748,5.254175322065255,-0.3257366059580248,0.05275895600281093,0.04725234494322874,-0.03336917576453983,-2.53165983771565,-1.4168036897592071,-3.014817576038045,-1.1110538038779847,0.0913436229549507,-0.0020469763836304254,-0.001410400970673855,0.005482436778644708,-0.020879064637719894,0.8516850817526158,0.3669201839948452,0.6379694141222028,-0.00652695811115246,-0.0007149623801009734,-0.000690826412403204,-0.00012891998307572392,0.05385300580975504,-0.08734128820183908,0.015693939831641173,-0.06230931150669499,0.6439035991222506,0.549333125770332,0.5164113109270093,0.8217155258375344,0.9694149872063652,0.7597252240650492,0.8468927407987599,0.7459130068768991
worldcover_00624,worldcover_00624,6,0.11915482151170972,0.7291952304429209,0.7480226857305495,-0.022426147409009438,-12.125838529145662,5.746292778479549,-4.826642632669316,7.865815942624152,-0.5302208637440022,0.5202173411639173,0.5261577494619832,-0.06529028978317003,-9.34594506574574,7.299366493047293,-6.056737922862889,2.7969891208084716,0.19593021470308877,-0.28979327613729694,-0.3043032029393685,0.029052073672187994,3.334851607268162,-2.4219833757437876,2.419157286426378,-0.8901932794626343,-0.018266156269960608,0.03092545453891758,0.03284895849047283,-0.0028547954679739567,-0.28729157703613956,0.19825719376048964,-0.22426019723553195,0.06943888724949321,0.8496504877053063,0.9424418483271652,0.9502907349522425,0.9393215395092651,0.6842905265726442,0.45097438168017145,0.7087010765374405,0.5061218683292366
worldcover_00625,worldcover_00625,6,-0.06531996578239048,0.1312958375748357,0.10073539631610505,-0.22566422368540848,-26.941349421124833,9.385550638660941,-17.489358379226047,9.425451855609268,-0.06206081922652906,-0.08502282198548032,-0.13736981589583583,-0.000850672996233964,0.17731492784946423,-5.995304357373758,-4.404577006211492,-4.40223302396647,0.018709329943937265,0.0033731129084958182,0.02993871146627559,-0.05152806400994702,-0.04447476112457481,1.475967845235271,1.0442100645259262,1.0221676202317485,-0.0012613064584663302,-0.0015152081555564456,-0.004140945330186912,0.007116424465420258,0.002056892646172758,-0.10655555944589175,-0.07323785195852354,-0.06943570145921087,0.9193052589555963,0.8146563521735999,0.7647456427467647,0.5501725698340731,0.10479079904401445,0.815135933217996,0.7896118198347197,0.714000519958678
worldcover_00626,worldcover_00626,6,-0.23719921310934428,0.7602360266627688,0.7689478451555425,-0.019700519797025317,-12.207280138221172,3.170745102981395,-7.303111813899906,4.769060917710796,-0.358078496990916,0.07333692600802748,0.06645253158750972,-0.02590672102653315,-6.7931935233793155,1.2000679870348019,-5.822573248366153,1.7124823102190185,0.09840741108445841,-0.014414861411243273,-0.014545905706170318,0.0017037561397144733,0.3894698960532255,-0.11036526483932636,0.3620369784385805,-0.2925323349549645,-0.0065850440651636765,0.0006949805250071528,0.0008611141732244823,0.0002857891541689339,0.07242103038588438,-0.002607294215886537,0.06165380807187695,0.01388192591370153,0.44321251382050175,0.49558506220424303,0.3665538918330252,0.8531377815515885,0.8901527627747905,0.6049168090368124,0.8085819926374823,0.6911439540788131
worldcover_00627,worldcover_00627,6,-0.28492623085788993,0.7122988293201424,0.7296835553239706,-0.026932791101210093,-1.7200985581423605,4.115076915888905,2.309876406839651,4.848725971411016,-0.010385132179126857,0.26132974571304274,0.23569356088363752,-0.01547970231031133,-6.702156792677601,10.772480330625289,3.427654147517488,6.757917141676052,0.03496050787895208,-0.19226437841629712,-0.18799450144865126,0.007705198641205228,2.2488081749322855,-3.3696132262222984,-1.1831926524752232,-1.97614895267847,-0.004208063041964925,0.021590018272752653,0.02144649298391256,-0.0007797081606707174,-0.20257421570549902,0.2710427158650931,0.10156275897489021,0.1547444003253944,0.8833383554946255,0.9387227432253237,0.9538986262897813,0.9212269409195417,0.9365888887324333,0.6016357949652195,0.2464170411920935,0.6708208947885189
worldcover_00628,worldcover_00628,6,0.07448159904109347,0.7990942624482237,0.8132510961908276,-0.011242918726621306,-11.647394894945425,2.3082541148665534,-7.7973787238948145,3.957099567117834,-0.7111723363335958,0.02623849610487649,0.012972534648955925,-0.043233896310012426,-10.455931410257046,3.113764170209585,-7.440984091844837,2.91145030581415,0.16672705747206157,0.008854078266011589,0.011880510232665275,0.007811067658133826,1.9099312644647286,-0.8861414660793985,1.1480710098531655,-0.8152866693583937,-0.00995961744858651,-0.0018311833793466657,-0.0020149204165044407,-0.00027768252737293256,-0.07373330496958502,0.07534143673922776,-0.01661803717009295,0.06943078884867518,0.6439563566078756,0.842524475276926,0.8268355667682465,0.7176924438007962,0.8593260167606871,0.4131902294572498,0.8657162037258423,0.5067366747753181
worldcover_00629,worldcover_00629,6,-0.005865075080411931,0.7459307394244457,0.7372114902192898,-0.007150516450179436,-21.071180965425143,3.263007253499245,-16.17902298141207,5.076249118471019,-0.5394400525324198,0.2003792143530314,0.21798082074475647,-0.05277669838526173,-0.8137614086174416,-0.1906740080329048,-1.3820797575142765,0.03348731802389227,0.17581836195667386,-0.08669713462069956,-0.09881086550749749,0.011392011059230388,0.22352073999468342,0.336632597083462,0.8544996196601532,0.2530871836721807,-0.014969958088928358,0.008459662096668982,0.009909319305660762,-0.0006105774975936802,-0.01809039684329609,-0.04074426000335698,-0.09233888109862955,-0.032711063970400675,0.4651013879567224,0.513002548468438,0.5301983616209421,0.717208799970949,0.3113322676596417,0.770538460448871,0.959394531783519,0.7658106415190582
worldcover_00630,worldcover_00630,6,-0.2350416933531097,0.701078260486777,0.706477317846184,-0.018812194635922357,-21.368503912521813,3.198423515204521,-15.016086298274887,5.488003554786782,-0.16955776887054258,0.21337498014881434,0.22317031498939185,-0.035576764021127825,-2.7874030555948854,2.983579234870103,-1.7969051880880413,1.8267003589764172,0.08257880609264646,-0.09822437779985972,-0.1084008159446509,0.012352201873960671,0.6296282485746764,-0.5132983406255346,0.5638047741009743,-0.19551249437726262,-0.008353983418127407,0.009743262421001087,0.01102591448962087,-0.0010886852808221414,-0.02707375868485487,0.01010704273508753,-0.040259477855810175,-0.013340914021219433,0.7136854123966812,0.6950956470737263,0.6849889721702775,0.7452090137573677,0.6623801850104061,0.8569944003874242,0.3878930673349136,0.8996630262642108
worldcover_00631,worldcover_00631,6,-0.06443262118569097,0.6331052653717274,0.6325267968755781,-0.033686861649833,-10.14781209859699,3.354809788505955,-5.988764802521948,5.195666932221991,-0.08913435657410256,0.1407256459905986,0.14474416630608647,-0.011813856993934902,0.015644727524873326,-0.30308325328871394,1.0355919500899102,-0.17771241817537575,0.04374384292689493,-0.03842497213836356,-0.04085873880169599,0.006272735219303666,-0.22762932211406742,0.2743442218379406,-0.36132496291985494,0.22924938325121677,-0.00522802550864271,0.002681597615733292,0.0028852409485614627,-0.0008710567331449562,0.032504104510526516,-0.03433676019905865,0.033556883203365924,-0.03054831057370936,0.9073559148008984,0.7292544220926958,0.6950241830033539,0.7787944485739,0.4125527297514451,0.2732631393465872,0.2489648588003679,0.2442130402714291
worldcover_00632,worldcover_00632,6,-0.18482019555462142,0.6999788419766859,0.721698612877817,-0.024600366328024554,-13.370253371315785,2.42916162158291,-10.566539662819098,3.8848599430745687,-0.12620447479411362,0.10079847678305584,0.09005004404083115,-0.010962040437060137,3.4951606815025666,-0.4756913376805031,2.369813995693847,-0.9903496391333166,0.01911182894874378,-0.024707985001725004,-0.02310009919977806,0.003972653212888523,-2.708879817444761,0.34148179436029946,-1.8880289794783096,0.6632791149687782,-0.0005722954321324602,0.001817468741927485,0.0018041930114380043,-0.0004376860975165541,0.31405635972138957,-0.044696496169486184,0.20883202786875632,-0.08919243731321158,0.15740624022507133,0.42567894104258774,0.41899756256463794,0.29218022014081735,0.8391307862051032,0.6141973444392028,0.8815800768990439,0.7571459477329243
worldcover_00633,worldcover_00633,6,-0.19391620200735377,0.7449890618974518,0.7555869727423697,-0.040183782746846114,-4.865388779855126,-1.027826849472885,4.595840980193313,10.117014975913825,-0.538809485895669,0.17422217177966232,0.15664826664659678,-0.03517379443205527,-8.692267886715728,56.627073259942854,-3.062747862526567,5.747661928579529,0.13979298139046725,-0.051724015698804415,-0.04617767939061827,0.013729307187713053,1.8358313867308098,-9.558419008877834,1.0407770833214531,-0.9570251935696646,-0.007240538424197536,0.003730258104777092,0.003354647243865817,-0.0014551620591770514,-0.09406447525684153,0.21114672992765868,-0.09371513264369619,0.019923955938337044,0.8937226902677131,0.5602995650370612,0.5512697072363224,0.669644494732555,0.8075896546804894,0.6615407202965786,0.11647884547016896,0.8809437634405541
worldcover_00634,worldcover_00634,6,-0.46955160255512596,0.6381897860855796,0.6506379876624478,-0.016217959466192942,-12.216924484333974,2.4605749635485186,-8.734714939411267,3.428271618745145,-0.2596552498074942,0.625571480730457,0.6098629184481135,-0.06905868736886585,-8.614451017084383,-2.3903672366588453,-10.740661229339834,-2.471267304488389,0.154228009120451,-0.28627095440829914,-0.28646925258655737,0.027856410660446283,2.128247780849348,1.2710323579189988,3.2813109292968923,1.365413859405009,-0.016274197904785077,0.028019490284901638,0.028360876094813244,-0.00262308503016641,-0.14106043082992475,-0.1268843169221545,-0.2534439921614474,-0.13614348102729767,0.931046606159324,0.795261581783885,0.8134430555708998,0.7215806680993295,0.7136058096816748,0.9185821708093508,0.8239240819758258,0.9778870413725665
worldcover_00635,worldcover_00635,6,-0.2003495836935035,0.6785272712057286,0.693949606382486,-0.003646906916842576,-14.07211671049331,4.592240876194743,-7.311313674015283,6.658922570500523,-0.22419211683799148,0.16097363758654773,0.1561943581179963,-0.07315948791801896,-3.866713390966535,-1.676474152028127,-5.652149061016842,-2.2220444627531646,0.04824032891874825,-0.02904097548810935,-0.03194339083128673,0.023493016396701507,-0.529780330971149,0.6395552182847637,0.10600819819852692,0.8429412513150385,-0.002183646669942853,0.0010227023652105486,0.001628939702053262,-0.00214150886644016,0.14668342671897283,-0.0611704480806026,0.08554305561496778,-0.08045389019780162,0.4050279490842915,0.963451049106192,0.9497231086677093,0.5784997266862867,0.9000019027369286,0.2219444684949179,0.8084187479527599,0.29244894983891045
worldcover_00636,worldcover_00636,6,-0.14698969795617942,0.7486758295333752,0.7556001530452209,-0.019551530169944018,-18.456437239900126,4.101106168084349,-12.818682017734183,6.137488355450507,-0.24226462216722228,0.152310313449965,0.1691602230781592,-0.03303489242015134,-3.831278031945513,-1.4829886032288007,-4.350366947776178,-1.299007390159022,0.10181510869952297,-0.0885476200998603,-0.1104218696619008,0.005499290524139278,1.0198741334159236,1.3355204224001678,1.7653815309687042,1.0040890301630192,-0.00992193906529174,0.009855306208735766,0.012678995502717567,-0.00015244772657751958,-0.06930669038793882,-0.15974207487438188,-0.16152552895538833,-0.11582155167622742,0.538471772139355,0.821815873085671,0.879490112728944,0.731479254451433,0.9414800868664331,0.8747712026970587,0.8190433026533951,0.8512292082546047
worldcover_00637,worldcover_00637,6,-0.5545042215291898,0.721198373671734,0.7245634279467844,-0.018501468567234162,-9.413401462649626,5.9235859833481435,-0.28153053167316255,8.895776923042755,-0.09065098624273955,0.09489441580242554,0.0971893318115715,-0.033287829416434364,-6.517153661297175,10.57918613083868,-2.3785515551395515,2.736329645945812,0.060167656290124674,-0.01197987220762091,-0.01422026792129904,0.008853387897955116,0.8348837457867658,-0.7875118423879528,-0.13469235349003852,-0.32253017498389625,-0.005579454317042628,-0.00026821533236840746,1.700026820403825e-05,-0.0005859867575568973,0.006869240912264422,-0.0920104397613857,0.0662554530709197,-0.0048728690706229625,0.4936032462098644,0.7449717557753511,0.7231639331824242,0.7911210194069737,0.7287284675199603,0.6601517185846224,0.5126171915819058,0.8254879976270526
worldcover_00638,worldcover_00638,6,-0.03171764833853809,0.644429741483746,0.6399257860400462,-0.014457228170199926,-23.21583625760637,1.8014505249449058,-20.85145027477736,2.492153294956435,-0.5065986815746498,0.16944085723823937,0.13072459163173755,-0.03493775346035516,-1.6649740020144195,1.354525209155933,0.8004940526934573,2.5591434405738305,0.17629891222641297,-0.07063062953484522,-0.06168308183228295,0.00899761409833381,0.3922850347527909,-0.41926587788012776,-0.4038459036340827,-0.7795304183730692,-0.015628419189496347,0.0068004724353250895,0.006236342619163825,-0.0006050362270513564,-0.0267633362397992,0.034740790145308315,0.040709151831103504,0.06341851427594294,0.7041577513125682,0.6158487937646446,0.595077636261222,0.8655929917258169,0.4954584458309419,0.5546797985838863,0.20424991640446677,0.5762944557335594
worldcover_00639,worldcover_00639,6,-0.12038415320461861,0.7214922317952818,0.7373493097045203,-0.01023183118156865,-3.5852501388975404,1.8744018034322392,0.814033266931773,4.062437960599905,-0.27103318120829056,0.048918513551591075,0.03425061773686176,-0.01777952499613753,-4.265071464515753,4.394771724503971,-2.120135312654515,3.157408310283687,0.10235109545778483,0.0033538570522745454,0.0051899065961053415,-0.00014735206566526788,0.07535189105642379,-0.5381529638839583,0.02421678086452881,-0.39025220644842423,-0.010874007801024689,-0.001177668420955384,-0.001132874326272443,0.0003252140025260187,0.06398226315284725,-0.00788718659011853,0.03075095737146395,-0.003186379369243712,0.7175587467292805,0.7952648118902721,0.7160545912530862,0.6956880885708714,0.8436998033941169,0.8032009055859608,0.6370589496108653,0.8657527598928283
worldcover_00640,worldcover_00640,6,0.08228206581411968,0.745255491047194,0.7567521333694459,-0.027075453463829027,-13.499333722216466,5.803509717627146,-5.610323081273813,7.548453942917953,-0.17458349792590366,0.12164196395684798,0.13216202292177406,-0.020003775977307712,-3.74944725543575,1.114722156805853,-3.9302785551932717,-0.6926034635479211,-0.02347633302505448,-0.04325559361156452,-0.05059858163197841,0.0074873985924245635,0.45120659592302903,0.01757213366937658,0.6213995896185701,0.5645271421707126,0.007040542640034389,0.003684183112298608,0.004567108220524267,-0.0008425699321157979,0.013616738180432087,-0.029677286301018752,-0.01102733827277316,-0.07120842031949799,0.3652251036491755,0.420078539352835,0.40355896321031826,0.7674079627161253,0.5558565620809517,0.18127646870741077,0.7538207480568855,0.25988298165274226
worldcover_00641,worldcover_00641,6,-0.1616341986683552,0.3620867944590636,0.3372028964486991,-0.39157441800290843,-9.134742652518579,8.707088472677631,0.13772438481193702,9.4279604105601,0.024276774344361884,-0.01225167441381484,-0.10936007755143368,-0.009754020306799694,-0.29794304768055946,0.5112875672030895,-0.42582875943883053,0.02992155095388377,-0.023137567413808492,-0.03512376836436532,0.002355241744872006,-0.029061985964124713,0.18377874348941337,-0.3555534232884953,0.17042785270037153,-0.0945684116277041,0.003300025775080817,0.0013132849390702997,-0.00202204891000735,0.0029098092757090096,-0.02263517441147467,0.05360430467967737,-0.012710949825424752,0.018022837775090384,0.6438271965634614,0.8601763028357619,0.8343073406140793,0.6648101252654435,0.5204314158939136,0.4388703647036366,0.3407074907347116,0.4013835226451724
worldcover_00642,worldcover_00642,6,-0.05237810364142351,0.29775798772320605,0.248986612666737,-0.10984080397721621,-27.112871388912623,9.75909619568236,-17.719501714060936,9.189370128869504,-0.12807600076349673,0.026912585255645424,0.015059897350886439,-0.43708674692445193,-0.9300867319587678,-6.416353292332592,-5.687896595061105,-5.110465805383337,0.04015151709102319,-0.016030298199230436,-0.010720170308630183,0.13084228401318232,0.32251933819385314,1.5495587745391746,1.4434177164313702,1.2668356546281434,-0.0029938169569705703,0.001405635566422433,0.0010914849587763205,-0.010313328543696723,-0.030445452083079496,-0.10408319233567342,-0.1035745746231249,-0.08639341322562116,0.8231982292063282,0.629934503904546,0.3236736920613681,0.8712771090222398,0.3840140521413907,0.596190882952952,0.34861029507612085,0.34235569338457217
worldcover_00643,worldcover_00643,6,-0.46616664367601923,0.7695374127590293,0.7896377751321502,-0.019547764211893054,-6.519982777508602,2.7103701130908786,-2.086263777006087,4.390528485498376,0.12452939120781839,0.037521818800578165,0.037257596377342744,-0.012034012108213353,-3.9760413023242136,1.532206137323665,-2.093511841528189,1.9788913636550791,-0.03745802383448698,0.0004961328072980914,-0.0036573507440039645,-0.002268855415639434,-1.4083049820262445,-0.31691207940596483,-1.6781451644544307,-0.5198554008024306,0.002765395116396746,-0.00088052888109226,-0.00028811380116625475,0.0005709672760632315,0.2619067448815747,0.023992284028641134,0.2694181735230305,0.043931583263683294,0.06502889579578675,0.5536554779464253,0.40564510361273676,0.7579424849655181,0.9617923385166368,0.2381068847852279,0.9450514465010813,0.3056984672716656
worldcover_00644,worldcover_00644,6,-0.41212521630829474,0.7263738693613,0.7470668093724686,-0.03839957002889038,-15.266152827231515,3.9176673279548964,-9.349445242019415,5.942326265074496,0.05132196304431862,0.19235140250788704,0.1818099549365417,-0.03088144921061993,-7.2770455406156636,-2.5302835723342745,-10.455221169109981,-2.9438656703516197,-0.007437233524491999,-0.07121848531099606,-0.07339055262086705,0.014189264974939823,1.89398752382008,1.226137640426966,3.4007352845434737,1.313241787083082,0.001681635638388405,0.0064677642752425735,0.007010535007775434,-0.0016093305359133525,-0.1256422081217338,-0.123219928587085,-0.2765762707798244,-0.12712755798529593,0.8456778416277748,0.45455828785632457,0.45053845029515494,0.7100015119285572,0.5775076546680622,0.7376774959457373,0.6675084488155278,0.7642935804956936
worldcover_00645,worldcover_00645,6,0.41277406915397125,0.6774182879563565,0.6834195616344632,-0.010707147165455943,-14.918001444068356,2.563292783491856,-10.397394946646072,4.324213349425213,-1.4999606017545448,0.48332162727675493,0.5314572107726824,-0.07773904321301284,-7.669180347438174,2.4132904312511867,-5.224341246950704,2.401064476503749,0.5064991085791554,-0.23899337646926333,-0.269199317542924,0.030407567585120903,2.081625042362813,-0.5369303022439262,1.5329370338456072,-0.5035968687824737,-0.04352874281930018,0.02420136086040672,0.027449255395266697,-0.002748105425688649,-0.14456063677974937,0.02893674780823919,-0.11501403755425102,0.02457317646688781,0.8014213262447278,0.865920220042319,0.8693394160019476,0.7526862010286443,0.685194144084846,0.8723451124334709,0.5573742947910298,0.9155381324570855
worldcover_00646,worldcover_00646,6,0.021835805994671432,0.2441322478381068,0.1367417734088092,0.03878405204776568,-26.214286942047703,8.821225310679107,-17.547054654565486,9.468511174150827,0.02909565277263744,-0.02586162456917368,-0.05207977929828841,0.03968726020188089,0.04760781867057697,-0.7918369418400893,0.3103041064094396,-0.5270781523339236,-0.007253375632797263,0.007988459603997985,0.007797266860231392,-0.011508171555477337,0.26989848292343366,-0.15608035072061466,-0.06708151446290682,-0.11001771908621277,0.0002914537349749416,-0.0013754376483083907,-0.0008778314143207523,0.0004065086114963536,-0.03617145481122992,0.032547667851859,0.006618034560121094,0.02311914106926387,0.6581842936939368,0.779053454391998,0.8014244840068558,0.7297111211460325,0.591392416997859,0.7058013387003809,0.15161963796251798,0.692146064602416
worldcover_00647,worldcover_00647,6,-0.1410008508418512,0.6922546137462963,0.7033966770677855,-0.0174306670316693,-19.1912043825075,1.909102445855145,-18.67816252787755,2.677254902403275,-0.10823318317250634,0.12815037014938527,0.11433755665544497,-0.026979085523635097,-1.1930857604526608,-1.0956717128619415,-0.022925789268986373,-1.7662404767388769,0.02030521764319012,-0.0225903177029127,-0.019762999438620324,0.003350315794945396,-0.4392003043218543,0.712601492775551,-0.06687463407863273,1.1479300062867104,-0.0006227490148300244,0.0007429737033266083,0.0005964204819515578,6.624954667958454e-05,0.0806246320386096,-0.08114847956831137,0.006172866826889213,-0.13082830053995137,0.6971807739771607,0.8157688824819258,0.779285711332145,0.7996348367927522,0.7878205299971535,0.7876318232388928,0.40272632479418813,0.8677937771627162
worldcover_00648,worldcover_00648,6,-0.2558974840715646,0.731416006882985,0.7484575139753742,-0.011905360148485918,-6.3235237846206696,3.083461610829768,-1.7085440183186944,4.792604385207051,-0.23241348695809477,0.05590834220250457,0.034551027748319994,-0.04531155082411933,-6.547324866119515,-0.605071702265,-6.638841047664879,-0.5380450620117206,0.033150958904871165,0.00515172595069521,0.010321456632572798,0.010234610397304129,-0.31988770823300133,0.4317115501227357,0.0037246864126398464,0.45307977621715595,0.00038380242389861937,-0.00194243590037028,-0.0023475168931363765,-0.0006842071171661796,0.16637955117109282,-0.04933602788829989,0.12254144203655581,-0.05381720158210066,0.5337277568269423,0.8722555974795554,0.8641817912915487,0.6942325534185414,0.8807778093407551,0.7313367865066696,0.8856807548933873,0.7544225050749875
worldcover_00649,worldcover_00649,6,-0.30678809089754616,0.6503018727808312,0.6559539870782363,-0.01819634677447172,-11.150608492822949,2.119197064106288,-7.744110434695659,3.3909859128338113,-0.11656874274386003,0.6118374314927832,0.591213203907483,-0.06942439996193889,-12.831769802013499,3.9258851156024805,-8.38288763135182,4.212053358689914,0.07099434832736785,-0.30397310641743325,-0.29862191699025886,0.02766030661114666,4.0620649403499725,-0.9278840875770161,2.9837887577198208,-1.0369883676642444,-0.007126905236256961,0.030921803429873263,0.030559517631326007,-0.002521616353822698,-0.342259600898407,0.06630486775746235,-0.26542379846861713,0.07699404094895063,0.7754605246949512,0.879062569267385,0.8838314990562943,0.9252937125680886,0.8626080965256688,0.7606519596232494,0.7691672042526336,0.8835631549686519
worldcover_00650,worldcover_00650,6,-0.16122419166792457,0.7464527298103678,0.7531476589766414,-0.013539797090219814,-11.03286902306432,1.8077437193193362,-7.877299890573133,2.458460777882723,-0.27379686930024916,0.06464927135005795,0.06123637609065527,-0.044314477459660474,-4.449038873307562,0.03986024357847602,-4.653548709287837,0.4627661022661091,0.09165229672349373,0.003885933524602524,0.0029237640626502727,0.011275600269033643,-0.08932522889394483,0.216848255310799,0.31059423724062246,0.21650652703822382,-0.007224601214831406,-0.00185359999386952,-0.0016521286181729248,-0.0007432035001164117,0.09253176159318574,-0.02986879953147256,0.04066426996926459,-0.03716635425568037,0.7028774304667088,0.8608650455451765,0.846388686292227,0.724699699591365,0.8940381665452553,0.4540056750782945,0.8954309906469194,0.5469910473361864
worldcover_00651,worldcover_00651,6,-0.1726260456189701,0.6815108539480152,0.682561949347005,-0.01253648491745658,-7.321345789390089,1.854596378678613,-4.270216314545947,3.2225162568255388,-0.06901004764835879,0.12749375142748387,0.12377448261730212,-0.05156778541230947,-8.174100947758376,1.2610783061237971,-5.077592719498373,1.5637275128495451,-0.010043553210085992,-0.026785591915572386,-0.027076943547694608,0.01721058183579471,0.6097290191499747,0.042755356123969496,0.043177667548377555,-0.05717354693473173,0.003797264914033915,0.0015546130110519146,0.0017041655802967504,-0.0015920505416814694,0.06771902072475304,-0.0277221691554901,0.09124989616996447,-0.018705631352315167,0.5170017348843958,0.8082676973716063,0.8264951075679118,0.4938822082123515,0.9150169123095834,0.5543011280540016,0.8720152852373004,0.6686768175002316
worldcover_00652,worldcover_00652,6,-0.053554565824906,0.5100134514046448,0.5115909872181498,-0.016930921038499924,-7.131154808856532,8.8538042109549,1.9039661032869746,9.00171095879016,-0.022972908895096927,0.19879816422268345,0.1926338177706501,-0.023798053215686395,-0.6520610926579664,6.938666251370328,1.3955321703003725,2.851655940135311,0.015959390612311306,-0.13803224473611064,-0.14307964651228525,0.012297181421648925,0.2977270894196184,-1.7301421200110154,-0.1339015337562593,-0.7244272040570374,-0.0017792668037180204,0.015269728001169464,0.016054616168592908,-0.0013523885081851404,-0.02785177099410094,0.1217989878627486,-0.00043040657426387136,0.05297123474661547,0.8195530414421218,0.7534401721590668,0.7796880859114063,0.7879891822102734,0.24715548882205263,0.4313586197838727,0.7144634268758393,0.5414289346388033
worldcover_00653,worldcover_00653,6,-0.14266657473857658,0.7827660992290035,0.7917398142092156,-0.03690619515537313,-9.781706150882606,2.2808547271287583,-7.481231366259361,3.597957245986792,0.1685297427614261,-0.004744995208013472,-0.0079296862795237,-0.008992306392876378,-0.2338062739222707,-0.5215357424930709,-0.8751698942196258,-0.7371495793619005,-0.08903710955413716,0.003031095320528132,6.904049869213345e-05,0.00436034757095627,-0.8738204061903115,0.4180887248030358,-0.1873418739044421,0.5630927384678125,0.010929322333156865,-0.00021794844757426382,0.00026510204329636055,-0.0005214288783720652,0.12102196645693428,-0.04753481198479018,0.04131189924062317,-0.0625318246991429,0.7505926258768321,0.17705178248692344,0.19539453625194836,0.48862897874197286,0.7178575618177004,0.5960140726816929,0.2622586922348332,0.6640714805134293
worldcover_00654,worldcover_00654,6,-0.21918324120434998,0.6721787384118572,0.6965697326443444,-0.013721923176269869,-6.47957912477409,4.235035100598713,-0.697775742240946,6.165018299024323,-0.23522030267436075,0.6501636116262784,0.6295066857858277,-0.044003191422061126,-13.519106686378922,-1.6215503394907775,-13.309880763114663,-0.5551566495152633,0.11699565418101524,-0.3355165650197237,-0.3286296242436797,0.015892973969220774,4.148175827005798,1.4496044690617682,4.634548263731694,0.7142207513457657,-0.012240598166371441,0.03473837104052151,0.03418353395630609,-0.0014088442011129544,-0.3341363196966777,-0.16780329730870291,-0.40162692948263146,-0.08552179650317826,0.7203001917878136,0.8820741053409444,0.8900950096287905,0.4318758782445037,0.572630623143689,0.8277034436292818,0.636242300546452,0.8772873823172926
worldcover_00655,worldcover_00655,6,-0.10753745184435658,0.6835012249648569,0.6927358948653843,-0.022018919106234162,-7.768367893754834,7.627003420729836,0.9201075112215148,8.809485365283955,0.13606135433012853,-0.22809539342092133,-0.2731730812709659,0.03818941545037051,-1.2273039136936141,3.063659348582777,-0.7426358048224838,1.5633899283323052,-0.031685294854105324,0.0012600332321154898,0.01132415151838366,-0.001662862227092706,0.3825212602711225,-1.1828526065831109,0.33755268167809915,-0.6149039505522133,0.0021697318361551246,0.0025959950354364296,0.0019480441003153696,-0.00032232433200033047,-0.03146865861751152,0.1060665557027135,-0.035322571240319386,0.05555724403664767,0.7795590841782367,0.9506747099869719,0.9531464092036948,0.8447019820015825,0.2551712551515881,0.5793736434912284,0.576694686529075,0.5759610232836629
worldcover_00656,worldcover_00656,6,-0.23181034559658856,0.7312464623740226,0.7344705579858835,-0.017573291210062784,-2.8126800700741628,0.9739197525723382,-1.4054548603246184,1.3840189604126523,0.0558737121860359,0.07598420173402806,0.08265226937475667,-0.049997925255742974,-6.542015054562309,1.5838578436384931,-3.3961322992658327,2.8707937090669255,-0.08491277149327957,-0.012094984967987261,-0.018541598216795886,0.018839778072196597,-0.6372414612911176,0.33416254990888394,-0.9099563178543784,-0.15450558720533683,0.013844900986848077,0.0002870743322854108,0.001187973853313569,-0.0019558264187188997,0.19025847765490586,-0.07465429598849876,0.1772662240188784,-0.025207914919437,0.9333655070493254,0.49274062318834255,0.32730747608878397,0.48419070471626835,0.9184268129391775,0.6545130330026494,0.8130868922580741,0.9003579562925885
worldcover_00657,worldcover_00657,6,-0.24061777329611791,0.6977930990132418,0.7028918663660688,-0.023323169768308095,-16.36832111150387,2.447368236720207,-13.6441440876538,3.705791762262288,-0.03841260659895068,0.17660444076099086,0.18339224325285938,0.0008397580582706745,-6.228811070402607,0.980893878937509,-2.7820450524056803,1.799671977367389,0.029074457318008954,-0.04862662098366464,-0.0537322064240772,-0.006198698624533083,1.1519600167373651,0.6545978962424486,0.85868561664313,0.20752032283369984,-0.003261755484889306,0.0033066111682641436,0.0038594934675428524,0.0008283226675532666,-0.04222573851736223,-0.11305172883604776,-0.06525473761615372,-0.06420844414065952,0.36401605277511284,0.8370870451591835,0.8596325567346479,0.594860871017743,0.91417155390087,0.9369421703236656,0.40380605057132235,0.931192654827533
worldcover_00658,worldcover_00658,6,-0.0629644867683654,0.6749728809703455,0.6540441363485456,0.020968503967831058,-26.59236585755043,9.834780164474177,-16.983867530012063,9.848286892301738,0.21649722634731405,-0.6065790005146489,-0.7196535544455147,0.26857932330301343,-0.2493745235259838,-2.0734720644456788,-0.8198718406674311,-0.8594340227879036,-0.020411911977679494,0.2200785444089856,0.24087884835798037,-0.03786735548698285,0.4907600165450508,0.2725562913569117,0.4183261265456785,0.02248085899885856,-0.0006115900978971456,-0.02049915342017855,-0.021693749026385954,0.0010703087624425868,-0.05734089804672578,-0.00551710626189663,-0.03860193978777817,0.009644613063833057,0.8464639452386713,0.881936857977707,0.894989002879236,0.8609850827724455,0.652517501777756,0.681365324967349,0.6041243189233898,0.6196809005121184
worldcover_00659,worldcover_00659,6,-0.29977850334538764,0.7197301315538808,0.7279465830687323,-0.006160550355685927,-10.009322633492564,3.7491485855542317,-5.667927729139776,5.832249703980099,-0.6399136084712271,0.15017035296038966,0.15721441166741462,-0.08889463223842109,-6.341289841687132,-2.136987446624162,-8.17150430988485,-3.3598268824403847,0.2200411709410118,-0.04198114232067422,-0.04918237733634514,0.037430540255363486,0.133898215440936,0.7385021665716716,0.948891600362142,1.1450596356547593,-0.0172814999382963,0.0033821136963487902,0.004345930886991096,-0.004035220363864082,0.1005071775753227,-0.06368860224019778,0.020326858689216337,-0.09762568608170896,0.6206881950462709,0.572493901111996,0.613553871564611,0.8304492459237051,0.8958783742861782,0.8364649377431943,0.8531966942221035,0.7857810761911632
worldcover_00660,worldcover_00660,6,0.09220585333722263,0.7993293133648953,0.812697826009808,-0.03253228149630804,-12.901461857305904,3.9005538376925917,-6.522962803833523,6.015966598750053,-0.28255713007315514,0.02176089490216895,0.015369665055047884,0.0016063689180309613,-4.997343374328443,3.3091458894593804,-3.0556325545942493,2.1933618513638944,0.019878363061759424,0.001789627911208442,0.003692258294526645,-0.005250173653133247,0.7720323923568891,-0.8258747617499816,0.301338163767479,-0.5121116097294777,0.0037805446457227342,-0.0006916352895775147,-0.0008042143149809432,0.0006798797691560761,-0.012138603581203862,0.050637942040908906,0.01512957766825652,0.028411006776461342,0.6997605382481851,0.5969130772765683,0.5956497414251306,0.6384026607063864,0.773516315003676,0.45207822709519463,0.6680791848137437,0.49012800517403554
worldcover_00661,worldcover_00661,6,-0.35975250292365024,0.6767909581010996,0.6711088500239631,-0.021850439945631052,-13.632569208859296,2.109625257965885,-10.15694565849027,3.4933710316414417,0.4544868813472696,0.1360247300730808,0.12817185762382677,-0.028448665071101296,-2.176602630366279,0.8819176312201666,-1.1020051796134998,0.937227706803874,-0.1558351800396367,-0.03646879633525744,-0.034006503753331814,0.008652109870469382,-0.8046794912056747,-0.1507149222262351,-0.9801036709596971,-0.13085432004557968,0.014642829598598,0.002906391265416381,0.0027266754345460368,-0.0007684728920911274,0.1508321796041187,0.006882670208198987,0.15870202305931452,0.0042387416910747875,0.14029212524287282,0.3895149712958249,0.3719240396209085,0.3897411808109946,0.7753549133074144,0.22844166248684084,0.8533932083321456,0.26141978574347824
worldcover_00662,worldcover_00662,6,0.01930788405796709,0.1471882719885211,0.05023042317903046,0.06571026541518418,-22.5493642220055,6.213296588058885,-15.13561728916022,8.041911260970535,-0.024384559566409232,-0.09769998792381468,-0.24402358396522003,0.04526252704598631,1.80570585569556,7.350432059094804,5.171850822863946,3.4417065145622745,0.035527329361218475,0.07902782305559036,0.1118250743594842,0.05191078902226244,-0.03811278020035866,-2.5970854744431136,-1.1648168702376698,-1.2174056220241696,-0.004359532640605019,-0.00944881457270998,-0.011576457130793255,-0.007486246488612109,-0.024071151545973127,0.23392421432703756,0.07680267131560155,0.11013639550470503,0.9409559383089952,0.827353759929311,0.806742263311422,0.960318447182994,0.8987529762264472,0.778571634230815,0.9008797303800332,0.7679303539266193
worldcover_00663,worldcover_00663,6,-0.37226184989466266,0.7087656342436376,0.7108861165064772,-0.011973176744174214,-16.055021980378967,3.102477118820876,-9.608312675983283,6.355246571361696,-0.10014017797738638,0.5678630841065581,0.5726826418309431,-0.08016865123211123,-12.217966811508338,10.115883389704361,-8.120187494033223,4.577100739569456,0.07414747369856547,-0.30482936504869385,-0.3078455420178698,0.032939193088932145,4.702987016735259,-3.265751615334298,3.3241689090260564,-1.6080655444692946,-0.007819291843692152,0.031962409033274644,0.03229855643491249,-0.0030876556364349004,-0.4343201614635639,0.2772452273671303,-0.3146188849774667,0.1463779069543421,0.6846642270122937,0.9009722342448708,0.9049828267917684,0.8358245321451376,0.8318366781627703,0.23284239828017905,0.7530059504567823,0.3306617765655706
worldcover_00664,worldcover_00664,6,-0.24639604147611885,0.6820658418265256,0.6942963473724593,-0.017692885728496505,-2.773582255647604,3.5848364358260736,2.1921265612539327,5.816165254395684,-0.015239769478100558,0.12488845629351455,0.13599572839244958,-0.015069326282375353,2.265251348729613,-1.598799146094568,1.870599475450308,-0.945369876161756,-0.0089479295180258,-0.03075631517610508,-0.03668225933979087,0.003294458977668436,-2.8423468899660813,1.957965796323268,-1.994725343755893,1.0424920783997218,0.0015845483311562175,0.0021666929577336207,0.002835995169601061,-0.00021846350188357594,0.357667978961911,-0.25315399987256887,0.2453616337966398,-0.13290122365626364,0.07304558160773966,0.774213633506528,0.7760031634717752,0.6243003671784177,0.7694059781071828,0.5076592192723342,0.5644397242382331,0.5546462463755149
worldcover_00665,worldcover_00665,6,-0.19288152192603655,0.718852821398865,0.7195182510679874,-0.01990367587881558,-7.360834260244488,4.060004446698797,-1.1877454490392887,6.1279312917781565,0.1266734523544936,-0.0968592650597061,-0.16423737586638595,0.01729171384599003,-0.1328993848381592,0.384356758443174,0.205643264444756,0.24886762368957557,-0.019361597248384425,-0.04451967419419448,-0.04841723874638656,0.00047420617898530403,-0.42119634686722796,0.055830867872274696,-0.4464055577343991,0.08133393283613638,0.000819632994958722,0.008064708512539815,0.009744000771656774,-0.00033891895513116075,0.06346268677684261,-0.017201809016443727,0.05822906516672675,-0.01817253018225094,0.8614522506171489,0.8998088508168345,0.9120399528683579,0.8160691539904998,0.9559375075947052,0.43023923483073157,0.7649572861110744,0.43108514649642615
worldcover_00666,worldcover_00666,6,-0.07842749507888631,0.44105394500674594,0.3397091254591943,-0.2327481379563156,-24.756847682119684,10.806066688138115,-15.85977033802822,10.342158559496891,-0.04315650042208125,-0.02667052292871095,0.03665755777841523,-0.053602428485950405,-0.7503855013542208,-3.1470232016040343,-0.17705955951888033,-1.4325240129911196,0.016537835632845714,-0.009505482688868739,-0.030265041139154267,0.02260819051688908,0.5304812527618324,1.019602499186568,0.4038004208665297,0.46853464836467046,-0.001473273544404659,0.0010624462832706186,0.0029526036232709976,-0.0028738134512395802,-0.06296689906602354,-0.10158862771329441,-0.06453267265801953,-0.0499849178623227,0.32525459279906666,0.6384059468439454,0.5691362687951782,0.2654252469660754,0.49929391441231186,0.5926103080791781,0.6581754859847868,0.6456184351013827
worldcover_00667,worldcover_00667,6,-0.1369707519170747,0.3007293842507116,0.25794187775163807,-0.20940074917267743,-26.425107321707642,3.7294607064411265,-20.76946681093262,5.7071545311205,0.029980245009548382,-0.5475571403383362,-0.5115638314376731,-0.3663190826699716,-1.3235189132812553,1.0565004904271915,-0.9416108973966699,0.5246151074426304,-0.0023165806943576217,0.14253819358406053,0.1359898488065506,0.12517178619030464,0.4150215760398629,-0.5846369770831251,0.03523553795656072,-0.4615769010911914,0.00013189779329275588,-0.012304639431995995,-0.012032561474526741,-0.010068528151910998,-0.03417834846956436,0.06503789639679584,0.014591760010103628,0.05693875096981555,0.9106541991975375,0.9002766908508077,0.891326344074231,0.9449614704538538,0.6049779729739491,0.22853034764125701,0.2556031743431305,0.16428095520528285
worldcover_00668,worldcover_00668,6,0.09999152302872837,0.7297127343940021,0.7327337989752951,-0.016051116371245344,-12.737607925307762,3.475861360017435,-6.921924544905244,5.523914922838987,-0.16034667540135036,0.26342015352750536,0.2746301168605442,-0.06131315868466124,-7.245658882433993,1.2292096709106026,-6.691242321808006,0.8393724518268274,0.011529441846796665,-0.15132628332871895,-0.1591249499389362,0.02567297424838846,1.8627699795223458,-0.0823275248226246,1.9027024656889961,0.02223302587334534,0.0019635065298475906,0.016459390483420325,0.01745585359708229,-0.0025962444182221923,-0.12086754699214096,-0.013285591810225216,-0.13778923015880276,-0.020332739010453012,0.2825997395533365,0.5674387075603584,0.582007608397934,0.6668523836962428,0.5383337964853308,0.5920105560548299,0.5131357565079735,0.5709527746101464
worldcover_00669,worldcover_00669,6,-0.0748170961756889,0.16159998693249453,0.1422029287751877,-0.17398342512773854,-25.650301495345527,9.15937900306066,-16.658152279805787,9.001283602387138,-0.15004142802921694,0.05356123416669765,-0.0056374132160156454,-0.39104895654415217,-1.8192852581010026,-5.330277631958864,-5.193414691076646,-4.185819671143311,0.04375891169416553,-0.021780996127820088,-0.0015299279621733834,0.11174206980766128,0.41723996711267086,1.0852593704387388,0.9424954096544469,0.8368116667101736,-0.002963686806197932,0.0021244764629036483,0.00043205887718935346,-0.008190092978754409,-0.02944335068810333,-0.053696790496662324,-0.03968327318725527,-0.03860369644185987,0.7301747991026648,0.05769260025770462,0.046074608579282916,0.7934572388207589,0.4579100056710228,0.6994197007992615,0.5905360822639147,0.5366323362859307
worldcover_00670,worldcover_00670,6,-0.08287673211802246,0.26267369791413814,0.23938463786334782,-0.2785463026075647,-27.7046286209559,4.129959017763175,-21.83388706650843,5.61087047128902,-0.03651603308044425,0.1440038396607311,0.1636697234112823,0.01606989805660479,0.3275682116421653,2.488879151365812,3.2401430219832457,3.065393578293619,0.009302689990951742,-0.08905067313381856,-0.10788543113745194,-0.04732723266402346,-0.09825928761691093,-1.0183682338890452,-1.281655673041454,-1.212708983068626,-0.0005648182135545342,0.008417636287784339,0.010751757258078969,0.0057285586842382675,0.010905186065792554,0.09433285597746263,0.12151595616833225,0.11149339288158787,0.8237057352984412,0.7425103777255603,0.7541068455762916,0.6739114745750525,0.4096782746607932,0.8597355418699388,0.8609200730882367,0.8197593022252618
worldcover_00671,worldcover_00671,6,-0.1070332608879695,0.7044581861206979,0.7185861359943044,-0.011814621446484973,-11.718945676572627,3.399696343889706,-7.174229235566943,5.26317608368909,-0.460637175881691,0.13352795252724278,0.13718170353344505,-0.039514298750353595,-3.695872882337097,-0.3330274026020258,-2.356455634489375,-0.15566493537840764,0.15773090666149522,-0.035550678253689905,-0.03993150398328713,0.00986807594616044,0.623792180599198,0.3010726840722404,0.2875172509070569,0.23294156845120684,-0.013677088345990254,0.002648797149610045,0.0032125792720101177,-0.000651135603248168,-0.019050853068437876,-0.03321986269944683,0.008400172507663707,-0.026541765163735437,0.6286937324788758,0.4628921139633255,0.4815187191344066,0.6859762696735267,0.8982528227436991,0.5590493863395214,0.7333968476882875,0.5994693122072831
worldcover_00672,worldcover_00672,6,-0.0802130813459245,0.7348732352256776,0.7532708753239026,-0.011826579374345995,-17.550641535605017,7.644732355787704,-9.0834667283577,8.683563856605392,-0.35973999045409516,0.1168364532410151,0.11900749305884048,-0.048037740889759165,-3.1598447842857014,-3.2237856800139957,-3.0397815178320133,-1.293786113170041,0.10404640363024557,-0.033637583255767864,-0.03893837455289199,0.011534704090987035,-0.06366405397167497,1.5380255405620262,-0.13590828929950793,0.6117735545792962,-0.007972381577238908,0.0026584830549028263,0.0033800321998018333,-0.0006998072547668743,0.07243704641802545,-0.1503841822967292,0.08142419545373966,-0.05885453380266926,0.36573325121691613,0.29822878181405243,0.26354778987680727,0.7307331082118569,0.8473068446447364,0.4521156178974045,0.878845434420885,0.37662953858860515
worldcover_00673,worldcover_00673,6,-0.06922303135205551,0.2773465002802288,0.30520505283140775,-0.15760085167306834,-24.98948701070039,7.165711767269874,-16.18708068418792,8.61402030818499,-0.03710968346805957,0.08213764013692951,0.0252123649734708,-0.11431360871545848,-2.0506546890686153,3.162424490490985,-1.238983523080565,0.9453470167933273,0.0086006185097215,-0.06490646165622264,-0.05040817463657628,0.00036207618780465065,0.6642481710380355,-1.2740894560652698,0.2590187603606902,-0.4568236626550435,-0.0004991645469126012,0.00665135005244403,0.00562225760083007,0.0015261551045408178,-0.06296726876796546,0.12582861429160846,-0.018974094049612488,0.04767992172757164,0.567199866769082,0.6984944028457782,0.7186404448790413,0.915650073748465,0.6162726534691433,0.149799830706983,0.3760824271169806,0.10860484172744178
worldcover_00674,worldcover_00674,6,0.07771135767669864,0.17224561039245465,0.05119390842137902,0.14041769143306826,-18.68430363428092,6.64163799839427,-10.308197805250579,8.278627495834852,0.02930814513219657,0.012869137974959014,0.014220819475927782,0.08596909199915256,-0.14706248102790773,0.2841922132660288,-2.130956725045461,-0.39348859913717193,0.008980220411320353,0.04721017897903135,0.03884653265797631,0.013965399960031674,0.20445682028316978,0.044016240616173194,0.9630989881373805,0.2120457844449029,-0.001598857821042631,-0.0064165114302827805,-0.005368516039611265,-0.0030399976730948667,-0.02802253380622456,-0.01131852091218186,-0.09625934130951198,-0.022323648825813672,0.7321221561320922,0.9197411452325303,0.9123395333884066,0.8149625876364324,0.35695998466446743,0.032040749452478146,0.5326232310406559,0.042771289787085
worldcover_00675,worldcover_00675,6,-0.2607444644054849,0.7468638061122471,0.7541188922795397,-0.021980381147428115,-15.44908277698684,3.6253129062037286,-9.947911422444458,5.919072592102278,-0.3879080464950788,0.3208515399268679,0.3254136803840819,-0.03594354867550811,-6.384831013240132,4.946054902022563,-4.9780013263614435,3.464535131092858,0.183355063519151,-0.1974269990523008,-0.20474426053238606,0.012668969133844596,2.1140622669638796,-1.6162615589320775,1.8487465276941837,-1.1208474997845044,-0.018619187635746593,0.021711854489915288,0.022673400777457928,-0.0010956769310540005,-0.17794871364515996,0.14077083119895242,-0.15999101715806827,0.09723981063240456,0.890532815836023,0.9692923813950106,0.9727587780747384,0.8103773866587738,0.7216995672574145,0.7591296405088542,0.7188602150716794,0.815635169076449
worldcover_00676,worldcover_00676,6,-0.5170914218926147,0.6580485593188907,0.6748290621873121,-0.034246168240453435,-16.410514422485704,4.0832940431208335,-10.466250611975429,6.2248043326304945,0.036635334848031546,0.451868225302959,0.4416695299839199,-0.033604107102349436,-8.133676375100396,1.5767827917336557,-6.700467712407854,1.068090256596714,0.048597392881420294,-0.21758946458692116,-0.21668972010478277,0.017140039234740605,2.556245812319405,-0.3762453169990965,2.2292107591949057,-0.23116864016404867,-0.007322654274945837,0.02225800381615906,0.022292692026104576,-0.0018559034838519885,-0.20708627403541593,0.030053240098588414,-0.18070538368215391,0.017483626800834717,0.670949202746745,0.8671907840141244,0.8679920879868432,0.60516708934737,0.54307603439259,0.4882339490226464,0.6347913323019831,0.5204750451522921
worldcover_00677,worldcover_00677,6,-0.16185575679064257,0.7102332657033751,0.7192854691635486,-0.01692374979117605,-20.44340405828864,4.321683710113775,-12.41610297461561,6.3671987203871705,-0.294791730168631,0.2613563511579753,0.257018547446008,-0.02095861953964068,-6.73025623482641,-1.5652539384116313,-8.241444677475139,-1.729428367859173,0.11987520868536082,-0.11166479803008955,-0.11585177036074838,0.00010410488433973088,2.0972042162077242,0.7321550389250934,2.6022367742570465,0.7498895147799397,-0.011270391205000828,0.01087721429689967,0.011537724221595606,0.00039847304273133474,-0.1661648889926466,-0.07000897600236056,-0.2094609945933144,-0.06948616018273565,0.7978406638591367,0.5950471167537827,0.6286567584523699,0.7202320898867836,0.952232286141086,0.5427762723560992,0.5945400230013755,0.6349118342469526
worldcover_00678,worldcover_00678,6,-0.18326706212550828,0.6307420983459032,0.6587569399765064,-0.008089406867370676,-11.428959038146456,6.802572114899087,-3.2306028839571432,8.224582901307553,-0.3596754160207363,0.6781126870995441,0.5989104952544889,-0.06468665700716246,-14.087778019719064,-4.01405293656589,-14.998182138372865,-2.0001580667148176,0.14652658419728432,-0.3031040885005928,-0.2691485448800891,0.023201007493247407,4.200397414968041,2.4049211423171886,5.016308044498503,1.184224387229575,-0.013450671036048729,0.02927795018662101,0.02606596005610138,-0.00199102890804748,-0.3162534383373927,-0.2641645467121906,-0.4159765094828217,-0.13025794558561668,0.7513575589487173,0.6841166373239733,0.6678281189563338,0.588901161664648,0.9024116077560735,0.9177019937951472,0.9187327994160451,0.9251461238559862
worldcover_00679,worldcover_00679,6,-0.24503230897639405,0.7797834132656911,0.7861764756116002,-0.015906584251559202,-15.524243680456992,2.3726998298809696,-11.83905177556361,3.7870320190621474,-0.26932978651234346,0.10600303184418429,0.0995635130102671,-0.04647243708845162,-5.331911452490767,2.051101695525179,-3.8739394380144487,2.104838234669335,0.11123385539158649,-0.03277617789708171,-0.032245025877312664,0.011462626688472626,0.42205958525950527,0.00373034642419954,0.5283426596272778,-0.09016466633090524,-0.010426797526083725,0.0026866951675126004,0.0027666775265125323,-0.0007612295636926029,0.039920542763581174,-0.03949443616388781,-0.001160365874095219,-0.025964273227854294,0.7798635522933475,0.6884971053099924,0.686175260538971,0.7324072183285489,0.8850328506965831,0.4805812762181114,0.8090835596239385,0.6475146941342025
worldcover_00680,worldcover_00680,6,-0.18452410350200538,0.6537661850452449,0.6623947062444999,-0.013044488588066089,-11.520780562921269,4.2369045314560925,-5.628398079551923,6.745900992492276,-0.3883913273156909,0.6340927372257836,0.6719226273523224,-0.06940410804328671,-7.740863890985727,5.406127224739798,-2.2259550156641086,2.811043116270108,0.1507930339125228,-0.31018608790777924,-0.33891356406981266,0.026722851359523216,2.3849803599037585,-1.1911637124904106,0.7869328998089765,-0.612568859789892,-0.013397704681778424,0.031631348861588346,0.0348939447313302,-0.002404578258236394,-0.19110537969916067,0.06513719838185617,-0.06602138334268541,0.033724720104574495,0.5116541452042931,0.8422246976574436,0.8416941786835709,0.5621903958924708,0.372904616391336,0.7357678058697068,0.0764778167034923,0.782254832031903
worldcover_00681,worldcover_00681,6,-0.08250461898699872,0.7206158899899687,0.7293488572944298,-0.04296762326901621,-21.28993130449938,1.716284671393074,-20.34976090507107,2.127645805608262,-0.5413713177077267,0.1737215008054454,0.1446257505625007,-0.06815923120649052,-0.794193992602608,-0.21409025963124292,0.6709024027012764,0.07033827891340856,0.1772338440360266,-0.04098537144980894,-0.030235599387775612,0.026373517929346443,-0.21381773779541702,0.21389259889828122,-0.5260207394696612,0.25091713263121573,-0.014560708444056374,0.002694624391469084,0.0016976659647141925,-0.0027542707482070567,0.03896031623508819,-0.024706932308193628,0.05830460542081253,-0.034083796214535195,0.9463433382533871,0.792354733638001,0.8819878927982195,0.8293695022228491,0.40316587163513007,0.4373116573314324,0.17385902989260438,0.48326353661553156
worldcover_00682,worldcover_00682,6,-0.024468732019506237,-0.2192464931585803,-0.2998588347073763,-0.09003656770977556,-17.961034206436544,9.960767236625271,-8.105112984743753,9.909025322806505,-0.043479532705914294,-0.022207753257899775,-0.028341455296391378,-0.051595644578189874,0.557608069800318,0.8026076662495176,1.4412285823356612,0.5264231774021146,0.012867931110280537,0.08920692083187959,0.0792102963377388,0.02164739034505508,0.29103466872506256,-0.6592335056694364,-0.21595059644551376,-0.39958902712872224,-0.0009020497484237277,-0.012326646682034932,-0.010960066295934462,-0.0018069252743376375,-0.053645083166360207,0.0793373420280684,0.0018160642809761135,0.04726910878739503,0.33491144174152465,0.8107041273549649,0.7349839533159044,0.3752295778958371,0.8568605834310433,0.4872332333082927,0.7450387685370597,0.668233950882587
worldcover_00683,worldcover_00683,6,-0.8005237697697531,0.68594339489937,0.6891953850334359,-0.002833925079991985,-11.096051507871264,2.782931998481401,-5.550262976602136,4.577936785193678,0.17084050934164233,0.4083633343910864,0.4282130644331471,-0.06681132797634064,-4.9784152786262625,0.8859957814181136,-6.391654640287909,0.8411187741187587,0.009990555170351864,-0.23061501106158558,-0.24569400260527274,0.025998880673205875,1.2913328301982265,-0.2556500735110416,1.8967322702025,-0.25746688709453475,-0.0026414284123802366,0.02463109325617549,0.026397224668545077,-0.0023453604354113865,-0.08785463492521997,0.021539889147731858,-0.1485715721467613,0.02325482552186263,0.6825963601681053,0.7996983900707371,0.7946866586004668,0.7716104482068937,0.3699323647669833,0.10855250957800788,0.6174336959146018,0.11544955866218487
worldcover_00684,worldcover_00684,6,-0.9366884910644478,0.67191315239126,0.6832878734126235,-0.05002082703691539,-4.464651876229806,4.9312628784366,1.4717471188996778,6.014086920188512,0.6202502335779503,0.05653818803174161,0.06252919492267442,0.009289312176406413,0.5545601449658735,-0.7078035773855744,0.08517607419294657,-0.037487237365030436,-0.16398101618779348,-0.005321436243139852,-0.008869016905883742,0.00104950039014542,-1.2252298465547746,0.34996415427475647,-0.7904466139899904,0.17372758332396346,0.015049646729247522,-0.00027274498433777357,9.946434786825789e-05,-0.00038949628783897864,0.16760473523036298,-0.0397465101387588,0.11366260071306451,-0.025418266103512246,0.785464166843577,0.8201817019305735,0.8452374585792118,0.5439221498296709,0.7939246137738922,0.2369239492234635,0.778901471608492,0.2413972503344597
worldcover_00685,worldcover_00685,6,-0.18215617081711571,0.7808533139301068,0.7728633718057116,-0.01721862963203233,-19.388532596317162,5.242694993553551,-12.871749205181237,7.107607986949873,-0.07586845784881847,0.12299101468589557,0.16529953621682647,-0.022627301248056498,-1.723454070591425,-2.724672676732013,-2.4545764494239646,-2.413586062898695,0.0662086348611111,-0.0776967281612742,-0.10005379213399193,0.005142307261738802,0.4525774370762105,1.1205506733561237,0.9012088603060073,0.9838485403236195,-0.008961699195691971,0.008726534781732957,0.011124886346585839,-0.0003161685625937844,-0.0314205379955527,-0.1033745329418485,-0.07872196780726834,-0.0905764182613253,0.2885740049910387,0.3055697836454436,0.35471794590264316,0.18477558928437177,0.16460238538575978,0.8378324317766714,0.3783643794579591,0.8779131828336123
worldcover_00686,worldcover_00686,6,-0.22702170277170342,0.7821881193103203,0.7863975465297696,-0.019559288792537897,-23.122167802979032,1.1544526085104214,-22.282601967649036,0.6378437244375265,-0.0972292987278984,-0.01146603482110068,-0.017683758149071038,-0.01907000776439432,-2.910909594643733,0.4246882434390646,-1.1047179272124839,1.154804242077297,0.022483629758598956,0.028353243034123066,0.029453970137096514,0.0011614516107325192,0.7251468661959226,-0.07338374035137273,0.17994959714741068,-0.21208864229153096,-0.0012858543446969144,-0.0038910968737168503,-0.0039367510212792245,0.0002161153554540087,-0.04513979028276027,0.0029252360243384955,-0.0005786700460266457,0.01014448596712455,0.21686719474095484,0.9766856925317842,0.9739102400033881,0.9909717344912102,0.7229850601261395,0.34794913690767393,0.6624514657167935,0.3161060082248195
worldcover_00687,worldcover_00687,6,0.03876487239319529,0.16214719832394991,0.10233889068617882,0.04499457686236447,-16.50253296523058,3.9019526399441493,-10.712381539318335,6.008864634053968,0.0612426808789002,-0.10194232132995348,-0.13739057973263682,0.1109357800127726,-0.6699783356333702,1.5979990092241425,0.9120397347627643,1.2567015808231623,-0.003971571915550889,0.06568252604285411,0.06800462785318029,-0.019481496990242916,0.398371864287972,-0.6428518888835488,-0.15202363092769805,-0.49757308477112033,-0.0006353767019008845,-0.007802207827229383,-0.007589266249778286,0.000814388769518834,-0.04924818042243244,0.06899000386173396,0.004827277121815944,0.052801291904164854,0.39993016064322073,0.8762426677410073,0.8875607867368762,0.3204380237901304,0.8473530851654788,0.7271546879073534,0.5497311447596263,0.6490422764596123
worldcover_00688,worldcover_00688,6,-0.09778077994333603,0.67681043437033,0.6850843402472412,-0.008561433462256822,-11.620631773840588,1.7185403178631866,-8.236897175053914,3.5383129404581144,-0.4523957704543812,0.1537190254718538,0.1410493006308873,-0.05141945600893981,-4.918353875791312,4.545086151176409,-1.74983110870205,3.9121489239859857,0.14925782247486857,-0.03241803867992387,-0.029190474903428753,0.015689468462810337,-0.23379718312171294,-0.5362000990308498,-0.5198255672150761,-0.6699900342370022,-0.012502240196475823,0.001608429834096122,0.0014268950079426661,-0.0012969352690634683,0.11900689609885647,-0.007575573880473872,0.10233764780934294,0.025850752643948944,0.624791082714648,0.8080297660865634,0.8039337917838238,0.6484635606777613,0.9149410342409464,0.6108543767696561,0.8762782418605717,0.7002294445010975
worldcover_00689,worldcover_00689,6,0.10355541276686338,0.7708839367736469,0.7931612838398325,-0.029057606264497274,3.9648941324185403,1.5668682048047038,6.621961980767599,3.6084591741928587,-0.3492126622584534,0.014092987255444566,0.017711011663315696,-0.0002775707888224781,-9.568033528754466,4.952975082648257,-4.435070076430966,3.7455595614632435,0.043698705351639264,0.005031816113046726,-0.0002693141693676364,-0.002865589764049819,0.683024480246191,-1.0818630307022046,-0.32107097616956437,-0.785796524190748,-0.0002502221375306898,-0.0009339651977172959,-0.0002513178671249265,0.000416406355045661,0.07798554295335662,0.06458272634154277,0.12592638592952074,0.04690929913204417,0.5610853585270598,0.640289688733735,0.36345718217187273,0.5505841238697895,0.8215044830132389,0.5275737945525887,0.6966020307416598,0.7479107545244366
worldcover_00690,worldcover_00690,6,0.05588679583347573,0.5118466724048969,0.5204862952232368,-0.03209502103202278,-19.508155592269574,2.0788451617505856,-16.65539186220959,3.023520567371166,0.10758306851396848,0.23821900217305986,0.21901618535556416,-0.01814593040635657,-3.0349203498216086,0.020156078876587435,-1.7394995498862393,0.22792581616032054,-0.08427281075254879,-0.07834103684146677,-0.07416553298632289,0.006637867056317139,0.4336880573813986,0.04543366552888683,0.05520904791299124,0.018156364445118773,0.010090608466562245,0.007042648214282413,0.00674972269270154,-0.0007129404317549985,-0.008606958607836234,-0.005923892572189264,0.02363348287112117,-0.005025971106066822,0.38564344743668577,0.7878948977843996,0.709911761268793,0.6658401013443633,0.6304055462230704,0.14206280239018454,0.5901167842033987,0.14693458459081588
worldcover_00691,worldcover_00691,6,-0.3654703423665082,0.665549515548984,0.6726185006625753,-0.0011836058093294495,-14.31596622702588,4.104236521238782,-8.662508566448912,6.101460778720432,-0.2009174301554145,0.7187468816067921,0.7451939766132603,-0.14550393980203333,-9.922231048883356,-0.22328447582017522,-10.979518195363458,-0.24058257513511488,0.1368505450997941,-0.3666433412783258,-0.38536062238342744,0.07346647107385051,3.0712288948122346,0.3592271314628702,3.7208890483451302,0.3305826891947397,-0.015379666123779591,0.03794181876524223,0.04000823113201838,-0.007586006446732106,-0.24610892761469924,-0.046141064068542195,-0.31495906348820113,-0.041602256569880404,0.8692042350160416,0.8271579886485235,0.8385881231370903,0.8708262859812654,0.581814433561985,0.6617610507551459,0.6609844671221121,0.6359364659054987
worldcover_00692,worldcover_00692,6,-0.21484994959686202,0.7442759862451842,0.7646967705452081,-0.01748542665419261,-15.391289343562242,4.359750931397629,-9.272019967310579,6.642558410637485,-0.20583799791400798,0.12397372746278365,0.11267854699066673,-0.03502002436046794,-5.749142493392032,1.6424049981658333,-6.76968307425953,0.8683415898080468,0.06794902741476935,-0.03305161586313545,-0.032818687749115394,0.007801234296793147,0.6476127850342677,-0.09221906605462277,1.4914246431339067,0.0017298421580530222,-0.0056968126378994285,0.0023949459345653924,0.0025860242771379898,-0.0004485080187970934,0.01302791822623574,-0.01723330443122241,-0.08360799928096384,-0.01563111004015864,0.3443889540427384,0.6157547258080847,0.5404844893310936,0.5662577067724435,0.7636679770179802,0.5114353487436787,0.6987629789445258,0.5793554842856162
worldcover_00693,worldcover_00693,6,-0.17364128059392325,0.6828022085581782,0.686522173144942,-0.007865159814669512,-10.209419786458536,1.1933161779636892,-7.57871506985439,2.6812654932243043,-0.33530714463306366,0.583481689648966,0.571751986050029,-0.0743039832579797,-13.009567565378036,5.15078026322547,-7.486137181170488,4.831790568333521,0.13482272294697192,-0.3092007144390562,-0.30382070541422085,0.025495995348117764,4.083992032297562,-1.260548425268938,2.6140702703282255,-1.1908900780604696,-0.012306184338491007,0.03232341262540127,0.03179500749889721,-0.002182920845554705,-0.3363579113410442,0.08548021172794996,-0.2262472742931909,0.08405780870801284,0.7027802449800764,0.8722249514623479,0.8769087861893164,0.6241246732825192,0.8020859119801321,0.5915197231091023,0.6591665808051674,0.8231821896158587
worldcover_00694,worldcover_00694,6,-0.16441796362508845,0.6786735157171891,0.6844328967007731,-0.022308620144472022,-12.115583747302447,6.507960678625686,-2.86832453935099,8.324053746746106,-0.10761740399499257,0.21928178767363163,0.2209327403042044,-0.02607310365235042,-5.246428853922279,3.6600499466309153,-4.900246357334937,1.556815601342243,0.04629025805834571,-0.08086238375731863,-0.09387745863044397,0.006685970653477413,1.3849160908639817,0.17977687270642123,1.5807327371180382,-0.04753950201252219,-0.004190951852041851,0.007406562566757191,0.009244228026481576,-0.00042388109358573094,-0.09718410219918396,-0.08245729186725329,-0.12417809701025688,-0.01693450411628493,0.7814376906357532,0.5640365687250997,0.6769362285123017,0.8037119828436773,0.43156323352752857,0.7290738842025275,0.6221698481756496,0.7931932553829413
worldcover_00695,worldcover_00695,6,-0.1586596398912402,0.70672938859824,0.7102053147373785,-0.02194302647628565,-23.543570577567504,5.230114278200985,-16.933774019286208,7.118529377360383,-0.6244843112808338,0.2131557776814409,0.21729179341641602,-0.024881899489888126,-3.127689973938326,0.45651106655008833,-2.6605065412357254,0.2845188536714978,0.18645987978284315,-0.06201564420611296,-0.06585805937325269,0.0017316042167412765,0.8256941813013808,-0.21493734309846427,0.6880731416686802,-0.14608572302622524,-0.014001007271848196,0.0045055029067126075,0.004971969157758378,0.00025929739190773556,-0.058741119121715056,0.0312594529836297,-0.04159581764353893,0.02150946025748499,0.302711111565343,0.6984010417627693,0.6400472597096327,0.7471452936384473,0.6686657113227779,0.590936725685477,0.4688610068529194,0.46136210352601204
worldcover_00697,worldcover_00697,6,-0.418521874046216,0.7553913069493837,0.7637973626454672,-0.025561161113507803,-20.95938803837524,2.2040255470404024,-17.124799106363923,3.454536711268342,-0.2570957629070388,0.08662886302622579,0.08063495986991488,3.5600914131981995e-06,-2.3422912855775624,0.1017047662118715,-2.475850651678143,0.5586923397804273,0.12872452231932655,-0.017291952327732597,-0.018095169038999822,-0.007858391758457678,0.018978217515772923,0.30797097572962356,0.36680001272220925,0.16374911725403807,-0.01268643760333988,0.0006562648999570807,0.0009007619486914915,0.0011179234380974934,0.042812075410718804,-0.037261434681449025,0.005725650517409904,-0.023882282626018915,0.816184694674674,0.3175152440669229,0.22460482607930932,0.4474682922461206,0.7889562438014127,0.587304354091578,0.6581155927965625,0.6233432119436757
worldcover_00698,worldcover_00698,6,-0.0913500828299149,0.6733506784746148,0.6792622804641739,-0.014949057025439945,-11.533883135101632,2.128063799899515,-7.561171748301419,4.169960205926271,-0.5059644781718123,0.40892950229583147,0.4257942925961234,-0.04417913352390595,-11.581497006250737,3.6145099786924613,-8.412891653592032,2.7823885739895786,0.18784012244374748,-0.205490947805861,-0.21870960286330604,0.014189499656133567,3.304440412330799,-0.7203401514533866,2.5995199096591457,-0.5432355163212976,-0.0169324635428353,0.02155799476072343,0.023108644410967837,-0.0011580120395831386,-0.24530071885789828,0.03601089183802179,-0.20181266196914052,0.027835355316117426,0.7629803210584745,0.6145518950635841,0.6334154997687136,0.6666095207513909,0.6070170016522034,0.660983311588007,0.5247343623789893,0.751492568507511
worldcover_00699,worldcover_00699,6,-0.3687384281484782,0.7527005004160339,0.7529230144890877,-0.01737959225746729,-18.554604452009002,2.5453591037760117,-13.356352694224016,5.147502586056794,-0.09084032283336357,0.20924503912055206,0.21930785335245537,-0.03790169158980004,-8.571864053513613,4.607627605014238,-6.29226813883106,2.292887364420896,0.052501972193696955,-0.08495851086847689,-0.09466723117219412,0.008215639056855571,2.6158775037862,-0.562523531085517,2.3026905023876463,-0.25760457522006475,-0.004942996518434612,0.007962300169347498,0.009192591363733462,-0.0004226386481237514,-0.20910294765134715,0.0006143942728018778,-0.20005786443783896,0.0005868879254770393,0.41874411110217924,0.4022741031292555,0.40915256604715156,0.8494651797001262,0.737959052520937,0.5248756988166368,0.8296643550074361,0.8448852635697078
worldcover_00700,worldcover_00700,6,-0.28116668451052257,0.7424101829528805,0.7529024824951632,-0.01625176931195189,-14.757559932539454,4.471426628368838,-8.225668042004912,6.490245633827175,-0.2316342544657004,0.0982478554286655,0.0970049207172697,-0.03040588895479834,-5.43516035267923,-0.5459072858056453,-5.214847957696197,-0.2756002589161042,0.06970918109175644,-0.022338891313189637,-0.025727149018477623,0.005120252130061247,0.27301886557039984,0.694717759823308,0.4524055313832387,0.41796718089506907,-0.0050139537828525265,0.0013844602637820868,0.001939615366434817,-0.0001299429515546007,0.06324128155030652,-0.08366467596916946,0.03624185355223276,-0.05026622570097161,0.3263696348163605,0.6819539611188126,0.5877083811654338,0.7274545968071129,0.8157046670745126,0.5137411870598017,0.7410835301319509,0.5524979730654469
worldcover_00701,worldcover_00701,6,-0.09617629650704086,0.7756957962657467,0.7871010195125231,-0.014288672895142532,-15.571929761497001,7.852863513822764,-6.830499705312694,9.147650855856613,-0.40171567219856547,0.09443981803598832,0.08604124803391731,-0.025643884529551814,-5.633459581783988,-4.061918506784385,-9.478356806782424,-3.3933016164423506,0.09332336635443017,-0.030424174356770223,-0.029879530464416063,0.002322362397204748,0.7843705390769531,1.6513718373245443,2.3203450262293366,1.3160225354344206,-0.005141659358865199,0.002494644034992573,0.00257004285701599,0.00017293609415340886,0.0024705438453145284,-0.16818472689840616,-0.14952934006463514,-0.13117401224988384,0.514575164643815,0.2090264203188119,0.17021366816995398,0.6762962254829052,0.8659379543397328,0.4515075615105243,0.7757512188977024,0.6166994022845955
worldcover_00702,worldcover_00702,6,0.04579033115028309,0.6668085790041717,0.6719379677917016,-0.020202063560260133,-16.357922080011015,2.350385952996622,-12.345836334191373,3.812492983772605,-0.4523354232403138,0.0654808013212113,0.07611193448778188,-0.021919643735542525,-3.4151958984995865,1.0370855223594515,-1.7765912764542906,1.4609010604213128,0.09137788008719802,-0.00017822704789958524,-0.0064803818603615055,0.0070195355900115435,0.7046689563906265,-0.39809630952217623,-0.014057126513010618,-0.6378330980608901,-0.0025529443338663882,-0.0013366766048200204,-0.0005948964995567209,-0.0007566708102445984,-0.029825529240974123,0.035832690568008474,0.03913556271973787,0.06141223752546479,0.672953594726552,0.691879826492348,0.6536072650715734,0.6010420734231272,0.6782238174247499,0.19980308801926816,0.8122287875003337,0.249766207845193
worldcover_00703,worldcover_00703,6,-0.15831386945646353,0.6536978826378349,0.6485147311380437,-0.01296484574788461,-13.890577024978844,1.4459744015936657,-12.285303869600359,1.6999914057670542,-0.21029123045599604,0.38214312600237815,0.418979123323444,-0.05786714336228725,-2.728560657978653,0.873076956556157,-1.3544346880352218,1.7382977679468188,0.10029887117743944,-0.19956012381426147,-0.22343973955744234,0.022195791424497978,1.0545005554447076,-0.33881864061763156,0.6023931855600491,-0.6295106933519572,-0.01015760139346832,0.02065569196235048,0.02337856709279795,-0.0019995911338488836,-0.10403277008902849,0.03631907324832379,-0.05816926812050722,0.06445595803716796,0.9944573657966752,0.9644313829828769,0.9653088700124466,0.7990463533506115,0.4022119308775397,0.9795235137948556,0.1912129334769237,0.9335488713229628
worldcover_00704,worldcover_00704,6,-0.059864372446537945,0.6647635702833996,0.6686963457049756,-0.0025807668977051368,-6.201089280571528,2.1422145111525794,-1.3448180441233075,4.669499266452566,-0.207191422059775,0.35551009279867785,0.4019717247121845,-0.05879214850424335,-4.279159721548087,5.497516398798207,-1.3071021974225852,2.7110721267797704,0.08213695727327591,-0.17019163594617437,-0.19910221401747127,0.024452116851416638,0.08651563385504625,-0.05740890061777891,0.008776075978906062,0.06247215536811404,-0.007368556474992303,0.0171407279793662,0.02026083723011641,-0.002390683528666165,0.06427671792125063,-0.09907363841961214,0.018968401536349676,-0.06021932994606337,0.7525918262701787,0.8439993074585586,0.8791847875217866,0.8311515992741321,0.7754595195161446,0.8692822066371481,0.6229921280369299,0.8488317164964252
worldcover_00705,worldcover_00705,6,-0.4094367558657783,0.7734989569042666,0.7856292995539575,-0.02740543406230933,-4.227664245855167,2.2515868361742526,1.6595758915717354,4.893524997839299,0.09280826804555632,0.05400259650888866,0.04926820123006439,-0.005374124443661126,-3.0497202303794837,-1.3150694956785967,-3.258811710484742,0.7095492865035934,-0.030650364560594338,-0.013215639503487173,-0.012672405738335203,-0.0007510825153037069,-1.406343661761001,3.8454066892997973,-0.23613522855653857,0.9841681572736044,0.0032034580703695697,0.0009427111257206245,0.0009779511678098467,0.00021331611023557313,0.2501180959367343,-0.521983819687289,0.09097766396612704,-0.14948180957840126,0.5504436680305518,0.578392234131546,0.595155835675909,0.8772013085240453,0.9535689184888964,0.7114162687751531,0.7685192109523358,0.89877120193379
worldcover_00706,worldcover_00706,6,-0.029429016063247115,0.7048297289646035,0.7232248647646473,-0.0006867587834485416,-6.300579590845065,2.0605788228202515,-2.994156753080212,3.3811207969450057,-0.5997981407414783,0.2361997578825263,0.24436878614009291,-0.06222836762511462,-9.071746200087489,2.2886365601047762,-6.44670113747415,2.6315175388543333,0.21756732761021055,-0.08615915128937003,-0.09633828847955299,0.01761641940081818,2.1296998051657985,-0.483291640015199,1.717202819717167,-0.5542565856434727,-0.01973092588767146,0.007670469807856,0.008899749378965352,-0.0013248117633559004,-0.12600375918018838,0.02766053439347688,-0.11341760181061863,0.032913755667199236,0.8238582201723725,0.6675196013141862,0.6545497089193794,0.7233234895773288,0.7298013195817235,0.7063295072303424,0.6482172009773806,0.7882082180392417
worldcover_00707,worldcover_00707,6,0.013232349529640012,-0.02458438827571528,-0.05779804430450437,0.036192936314777956,-21.297348830993837,4.436002663846196,-14.439379702814657,6.50382060442539,0.06455745672123517,0.12579654231815338,0.0935580747845093,0.09035813421129235,-0.15830438191687204,2.732333831347171,0.38047477464106544,2.0559209315706974,-0.00596643740949137,-0.013946037255711361,-0.012099552464679449,-0.008648157006863414,0.28088378232331557,-1.0510153501197457,-0.004110245381935478,-0.813444773709599,-0.0002877321886163071,9.694357750692115e-06,0.0001626983390782324,-0.0002010203709807037,-0.037858738128520496,0.09516431268448552,-0.006540129325979522,0.07465394451050407,0.9493680605162068,0.9524860299521869,0.9524677352843316,0.9201174383038089,0.4314438115346141,0.520306484762078,0.19434483468619224,0.5665084592734084
worldcover_00708,worldcover_00708,6,0.04565065231171577,0.11618202947305888,0.050475202613707484,0.059888326816937565,-18.991123667418748,3.75912483052766,-12.054964736458764,6.029998334024035,-0.05488880262064839,-0.03857167348975201,-0.04194934173886243,-0.04736937498230242,-2.2443939930810135,6.938745355117505,-0.9651807280819075,4.273916378817267,0.04637133285795599,0.026688045648720814,0.019357551556499816,0.05718276244930875,0.7252383032745767,-2.3591481891249924,0.43074008671889513,-1.4112655263327833,-0.005232593029320247,-0.002615042200142683,-0.0017597420056435153,-0.006556247473891928,-0.061206048653791485,0.21078402809691799,-0.041598262798274575,0.12471792851524904,0.8743481554117409,0.9080700398898331,0.6989897162962261,0.9156290892661592,0.7469484931648926,0.7920144710267087,0.5570420127705611,0.8991978013770511
worldcover_00709,worldcover_00709,6,0.026883642943107626,0.120575818540105,0.07649642948738555,0.027782658877020448,-12.179369313041786,2.6556066228989206,-7.739543802598369,4.682286854453508,-0.022869682509670107,-0.03584058213117903,-0.010670939009518512,-0.026759883233656388,-3.5043779891490545,2.4892876559070585,-1.7562780110941068,2.1950768745655886,0.007963332130040687,0.00589202880683997,-0.0037648253953204815,0.00910713247253327,0.7940293299937172,-0.43121903630400377,0.5952993741879292,-0.3998573680253998,-0.0007247543462299571,-0.00010844615036433653,0.0008227991862128436,-0.0008118679097881805,-0.047693297609363014,0.014175753499706506,-0.053037431968079,0.016019373772140084,0.27002879366851085,0.16325930279627343,0.19365671378069682,0.2779216100483616,0.5988105017579222,0.655250839699965,0.4087846975574827,0.650420655477904
worldcover_00710,worldcover_00710,6,-0.1725776714660424,0.756789063865488,0.7743980089823402,-0.01994356445290823,-20.077656640045006,3.735644105188295,-14.5877110748414,5.706897589883112,-0.33953360625189044,0.08656811690519715,0.081648482689782,-0.0053108524058073136,-3.0930115359449992,-1.759190827693319,-4.922484268389846,-2.676869301927126,0.12529134201643807,-0.01623067995170495,-0.017961934208870045,-0.010106212225666052,0.7786049122376457,0.680119305151782,1.5302574027409686,1.0020242086647264,-0.011678704824325372,0.000712695296364604,0.001078007949723148,0.001556238996786905,-0.04966723622991131,-0.060744127151685916,-0.11967368053220485,-0.08807687070589766,0.9377648678728052,0.8261429349157605,0.7375427733637782,0.6912782821653298,0.3825633772029048,0.4474486943172332,0.5574943276463302,0.5755948851365345
worldcover_00711,worldcover_00711,6,-0.509438437617845,0.7171629513754982,0.7269831651991061,-0.019931955517015664,-4.041166689193109,2.7900702593432247,-0.040949561458507,4.508389609715398,-0.19769756718481554,0.0767424090041059,0.06814620371848851,-0.018952689954035325,-8.150882058259985,0.23999764332536985,-7.440844834314163,0.240623818092445,0.07173207349153102,-0.0021061958559665398,-0.0016197231295822065,-0.0016087124091915838,-0.19323535584349064,0.1756336481279686,-0.03354898783985245,0.20731349367478308,-0.006647694031046587,-0.0011587979817631123,-0.001072304868938939,0.0005959393033249824,0.16842533252202102,-0.030008626682036684,0.1287231300365012,-0.034245517737418116,0.48849975598250406,0.8576482038745742,0.8291673367138567,0.9348402326222545,0.8714857462393188,0.5746627258881819,0.8485331477128253,0.6268002497254808
worldcover_00712,worldcover_00712,6,0.09898473597149021,0.34981635122588195,0.28636801999175243,0.030051474036140672,-14.775478242105164,5.992017846439269,-7.551114962628362,7.631652684074934,-0.06313018689746798,0.12805713358379478,0.10515632521774965,-0.034112187353746104,0.9789481605036142,-4.339055122410498,-2.4278048334366633,-3.184546171565654,0.01679109507277913,-0.06184821719408536,-0.05807789583444517,0.01540368637755444,-0.8192053040510991,1.8743023508539547,0.6477962918473567,1.3127905587964517,-0.0011657815024336182,0.00557088547132231,0.005437181608732593,-0.0014552576655540773,0.09023825799960856,-0.17941888068243586,-0.05022715592784476,-0.1233064922902667,0.5368016037138493,0.5631625536254509,0.5271983317091702,0.5759423272157795,0.820464936727686,0.6405811882735839,0.8444186337790495,0.6471050830906833
worldcover_00713,worldcover_00713,6,0.2548667768751006,0.6390248604796153,0.6501395873951191,-0.04214843238393463,-13.610474087291253,4.28457475464211,-7.253667370160402,6.40808444753299,-0.48479516894741764,0.1940372859438253,0.19324811654431406,0.008235968775041977,-4.262829083650383,1.2153953947667706,-4.735764038063051,0.4565319641207305,0.1295843398675606,-0.0867288435176336,-0.08973300089309728,-0.0018648455540339114,1.0104376849732635,-0.2789767816470041,1.3866203813171527,-0.09008399518869385,-0.008323180740798353,0.008641403055552275,0.009227707530512948,-1.8889653599924794e-05,-0.06342828745148549,0.0140268607779641,-0.10937422644933681,0.002601809402992126,0.9251819496991457,0.7346942996618774,0.7857736170938109,0.7059840894606719,0.8017333811866862,0.1498903780932319,0.43876760141062043,0.07217825921056487
worldcover_00714,worldcover_00714,6,-0.19229814291083075,0.7568725275270866,0.7661706344647842,-0.018161790191449916,-19.772471907772438,5.53043964884815,-12.833550710757988,7.39121415118662,-0.14474134779005657,0.1173772840272812,0.11030020411052407,-0.021735168483463015,-4.238778500257847,-0.9434580635304083,-3.8627712435480057,-0.3565873672728798,0.04338097952826014,-0.027216575104436876,-0.027328872190409473,0.0002113581469758057,0.7876463846308497,0.9744176318244826,1.3068500745259062,0.4718336253789772,-0.00336695919049403,0.00150339350555883,0.0016531850954498984,0.00037751754632953615,-0.02951508717061055,-0.11952555406870524,-0.10985005908567592,-0.059203742769184206,0.09268231207067501,0.5773931450021413,0.5143333236786253,0.7832384388180261,0.6644427251838284,0.6501715142207404,0.2017097737217175,0.6708162287819992
worldcover_00715,worldcover_00715,6,0.08133565390425802,0.13264616228865897,0.017813229114946438,0.15461630114551655,-21.162523559592717,9.242610597299617,-11.069785990544714,9.528556948944614,-0.10793663275985023,0.17516145385092166,0.16804917501876937,-0.22906026849523115,-3.5354090232618494,2.772438412112077,-1.228885650422872,1.697437712511025,0.03852466755214713,-0.06438042626623461,-0.06630694095420268,0.08202630961999216,1.6193299849560094,-1.4335366313764646,0.4719603601131225,-0.8621981078696261,-0.003325645909036004,0.005777176300233061,0.0061348258033206635,-0.00709073283624919,-0.15718932917106868,0.14463345555726226,-0.04258314577229802,0.08652625651614604,0.7474921823262194,0.25017589270586105,0.2567710551978927,0.663220976879445,0.9650974645895903,0.8308447486310153,0.33646451442326464,0.7810610740956203
worldcover_00716,worldcover_00716,6,-0.895071102999646,0.6401944040800619,0.6383973833060645,-0.021615858895309276,-13.459282683392136,3.1805379248798067,-9.405307180857458,3.9570644590417685,0.46261260770109913,0.6017418891368845,0.6104179957940667,-0.06421615063611923,-6.087755839334029,-3.1969443416247287,-7.640429605239099,-0.050734842910632814,-0.06846541772057325,-0.3164954083403203,-0.3230569401425323,0.029358814873639852,1.6547448847768238,2.519826687547772,3.137674404273809,0.9177038723657767,0.0024433567949811628,0.03315815109420903,0.033988632384047916,-0.0028695335442369616,-0.12837332635811027,-0.2834291784977347,-0.2978473921540927,-0.11842014546433927,0.8468101277480748,0.8466265801091708,0.8498750147675516,0.8555804910816168,0.5052778497851231,0.830807918519515,0.7143313046955619,0.8857068935398578
worldcover_00717,worldcover_00717,6,-0.12891368202488424,0.6679618412798113,0.6182019982599865,-0.01438926014287245,-23.22473172601694,2.3753573433522654,-19.447086350983177,3.6722787415555285,-0.01849154336201626,0.17749618614713222,0.20800910490963995,-0.035140625879330874,-0.3146242728467098,-0.06409654002289548,-0.36269788759879557,-0.03084424126028963,0.013451385255594748,-0.13748788291757733,-0.16612454994029272,0.020609242007039525,-0.18455712673741806,0.037989595919908956,-0.21263525758801144,0.039559373479196955,-0.0006421917035234611,0.01617044673273057,0.019696335392919446,-0.002442681789163006,0.033177863777199355,-0.0037738956030626105,0.039153431158393544,-0.004200346331999671,0.6939208081406998,0.9674938463782252,0.955737703481471,0.8570379675675537,0.7742690199318397,0.11135030702064952,0.6823781444769547,0.1144266827246504
worldcover_00718,worldcover_00718,6,-0.20703494603264197,0.6941425466176239,0.7007203472383101,-0.02100561926084945,-17.74472101702203,4.101446974799986,-11.651437828293046,6.083579014817572,-0.1424276547373193,0.20427272930031712,0.2137836903806713,-0.023512122383902885,-4.335979648765102,-0.7894113743229642,-4.37059648201154,-0.20426464120886,0.05857348253981143,-0.06763934244067132,-0.07646595638293728,0.0034945142088514225,0.7599376720199684,1.202330569811632,1.3107500496452469,0.6515159627255173,-0.005617104709232538,0.005890481399767343,0.007019734593352896,-4.457588298152027e-05,-0.021676837011520796,-0.1546575790501693,-0.09673176649611842,-0.08713494071352298,0.2768869632709977,0.5558259423387006,0.5386134758328451,0.7699662401268285,0.6003951031492025,0.8304399296019173,0.584680725161512,0.8416882882340768
worldcover_00719,worldcover_00719,6,-0.27770187698474014,0.7019647079886809,0.7209971077514419,-0.012251828119836305,-8.359124082292894,3.010307219960157,-3.5840651131426884,5.189367513224551,-0.08939974047884602,0.12022306143291404,0.12021901210149112,-0.06961192660004104,-8.853846099828594,2.1228337613368686,-6.73967651503376,1.9571145998249522,0.006952138513526687,-0.020223092787709587,-0.024037477645007025,0.023507101783827183,1.0545380785574856,0.1714217845998686,0.9606858855372843,-0.10404202120763421,0.0020251018963217647,0.0005215061734421105,0.0010766639853968753,-0.0022036531949509814,0.025598899599740654,-0.06501625475225756,0.0009208152783483531,-0.021199785443320972,0.5578957022807802,0.7839383766258001,0.7395114540109728,0.49313925576463324,0.7691322927222115,0.7519242419112839,0.6800371183106169,0.8667772061314359
worldcover_00720,worldcover_00720,6,-0.09822363044735419,0.6470867658429096,0.6397902488031195,-0.0028222490271387264,-14.398557578750683,3.8630601730472245,-8.310804030968647,5.899809929623796,-0.4749460818720297,0.5895727329724808,0.6167220519855585,-0.09481231177166541,-7.662580080690446,-0.6772570924118236,-8.981768797788519,-1.1622986609432,0.1991093109814441,-0.2992325422890252,-0.3182010201926767,0.04460431350741801,2.3936154444705307,0.3247426318127062,2.8506024342867993,0.4963488840178392,-0.01934656200931936,0.030756081802525866,0.032885623743023784,-0.004505144041784179,-0.19224696847426145,-0.03411573493452727,-0.231331154957219,-0.0490763972443375,0.8622051659176448,0.8221910174809153,0.84158082328111,0.7815653533382041,0.4766952508381259,0.13167485564160697,0.5530009902502725,0.18825248640846748
worldcover_00721,worldcover_00721,6,-0.08692730323937788,0.7252000863804968,0.7236741167126286,-0.018643146077396828,-12.86669687824086,3.920970352603025,-6.120396888531306,6.036584937451002,-0.011680261823370288,-0.08361386590533895,-0.12368388985475957,-0.01011163592366268,-0.3244004160033521,2.3588729511121214,0.7139346088025522,1.9258929840299301,0.022814819972485988,-0.08449714758042302,-0.09603739958820902,0.009936947518157305,0.12284625017878101,-0.6184520960927413,-0.1025659679397569,-0.5079222995333966,-0.003108570579026312,0.013836131200683523,0.01625973846048417,-0.001221985036725967,-0.009372169448714723,0.04267972270438768,0.0033498130305111714,0.03548511113954907,0.7352468831498895,0.8511543009960282,0.8463690186306213,0.7699135013694159,0.057378179252953965,0.8154743710325315,0.19942521983787287,0.8215773589008404
worldcover_00722,worldcover_00722,6,-0.2775820881197726,0.7631408445762863,0.7670519324866203,-0.022197076119482465,-23.493754062642918,6.975993021857613,-15.29973560879443,8.426675148658454,-0.26916288789150183,0.1001825616473243,0.10465264154805101,-0.007944671888022715,-2.1235157139081515,-3.894026192118598,-3.8519571401457062,-2.5838146755850864,0.09485994099808201,-0.018510232949669775,-0.022964879031821317,-0.005037926137447348,0.33863751885551546,1.3998798208880654,0.8578144162075114,0.8576806763213904,-0.00766165528616452,0.00042888476993098944,0.0009744527062984489,0.0008594263862404554,-0.008773075950574924,-0.11161650390014503,-0.04239373403951284,-0.06544839816607684,0.5086728094415862,0.7546033373919268,0.6953990584687488,0.616168048531682,0.5332299371749454,0.791113495024153,0.6490851830769098,0.7360390911066601
worldcover_00723,worldcover_00723,6,-0.049594524995712624,0.7066222411213497,0.7176242669423419,-0.012816958129406027,-16.28842391106175,3.1378661525391625,-11.257597988433526,4.9084871323114925,-0.37544973736640747,0.18192652695708786,0.16433819229640667,-0.030698523531475674,-6.210216645683362,-0.41380818838153915,-7.227750545714609,-0.0446820098048126,0.1239946754838466,-0.0643113720597643,-0.0578079578422366,0.0054235563480428215,1.4034330237927397,0.5834942969679646,2.105376419128462,0.3865712272811043,-0.010307136128962668,0.005568000704351104,0.0050341122680240364,-0.00019811259375678117,-0.0831336039298701,-0.06587529334391783,-0.15488253392950313,-0.04589635982952681,0.7607300786899215,0.6487239806069317,0.6118190940764991,0.8194790978204363,0.7425051248856619,0.811272329997407,0.7553055440265765,0.8786670913048348
worldcover_00724,worldcover_00724,6,0.5255125763360212,0.7640506950291718,0.7649151104869257,-0.02454235622038453,-16.82908040969701,2.626835925048341,-12.574787062443969,4.115199958060654,-0.45586638407269264,-0.00017955260617350636,0.010897681826637353,-0.018819670858127625,-1.5623129592487868,-0.39543419486061315,-1.9884373580967745,0.06069914990518935,0.059200263746353475,0.009963439204991991,0.003706643656218583,0.00746762175999934,-0.8715724327481075,0.5507597038040896,-0.35340733314732914,0.3779388065925013,-7.36205924221262e-05,-0.0017590567921147062,-0.0010566327607992813,-0.0007895991827050827,0.1473213534664358,-0.06418802672001833,0.08997069542137463,-0.04768314440011616,0.624226134873237,0.7241446696942277,0.6367695382752661,0.3668360121641876,0.9105645314181698,0.7889721451202119,0.8893179257262536,0.7971617526753995
worldcover_00725,worldcover_00725,6,-0.30696061910849776,0.7486919941324177,0.7700418504801666,-0.017467759493173925,-16.055474962361128,7.212209533786504,-8.159251971254227,8.507280061256356,-0.23599155503672795,0.1381757652002665,0.12724744232874052,-0.007468149849464953,-3.247217922498408,-0.010524325521413025,-2.232771055891113,0.42123317707720936,0.09560374891718679,-0.04777234973329485,-0.05143116259729713,-0.012061858692839442,0.8887441505482063,2.0318583667025893,1.2492988154260483,0.5514879493988538,-0.008878790503196381,0.0041335718800323195,0.004858228443848976,0.0018936918832060691,-0.06665436389266813,-0.2887291947773941,-0.13750017584948784,-0.08659427052389607,0.2107453565649443,0.3707910752316419,0.3351177799839007,0.8254201851558065,0.2202882228788825,0.8974196394922771,0.6319268830622646,0.8928749804759665
worldcover_00726,worldcover_00726,6,-0.05655467256434225,0.7178705113403707,0.6975082727995772,-0.016651471851000462,-19.221509141957625,10.94023023548953,-8.472054799674686,10.252109009963856,-0.06545661191374465,-0.7357011685177428,-0.7163192670910588,-0.592412004084694,-2.4816055549191725,-1.597059783961944,-4.42452455704021,-0.38045300194215215,0.026601697936791922,0.1283483730580701,0.11789169525767904,0.15182419791333812,0.3024584653508693,-0.09229814830427091,0.7079638463926107,-0.25490924329967635,-0.0024250379588540037,-0.007234916984658607,-0.006150989416949041,-0.01149351590999746,-0.0018133608481673295,0.04091991235986988,-0.02448058313291522,0.04190116178821235,0.9734718754621999,0.945493229439734,0.9593819701140391,0.8834681046836782,0.40192918104168096,0.4148101780632184,0.5847739657913722,0.3975052522757597
worldcover_00727,worldcover_00727,6,-0.19466223937414906,0.6913446025979357,0.6939990213423102,-0.02097782478526719,-12.758454138069142,7.47819195276296,-3.6333495984134982,8.03824570593237,-0.14927616462578652,0.5413372932253228,0.5432965768767223,-0.06745762359498714,-12.152952654257478,9.36318510208321,-9.78660329247478,3.6296181172786244,0.09188431164474153,-0.303253897289378,-0.3069959935405611,0.032863084456653494,4.4165820598565535,-3.3183703441824433,3.5714426895546123,-1.1924550847960758,-0.010158623545399974,0.032411338519210874,0.03289952724607602,-0.0033351109231436454,-0.398169076462064,0.300464285491376,-0.319969781620275,0.1054960210263279,0.9387518272449714,0.9402230917457646,0.9478548245739048,0.8981907657124135,0.6546488032199087,0.5317757716297535,0.6691759993715485,0.5915472881389201
worldcover_00728,worldcover_00728,6,-0.05200810900385162,0.11838258577115604,0.03501713535550894,-0.1431481531172091,-26.14808580411831,3.0744747264600862,-21.95569604003864,4.347048122836468,-0.068175644369485,-0.15254722695265524,-0.06735604711704825,-0.3112589481567577,-1.7085381118825855,-1.4180192450477123,-5.176592658358233,-2.7546348626214274,0.01917596754850183,0.0012373360623788015,-0.023124099551857166,0.054756671383783394,0.647144947505425,0.3258749406509054,1.6338938564157235,0.6921917316956397,-0.0012597411949283042,0.0011698012099121474,0.0033665458963374815,-0.002488865470043336,-0.06421871548690186,-0.01748204819899354,-0.13326158652497266,-0.041803751622336516,0.857199154713143,0.621875356869195,0.6035139500880602,0.7778690750285082,0.8346182510345126,0.5982670206421377,0.6175551971512904,0.4916779915929741
worldcover_00729,worldcover_00729,6,-0.45258604847661155,0.7433720998691791,0.7516662406198904,-0.019340813272830215,-10.811831063853429,3.500886398053918,-6.083066871142723,5.444148710088413,-0.04207089051584113,0.07895858018171215,0.07461327432640033,-0.01460810285061598,-6.930352644744217,0.22325998015303716,-6.17050983843488,0.27009697772062063,0.011084377774482441,-0.015630494141991563,-0.015837469400265595,0.00027472288367939423,0.12991118550549668,0.10834245857794052,0.1155760176670775,0.06600052902860452,0.00011428934176752117,0.0006759013190414012,0.0007896295400581047,0.00026317849529511984,0.10607233609787453,-0.01871018500385323,0.09411878754734315,-0.013326470098087673,0.6520124175834523,0.6924977454227728,0.6771288495323577,0.6986630658331221,0.8378352930641171,0.22337240084346122,0.8599766843758182,0.1630202461888357
worldcover_00730,worldcover_00730,6,-0.19196757348683136,0.7479035809184563,0.7586124972863624,-0.015166825586647777,-19.234033441133665,8.816552392207672,-9.007895095975988,9.669623895958205,-0.3260694907454337,0.09344673440569919,0.09030651100098185,-0.036271411895988405,-3.441818798183462,-3.1862369192834885,-7.577624368399829,-2.386619214951388,0.10848522524459284,-0.014063796375220976,-0.014075220276267121,0.007246148335098307,0.6766264262726637,0.7960678229652813,1.889798323944647,0.598604801875955,-0.009083760155220255,0.00022709956674864707,0.0002870996191044165,-0.00032264956113214427,-0.026203473042986168,-0.04013512426524394,-0.11356190951629998,-0.03344320278568585,0.7087056685132469,0.7206538054014248,0.7230594372848305,0.8977782382056839,0.6251107511129547,0.6473940926666467,0.8392745831592084,0.5983050112654509
worldcover_00731,worldcover_00731,6,-0.19890427456128762,0.7101798012401116,0.7190843016812295,-0.013690868025702062,-11.849155447872736,2.968402446281585,-7.530267824124762,4.7680737645620175,-0.12704109751128662,0.08028358670454164,0.07218051098641914,-0.02601679493599227,-6.248788335134634,1.4914756448182969,-4.6668295650400875,1.6338300143621869,0.00486226358174838,-0.007500400403877354,-0.006797575718396741,0.0007057941329233953,0.3341301914689501,-0.5834072425803647,-0.27079912655303623,-0.6558434152239548,0.001954617828065657,-0.0004602280831096137,-0.0003880081754742199,0.00041883165543579216,0.0482093214918366,0.05880745063586716,0.11125665349702456,0.06676935744552027,0.44711417981809265,0.6823322733545862,0.5935172021892663,0.8087055779672289,0.8110949694622481,0.6824074209845234,0.8682494141586405,0.7776816973029999
worldcover_00732,worldcover_00732,6,-0.21512183412605732,0.6644976938312727,0.6621754365888549,-0.006630456216182164,-13.252902189891453,3.163455779015989,-8.107245258587383,5.125880547181866,-0.34961103774608504,0.6445291381743182,0.6914001953980246,-0.09876833148744092,-9.549905696703549,1.3979141805290496,-7.907362402409481,1.3459940007081515,0.15979567004980985,-0.31534736168074845,-0.34425063010353485,0.04086792015861629,3.233845117018741,-0.4696060516919617,2.682107217870287,-0.4853338741246891,-0.015918603147171202,0.03192720486961226,0.035140391815491355,-0.0038609024786362077,-0.2767139861135309,0.041143026140149225,-0.22827598130675006,0.04416533512261651,0.8332673076626669,0.874679136836465,0.8793333357433952,0.8070433165340017,0.5715212162456309,0.12079411895483494,0.4762885240467387,0.10589014908680539
worldcover_00733,worldcover_00733,6,-0.03485979779019885,0.06037178793639785,-0.01784240939852075,-0.06841915800715936,-12.841476686364922,7.985315155714955,-4.447208087049045,9.115128209981501,-0.04040381195503555,-0.131141824130382,-0.13639726049991044,-0.1213533741141124,-1.3071664124374476,2.2850656541353422,-0.2600388418886752,0.775330391485102,-0.019050041734091885,0.10538079674472592,0.1005593416123807,0.022049059567255447,0.3662765739597763,-0.43565485912930707,0.3769731129937706,-0.1500892974300548,0.0032548065515120386,-0.013133596313759828,-0.012511564865520203,-0.0014354519621290421,-0.030042208767716815,0.015789494190620902,-0.055229145896635363,0.005784623647289994,0.6301350424459566,0.9247890953913138,0.8863812225885679,0.522798720780119,0.4593674394892734,0.1539803502825371,0.2710782156662157,0.11364182842913806
worldcover_00734,worldcover_00734,6,-0.0899038195756287,0.21322797464601984,0.1490171402692802,-0.3084415508942163,-27.287434060681168,7.532420504761042,-18.326248922051796,8.654612877867045,9.901719863315289e-05,0.22827463898630299,0.23697569126647544,0.13052606582641527,-0.5861921263840937,-0.3174002520897365,-1.077882980785262,-0.0259783956899983,-0.0026866939344655258,-0.12121525926120345,-0.130983799341179,-0.07525402939680836,0.41366499672102336,-0.08518427874103478,0.38323024058218624,-0.10645390603212644,0.0004863987432813986,0.011968003755266014,0.012969098157352876,0.008011363220937316,-0.040893742416040484,0.011693499341267042,-0.032072273306471326,0.009887167572462921,0.8562998497696832,0.7071153790992383,0.7509265858408125,0.8659228587002721,0.9624951194599036,0.6513532974150804,0.43017434726077386,0.6909568043597217
worldcover_00735,worldcover_00735,6,-0.06991553606508484,0.6033616584697468,0.597805203023283,-0.017762728374113104,-22.924601238774574,3.1108387756998757,-18.104517401890863,4.876061939325001,-0.018612329299024857,0.17633140994058327,0.15025723474247912,-0.03490429613295733,-1.2929083421021788,-0.32482216392351937,-1.3011971294473286,-0.3883534119930032,0.03234305111487044,-0.14289223457569653,-0.1455795815077434,0.040598104352603116,0.10162679171603474,0.4016322703830919,0.4505363263422879,0.44467505659305107,-0.0041393367575844435,0.016560752156444553,0.017352236811109246,-0.005072230646019854,0.011572366140774445,-0.049687037255781885,-0.03625287569093616,-0.054208682629006834,0.8438347635485747,0.9366652495579737,0.9453520672901978,0.9372857232422724,0.6854724440898285,0.7116314340042023,0.8343349157134339,0.7384891468142031
worldcover_00736,worldcover_00736,6,-0.32868861185733467,0.7119766347336042,0.736593461397922,-0.016390893269668975,-11.783715886534605,2.41037313337282,-6.638651523641638,4.11378907619377,-0.1378992724363386,0.07340389726653941,0.04714437940764053,-0.028136882310112254,-6.4861050713781125,4.232737557034062,-3.8672460194947145,3.7980667574366733,0.02422883764449505,-0.0005788170285039417,0.005371681926570399,0.004539852901422341,0.22931588605886313,-1.368230261000621,-0.5331110973078629,-1.1591528367320791,-0.00023828990703994395,-0.0012063454798977753,-0.0015476749400899856,-9.139155912579774e-05,0.09235644527215103,0.1237936253050555,0.15178141318722177,0.10169412490819421,0.30055049827540037,0.8923558712517791,0.8629180713959476,0.7843585990461319,0.9107460353734301,0.6217336189691895,0.9235607728107768,0.7288053960486582
worldcover_00737,worldcover_00737,6,-0.21800035967208126,0.6628394287192474,0.6751359473123701,-0.016553961413482136,-13.098093268330114,2.693726916166451,-9.816319133374286,4.287572244121469,-0.14221918461476374,0.2715813467308628,0.2531271781181047,-0.03309539432146772,-4.0774981900728235,0.20994707514346536,-2.769027698153708,0.3751523490970475,0.07460041858118119,-0.14229760649593848,-0.14972890701419064,0.010732172875341547,1.101067158008621,0.0220243329743895,0.9412942915906606,-0.002558524191040538,-0.0071669707622535085,0.013620663622413,0.014779931066012135,-0.0007519703962536728,-0.0771499674825451,-0.004070807284147116,-0.07322577190021788,-0.0027479075034981975,0.8392586337638572,0.9460805989476058,0.9601309619128168,0.6587173691426491,0.526159252645296,0.7091465041726815,0.5455020318107662,0.7491010587005099
worldcover_00738,worldcover_00738,6,-0.27691271949551494,0.7186355112176958,0.7306968718767168,-0.03625203705759663,-15.960722639672978,4.740391705427812,-9.560460301397715,6.241700857354996,0.12021414344474853,0.06947632583360748,0.03531081324058779,-0.003005577635670446,-2.338841639095048,-3.8704091816721595,-2.6834884406654225,-1.2271319435184758,-0.015364943988646962,-0.08572651158808621,-0.09848953357764634,0.002385727117781512,0.5280308431003117,2.431021603274987,1.1137026647107242,1.0249453201180172,0.00044500279671469466,0.010874181459046376,0.013252388272020545,-0.00023692060788773505,-0.03314056509581222,-0.27131340942923765,-0.11188799358964333,-0.12238058847202635,0.9143220360069078,0.934985383505361,0.9362678981307001,0.36211184962656917,0.37465651537989875,0.5282278631804911,0.8166089794404277,0.639665708169916
worldcover_00739,worldcover_00739,6,-0.21725402862700255,0.7274276194247338,0.739053065126593,-0.019291466214891684,-15.102822730918033,3.4095718358443308,-10.771888085218757,4.974675815559241,-0.3096433131970232,0.17834159010459452,0.1653415960451908,-0.029636091833549778,-7.458679956053404,2.496891049685099,-5.322611314766132,2.9378170008285682,0.12316626187825938,-0.10437704813041723,-0.10333558536453165,0.006913853585478151,1.7470324523880996,-0.29351611136804195,1.5369786402371695,-0.6113832154625326,-0.011101196880337599,0.011418525167185856,0.011536620482049816,-0.0003990201571147247,-0.10699137472481951,-0.004336576884691168,-0.11571144761006108,0.033686859875912044,0.6450800930021643,0.5668385140660753,0.5680639193178985,0.7833791107706141,0.6514352546530702,0.4918410699779344,0.43158636786581817,0.62915361814658
worldcover_00740,worldcover_00740,6,-0.06668707893413917,0.5402466176134221,0.6767558394507946,-0.017684234588435654,-14.768495229223948,6.296693327544605,-7.075994411491616,7.687024848278805,-0.44815361002191784,0.7706941478545662,0.6401170484485095,-0.09687359665062165,-4.557660545713757,-5.491246223492066,-7.52882434940762,-3.196599813576031,0.1785636990654784,-0.3941856659626281,-0.36212725305195925,0.04769821926846571,1.016334390898764,3.001687205600488,2.602299559112043,1.6755435727056005,-0.016648788107516806,0.040890711764193496,0.03866836740964586,-0.005154539412357883,-0.05926765333055679,-0.31341577027911094,-0.22364917598178868,-0.17220713448818398,0.5287351357050074,0.9259033628036261,0.926128981812057,0.8175524057204077,0.43145867570006613,0.94867022373759,0.4687002773635287,0.907567385374093
worldcover_00741,worldcover_00741,6,-0.03146433161373688,0.43788019155688157,0.38966081291436977,-0.10914073105562828,-23.051148776418128,14.042384714541242,-11.708973931156002,11.100965376799667,0.0087496634847824,-0.5325252537759715,-0.5244725381452873,-0.026819588889973867,4.573519465889126,-5.894981656154236,1.1115266650588986,-3.3517519971333254,0.00017116567810579177,0.1414874909192147,0.13987738035974023,0.017167747448081572,-1.2709809022014318,2.2953894963833767,0.08707314744835883,1.3026079143402693,-0.00023279951389921754,-0.011188555775196125,-0.011071317311790238,-0.0029409163480982044,0.10747319175363196,-0.23824725475466693,-0.02832404426499667,-0.13082554544688457,0.7629478050363122,0.951458605727582,0.929913804473385,0.8135238095606246,0.3198233882079784,0.24680456014687102,0.3117465284451558,0.3029090770396835
worldcover_00742,worldcover_00742,6,-0.22794617267534142,0.6488578744006894,0.6455746740102777,-0.01913204755295437,-14.796429107491612,4.841463150499587,-8.125932778888757,6.786296555757769,-0.3725771543090456,0.44049817016200216,0.4969131358204352,-0.06871638357609716,-8.5827002977905,-0.5915463865621368,-9.168978501486922,-0.20137980646676187,0.17207585237686587,-0.18010980045640582,-0.2125370878548842,0.028302108897178404,2.240097746168747,0.6252919244883829,2.698120069147372,0.3602094483708755,-0.01719200731691159,0.01689752650381335,0.02033156363500485,-0.0026776771945408464,-0.15584663884212827,-0.07332135523954278,-0.2064498523823981,-0.04434537840479664,0.7716386370997541,0.7179899657367614,0.7319103107483205,0.8152073681742261,0.7222471878803823,0.7993942444526092,0.7194469229132809,0.8489120412037082
worldcover_00743,worldcover_00743,6,-0.03564206196164451,0.6483286312132182,0.6641415100206041,-0.02175732545738081,-0.04234856672069137,7.132111075977742,8.713689109560852,8.872051408538175,-0.16661441402716073,0.25021833441560076,0.2486169521534241,-0.0010776224182105368,-5.910306785828768,20.701406251072243,-0.4182390565153772,5.851100033240865,0.05878306902858669,-0.13062847034755684,-0.13658842499250948,0.0010557061699279446,1.7292458135876334,-6.95505133465413,-0.2016117743220269,-2.078842682371304,-0.005026673404710613,0.013656596192205767,0.01449344209348311,-0.00011497940174350916,-0.13217655622934807,0.5827613481942513,0.03253913154125244,0.17845254254664764,0.4415849723205638,0.8509418653726533,0.8601212205999968,0.09484233053907931,0.5020393574665658,0.38816126879823787,0.37106234134535787,0.36850085407129496
worldcover_00744,worldcover_00744,6,-0.27464843563298075,0.3534407016792983,0.3405722508376289,-0.32970468474156894,-27.12898472304352,14.412905207884656,-16.118498060190138,10.952164290890542,0.22412800476572517,-0.08806767629548214,-0.23311483466790758,0.1645701184040968,1.1358534562067468,-8.186804633239339,-2.3375045653478446,-3.311375099784519,-0.05911473652456562,-0.008427858856623496,0.031447057309862816,-0.0474033982400254,-0.44171555709685506,1.9121157924466343,0.16562269851268382,0.5568972055561304,0.0047025150719362035,0.00010644960584062017,-0.0015883898230815148,0.0033931003300228515,0.038784654844736366,-0.13580956425024873,0.010041444637401763,-0.025126513277436344,0.7734824249378252,0.9488371937926178,0.9405204660183916,0.16179393393233155,0.39304888194784937,0.6158037379086423,0.3791171368331684,0.3998776488690359
worldcover_00745,worldcover_00745,6,-0.045777363551549204,0.6155969649553286,0.5769229552172339,-0.023572356327238895,-18.05709627357751,5.907788246016782,-10.256486267561854,7.731453865812954,0.09126111640622622,-0.37928750330493477,-0.4116683890340872,0.06064494074662252,-0.1325976450435016,2.2259098786317177,1.495640169601223,1.4704322492394704,-0.04765494788827423,0.09939057096129356,0.09524818598917667,-0.03306118389833468,0.18080874966037067,-0.8377427626722536,-0.4693582761632669,-0.5686979353659563,0.0050060228000393045,-0.00776127725839614,-0.006619285676872934,0.003460424350141871,-0.021176483600723724,0.07805750677040982,0.04156309298958229,0.05375749944761351,0.8302876786742587,0.7821531310914949,0.8357426505541937,0.8167002261484273,0.5015479534437743,0.4753890300986944,0.8074121354396324,0.49548338272091075
worldcover_00746,worldcover_00746,6,-0.48152736978302213,0.7292040162014236,0.7443593216664861,-0.019094955542999684,0.23988072784336165,2.3980726262085796,4.515741526946364,4.106259870356521,-0.15472618703122593,0.06286742076987356,0.04414758251772994,-0.015723797766166524,-3.6872129390307182,3.7714568080163016,-1.4543371195907187,3.562834483612819,0.09393359868320324,-0.006246720622112407,-0.0019429736323171287,0.00040898118289065856,0.0705946544916608,-0.7226516628637911,-0.2198543871656252,-0.773894701654502,-0.01174813826787548,-0.00012988393956963029,-0.0003717811119676786,0.0002151160510350968,0.051962328959387225,0.034700353035001026,0.055499719043316464,0.04752628521832374,0.4760473311048704,0.44835219366790524,0.4256480725908903,0.5682292038086755,0.8245999303915199,0.5602279093833997,0.7828115542409456,0.7373894003256656
worldcover_00747,worldcover_00747,6,-0.06742657447314267,0.24952630427750638,0.16601895473220105,-0.1801370580991124,-24.16326050374017,4.594968417166591,-18.186500609357832,6.181102551138335,-0.14364579799191782,-0.12274739462586592,-0.10425609246724173,-0.5231128631839659,-3.679324974567509,0.12379830881863851,-4.248067110378213,-0.3058787134653915,0.0396466466194783,0.03279891299301534,0.02909861082509482,0.15239871967406463,1.0499690208569523,-0.3381854715342603,0.9037801069369247,-0.228026611948667,-0.002520553088953112,-0.002397335792957528,-0.0017561216208368848,-0.011250009967221128,-0.0886117935816298,0.050893172488714764,-0.052548075877570495,0.04172759433685434,0.7157683882768494,0.1795885963967584,0.37875000989180085,0.80203591890306,0.7303009075273998,0.2198897807615895,0.3208026041902875,0.1567023331169377
worldcover_00748,worldcover_00748,6,-0.1596439823457094,0.6773563957575593,0.681012731609922,-0.017269012179564388,-9.293776563112454,2.6723174541941592,-4.724475922837057,4.444680637369332,-0.01374200910562152,0.10047564809284507,0.10284467041492487,-0.014129724760081501,-7.1067841697748735,0.7165917031009519,-7.113849011320371,0.8913150414839189,-0.036222379187541974,-0.019426186105389636,-0.02290934143644401,0.0033737101563901485,0.3436980189799187,0.09838267152509288,0.9097708538770675,0.00017387692578106932,0.006701629594857795,0.0008029480173130275,0.0012720213695006026,-0.00034044516940761005,0.09008186202923993,-0.024023717052246384,0.010967660488442412,-0.012901098058063736,0.5154799256439784,0.49196279507455276,0.43559781786220764,0.51350366128686,0.9349150043849019,0.4485924979543585,0.8517246540153076,0.48937984792606415
worldcover_00749,worldcover_00749,6,-0.1555163660873598,0.6142566827210515,0.6104962482596888,-0.04511559641722482,-13.53769248444231,2.070111710790895,-10.588479961284255,3.221703707991308,0.4238829418491664,0.20417954737231775,0.2088952014843619,-0.013894441552341862,-0.8957879081508298,-0.102300292981614,0.05388066442696249,-0.1258172510654054,-0.19240340286864002,-0.05777066249351981,-0.061996967568025925,0.008497049586516819,-0.589183948981891,0.29354599645580026,-0.5641653628463037,0.3987225181297867,0.02063915029771987,0.004728138898358191,0.005255958347609551,-0.0010242797105074533,0.10197408859661711,-0.039518143114087106,0.07912391605362877,-0.05340005979918427,0.6398274240324262,0.8616210417658595,0.8557777628276098,0.5730714682799865,0.585958575095352,0.5054365538081529,0.5518775678967995,0.5993897051018948
